사고번호,사고일시,요일,시군구,사고내용,사망자수,중상자수,경상자수,부상신고자수,사고유형,법규위반,노면상태,기상상태,도로형태,가해운전자 차종,가해운전자 성별,가해운전자 연령,가해운전자 상해정도,피해운전자 차종,피해운전자 성별,피해운전자 연령,피해운전자 상해정도
2020010800100152,2020년 1월 8일 08시,수요일,대구광역시 북구 복현동,중상사고,0,1,0,0,차대사람 - 기타,안전운전불이행,건조,맑음,단일로 - 기타,특수,남,26세,상해없음,보행자,여,45세,중상
2020010800100153,2020년 1월 8일 08시,수요일,대구광역시 북구 노원동2가,중상사고,0,1,1,0,차대차 - 측면충돌,신호위반,건조,맑음,교차로 - 교차로안,승용,남,54세,상해없음,승용,남,65세,중상
2020010800100182,2020년 1월 8일 09시,수요일,대구광역시 달성군 화원읍,경상사고,0,0,2,0,차대차 - 기타,안전운전불이행,건조,맑음,기타 - 기타,승용,여,33세,상해없음,승용,여,40세,경상
2020010800100211,2020년 1월 8일 10시,수요일,대구광역시 중구 태평로2가,중상사고,0,1,0,0,차대사람 - 횡단중,안전운전불이행,건조,맑음,단일로 - 기타,승용,여,36세,상해없음,보행자,남,78세,중상
2020010800100212,2020년 1월 8일 10시,수요일,대구광역시 달서구 이곡동,경상사고,0,0,1,0,차대차 - 추돌,안전거리미확보,건조,맑음,단일로 - 기타,승용,여,38세,상해없음,승용,남,31세,경상
2020010800100244,2020년 1월 8일 11시,수요일,대구광역시 중구 동인동1가,경상사고,0,0,2,0,차대차 - 측면충돌,안전거리미확보,건조,맑음,단일로 - 기타,승용,남,63세,기타불명,승용,남,50세,경상
2020010800100273,2020년 1월 8일 12시,수요일,대구광역시 동구 지저동,중상사고,0,1,0,0,차대차 - 측면충돌,안전운전불이행,건조,맑음,단일로 - 기타,승용,여,76세,상해없음,자전거,남,75세,중상
2020010800100274,2020년 1월 8일 12시,수요일,대구광역시 수성구 황금동,경상사고,0,0,1,0,차대사람 - 기타,안전운전불이행,건조,맑음,교차로 - 교차로부근,승용,남,56세,상해없음,보행자,여,34세,경상
2020010800100275,2020년 1월 8일 12시,수요일,대구광역시 북구 동천동,경상사고,0,0,1,0,차대차 - 기타,교차로운행방법위반,건조,맑음,교차로 - 교차로안,승용,여,41세,상해없음,원동기,남,53세,경상
2020010800100303,2020년 1월 8일 13시,수요일,대구광역시 달성군 화원읍,경상사고,0,0,1,0,차대차 - 추돌,안전운전불이행,건조,맑음,기타 - 기타,승용,남,69세,상해없음,화물,남,59세,경상
2020010800100304,2020년 1월 8일 13시,수요일,대구광역시 달성군 화원읍,경상사고,0,0,1,0,차대차 - 후진중충돌,안전운전불이행,건조,맑음,기타 - 기타,화물,남,67세,상해없음,승용,남,61세,경상
2020010800100305,2020년 1월 8일 13시,수요일,대구광역시 달서구 이곡동,경상사고,0,0,1,0,차대차 - 추돌,안전운전불이행,건조,맑음,단일로 - 기타,승용,여,53세,상해없음,승용,남,27세,경상
2020010800100330,2020년 1월 8일 14시,수요일,대구광역시 북구 고성동3가,부상신고사고,0,0,0,1,차대차 - 측면충돌,안전운전불이행,건조,맑음,교차로 - 교차로부근,자전거,남,10세,부상신고,화물,남,48세,상해없음
2020010800100356,2020년 1월 8일 15시,수요일,대구광역시 동구 지저동,경상사고,0,0,1,0,차대차 - 측면충돌,안전운전불이행,건조,맑음,교차로 - 교차로부근,승용,남,51세,상해없음,승용,여,38세,경상
2020010800100357,2020년 1월 8일 15시,수요일,대구광역시 달성군 하빈면,경상사고,0,0,1,0,차대차 - 기타,안전운전불이행,건조,맑음,단일로 - 기타,화물,남,53세,상해없음,화물,남,49세,경상
2020010800100359,2020년 1월 8일 15시,수요일,대구광역시 달서구 성당동,경상사고,0,0,1,1,차대차 - 추돌,안전운전불이행,건조,맑음,교차로 - 교차로부근,승용,남,66세,부상신고,화물,남,45세,경상
2020010800100377,2020년 1월 8일 16시,수요일,대구광역시 달성군 다사읍,경상사고,0,0,1,0,차대차 - 측면충돌,안전운전불이행,건조,맑음,교차로 - 교차로횡단보도내,승용,여,38세,상해없음,자전거,남,12세,경상
2020010800100379,2020년 1월 8일 16시,수요일,대구광역시 달서구 용산동,경상사고,0,0,1,0,차량단독 - 기타,안전운전불이행,건조,맑음,단일로 - 기타,승합,남,44세,상해없음,,,,
2020010800100380,2020년 1월 8일 16시,수요일,대구광역시 북구 매천동,경상사고,0,0,1,0,차대차 - 측면충돌,안전거리미확보,건조,맑음,단일로 - 기타,화물,남,54세,상해없음,승용,남,20세,경상
2020010800100416,2020년 1월 8일 17시,수요일,대구광역시 달서구 진천동,경상사고,0,0,1,0,차대차 - 측면충돌,교차로운행방법위반,건조,맑음,교차로 - 교차로안,승용,여,48세,상해없음,자전거,여,60세,경상
2020010800100417,2020년 1월 8일 17시,수요일,대구광역시 달성군 다사읍,경상사고,0,0,2,0,차대차 - 기타,안전운전불이행,건조,맑음,교차로 - 교차로안,승용,남,72세,상해없음,승용,남,33세,경상
2020010800100418,2020년 1월 8일 17시,수요일,대구광역시 달서구 감삼동,중상사고,0,1,0,0,차대차 - 측면충돌,안전운전불이행,건조,맑음,단일로 - 기타,승용,여,61세,상해없음,이륜,남,54세,중상
2020010800100476,2020년 1월 8일 18시,수요일,대구광역시 수성구 범어동,경상사고,0,0,1,0,차대차 - 측면충돌,안전거리미확보,건조,맑음,단일로 - 기타,승용,남,63세,상해없음,승용,남,23세,경상
2020010800100477,2020년 1월 8일 18시,수요일,대구광역시 달서구 본동,경상사고,0,0,1,0,차대차 - 측면충돌,안전운전불이행,건조,맑음,교차로 - 교차로부근,승용,여,52세,상해없음,승용,남,35세,경상
2020010800100511,2020년 1월 8일 19시,수요일,대구광역시 달성군 다사읍,경상사고,0,0,1,0,차대차 - 기타,안전운전불이행,건조,맑음,교차로 - 교차로안,승용,남,34세,상해없음,승용,남,34세,경상
2020010800100512,2020년 1월 8일 19시,수요일,대구광역시 북구 산격동,부상신고사고,0,0,0,1,차대차 - 측면충돌,안전운전불이행,건조,맑음,교차로 - 교차로부근,기타불명,기타불명,미분류,기타불명,자전거,여,54세,부상신고
2020010800100513,2020년 1월 8일 19시,수요일,대구광역시 중구 공평동,경상사고,0,0,1,0,차대사람 - 횡단중,보행자보호의무위반,건조,맑음,교차로 - 교차로횡단보도내,승용,여,52세,상해없음,보행자,남,25세,경상
2020010800100536,2020년 1월 8일 20시,수요일,대구광역시 동구 방촌동,경상사고,0,0,1,0,차대차 - 기타,안전거리미확보,건조,맑음,단일로 - 기타,승용,남,57세,상해없음,승용,남,34세,경상
2020010800100537,2020년 1월 8일 20시,수요일,대구광역시 달서구 이곡동,경상사고,0,0,1,0,차대차 - 측면충돌,안전운전불이행,건조,맑음,교차로 - 교차로부근,승용,남,44세,상해없음,이륜,남,21세,경상
2020010800100559,2020년 1월 8일 21시,수요일,대구광역시 북구 검단동,경상사고,0,0,1,0,차대차 - 기타,안전운전불이행,건조,맑음,단일로 - 기타,승용,남,47세,상해없음,승용,남,52세,상해없음
2020010900100009,2020년 1월 9일 00시,목요일,대구광역시 서구 내당동,경상사고,0,0,1,0,차대사람 - 차도통행중,안전운전불이행,건조,맑음,단일로 - 기타,승용,남,50세,상해없음,보행자,여,60세,경상
2020010900100027,2020년 1월 9일 03시,목요일,대구광역시 수성구 두산동,경상사고,0,0,1,0,차대사람 - 차도통행중,안전운전불이행,건조,맑음,단일로 - 기타,승용,남,42세,기타불명,보행자,남,21세,경상
2020010900100056,2020년 1월 9일 06시,목요일,대구광역시 서구 중리동,경상사고,0,0,1,1,차대차 - 기타,안전거리미확보,건조,맑음,교차로 - 교차로부근,승용,남,58세,부상신고,승용,남,59세,경상
2020010900100057,2020년 1월 9일 06시,목요일,대구광역시 중구 남산동,부상신고사고,0,0,0,2,차대차 - 측면충돌,신호위반,건조,맑음,교차로 - 교차로안,승용,여,24세,상해없음,승용,남,65세,부상신고
2020010900100077,2020년 1월 9일 07시,목요일,대구광역시 수성구 만촌동,경상사고,0,0,1,0,차대사람 - 횡단중,보행자보호의무위반,건조,맑음,교차로 - 교차로횡단보도내,승용,남,21세,상해없음,보행자,남,39세,경상
2020010900100078,2020년 1월 9일 07시,목요일,대구광역시 달서구 갈산동,중상사고,0,1,0,0,차대차 - 측면충돌,안전거리미확보,건조,흐림,교차로 - 교차로부근,승용,여,52세,상해없음,자전거,남,57세,중상
2020010900100108,2020년 1월 9일 08시,목요일,대구광역시 북구 노원동3가,경상사고,0,0,1,0,차대차 - 정면충돌,신호위반,건조,맑음,교차로 - 교차로안,화물,남,61세,상해없음,승용,남,35세,경상
2020010900100109,2020년 1월 9일 08시,목요일,대구광역시 중구 남산동,경상사고,0,0,1,0,차대차 - 측면충돌,안전운전불이행,건조,맑음,교차로 - 교차로안,이륜,남,24세,상해없음,승용,여,44세,경상
2020010900100110,2020년 1월 9일 08시,목요일,대구광역시 달서구 장동,경상사고,0,0,2,0,차대차 - 측면충돌,차로위반,건조,맑음,단일로 - 기타,승용,남,55세,상해없음,승용,남,30세,경상
2020010900100112,2020년 1월 9일 08시,목요일,대구광역시 북구 태전동,중상사고,0,1,0,0,차대차 - 측면충돌,교차로운행방법위반,건조,맑음,교차로 - 교차로안,화물,남,57세,상해없음,승용,남,37세,중상
2020010900100161,2020년 1월 9일 10시,목요일,대구광역시 남구 대명동,경상사고,0,0,1,0,차대차 - 측면충돌,안전거리미확보,건조,맑음,단일로 - 지하차도(도로)내,승용,남,64세,상해없음,승용,남,64세,경상
2020010900100186,2020년 1월 9일 11시,목요일,대구광역시 달서구 송현동,중상사고,0,1,0,0,차대차 - 측면충돌,교차로운행방법위반,건조,맑음,교차로 - 교차로안,승용,남,19세,상해없음,승용,남,43세,중상
2020010900100207,2020년 1월 9일 12시,목요일,대구광역시 달서구 송현동,경상사고,0,0,1,0,차대사람 - 기타,안전운전불이행,건조,맑음,단일로 - 기타,승용,여,30세,상해없음,보행자,여,50세,경상
2020010900100208,2020년 1월 9일 12시,목요일,대구광역시 중구 남산동,부상신고사고,0,0,0,1,차대사람 - 기타,안전운전불이행,건조,맑음,단일로 - 기타,승용,남,27세,상해없음,보행자,남,61세,부상신고
2020010900100233,2020년 1월 9일 13시,목요일,대구광역시 북구 노원동3가,경상사고,0,0,1,0,차대사람 - 기타,안전운전불이행,건조,맑음,단일로 - 기타,자전거,남,83세,상해없음,보행자,여,83세,경상
2020010900100234,2020년 1월 9일 13시,목요일,대구광역시 서구 내당동,중상사고,0,1,2,0,차대차 - 측면충돌,안전운전불이행,건조,맑음,단일로 - 기타,이륜,남,28세,중상,승용,남,49세,경상
2020010900100274,2020년 1월 9일 14시,목요일,대구광역시 동구 용계동,경상사고,0,0,3,0,차대차 - 측면충돌,안전거리미확보,건조,맑음,단일로 - 기타,승용,여,48세,경상,화물,남,48세,경상
2020010900100275,2020년 1월 9일 14시,목요일,대구광역시 북구 칠성동1가,경상사고,0,0,1,0,차대사람 - 횡단중,보행자보호의무위반,건조,맑음,단일로 - 기타,승용,여,67세,상해없음,보행자,남,51세,경상
2020010900100276,2020년 1월 9일 14시,목요일,대구광역시 서구 이현동,경상사고,0,0,2,0,차대차 - 측면충돌,안전운전불이행,건조,맑음,교차로 - 교차로안,승용,남,66세,기타불명,승용,남,58세,경상
2020010900100303,2020년 1월 9일 15시,목요일,대구광역시 달성군 논공읍,경상사고,0,0,1,0,차대차 - 추돌,신호위반,건조,맑음,교차로 - 교차로안,화물,남,34세,상해없음,승용,여,40세,경상
2020010900100304,2020년 1월 9일 15시,목요일,대구광역시 북구 산격동,경상사고,0,0,1,0,차대차 - 측면충돌,안전운전불이행,건조,맑음,단일로 - 기타,승용,남,69세,상해없음,원동기,남,28세,경상
2020010900100305,2020년 1월 9일 15시,목요일,대구광역시 서구 내당동,중상사고,0,1,0,0,차대차 - 측면충돌,안전운전불이행,건조,맑음,교차로 - 교차로횡단보도내,화물,남,51세,상해없음,자전거,여,74세,중상
2020010900100336,2020년 1월 9일 16시,목요일,대구광역시 북구 침산동,경상사고,0,0,2,0,차대차 - 추돌,안전거리미확보,건조,맑음,단일로 - 기타,승용,여,47세,경상,승용,남,69세,상해없음
2020010900100371,2020년 1월 9일 17시,목요일,대구광역시 동구 입석동,중상사고,0,1,1,0,차대차 - 측면충돌,교차로운행방법위반,건조,맑음,교차로 - 교차로안,승용,남,64세,상해없음,승용,남,22세,중상
2020010900100423,2020년 1월 9일 18시,목요일,대구광역시 남구 대명동,경상사고,0,0,1,0,차대차 - 기타,안전거리미확보,건조,맑음,단일로 - 기타,기타불명,기타불명,미분류,기타불명,이륜,남,17세,경상
2020010900100424,2020년 1월 9일 18시,목요일,대구광역시 수성구 범어동,중상사고,0,1,0,0,차대사람 - 횡단중,안전운전불이행,건조,맑음,교차로 - 교차로부근,승용,남,66세,상해없음,보행자,여,91세,중상
2020010900100425,2020년 1월 9일 18시,목요일,대구광역시 수성구 지산동,경상사고,0,0,2,0,차대차 - 추돌,안전거리미확보,건조,맑음,교차로 - 교차로부근,화물,남,28세,상해없음,승용,여,53세,경상
2020010900100426,2020년 1월 9일 18시,목요일,대구광역시 서구 중리동,경상사고,0,0,2,0,차대차 - 추돌,안전운전불이행,건조,맑음,교차로 - 교차로안,승용,남,64세,상해없음,승용,남,59세,경상
2020010900100465,2020년 1월 9일 19시,목요일,대구광역시 수성구 만촌동,경상사고,0,0,1,0,차대사람 - 보도통행중,기타,건조,맑음,단일로 - 기타,승용,남,50세,상해없음,보행자,남,50세,경상
2020010900100466,2020년 1월 9일 19시,목요일,대구광역시 서구 원대동3가,경상사고,0,0,1,0,차대차 - 기타,기타,건조,맑음,단일로 - 기타,승용,남,48세,상해없음,자전거,여,51세,경상
2020010900100467,2020년 1월 9일 19시,목요일,대구광역시 달서구 두류동,중상사고,0,1,0,0,차대차 - 측면충돌,교차로운행방법위반,건조,맑음,교차로 - 교차로안,승용,남,43세,상해없음,이륜,남,57세,중상
2020010900100523,2020년 1월 9일 21시,목요일,대구광역시 달성군 다사읍,부상신고사고,0,0,0,1,차대차 - 기타,기타,건조,맑음,교차로 - 교차로안,원동기,남,16세,부상신고,승용,여,53세,상해없음
2020010900100541,2020년 1월 9일 22시,목요일,대구광역시 달서구 죽전동,경상사고,0,0,1,1,차대차 - 기타,교차로운행방법위반,건조,맑음,교차로 - 교차로횡단보도내,승용,여,49세,상해없음,이륜,남,19세,부상신고
2020010900100558,2020년 1월 9일 23시,목요일,대구광역시 북구 침산동,중상사고,0,1,0,0,차대차 - 측면충돌,신호위반,건조,맑음,교차로 - 교차로안,승용,여,58세,상해없음,이륜,남,26세,중상
2020011000100018,2020년 1월 10일 01시,금요일,대구광역시 수성구 수성동2가,부상신고사고,0,0,0,1,차대차 - 추돌,안전운전불이행,건조,맑음,단일로 - 기타,이륜,남,41세,부상신고,승용,남,66세,상해없음
2020011000100030,2020년 1월 10일 02시,금요일,대구광역시 남구 대명동,중상사고,0,1,0,0,차량단독 - 공작물충돌,안전운전불이행,건조,맑음,교차로 - 교차로안,이륜,남,30세,중상,,,,
2020011000100031,2020년 1월 10일 02시,금요일,대구광역시 수성구 지산동,경상사고,0,0,1,0,차대사람 - 기타,안전운전불이행,건조,맑음,단일로 - 기타,승용,남,58세,상해없음,보행자,여,19세,경상
2020011000100070,2020년 1월 10일 06시,금요일,대구광역시 달서구 도원동,중상사고,0,1,0,0,차대사람 - 횡단중,신호위반,서리/결빙,맑음,단일로 - 기타,승용,남,55세,상해없음,보행자,여,62세,중상
2020011000100119,2020년 1월 10일 08시,금요일,대구광역시 동구 각산동,경상사고,0,0,2,1,차대차 - 기타,교차로운행방법위반,건조,맑음,교차로 - 교차로안,승용,여,55세,부상신고,화물,남,35세,경상
2020011000100120,2020년 1월 10일 08시,금요일,대구광역시 수성구 만촌동,중상사고,0,1,0,0,차대사람 - 기타,보행자보호의무위반,건조,맑음,단일로 - 기타,승용,여,42세,상해없음,보행자,여,67세,중상
2020011000100121,2020년 1월 10일 08시,금요일,대구광역시 수성구 황금동,경상사고,0,0,1,0,차대차 - 측면충돌,안전운전불이행,건조,맑음,단일로 - 기타,승용,여,31세,상해없음,자전거,남,53세,경상
2020011000100122,2020년 1월 10일 08시,금요일,대구광역시 서구 평리동,경상사고,0,0,1,0,차대차 - 측면충돌,안전운전불이행,건조,맑음,교차로 - 교차로안,승용,여,23세,상해없음,승용,남,60세,경상
2020011000100153,2020년 1월 10일 09시,금요일,대구광역시 수성구 상동,경상사고,0,0,1,0,차대차 - 후진중충돌,안전운전불이행,건조,맑음,교차로 - 교차로안,승용,남,85세,상해없음,승용,여,34세,경상
2020011000100154,2020년 1월 10일 09시,금요일,대구광역시 달서구 호산동,경상사고,0,0,1,0,차대사람 - 기타,안전운전불이행,건조,맑음,단일로 - 기타,승용,여,63세,상해없음,보행자,여,28세,경상
2020011000100194,2020년 1월 10일 10시,금요일,대구광역시 수성구 삼덕동,경상사고,0,0,2,0,차대차 - 측면충돌,안전운전불이행,건조,맑음,교차로 - 교차로부근,화물,남,55세,상해없음,승용,여,53세,경상
2020011000100195,2020년 1월 10일 10시,금요일,대구광역시 달서구 대천동,중상사고,0,2,0,0,차대차 - 측면충돌,안전거리미확보,건조,맑음,단일로 - 기타,승용,여,45세,상해없음,승용,여,31세,중상
2020011000100196,2020년 1월 10일 10시,금요일,대구광역시 서구 내당동,부상신고사고,0,0,0,1,차대차 - 측면충돌,신호위반,건조,맑음,교차로 - 교차로부근,이륜,남,26세,부상신고,승용,남,40세,상해없음
2020011000100197,2020년 1월 10일 10시,금요일,대구광역시 서구 원대동3가,경상사고,0,0,1,0,차대차 - 측면충돌,신호위반,건조,맑음,단일로 - 기타,승용,남,32세,상해없음,승용,남,48세,경상
2020011000100198,2020년 1월 10일 10시,금요일,대구광역시 달서구 감삼동,경상사고,0,0,2,0,차대차 - 측면충돌,안전운전불이행,건조,맑음,교차로 - 교차로부근,승용,남,25세,기타불명,승용,남,45세,경상
2020011000100222,2020년 1월 10일 11시,금요일,대구광역시 북구 칠성동1가,중상사고,0,1,0,0,차대차 - 측면충돌,안전운전불이행,건조,맑음,교차로 - 교차로안,승용,남,56세,상해없음,자전거,남,86세,중상
2020011000100255,2020년 1월 10일 12시,금요일,대구광역시 수성구 범어동,경상사고,0,0,2,0,차대차 - 측면충돌,교차로운행방법위반,건조,맑음,교차로 - 교차로안,승용,남,62세,경상,승용,여,48세,경상
2020011000100256,2020년 1월 10일 12시,금요일,대구광역시 달성군 구지면,중상사고,0,1,4,0,차대차 - 기타,교차로운행방법위반,건조,맑음,교차로 - 교차로안,화물,남,53세,중상,승합,남,39세,경상
2020011000100257,2020년 1월 10일 12시,금요일,대구광역시 달성군 화원읍,경상사고,0,0,2,0,차대차 - 기타,안전거리미확보,건조,맑음,단일로 - 기타,승용,남,74세,경상,승용,여,32세,경상
2020011000100298,2020년 1월 10일 13시,금요일,대구광역시 북구 산격동,경상사고,0,0,2,0,차대차 - 추돌,안전운전불이행,건조,맑음,단일로 - 기타,화물,남,38세,상해없음,화물,남,41세,경상
2020011000100330,2020년 1월 10일 14시,금요일,대구광역시 중구 동성로2가,중상사고,0,1,0,0,차대사람 - 기타,안전운전불이행,건조,맑음,단일로 - 기타,승용,여,46세,상해없음,보행자,여,59세,중상
2020011000100357,2020년 1월 10일 15시,금요일,대구광역시 수성구 수성동4가,경상사고,0,0,1,0,차대차 - 측면충돌,교차로운행방법위반,건조,맑음,단일로 - 기타,승용,남,31세,상해없음,승용,여,59세,경상
2020011000100358,2020년 1월 10일 15시,금요일,대구광역시 달서구 본동,경상사고,0,0,4,0,차대차 - 측면충돌,안전거리미확보,건조,맑음,교차로 - 교차로횡단보도내,승용,남,68세,경상,승용,남,25세,경상
2020011000100359,2020년 1월 10일 15시,금요일,대구광역시 달서구 진천동,경상사고,0,0,1,0,차대차 - 측면충돌,안전거리미확보,건조,맑음,단일로 - 기타,승용,여,58세,상해없음,승용,남,43세,경상
2020011000100361,2020년 1월 10일 15시,금요일,대구광역시 북구 사수동,경상사고,0,0,1,0,차대차 - 측면충돌,안전운전불이행,건조,맑음,교차로 - 교차로횡단보도내,승용,남,40세,기타불명,자전거,남,78세,경상
2020011000100424,2020년 1월 10일 17시,금요일,대구광역시 서구 비산동,경상사고,0,0,2,0,차대차 - 측면충돌,직진우회전진행방해,건조,맑음,교차로 - 교차로안,승용,여,62세,상해없음,승용,남,23세,경상
2020011000100425,2020년 1월 10일 17시,금요일,대구광역시 서구 이현동,경상사고,0,0,1,0,차대차 - 측면충돌,안전운전불이행,건조,맑음,교차로 - 교차로안,화물,남,67세,상해없음,승합,남,60세,상해없음
2020011000100477,2020년 1월 10일 18시,금요일,대구광역시 서구 상리동,중상사고,0,1,0,0,차대차 - 기타,신호위반,건조,맑음,단일로 - 기타,승용,여,41세,상해없음,승용,여,32세,중상
2020011000100482,2020년 1월 10일 18시,금요일,대구광역시 동구 용계동,중상사고,0,1,0,1,차대차 - 측면충돌,교차로운행방법위반,건조,맑음,교차로 - 교차로안,승용,여,38세,상해없음,화물,남,32세,중상
2020011000100483,2020년 1월 10일 18시,금요일,대구광역시 수성구 신매동,경상사고,0,0,1,0,차대차 - 기타,안전운전불이행,건조,맑음,기타 - 기타,승용,여,33세,상해없음,승용,남,38세,경상
2020011000100484,2020년 1월 10일 18시,금요일,대구광역시 달서구 진천동,경상사고,0,0,1,0,차대차 - 측면충돌,중앙선침범,건조,맑음,단일로 - 기타,승용,남,40세,상해없음,이륜,남,19세,경상
2020011000100485,2020년 1월 10일 18시,금요일,대구광역시 달성군 다사읍,경상사고,0,0,2,0,차대차 - 측면충돌,안전운전불이행,건조,맑음,교차로 - 교차로부근,승용,여,45세,상해없음,이륜,남,19세,경상
2020011000100522,2020년 1월 10일 19시,금요일,대구광역시 달서구 월성동,중상사고,0,1,0,0,차대차 - 측면충돌,불법유턴,건조,맑음,단일로 - 기타,승용,남,67세,상해없음,자전거,여,54세,중상
2020011000100523,2020년 1월 10일 19시,금요일,대구광역시 달서구 본동,경상사고,0,0,1,0,차대차 - 측면충돌,직진우회전진행방해,건조,맑음,교차로 - 교차로안,승용,남,66세,상해없음,승용,여,39세,경상
2020011000100524,2020년 1월 10일 19시,금요일,대구광역시 달성군 다사읍,경상사고,0,0,1,0,차대차 - 추돌,안전운전불이행,건조,맑음,교차로 - 교차로부근,이륜,남,21세,경상,승용,여,48세,상해없음
2020011000100525,2020년 1월 10일 19시,금요일,대구광역시 서구 평리동,경상사고,0,0,1,0,차대차 - 추돌,안전운전불이행,건조,맑음,단일로 - 기타,자전거,남,45세,경상,화물,남,60세,상해없음
2020011000100526,2020년 1월 10일 19시,금요일,대구광역시 서구 내당동,중상사고,0,2,1,1,차대차 - 측면충돌,안전거리미확보,건조,맑음,교차로 - 교차로부근,승용,남,53세,부상신고,승용,남,25세,중상
2020011000100562,2020년 1월 10일 20시,금요일,대구광역시 북구 동천동,경상사고,0,0,1,0,차대차 - 정면충돌,신호위반,건조,맑음,교차로 - 교차로안,이륜,남,43세,상해없음,승용,여,46세,경상
2020011000100608,2020년 1월 10일 22시,금요일,대구광역시 수성구 중동,경상사고,0,0,1,0,차대차 - 측면충돌,안전운전불이행,건조,맑음,교차로 - 교차로부근,승용,남,50세,상해없음,이륜,남,22세,경상
2020011000100609,2020년 1월 10일 22시,금요일,대구광역시 달성군 화원읍,부상신고사고,0,0,0,1,차대차 - 기타,교차로운행방법위반,건조,맑음,교차로 - 교차로안,승용,여,53세,상해없음,이륜,남,18세,부상신고
2020011000100610,2020년 1월 10일 22시,금요일,대구광역시 북구 침산동,경상사고,0,0,1,0,차대사람 - 횡단중,안전운전불이행,건조,맑음,단일로 - 기타,승용,남,65세,상해없음,보행자,남,5세,경상
2020011000100611,2020년 1월 10일 22시,금요일,대구광역시 서구 원대동3가,중상사고,0,1,0,0,차대차 - 측면충돌,불법유턴,건조,맑음,교차로 - 교차로횡단보도내,자전거,남,22세,중상,화물,남,29세,상해없음
2020011000100612,2020년 1월 10일 22시,금요일,대구광역시 중구 북성로1가,경상사고,0,0,1,0,차대차 - 측면충돌,신호위반,건조,맑음,교차로 - 교차로안,이륜,남,28세,상해없음,승용,남,64세,경상
2020011000100613,2020년 1월 10일 22시,금요일,대구광역시 달서구 두류동,경상사고,0,0,2,0,차대차 - 기타,안전운전불이행,건조,맑음,기타 - 기타,승용,여,51세,상해없음,승용,남,30세,경상
2020011100100016,2020년 1월 11일 00시,토요일,대구광역시 수성구 매호동,중상사고,0,1,0,0,차대차 - 기타,안전운전불이행,건조,맑음,교차로 - 교차로부근,승용,남,57세,상해없음,승용,남,58세,중상
2020011100100017,2020년 1월 11일 00시,토요일,대구광역시 서구 내당동,경상사고,0,0,1,0,차대차 - 추돌,안전운전불이행,건조,맑음,단일로 - 기타,승용,남,56세,상해없음,승용,남,64세,경상
2020011100100049,2020년 1월 11일 03시,토요일,대구광역시 중구 남산동,경상사고,0,0,2,0,차대차 - 측면충돌,안전운전불이행,건조,맑음,단일로 - 기타,기타불명,기타불명,미분류,기타불명,승용,남,56세,경상
2020011100100070,2020년 1월 11일 05시,토요일,대구광역시 북구 팔달동,부상신고사고,0,0,0,1,차량단독 - 공작물충돌,안전운전불이행,건조,기타,단일로 - 기타,이륜,남,18세,부상신고,,,,
2020011100100078,2020년 1월 11일 06시,토요일,대구광역시 북구 노원동3가,경상사고,0,0,1,0,차대차 - 추돌,안전운전불이행,건조,맑음,단일로 - 기타,승용,남,74세,상해없음,승용,남,70세,경상
2020011100100106,2020년 1월 11일 08시,토요일,대구광역시 중구 남산동,경상사고,0,0,1,0,차대차 - 측면충돌,안전거리미확보,건조,맑음,단일로 - 기타,승용,여,44세,상해없음,승용,남,34세,경상
2020011100100227,2020년 1월 11일 12시,토요일,대구광역시 수성구 지산동,중상사고,0,1,0,0,차대차 - 추돌,안전운전불이행,건조,맑음,단일로 - 기타,승용,남,30세,상해없음,승용,여,28세,중상
2020011100100228,2020년 1월 11일 12시,토요일,대구광역시 달서구 감삼동,경상사고,0,0,1,0,차대차 - 기타,안전운전불이행,건조,맑음,교차로 - 교차로안,승용,남,24세,상해없음,자전거,남,72세,경상
2020011100100229,2020년 1월 11일 12시,토요일,대구광역시 북구 팔달동,경상사고,0,0,2,0,차대차 - 측면충돌,안전운전불이행,건조,맑음,단일로 - 기타,이륜,남,52세,경상,이륜,남,43세,경상
2020011100100270,2020년 1월 11일 13시,토요일,대구광역시 동구 신천동,경상사고,0,0,1,0,차대차 - 추돌,안전거리미확보,건조,맑음,교차로 - 교차로부근,승용,여,47세,상해없음,승용,여,41세,경상
2020011100100271,2020년 1월 11일 13시,토요일,대구광역시 수성구 범어동,경상사고,0,0,1,0,차대차 - 측면충돌,신호위반,건조,맑음,교차로 - 교차로안,승용,남,73세,상해없음,이륜,남,33세,경상
2020011100100272,2020년 1월 11일 13시,토요일,대구광역시 수성구 두산동,경상사고,0,0,3,0,차대차 - 추돌,안전운전불이행,건조,맑음,단일로 - 기타,승용,남,45세,상해없음,승용,여,54세,경상
2020011100100273,2020년 1월 11일 13시,토요일,대구광역시 달성군 다사읍,경상사고,0,0,1,0,차대사람 - 횡단중,보행자보호의무위반,건조,맑음,교차로 - 교차로횡단보도내,화물,남,60세,상해없음,보행자,여,18세,경상
2020011100100306,2020년 1월 11일 14시,토요일,대구광역시 북구 칠성동2가,부상신고사고,0,0,0,1,차대차 - 기타,기타,건조,맑음,교차로 - 교차로부근,이륜,남,54세,부상신고,승용,남,47세,상해없음
2020011100100307,2020년 1월 11일 14시,토요일,대구광역시 중구 남산동,부상신고사고,0,0,0,1,차대차 - 기타,안전운전불이행,건조,맑음,단일로 - 기타,자전거,남,49세,부상신고,승용,남,51세,상해없음