사고번호,사고일시,요일,시군구,사고내용,사망자수,중상자수,경상자수,부상신고자수,사고유형,법규위반,노면상태,기상상태,도로형태,가해운전자 차종,가해운전자 성별,가해운전자 연령,가해운전자 상해정도,피해운전자 차종,피해운전자 성별,피해운전자 연령,피해운전자 상해정도
2020011100100328,2020년 1월 11일 15시,토요일,대구광역시 동구 각산동,중상사고,0,2,2,0,차대차 - 기타,교차로운행방법위반,건조,맑음,교차로 - 교차로안,승용,여,58세,상해없음,승용,여,31세,중상
2020011100100329,2020년 1월 11일 15시,토요일,대구광역시 수성구 상동,중상사고,0,1,1,0,차대차 - 측면충돌,안전운전불이행,건조,맑음,교차로 - 교차로안,승용,남,51세,경상,이륜,남,23세,중상
2020011100100330,2020년 1월 11일 15시,토요일,대구광역시 달성군 화원읍,경상사고,0,0,4,0,차대차 - 기타,교차로운행방법위반,건조,맑음,교차로 - 교차로안,승용,여,57세,상해없음,승용,남,22세,경상
2020011100100356,2020년 1월 11일 16시,토요일,대구광역시 서구 상리동,경상사고,0,0,1,0,차대차 - 측면충돌,안전운전불이행,건조,맑음,단일로 - 기타,화물,남,34세,상해없음,승용,남,48세,경상
2020011100100362,2020년 1월 11일 16시,토요일,대구광역시 수성구 만촌동,경상사고,0,0,1,0,차대차 - 측면충돌,안전운전불이행,건조,맑음,교차로 - 교차로안,승용,남,29세,상해없음,승용,남,25세,경상
2020011100100363,2020년 1월 11일 16시,토요일,대구광역시 달성군 하빈면,중상사고,0,1,1,0,차대차 - 기타,중앙선침범,건조,맑음,교차로 - 교차로부근,승용,남,38세,기타불명,승용,여,48세,중상
2020011100100364,2020년 1월 11일 16시,토요일,대구광역시 북구 노원동1가,부상신고사고,0,0,0,1,차대차 - 기타,기타,건조,맑음,교차로 - 교차로부근,이륜,남,22세,부상신고,승용,남,55세,상해없음
2020011100100365,2020년 1월 11일 16시,토요일,대구광역시 달서구 감삼동,중상사고,0,1,0,0,차대사람 - 기타,기타,건조,맑음,단일로 - 기타,승합,남,49세,상해없음,보행자,여,77세,중상
2020011100100366,2020년 1월 11일 16시,토요일,대구광역시 북구 구암동,경상사고,0,0,1,0,차대차 - 측면충돌,신호위반,건조,맑음,교차로 - 교차로안,승용,여,43세,상해없음,화물,남,44세,경상
2020011100100398,2020년 1월 11일 17시,토요일,대구광역시 동구 각산동,경상사고,0,0,1,0,차대차 - 기타,안전운전불이행,건조,맑음,교차로 - 교차로부근,이륜,남,17세,경상,승용,여,52세,상해없음
2020011100100438,2020년 1월 11일 18시,토요일,대구광역시 동구 율하동,경상사고,0,0,1,0,차대차 - 추돌,안전운전불이행,건조,맑음,단일로 - 기타,승합,남,65세,상해없음,승용,남,40세,경상
2020011100100439,2020년 1월 11일 18시,토요일,대구광역시 수성구 신매동,경상사고,0,0,1,0,차대차 - 추돌,안전운전불이행,건조,맑음,교차로 - 교차로부근,화물,여,65세,상해없음,승용,남,66세,경상
2020011100100440,2020년 1월 11일 18시,토요일,대구광역시 달성군 구지면,경상사고,0,0,1,1,차대차 - 추돌,안전거리미확보,건조,맑음,교차로 - 교차로부근,승용,남,64세,부상신고,승용,여,42세,경상
2020011100100441,2020년 1월 11일 18시,토요일,대구광역시 서구 평리동,경상사고,0,0,1,0,차대사람 - 차도통행중,안전운전불이행,건조,맑음,교차로 - 교차로부근,승용,남,22세,상해없음,보행자,여,57세,경상
2020011100100442,2020년 1월 11일 18시,토요일,대구광역시 서구 평리동,경상사고,0,0,1,1,차대차 - 측면충돌,신호위반,건조,맑음,교차로 - 교차로안,이륜,남,57세,부상신고,승용,남,59세,경상
2020011100100443,2020년 1월 11일 18시,토요일,대구광역시 서구 내당동,경상사고,0,0,1,0,차대차 - 추돌,안전운전불이행,건조,맑음,단일로 - 기타,승용,남,20세,상해없음,승용,여,54세,경상
2020011100100477,2020년 1월 11일 19시,토요일,대구광역시 달서구 진천동,경상사고,0,0,2,0,차대차 - 측면충돌,안전거리미확보,건조,맑음,단일로 - 기타,승용,여,50세,상해없음,이륜,남,23세,경상
2020011100100508,2020년 1월 11일 20시,토요일,대구광역시 남구 대명동,사망사고,1,0,0,0,차대사람 - 횡단중,안전운전불이행,건조,맑음,단일로 - 기타,이륜,남,33세,상해없음,보행자,여,87세,사망
2020011100100509,2020년 1월 11일 20시,토요일,대구광역시 달서구 상인동,중상사고,0,1,0,0,차대사람 - 길가장자리구역통행중,안전운전불이행,건조,맑음,단일로 - 기타,승용,여,29세,상해없음,보행자,여,58세,중상
2020011100100510,2020년 1월 11일 20시,토요일,대구광역시 달성군 현풍읍,중상사고,0,1,0,1,차대차 - 기타,안전운전불이행,건조,맑음,교차로 - 교차로부근,이륜,남,33세,부상신고,이륜,남,41세,중상
2020011100100511,2020년 1월 11일 20시,토요일,대구광역시 달성군 다사읍,경상사고,0,0,2,0,차대차 - 기타,직진우회전진행방해,건조,맑음,교차로 - 교차로안,화물,남,57세,상해없음,승용,남,46세,경상
2020011100100534,2020년 1월 11일 21시,토요일,대구광역시 달서구 두류동,중상사고,0,1,1,0,차대차 - 추돌,안전운전불이행,건조,맑음,단일로 - 기타,승용,남,56세,상해없음,승용,남,80세,상해없음
2020011100100555,2020년 1월 11일 22시,토요일,대구광역시 남구 대명동,경상사고,0,0,1,0,차대차 - 측면충돌,안전운전불이행,건조,맑음,교차로 - 교차로안,이륜,남,28세,상해없음,승용,남,37세,경상
2020011100100556,2020년 1월 11일 22시,토요일,대구광역시 동구 방촌동,경상사고,0,0,1,0,차대차 - 기타,안전운전불이행,건조,맑음,단일로 - 기타,승용,남,35세,경상,승용,남,33세,기타불명
2020011100100570,2020년 1월 11일 23시,토요일,대구광역시 달서구 대천동,부상신고사고,0,0,0,1,차대사람 - 기타,안전운전불이행,건조,맑음,주차장 - 주차장,승용,여,33세,상해없음,보행자,남,7세,부상신고
2020011200100013,2020년 1월 12일 00시,일요일,대구광역시 수성구 두산동,중상사고,0,1,0,0,차대차 - 측면충돌,안전운전불이행,건조,맑음,단일로 - 기타,승합,여,35세,상해없음,승용,남,53세,중상
2020011200100014,2020년 1월 12일 00시,일요일,대구광역시 동구 효목동,경상사고,0,0,1,0,차대차 - 추돌,안전운전불이행,건조,맑음,교차로 - 교차로부근,화물,남,57세,상해없음,승용,남,31세,경상
2020011200100038,2020년 1월 12일 02시,일요일,대구광역시 달서구 송현동,경상사고,0,0,1,0,차대차 - 측면충돌,안전거리미확보,건조,맑음,단일로 - 기타,승용,여,59세,상해없음,승용,남,28세,경상
2020011200100047,2020년 1월 12일 03시,일요일,대구광역시 달서구 송현동,경상사고,0,0,1,1,차대차 - 추돌,안전운전불이행,건조,맑음,교차로 - 교차로부근,이륜,남,48세,상해없음,승용,남,72세,부상신고
2020011200100052,2020년 1월 12일 04시,일요일,대구광역시 달서구 두류동,경상사고,0,0,1,0,차대사람 - 기타,안전운전불이행,건조,맑음,교차로 - 교차로안,화물,남,34세,상해없음,보행자,남,25세,경상
2020011200100066,2020년 1월 12일 06시,일요일,대구광역시 동구 율하동,경상사고,0,0,1,0,차대차 - 추돌,안전운전불이행,건조,맑음,교차로 - 교차로부근,승용,남,33세,상해없음,승용,여,42세,경상
2020011200100067,2020년 1월 12일 06시,일요일,대구광역시 수성구 범어동,중상사고,0,1,0,0,차량단독 - 공작물충돌,안전운전불이행,건조,맑음,단일로 - 기타,승용,남,27세,상해없음,,,,
2020011200100073,2020년 1월 12일 07시,일요일,대구광역시 북구 칠성동2가,중상사고,0,1,0,0,차대차 - 기타,안전운전불이행,건조,맑음,단일로 - 기타,이륜,남,62세,중상,건설기계,남,59세,상해없음
2020011200100093,2020년 1월 12일 09시,일요일,대구광역시 달서구 월성동,경상사고,0,0,1,0,차대차 - 측면충돌,신호위반,건조,맑음,교차로 - 교차로안,승용,남,54세,상해없음,승용,남,46세,경상
2020011200100114,2020년 1월 12일 10시,일요일,대구광역시 남구 대명동,경상사고,0,0,1,0,차대차 - 측면충돌,안전운전불이행,건조,맑음,단일로 - 기타,승용,여,49세,상해없음,개인형이동수단(PM),남,20세,경상
2020011200100128,2020년 1월 12일 11시,일요일,대구광역시 서구 평리동,경상사고,0,0,1,0,차대차 - 측면충돌,안전운전불이행,건조,맑음,교차로 - 교차로부근,승용,남,66세,상해없음,승용,남,28세,경상
2020011200100146,2020년 1월 12일 12시,일요일,대구광역시 동구 불로동,경상사고,0,0,1,0,차대차 - 기타,안전운전불이행,건조,맑음,교차로 - 교차로안,자전거,여,56세,경상,승용,남,59세,상해없음
2020011200100147,2020년 1월 12일 12시,일요일,대구광역시 동구 입석동,중상사고,0,1,1,0,차대차 - 측면충돌,안전거리미확보,건조,맑음,단일로 - 기타,승용,남,57세,상해없음,승용,남,65세,중상
2020011200100148,2020년 1월 12일 12시,일요일,대구광역시 달성군 다사읍,중상사고,0,1,0,0,차대차 - 기타,안전운전불이행,건조,맑음,교차로 - 교차로부근,승용,여,30세,상해없음,승용,남,64세,중상
2020011200100172,2020년 1월 12일 13시,일요일,대구광역시 북구 학정동,중상사고,0,1,0,0,차대차 - 측면충돌,신호위반,건조,맑음,교차로 - 교차로안,승용,남,32세,상해없음,승용,여,59세,중상
2020011200100200,2020년 1월 12일 14시,일요일,대구광역시 달서구 송현동,경상사고,0,0,3,0,차대차 - 측면충돌,교차로운행방법위반,건조,맑음,교차로 - 교차로안,화물,남,66세,경상,승용,여,46세,경상
2020011200100245,2020년 1월 12일 16시,일요일,대구광역시 달성군 유가읍,경상사고,0,0,1,0,차량단독 - 도로외이탈 - 기타,안전운전불이행,건조,맑음,교차로 - 교차로부근,화물,여,48세,경상,,,,
2020011200100246,2020년 1월 12일 16시,일요일,대구광역시 서구 비산동,경상사고,0,0,2,1,차대차 - 측면충돌,신호위반,건조,맑음,교차로 - 교차로안,이륜,남,55세,부상신고,승용,남,60세,경상
2020011200100270,2020년 1월 12일 17시,일요일,대구광역시 북구 태전동,중상사고,0,1,0,1,차대차 - 측면충돌,교차로운행방법위반,건조,맑음,교차로 - 교차로안,원동기,남,58세,부상신고,원동기,남,34세,중상
2020011200100298,2020년 1월 12일 18시,일요일,대구광역시 동구 효목동,경상사고,0,0,7,0,차대차 - 기타,안전거리미확보,건조,맑음,단일로 - 교량,승용,남,37세,상해없음,승용,남,56세,경상
2020011200100299,2020년 1월 12일 18시,일요일,대구광역시 달성군 다사읍,경상사고,0,0,4,0,차대차 - 기타,안전거리미확보,건조,맑음,단일로 - 기타,승용,남,76세,경상,승용,남,62세,경상
2020011200100300,2020년 1월 12일 18시,일요일,대구광역시 달서구 용산동,경상사고,0,0,1,0,차대차 - 측면충돌,불법유턴,건조,맑음,단일로 - 기타,자전거,남,66세,경상,승용,여,55세,상해없음
2020011200100379,2020년 1월 12일 22시,일요일,대구광역시 달서구 본동,경상사고,0,0,3,0,차대차 - 측면충돌,안전거리미확보,건조,맑음,교차로 - 교차로부근,승용,남,55세,상해없음,승용,남,20세,경상
2020011200100389,2020년 1월 12일 23시,일요일,대구광역시 북구 동천동,경상사고,0,0,2,0,차대차 - 기타,안전운전불이행,건조,맑음,단일로 - 기타,승용,남,29세,상해없음,승용,여,30세,경상
2020011300100004,2020년 1월 13일 00시,월요일,대구광역시 동구 율하동,중상사고,0,1,1,0,차대차 - 추돌,안전운전불이행,건조,맑음,교차로 - 교차로부근,승용,남,37세,상해없음,승용,여,21세,중상
2020011300100005,2020년 1월 13일 00시,월요일,대구광역시 북구 태전동,경상사고,0,0,1,0,차대사람 - 기타,안전운전불이행,건조,맑음,단일로 - 기타,승용,여,57세,상해없음,보행자,남,63세,경상
2020011300100039,2020년 1월 13일 06시,월요일,대구광역시 서구 비산동,경상사고,0,0,2,0,차대차 - 기타,안전운전불이행,건조,맑음,단일로 - 지하차도(도로)내,화물,남,36세,상해없음,화물,남,58세,경상
2020011300100060,2020년 1월 13일 07시,월요일,대구광역시 서구 상리동,경상사고,0,0,1,0,차대차 - 기타,안전운전불이행,건조,맑음,단일로 - 기타,건설기계,남,51세,상해없음,승합,남,54세,경상
2020011300100077,2020년 1월 13일 08시,월요일,대구광역시 남구 이천동,경상사고,0,0,4,0,차대차 - 추돌,안전운전불이행,건조,맑음,단일로 - 기타,승용,여,41세,상해없음,승용,남,55세,경상
2020011300100078,2020년 1월 13일 08시,월요일,대구광역시 중구 대봉동,중상사고,0,1,2,0,차대차 - 측면충돌,안전운전불이행,건조,맑음,단일로 - 기타,승용,남,64세,상해없음,화물,남,48세,경상
2020011300100106,2020년 1월 13일 09시,월요일,대구광역시 달서구 용산동,중상사고,0,1,0,0,차대사람 - 기타,안전운전불이행,건조,맑음,교차로 - 교차로부근,승용,여,50세,상해없음,보행자,남,86세,중상
2020011300100137,2020년 1월 13일 10시,월요일,대구광역시 동구 신암동,경상사고,0,0,1,0,차대차 - 기타,안전거리미확보,건조,맑음,단일로 - 기타,승용,여,79세,상해없음,화물,남,45세,경상
2020011300100138,2020년 1월 13일 10시,월요일,대구광역시 서구 비산동,경상사고,0,0,1,0,차대차 - 추돌,안전거리미확보,건조,맑음,단일로 - 기타,승용,남,55세,상해없음,승용,남,38세,상해없음
2020011300100175,2020년 1월 13일 11시,월요일,대구광역시 달서구 용산동,경상사고,0,0,1,0,차대차 - 측면충돌,안전운전불이행,건조,맑음,단일로 - 기타,승용,남,30세,상해없음,승용,여,19세,경상
2020011300100206,2020년 1월 13일 12시,월요일,대구광역시 달서구 월성동,부상신고사고,0,0,0,1,차대차 - 측면충돌,중앙선침범,건조,맑음,단일로 - 기타,개인형이동수단(PM),남,18세,부상신고,승용,여,38세,상해없음
2020011300100273,2020년 1월 13일 14시,월요일,대구광역시 달성군 화원읍,중상사고,0,1,0,0,차대차 - 측면충돌,안전운전불이행,건조,맑음,단일로 - 기타,화물,남,57세,상해없음,이륜,남,59세,중상
2020011300100274,2020년 1월 13일 14시,월요일,대구광역시 중구 대봉동,중상사고,0,1,0,0,차대차 - 측면충돌,신호위반,건조,맑음,단일로 - 기타,승용,여,46세,상해없음,자전거,남,53세,중상
2020011300100317,2020년 1월 13일 15시,월요일,대구광역시 남구 봉덕동,부상신고사고,0,0,0,1,차량단독 - 기타,안전운전불이행,건조,맑음,단일로 - 기타,기타불명,기타불명,미분류,기타불명,,,,
2020011300100318,2020년 1월 13일 15시,월요일,대구광역시 서구 비산동,경상사고,0,0,1,0,차량단독 - 기타,안전운전불이행,건조,맑음,교차로 - 교차로부근,자전거,남,54세,경상,,,,
2020011300100355,2020년 1월 13일 16시,월요일,대구광역시 달성군 옥포읍,중상사고,0,1,0,0,차대차 - 기타,안전운전불이행,건조,맑음,단일로 - 기타,화물,남,49세,상해없음,자전거,여,78세,중상
2020011300100356,2020년 1월 13일 16시,월요일,대구광역시 서구 평리동,경상사고,0,0,1,0,차대차 - 기타,직진우회전진행방해,건조,맑음,교차로 - 교차로안,이륜,남,20세,경상,승합,남,61세,상해없음
2020011300100357,2020년 1월 13일 16시,월요일,대구광역시 서구 비산동,경상사고,0,0,4,0,차대차 - 추돌,안전거리미확보,건조,맑음,단일로 - 기타,승용,남,38세,상해없음,승용,남,49세,경상
2020011300100358,2020년 1월 13일 16시,월요일,대구광역시 중구 남일동,경상사고,0,0,1,0,차대사람 - 횡단중,안전운전불이행,건조,맑음,단일로 - 기타,이륜,남,39세,상해없음,보행자,남,30세,경상
2020011300100359,2020년 1월 13일 16시,월요일,대구광역시 달서구 두류동,경상사고,0,0,1,0,차대차 - 측면충돌,차로위반,건조,맑음,단일로 - 기타,이륜,남,25세,경상,승용,남,31세,상해없음
2020011300100360,2020년 1월 13일 16시,월요일,대구광역시 북구 읍내동,경상사고,0,0,1,0,차대차 - 측면충돌,불법유턴,건조,맑음,단일로 - 기타,화물,남,57세,상해없음,화물,남,46세,경상
2020011300100391,2020년 1월 13일 17시,월요일,대구광역시 수성구 지산동,중상사고,0,1,0,0,차대사람 - 횡단중,보행자보호의무위반,건조,맑음,교차로 - 교차로안,승용,남,64세,상해없음,보행자,여,35세,중상
2020011300100392,2020년 1월 13일 17시,월요일,대구광역시 수성구 수성동2가,중상사고,0,1,0,1,차대차 - 측면충돌,안전거리미확보,건조,맑음,단일로 - 기타,승용,남,72세,부상신고,이륜,남,43세,중상
2020011300100393,2020년 1월 13일 17시,월요일,대구광역시 달성군 가창면,중상사고,0,1,0,0,차대차 - 추돌,안전거리미확보,건조,맑음,교차로 - 교차로부근,화물,남,53세,상해없음,화물,남,67세,중상
2020011300100394,2020년 1월 13일 17시,월요일,대구광역시 달성군 화원읍,경상사고,0,0,2,0,차대차 - 측면충돌,안전운전불이행,건조,맑음,단일로 - 기타,승용,여,52세,상해없음,승용,남,27세,경상
2020011300100395,2020년 1월 13일 17시,월요일,대구광역시 서구 평리동,경상사고,0,0,2,0,차대차 - 추돌,안전운전불이행,건조,맑음,단일로 - 기타,화물,남,39세,상해없음,승용,여,41세,경상
2020011300100396,2020년 1월 13일 17시,월요일,대구광역시 달서구 두류동,경상사고,0,0,2,0,차대차 - 후진중충돌,안전운전불이행,건조,맑음,단일로 - 기타,승용,남,62세,상해없음,승용,여,30세,경상
2020011300100397,2020년 1월 13일 17시,월요일,대구광역시 달서구 죽전동,경상사고,0,0,1,0,차대차 - 측면충돌,안전거리미확보,건조,맑음,단일로 - 기타,승용,여,52세,상해없음,승용,여,61세,경상
2020011300100443,2020년 1월 13일 18시,월요일,대구광역시 수성구 시지동,경상사고,0,0,1,0,차대차 - 기타,안전운전불이행,건조,맑음,단일로 - 기타,기타불명,기타불명,미분류,기타불명,승용,남,37세,경상
2020011300100452,2020년 1월 13일 18시,월요일,대구광역시 달서구 월성동,중상사고,0,1,0,0,차대차 - 기타,안전운전불이행,건조,맑음,단일로 - 기타,승용,남,57세,상해없음,원동기,남,31세,중상
2020011300100493,2020년 1월 13일 19시,월요일,대구광역시 서구 평리동,경상사고,0,0,1,0,차대차 - 기타,안전운전불이행,건조,맑음,교차로 - 교차로안,승용,남,63세,상해없음,이륜,남,37세,경상
2020011300100494,2020년 1월 13일 19시,월요일,대구광역시 서구 이현동,경상사고,0,0,2,0,차대차 - 추돌,안전운전불이행,건조,맑음,교차로 - 교차로부근,승용,남,54세,상해없음,승용,남,53세,경상
2020011300100524,2020년 1월 13일 20시,월요일,대구광역시 동구 효목동,경상사고,0,0,2,0,차대차 - 추돌,안전거리미확보,건조,맑음,단일로 - 기타,승용,남,30세,상해없음,원동기,남,20세,경상
2020011300100525,2020년 1월 13일 20시,월요일,대구광역시 수성구 만촌동,경상사고,0,0,1,0,차대차 - 기타,안전운전불이행,건조,맑음,단일로 - 기타,기타불명,기타불명,미분류,기타불명,승합,남,48세,상해없음
2020011300100548,2020년 1월 13일 21시,월요일,대구광역시 남구 대명동,부상신고사고,0,0,0,1,차대차 - 기타,안전거리미확보,건조,맑음,단일로 - 기타,기타불명,기타불명,미분류,기타불명,이륜,남,25세,부상신고
2020011300100549,2020년 1월 13일 21시,월요일,대구광역시 동구 용계동,경상사고,0,0,2,0,차대차 - 측면충돌,차로위반,건조,맑음,기타 - 기타,승용,여,38세,기타불명,승용,남,31세,경상
2020011300100550,2020년 1월 13일 21시,월요일,대구광역시 수성구 두산동,경상사고,0,0,1,0,차대차 - 측면충돌,안전거리미확보,건조,맑음,단일로 - 기타,승용,여,43세,상해없음,승용,남,23세,경상
2020011300100551,2020년 1월 13일 21시,월요일,대구광역시 달서구 용산동,중상사고,0,1,1,0,차대차 - 추돌,안전운전불이행,건조,맑음,단일로 - 기타,승용,남,58세,상해없음,승용,남,56세,경상
2020011300100552,2020년 1월 13일 21시,월요일,대구광역시 달서구 죽전동,경상사고,0,0,1,0,차대사람 - 횡단중,안전운전불이행,건조,맑음,단일로 - 기타,승용,남,51세,상해없음,보행자,여,18세,경상
2020011300100572,2020년 1월 13일 22시,월요일,대구광역시 남구 대명동,경상사고,0,0,1,0,차대차 - 측면충돌,안전운전불이행,건조,맑음,기타 - 기타,승용,남,37세,상해없음,이륜,남,33세,경상
2020011300100573,2020년 1월 13일 22시,월요일,대구광역시 남구 봉덕동,중상사고,0,1,0,0,차대차 - 기타,안전거리미확보,건조,맑음,단일로 - 기타,승용,남,25세,상해없음,승용,남,60세,상해없음
2020011300100574,2020년 1월 13일 22시,월요일,대구광역시 달서구 상인동,경상사고,0,0,1,0,차대차 - 추돌,안전운전불이행,건조,맑음,주차장 - 주차장,승용,남,45세,상해없음,승용,남,37세,경상
2020011300100575,2020년 1월 13일 22시,월요일,대구광역시 북구 칠성동2가,부상신고사고,0,0,0,1,차대차 - 기타,안전거리미확보,건조,맑음,단일로 - 기타,기타불명,기타불명,미분류,기타불명,원동기,남,49세,부상신고
2020011300100596,2020년 1월 13일 23시,월요일,대구광역시 수성구 수성동1가,경상사고,0,0,2,0,차대차 - 측면충돌,신호위반,건조,맑음,교차로 - 교차로안,승용,여,62세,상해없음,승용,여,47세,경상
2020011400100026,2020년 1월 14일 01시,화요일,대구광역시 달서구 상인동,경상사고,0,0,1,0,차대차 - 측면충돌,안전운전불이행,건조,맑음,단일로 - 기타,승용,여,56세,상해없음,이륜,남,24세,경상
2020011400100083,2020년 1월 14일 07시,화요일,대구광역시 동구 신암동,경상사고,0,0,1,0,차대차 - 추돌,안전거리미확보,건조,맑음,단일로 - 기타,승용,남,45세,상해없음,승용,남,71세,경상
2020011400100084,2020년 1월 14일 07시,화요일,대구광역시 북구 노원동1가,경상사고,0,0,1,0,차대차 - 측면충돌,직진우회전진행방해,건조,맑음,교차로 - 교차로안,승용,남,27세,상해없음,자전거,남,65세,경상
2020011400100142,2020년 1월 14일 09시,화요일,대구광역시 동구 신암동,경상사고,0,0,2,0,차대차 - 측면충돌,안전거리미확보,건조,맑음,단일로 - 기타,화물,남,46세,상해없음,이륜,남,19세,경상
2020011400100143,2020년 1월 14일 09시,화요일,대구광역시 중구 대신동,경상사고,0,0,1,0,차대차 - 측면충돌,안전거리미확보,건조,맑음,단일로 - 기타,승용,남,74세,상해없음,이륜,남,51세,경상
2020011400100213,2020년 1월 14일 11시,화요일,대구광역시 달서구 월암동,경상사고,0,0,3,0,차대차 - 측면충돌,직진우회전진행방해,건조,맑음,교차로 - 교차로안,승용,남,66세,경상,승용,남,56세,상해없음
2020011400100214,2020년 1월 14일 11시,화요일,대구광역시 달성군 옥포읍,경상사고,0,0,1,0,차대사람 - 기타,기타,건조,맑음,단일로 - 기타,화물,남,77세,상해없음,보행자,남,56세,경상
2020011400100215,2020년 1월 14일 11시,화요일,대구광역시 달성군 하빈면,부상신고사고,0,0,0,1,차대사람 - 기타,안전운전불이행,건조,맑음,단일로 - 기타,승합,남,53세,상해없음,보행자,여,66세,부상신고
2020011400100264,2020년 1월 14일 12시,화요일,대구광역시 달서구 상인동,경상사고,0,0,1,0,차대차 - 측면충돌,안전거리미확보,건조,맑음,단일로 - 기타,승용,남,64세,상해없음,승용,남,61세,경상
2020011400100265,2020년 1월 14일 12시,화요일,대구광역시 달서구 장기동,중상사고,0,1,0,0,차대차 - 기타,안전운전불이행,건조,맑음,교차로 - 교차로안,이륜,남,46세,중상,승용,여,38세,상해없음
2020011400100321,2020년 1월 14일 14시,화요일,대구광역시 남구 대명동,경상사고,0,0,1,0,차대사람 - 길가장자리구역통행중,안전운전불이행,건조,맑음,단일로 - 기타,승용,남,55세,상해없음,보행자,남,60세,경상
2020011400100322,2020년 1월 14일 14시,화요일,대구광역시 수성구 신매동,경상사고,0,0,1,0,차대차 - 기타,안전운전불이행,건조,맑음,교차로 - 교차로안,승용,남,61세,상해없음,이륜,남,16세,경상
2020011400100323,2020년 1월 14일 14시,화요일,대구광역시 동구 효목동,경상사고,0,0,2,0,차대차 - 측면충돌,안전운전불이행,건조,맑음,단일로 - 기타,승합,남,49세,상해없음,승용,남,63세,경상
2020011400100324,2020년 1월 14일 14시,화요일,대구광역시 수성구 범어동,경상사고,0,0,2,0,차대차 - 측면충돌,안전운전불이행,건조,맑음,단일로 - 기타,승용,여,44세,상해없음,승용,남,61세,경상
2020011400100325,2020년 1월 14일 14시,화요일,대구광역시 북구 노원동3가,중상사고,0,1,0,0,차대차 - 정면충돌,중앙선침범,건조,맑음,단일로 - 기타,화물,남,40세,상해없음,이륜,여,42세,중상
2020011400100326,2020년 1월 14일 14시,화요일,대구광역시 서구 내당동,중상사고,0,1,0,0,차대사람 - 차도통행중,안전운전불이행,건조,맑음,단일로 - 기타,승용,남,60세,상해없음,보행자,여,82세,중상
2020011400100353,2020년 1월 14일 15시,화요일,대구광역시 수성구 신매동,경상사고,0,0,2,0,차대차 - 측면충돌,안전거리미확보,건조,맑음,단일로 - 기타,승용,남,45세,상해없음,이륜,남,33세,경상
2020011400100354,2020년 1월 14일 15시,화요일,대구광역시 달서구 상인동,경상사고,0,0,1,0,차대차 - 추돌,안전거리미확보,건조,맑음,단일로 - 기타,승합,남,41세,상해없음,승용,여,57세,경상
2020011400100388,2020년 1월 14일 16시,화요일,대구광역시 수성구 욱수동,경상사고,0,0,2,0,차대차 - 측면충돌,직진우회전진행방해,건조,맑음,교차로 - 교차로안,이륜,남,22세,경상,승용,남,41세,경상
2020011400100422,2020년 1월 14일 17시,화요일,대구광역시 동구 율하동,경상사고,0,0,1,0,차대사람 - 기타,안전운전불이행,건조,맑음,교차로 - 교차로안,승용,여,60세,상해없음,보행자,여,49세,경상
2020011400100423,2020년 1월 14일 17시,화요일,대구광역시 수성구 상동,경상사고,0,0,1,0,차대차 - 추돌,교차로운행방법위반,건조,맑음,교차로 - 교차로안,화물,남,48세,기타불명,승합,남,48세,경상
2020011400100424,2020년 1월 14일 17시,화요일,대구광역시 북구 칠성동2가,중상사고,0,1,0,0,차대차 - 측면충돌,신호위반,건조,맑음,교차로 - 교차로부근,승용,남,37세,상해없음,자전거,남,70세,중상
2020011400100425,2020년 1월 14일 17시,화요일,대구광역시 북구 침산동,경상사고,0,0,1,0,차대차 - 측면충돌,안전거리미확보,건조,맑음,단일로 - 기타,승용,남,42세,상해없음,이륜,남,27세,경상
2020011400100426,2020년 1월 14일 17시,화요일,대구광역시 북구 관음동,경상사고,0,0,1,0,차대사람 - 횡단중,보행자보호의무위반,건조,맑음,단일로 - 기타,승용,남,37세,상해없음,보행자,여,8세,경상
2020011400100472,2020년 1월 14일 18시,화요일,대구광역시 수성구 중동,중상사고,0,1,2,0,차대차 - 기타,안전운전불이행,건조,맑음,교차로 - 교차로안,이륜,남,27세,중상,승용,남,82세,경상
2020011400100473,2020년 1월 14일 18시,화요일,대구광역시 수성구 만촌동,경상사고,0,0,2,0,차대차 - 측면충돌,안전운전불이행,건조,맑음,단일로 - 기타,승용,남,84세,상해없음,승용,여,36세,경상
2020011400100474,2020년 1월 14일 18시,화요일,대구광역시 북구 산격동,경상사고,0,0,4,0,차대차 - 추돌,안전운전불이행,건조,맑음,단일로 - 기타,승용,남,33세,상해없음,화물,남,40세,경상
2020011400100475,2020년 1월 14일 18시,화요일,대구광역시 달서구 성당동,경상사고,0,0,1,0,차대차 - 기타,안전운전불이행,건조,맑음,단일로 - 기타,승용,남,57세,상해없음,승합,남,54세,상해없음
2020011400100513,2020년 1월 14일 19시,화요일,대구광역시 수성구 범물동,중상사고,0,2,0,0,차대차 - 측면충돌,안전운전불이행,건조,맑음,단일로 - 기타,승용,남,40세,상해없음,이륜,남,29세,중상
2020011400100536,2020년 1월 14일 20시,화요일,대구광역시 동구 신천동,중상사고,0,1,0,0,차대사람 - 기타,보행자보호의무위반,건조,맑음,교차로 - 교차로안,승합,남,51세,상해없음,보행자,여,56세,중상
2020011400100537,2020년 1월 14일 20시,화요일,대구광역시 북구 산격동,경상사고,0,0,3,0,차대차 - 측면충돌,교차로운행방법위반,건조,맑음,교차로 - 교차로안,승용,남,55세,상해없음,승용,남,22세,경상