사고번호,사고일시,요일,시군구,사고내용,사망자수,중상자수,경상자수,부상신고자수,사고유형,법규위반,노면상태,기상상태,도로형태,가해운전자 차종,가해운전자 성별,가해운전자 연령,가해운전자 상해정도,피해운전자 차종,피해운전자 성별,피해운전자 연령,피해운전자 상해정도
2020012100100594,2020년 1월 21일 18시,화요일,대구광역시 달서구 진천동,경상사고,0,0,1,0,차대사람 - 횡단중,안전운전불이행,건조,맑음,단일로 - 기타,승용,여,57세,상해없음,보행자,여,59세,경상
2020012100100595,2020년 1월 21일 18시,화요일,대구광역시 달서구 이곡동,경상사고,0,0,1,0,차대차 - 기타,직진우회전진행방해,건조,맑음,교차로 - 교차로안,승용,여,48세,상해없음,이륜,남,24세,경상
2020012100100596,2020년 1월 21일 18시,화요일,대구광역시 달서구 용산동,경상사고,0,0,2,0,차대차 - 측면충돌,차로위반,건조,맑음,기타 - 기타,승용,여,47세,상해없음,승용,남,34세,경상
2020012100100597,2020년 1월 21일 18시,화요일,대구광역시 달서구 두류동,경상사고,0,0,1,0,차대차 - 기타,안전운전불이행,건조,맑음,교차로 - 교차로부근,승용,남,23세,상해없음,승합,남,54세,상해없음
2020012100100598,2020년 1월 21일 18시,화요일,대구광역시 북구 태전동,경상사고,0,0,1,0,차대차 - 기타,안전거리미확보,건조,맑음,단일로 - 기타,승용,남,66세,상해없음,이륜,남,28세,경상
2020012100100599,2020년 1월 21일 18시,화요일,대구광역시 북구 읍내동,부상신고사고,0,0,0,1,차대차 - 측면충돌,신호위반,건조,맑음,교차로 - 교차로부근,이륜,남,16세,부상신고,승용,남,59세,기타불명
2020012100100600,2020년 1월 21일 18시,화요일,대구광역시 북구 동천동,경상사고,0,0,1,0,차대사람 - 기타,안전운전불이행,건조,맑음,단일로 - 기타,기타불명,기타불명,미분류,기타불명,보행자,남,25세,경상
2020012100100601,2020년 1월 21일 18시,화요일,대구광역시 북구 구암동,경상사고,0,0,1,0,차대차 - 추돌,안전운전불이행,건조,맑음,단일로 - 기타,승용,여,54세,상해없음,승용,여,47세,경상
2020012100100646,2020년 1월 21일 19시,화요일,대구광역시 동구 신암동,경상사고,0,0,1,0,차대차 - 추돌,안전운전불이행,건조,맑음,단일로 - 기타,승용,남,59세,상해없음,승용,남,57세,경상
2020012100100647,2020년 1월 21일 19시,화요일,대구광역시 수성구 신매동,중상사고,0,1,0,0,차대사람 - 보도통행중,안전운전불이행,건조,맑음,단일로 - 기타,자전거,남,14세,상해없음,보행자,여,51세,중상
2020012100100648,2020년 1월 21일 19시,화요일,대구광역시 달서구 상인동,경상사고,0,0,1,0,차대사람 - 차도통행중,안전운전불이행,건조,맑음,교차로 - 교차로안,승합,남,50세,상해없음,보행자,남,57세,경상
2020012100100674,2020년 1월 21일 20시,화요일,대구광역시 수성구 만촌동,경상사고,0,0,1,0,차대차 - 측면충돌,안전운전불이행,건조,맑음,교차로 - 교차로부근,승용,여,43세,경상,승용,여,72세,상해없음
2020012100100675,2020년 1월 21일 20시,화요일,대구광역시 수성구 신매동,경상사고,0,0,1,0,차대차 - 측면충돌,안전운전불이행,건조,맑음,교차로 - 교차로안,승합,남,70세,상해없음,승용,여,63세,경상
2020012100100676,2020년 1월 21일 20시,화요일,대구광역시 달서구 월성동,경상사고,0,0,2,0,차대차 - 측면충돌,차로위반,건조,맑음,단일로 - 기타,승용,여,46세,상해없음,원동기,남,23세,경상
2020012100100678,2020년 1월 21일 20시,화요일,대구광역시 중구 동인동1가,경상사고,0,0,7,0,차대차 - 기타,안전거리미확보,건조,맑음,교차로 - 교차로부근,승용,남,37세,경상,승용,남,20세,경상
2020012100100702,2020년 1월 21일 21시,화요일,대구광역시 달서구 신당동,경상사고,0,0,1,0,차대사람 - 기타,안전운전불이행,건조,맑음,단일로 - 기타,원동기,남,22세,상해없음,보행자,여,24세,경상
2020012100100703,2020년 1월 21일 21시,화요일,대구광역시 달서구 월암동,중상사고,0,1,0,0,차대차 - 추돌,안전운전불이행,건조,맑음,교차로 - 교차로부근,승용,남,37세,상해없음,승용,남,36세,중상
2020012100100725,2020년 1월 21일 22시,화요일,대구광역시 수성구 황금동,부상신고사고,0,0,0,1,차대차 - 측면충돌,안전운전불이행,건조,맑음,교차로 - 교차로부근,이륜,남,21세,부상신고,승합,남,39세,상해없음
2020012100100750,2020년 1월 21일 23시,화요일,대구광역시 동구 신암동,중상사고,0,2,0,0,차대차 - 정면충돌,중앙선침범,건조,맑음,단일로 - 기타,승용,남,52세,상해없음,이륜,남,21세,중상
2020012200100033,2020년 1월 22일 02시,수요일,대구광역시 수성구 중동,경상사고,0,0,2,0,차대차 - 정면충돌,신호위반,건조,맑음,교차로 - 교차로안,승용,남,36세,상해없음,승용,남,32세,경상
2020012200100097,2020년 1월 22일 07시,수요일,대구광역시 수성구 황금동,경상사고,0,0,1,0,차대차 - 측면충돌,안전거리미확보,건조,맑음,교차로 - 교차로안,승용,남,54세,상해없음,승용,남,36세,경상
2020012200100116,2020년 1월 22일 08시,수요일,대구광역시 달서구 두류동,경상사고,0,0,1,0,차대차 - 측면충돌,신호위반,건조,맑음,단일로 - 지하차도(도로)내,승용,남,46세,상해없음,승용,여,56세,경상
2020012200100148,2020년 1월 22일 09시,수요일,대구광역시 중구 덕산동,경상사고,0,0,1,1,차대차 - 측면충돌,안전거리미확보,건조,맑음,교차로 - 교차로부근,승용,남,33세,부상신고,승용,남,19세,경상
2020012200100174,2020년 1월 22일 10시,수요일,대구광역시 북구 검단동,경상사고,0,0,1,0,차대사람 - 기타,신호위반,건조,맑음,교차로 - 교차로안,승용,남,29세,상해없음,보행자,남,26세,경상
2020012200100209,2020년 1월 22일 11시,수요일,대구광역시 동구 신천동,경상사고,0,0,1,0,차대사람 - 기타,기타,건조,맑음,단일로 - 기타,승용,남,44세,상해없음,보행자,남,23세,경상
2020012200100210,2020년 1월 22일 11시,수요일,대구광역시 수성구 상동,경상사고,0,0,1,0,차대차 - 측면충돌,안전운전불이행,건조,맑음,단일로 - 기타,이륜,남,35세,상해없음,자전거,여,59세,경상
2020012200100211,2020년 1월 22일 11시,수요일,대구광역시 북구 복현동,부상신고사고,0,0,0,1,차대차 - 측면충돌,안전운전불이행,건조,맑음,단일로 - 기타,자전거,남,38세,부상신고,승용,남,26세,상해없음
2020012200100212,2020년 1월 22일 11시,수요일,대구광역시 북구 태전동,경상사고,0,0,1,0,차대차 - 측면충돌,안전운전불이행,건조,맑음,교차로 - 교차로부근,화물,남,48세,상해없음,자전거,남,27세,경상
2020012200100213,2020년 1월 22일 11시,수요일,대구광역시 북구 태전동,경상사고,0,0,1,0,차대차 - 추돌,안전거리미확보,건조,맑음,단일로 - 기타,승용,남,66세,상해없음,승용,여,59세,경상
2020012200100231,2020년 1월 22일 12시,수요일,대구광역시 남구 대명동,사망사고,1,1,0,0,차량단독 - 공작물충돌,과속,건조,맑음,단일로 - 기타,승용,남,72세,사망,,,,
2020012200100232,2020년 1월 22일 12시,수요일,대구광역시 남구 대명동,경상사고,0,0,1,0,차대차 - 측면충돌,안전운전불이행,건조,맑음,단일로 - 기타,승용,남,35세,상해없음,승용,여,43세,경상
2020012200100233,2020년 1월 22일 12시,수요일,대구광역시 동구 입석동,중상사고,0,1,0,0,차대사람 - 횡단중,신호위반,건조,맑음,단일로 - 기타,승용,여,40세,상해없음,보행자,여,73세,중상
2020012200100234,2020년 1월 22일 12시,수요일,대구광역시 수성구 황금동,경상사고,0,0,1,0,차대차 - 측면충돌,안전운전불이행,건조,맑음,교차로 - 교차로부근,이륜,남,19세,상해없음,승용,남,44세,경상
2020012200100262,2020년 1월 22일 13시,수요일,대구광역시 동구 효목동,경상사고,0,0,1,0,차대차 - 기타,안전운전불이행,건조,맑음,단일로 - 기타,승용,남,26세,상해없음,사륜오토바이(ATV),남,26세,경상
2020012200100298,2020년 1월 22일 14시,수요일,대구광역시 수성구 신매동,경상사고,0,0,1,0,차대사람 - 기타,안전운전불이행,건조,맑음,단일로 - 기타,승용,남,33세,상해없음,보행자,남,41세,경상
2020012200100299,2020년 1월 22일 14시,수요일,대구광역시 수성구 두산동,경상사고,0,0,1,0,차대차 - 측면충돌,안전운전불이행,건조,맑음,단일로 - 기타,승용,남,73세,상해없음,화물,남,26세,경상
2020012200100300,2020년 1월 22일 14시,수요일,대구광역시 달성군 현풍읍,경상사고,0,0,2,0,차대차 - 기타,안전운전불이행,건조,맑음,단일로 - 기타,승용,남,61세,상해없음,승용,여,34세,경상
2020012200100301,2020년 1월 22일 14시,수요일,대구광역시 달서구 용산동,경상사고,0,0,1,0,차대차 - 측면충돌,교차로운행방법위반,건조,맑음,교차로 - 교차로안,승용,남,39세,상해없음,승용,남,19세,상해없음
2020012200100302,2020년 1월 22일 14시,수요일,대구광역시 달서구 호산동,중상사고,0,1,3,0,차대차 - 측면충돌,중앙선침범,건조,맑음,단일로 - 기타,승용,남,64세,중상,화물,남,33세,경상
2020012200100303,2020년 1월 22일 14시,수요일,대구광역시 달서구 용산동,경상사고,0,0,1,0,차대차 - 추돌,안전운전불이행,건조,맑음,단일로 - 기타,화물,남,68세,상해없음,화물,남,65세,경상
2020012200100340,2020년 1월 22일 15시,수요일,대구광역시 남구 대명동,경상사고,0,0,1,0,차대차 - 측면충돌,기타,젖음/습기,비,단일로 - 기타,이륜,남,21세,경상,승용,남,66세,상해없음
2020012200100341,2020년 1월 22일 15시,수요일,대구광역시 달성군 다사읍,중상사고,0,1,0,0,차대차 - 추돌,안전운전불이행,건조,맑음,기타 - 기타,화물,남,64세,기타불명,승용,여,35세,중상
2020012200100382,2020년 1월 22일 16시,수요일,대구광역시 동구 신암동,부상신고사고,0,0,0,1,차대사람 - 기타,안전운전불이행,건조,맑음,단일로 - 기타,이륜,남,31세,상해없음,보행자,여,61세,부상신고
2020012200100383,2020년 1월 22일 16시,수요일,대구광역시 수성구 범물동,경상사고,0,0,1,0,차대차 - 기타,안전운전불이행,건조,맑음,교차로 - 교차로부근,승용,여,58세,상해없음,승용,여,42세,경상
2020012200100384,2020년 1월 22일 16시,수요일,대구광역시 달서구 송현동,경상사고,0,0,4,0,차대차 - 기타,안전운전불이행,건조,맑음,교차로 - 교차로안,승용,남,63세,상해없음,승용,남,40세,경상
2020012200100385,2020년 1월 22일 16시,수요일,대구광역시 달서구 감삼동,경상사고,0,0,1,0,차대차 - 측면충돌,중앙선침범,건조,맑음,단일로 - 기타,승용,남,72세,상해없음,화물,남,52세,경상
2020012200100445,2020년 1월 22일 17시,수요일,대구광역시 달성군 화원읍,경상사고,0,0,1,0,차대차 - 기타,안전운전불이행,젖음/습기,비,단일로 - 교량,승용,남,40세,상해없음,승용,남,32세,경상
2020012200100449,2020년 1월 22일 17시,수요일,대구광역시 남구 대명동,경상사고,0,0,1,0,차대차 - 측면충돌,안전운전불이행,젖음/습기,비,단일로 - 기타,승용,여,48세,상해없음,이륜,남,20세,경상
2020012200100450,2020년 1월 22일 17시,수요일,대구광역시 동구 각산동,중상사고,0,1,0,0,차대사람 - 기타,안전운전불이행,건조,맑음,단일로 - 기타,승용,남,31세,상해없음,보행자,남,42세,중상
2020012200100519,2020년 1월 22일 18시,수요일,대구광역시 수성구 지산동,경상사고,0,0,1,0,차대차 - 추돌,안전운전불이행,건조,맑음,단일로 - 기타,승용,여,41세,상해없음,승용,여,49세,경상
2020012200100520,2020년 1월 22일 18시,수요일,대구광역시 달서구 진천동,경상사고,0,0,4,0,차대차 - 추돌,안전운전불이행,젖음/습기,비,교차로 - 교차로부근,승용,남,46세,상해없음,승용,남,37세,경상
2020012200100521,2020년 1월 22일 18시,수요일,대구광역시 달성군 화원읍,경상사고,0,0,1,0,차대차 - 기타,안전운전불이행,건조,맑음,기타 - 기타,승용,남,56세,상해없음,자전거,남,65세,경상
2020012200100522,2020년 1월 22일 18시,수요일,대구광역시 북구 칠성동2가,경상사고,0,0,1,0,차대차 - 측면충돌,안전운전불이행,건조,기타,단일로 - 기타,승합,남,50세,상해없음,승용,남,52세,기타불명
2020012200100523,2020년 1월 22일 18시,수요일,대구광역시 달서구 용산동,중상사고,0,1,0,0,차대사람 - 횡단중,보행자보호의무위반,젖음/습기,흐림,단일로 - 기타,승용,남,29세,상해없음,보행자,여,35세,중상
2020012200100583,2020년 1월 22일 19시,수요일,대구광역시 남구 대명동,경상사고,0,0,1,1,차대차 - 기타,안전운전불이행,건조,맑음,교차로 - 교차로안,승용,남,58세,부상신고,화물,남,19세,경상
2020012200100584,2020년 1월 22일 19시,수요일,대구광역시 수성구 상동,경상사고,0,0,1,0,차대차 - 측면충돌,안전운전불이행,건조,맑음,교차로 - 교차로안,승용,남,60세,상해없음,승용,남,44세,경상
2020012200100585,2020년 1월 22일 19시,수요일,대구광역시 달성군 다사읍,경상사고,0,0,1,0,차대차 - 측면충돌,안전운전불이행,건조,맑음,단일로 - 기타,승용,여,36세,상해없음,승용,여,40세,경상
2020012200100586,2020년 1월 22일 19시,수요일,대구광역시 북구 복현동,경상사고,0,0,2,0,차대차 - 추돌,안전거리미확보,젖음/습기,비,기타 - 기타,승용,남,40세,상해없음,승용,남,26세,경상
2020012200100587,2020년 1월 22일 19시,수요일,대구광역시 서구 평리동,경상사고,0,0,1,0,차대차 - 기타,신호위반,건조,맑음,단일로 - 기타,이륜,여,43세,상해없음,자전거,남,81세,경상
2020012200100588,2020년 1월 22일 19시,수요일,대구광역시 달서구 성당동,경상사고,0,0,1,0,차대차 - 측면충돌,안전거리미확보,젖음/습기,비,단일로 - 기타,승용,남,72세,상해없음,승용,남,52세,경상
2020012200100634,2020년 1월 22일 20시,수요일,대구광역시 동구 봉무동,경상사고,0,0,1,0,차대사람 - 보도통행중,기타,젖음/습기,비,단일로 - 기타,이륜,남,39세,상해없음,보행자,여,52세,경상
2020012200100635,2020년 1월 22일 20시,수요일,대구광역시 동구 검사동,경상사고,0,0,1,0,차대사람 - 기타,안전운전불이행,젖음/습기,비,단일로 - 기타,기타불명,기타불명,미분류,기타불명,보행자,여,28세,경상
2020012200100636,2020년 1월 22일 20시,수요일,대구광역시 동구 동호동,경상사고,0,0,1,0,차대차 - 측면충돌,안전운전불이행,젖음/습기,비,교차로 - 교차로부근,승용,남,43세,상해없음,승용,여,54세,경상
2020012200100637,2020년 1월 22일 20시,수요일,대구광역시 수성구 두산동,경상사고,0,0,2,0,차대사람 - 횡단중,안전운전불이행,젖음/습기,비,단일로 - 기타,이륜,남,24세,상해없음,보행자,남,73세,경상
2020012200100638,2020년 1월 22일 20시,수요일,대구광역시 달서구 상인동,경상사고,0,0,1,0,차대차 - 측면충돌,교차로운행방법위반,젖음/습기,비,교차로 - 교차로안,승용,남,38세,상해없음,이륜,남,19세,경상
2020012200100639,2020년 1월 22일 20시,수요일,대구광역시 달서구 용산동,경상사고,0,0,1,0,차대차 - 기타,안전운전불이행,건조,맑음,주차장 - 주차장,승용,남,30세,상해없음,승용,남,27세,경상
2020012200100669,2020년 1월 22일 21시,수요일,대구광역시 동구 신기동,중상사고,0,1,0,0,차대차 - 측면충돌,교차로운행방법위반,젖음/습기,비,교차로 - 교차로안,승용,남,59세,상해없음,승용,남,45세,중상
2020012200100670,2020년 1월 22일 21시,수요일,대구광역시 동구 검사동,경상사고,0,0,1,0,차대차 - 기타,교차로운행방법위반,젖음/습기,비,교차로 - 교차로안,승용,남,22세,상해없음,승용,여,60세,경상
2020012200100671,2020년 1월 22일 21시,수요일,대구광역시 달서구 감삼동,경상사고,0,0,1,0,차대차 - 측면충돌,차로위반,젖음/습기,비,단일로 - 기타,승용,남,59세,상해없음,승용,남,46세,경상
2020012200100698,2020년 1월 22일 22시,수요일,대구광역시 남구 이천동,경상사고,0,0,1,0,차대사람 - 횡단중,보행자보호의무위반,젖음/습기,비,교차로 - 교차로횡단보도내,승용,남,63세,상해없음,보행자,남,32세,경상
2020012200100699,2020년 1월 22일 22시,수요일,대구광역시 동구 검사동,경상사고,0,0,1,0,차대차 - 추돌,안전운전불이행,젖음/습기,비,단일로 - 기타,승용,남,33세,상해없음,승용,남,47세,경상
2020012200100700,2020년 1월 22일 22시,수요일,대구광역시 수성구 중동,경상사고,0,0,1,0,차대차 - 측면충돌,안전운전불이행,젖음/습기,비,단일로 - 기타,승용,여,33세,기타불명,승용,남,41세,경상
2020012200100701,2020년 1월 22일 22시,수요일,대구광역시 달서구 상인동,중상사고,0,1,0,0,차대차 - 기타,안전거리미확보,젖음/습기,비,단일로 - 기타,승용,여,45세,상해없음,원동기,남,70세,중상
2020012200100737,2020년 1월 22일 23시,수요일,대구광역시 수성구 범물동,경상사고,0,0,1,0,차대사람 - 기타,안전운전불이행,젖음/습기,비,교차로 - 교차로안,승용,남,51세,상해없음,보행자,여,75세,경상
2020012300100016,2020년 1월 23일 00시,목요일,대구광역시 달서구 상인동,경상사고,0,0,1,0,차대사람 - 횡단중,신호위반,젖음/습기,비,교차로 - 교차로횡단보도내,이륜,남,14세,상해없음,보행자,남,47세,경상
2020012300100031,2020년 1월 23일 01시,목요일,대구광역시 동구 입석동,중상사고,0,1,0,0,차대사람 - 기타,보행자보호의무위반,젖음/습기,비,단일로 - 기타,승용,남,62세,상해없음,보행자,여,45세,중상
2020012300100032,2020년 1월 23일 01시,목요일,대구광역시 수성구 황금동,경상사고,0,0,2,0,차대차 - 추돌,안전운전불이행,젖음/습기,비,교차로 - 교차로부근,승용,남,27세,상해없음,화물,남,62세,경상
2020012300100052,2020년 1월 23일 03시,목요일,대구광역시 수성구 만촌동,경상사고,0,0,2,0,차대차 - 추돌,안전운전불이행,젖음/습기,맑음,단일로 - 기타,승용,남,34세,상해없음,승용,남,34세,경상
2020012300100063,2020년 1월 23일 04시,목요일,대구광역시 수성구 만촌동,중상사고,0,2,2,1,차대차 - 측면충돌,안전운전불이행,젖음/습기,비,단일로 - 기타,승용,남,23세,부상신고,승용,여,48세,중상
2020012300100064,2020년 1월 23일 04시,목요일,대구광역시 서구 내당동,부상신고사고,0,0,0,1,차대차 - 추돌,안전운전불이행,젖음/습기,비,단일로 - 기타,승용,남,27세,부상신고,화물,남,38세,상해없음
2020012300100102,2020년 1월 23일 07시,목요일,대구광역시 달성군 다사읍,경상사고,0,0,1,0,차대차 - 기타,안전운전불이행,건조,기타,기타 - 기타,승용,여,48세,상해없음,승용,남,32세,경상
2020012300100103,2020년 1월 23일 07시,목요일,대구광역시 북구 칠성동1가,경상사고,0,0,1,0,차대사람 - 기타,안전운전불이행,건조,맑음,단일로 - 기타,화물,남,64세,기타불명,보행자,여,84세,경상
2020012300100104,2020년 1월 23일 07시,목요일,대구광역시 달서구 용산동,경상사고,0,0,1,0,차대사람 - 차도통행중,안전운전불이행,젖음/습기,비,교차로 - 교차로안,건설기계,남,60세,상해없음,보행자,남,82세,경상
2020012300100130,2020년 1월 23일 08시,목요일,대구광역시 수성구 지산동,경상사고,0,0,1,0,차대차 - 추돌,안전운전불이행,건조,맑음,단일로 - 기타,승용,여,50세,상해없음,승용,남,45세,경상
2020012300100162,2020년 1월 23일 09시,목요일,대구광역시 남구 대명동,경상사고,0,0,1,0,차대사람 - 횡단중,보행자보호의무위반,젖음/습기,비,기타 - 기타,화물,남,51세,상해없음,보행자,남,58세,경상
2020012300100163,2020년 1월 23일 09시,목요일,대구광역시 동구 미대동,경상사고,0,0,2,0,차량단독 - 공작물충돌,안전운전불이행,젖음/습기,비,단일로 - 기타,화물,남,28세,경상,,,,
2020012300100164,2020년 1월 23일 09시,목요일,대구광역시 수성구 시지동,경상사고,0,0,1,0,차대차 - 추돌,안전운전불이행,건조,맑음,교차로 - 교차로부근,승합,남,65세,상해없음,승용,여,50세,경상
2020012300100190,2020년 1월 23일 10시,목요일,대구광역시 중구 동산동,경상사고,0,0,2,0,차대차 - 측면충돌,안전거리미확보,건조,맑음,단일로 - 터널,승용,남,71세,경상,화물,남,51세,경상
2020012300100231,2020년 1월 23일 11시,목요일,대구광역시 수성구 만촌동,경상사고,0,0,1,0,차대사람 - 기타,기타,젖음/습기,비,단일로 - 기타,특수,남,46세,상해없음,보행자,남,41세,경상
2020012300100232,2020년 1월 23일 11시,목요일,대구광역시 북구 동천동,경상사고,0,0,2,0,차대차 - 측면충돌,교차로운행방법위반,건조,맑음,교차로 - 교차로안,승용,여,41세,상해없음,승용,남,55세,경상
2020012300100271,2020년 1월 23일 12시,목요일,대구광역시 수성구 범어동,경상사고,0,0,3,0,차대차 - 측면충돌,안전거리미확보,건조,맑음,단일로 - 기타,화물,남,63세,상해없음,승용,남,21세,경상
2020012300100272,2020년 1월 23일 12시,목요일,대구광역시 달서구 상인동,경상사고,0,0,1,0,차대차 - 측면충돌,안전거리미확보,건조,맑음,단일로 - 기타,승용,남,21세,상해없음,승용,여,36세,경상
2020012300100273,2020년 1월 23일 12시,목요일,대구광역시 달서구 감삼동,중상사고,0,1,1,0,차대차 - 추돌,안전운전불이행,젖음/습기,비,단일로 - 기타,승용,여,45세,상해없음,승용,남,42세,경상
2020012300100274,2020년 1월 23일 12시,목요일,대구광역시 달서구 호산동,경상사고,0,0,4,0,차대차 - 측면충돌,중앙선침범,젖음/습기,비,교차로 - 교차로부근,이륜,남,36세,경상,승용,남,29세,상해없음
2020012300100275,2020년 1월 23일 12시,목요일,대구광역시 달서구 신당동,경상사고,0,0,1,0,차대차 - 정면충돌,안전운전불이행,건조,맑음,교차로 - 교차로부근,승합,남,30세,상해없음,승용,여,51세,경상
2020012300100276,2020년 1월 23일 12시,목요일,대구광역시 북구 서변동,중상사고,0,1,0,0,차대차 - 기타,안전운전불이행,건조,맑음,단일로 - 기타,이륜,남,57세,중상,승용,남,44세,상해없음
2020012300100318,2020년 1월 23일 13시,목요일,대구광역시 수성구 범어동,경상사고,0,0,1,0,차대차 - 측면충돌,안전운전불이행,건조,맑음,단일로 - 기타,승용,여,45세,상해없음,승용,남,53세,경상
2020012300100369,2020년 1월 23일 14시,목요일,대구광역시 동구 효목동,중상사고,0,1,0,1,차대차 - 추돌,안전거리미확보,건조,맑음,단일로 - 기타,승용,남,59세,상해없음,승용,여,27세,중상
2020012300100370,2020년 1월 23일 14시,목요일,대구광역시 수성구 황금동,경상사고,0,0,1,0,차대차 - 기타,안전운전불이행,건조,맑음,단일로 - 기타,승용,남,33세,상해없음,승용,남,33세,경상
2020012300100371,2020년 1월 23일 14시,목요일,대구광역시 수성구 범물동,경상사고,0,0,1,0,차대차 - 측면충돌,안전운전불이행,건조,맑음,교차로 - 교차로안,승용,여,52세,상해없음,이륜,남,21세,경상
2020012300100372,2020년 1월 23일 14시,목요일,대구광역시 달성군 유가읍,경상사고,0,0,1,0,차대차 - 기타,안전운전불이행,건조,맑음,교차로 - 교차로부근,화물,남,58세,상해없음,승용,남,25세,상해없음
2020012300100373,2020년 1월 23일 14시,목요일,대구광역시 북구 침산동,중상사고,0,1,0,0,차대차 - 기타,안전운전불이행,건조,맑음,단일로 - 기타,승용,여,44세,상해없음,이륜,남,26세,중상
2020012300100421,2020년 1월 23일 15시,목요일,대구광역시 달성군 화원읍,경상사고,0,0,1,0,차대차 - 기타,안전운전불이행,건조,맑음,교차로 - 교차로부근,승용,여,57세,상해없음,승용,남,49세,경상
2020012300100422,2020년 1월 23일 15시,목요일,대구광역시 북구 노원동3가,중상사고,0,1,0,0,차대차 - 측면충돌,안전운전불이행,건조,맑음,교차로 - 교차로부근,승용,여,69세,상해없음,자전거,남,60세,중상
2020012300100476,2020년 1월 23일 16시,목요일,대구광역시 수성구 지산동,경상사고,0,0,1,0,차대사람 - 횡단중,안전운전불이행,젖음/습기,흐림,단일로 - 기타,승용,여,72세,상해없음,보행자,남,83세,경상
2020012300100538,2020년 1월 23일 17시,목요일,대구광역시 중구 대안동,경상사고,0,0,3,0,차대차 - 측면충돌,안전운전불이행,건조,맑음,교차로 - 교차로안,화물,남,56세,상해없음,승용,남,24세,경상
2020012300100539,2020년 1월 23일 17시,목요일,대구광역시 달서구 두류동,경상사고,0,0,2,0,차대차 - 측면충돌,안전운전불이행,건조,맑음,교차로 - 교차로부근,승용,남,32세,상해없음,이륜,남,20세,경상
2020012300100540,2020년 1월 23일 17시,목요일,대구광역시 북구 구암동,경상사고,0,0,1,0,차대차 - 기타,안전거리미확보,건조,맑음,단일로 - 기타,승용,여,46세,상해없음,승용,남,65세,상해없음
2020012300100596,2020년 1월 23일 18시,목요일,대구광역시 달서구 이곡동,경상사고,0,0,2,0,차대차 - 후진중충돌,안전운전불이행,건조,맑음,주차장 - 주차장,승용,여,51세,상해없음,승용,여,33세,경상
2020012300100644,2020년 1월 23일 19시,목요일,대구광역시 수성구 신매동,경상사고,0,0,1,0,차대차 - 기타,안전운전불이행,건조,맑음,단일로 - 기타,승용,남,53세,상해없음,자전거,남,76세,경상
2020012300100645,2020년 1월 23일 19시,목요일,대구광역시 중구 남산동,경상사고,0,0,2,0,차대차 - 추돌,안전운전불이행,건조,맑음,교차로 - 교차로부근,승용,남,57세,상해없음,승용,남,41세,경상
2020012300100685,2020년 1월 23일 20시,목요일,대구광역시 달서구 상인동,경상사고,0,0,1,0,차대사람 - 기타,안전운전불이행,건조,맑음,교차로 - 교차로부근,승용,여,49세,상해없음,보행자,여,55세,경상
2020012300100716,2020년 1월 23일 21시,목요일,대구광역시 달서구 대곡동,경상사고,0,0,1,2,차대차 - 측면충돌,교차로운행방법위반,건조,맑음,교차로 - 교차로안,승용,여,50세,경상,승용,남,51세,부상신고
2020012300100717,2020년 1월 23일 21시,목요일,대구광역시 중구 삼덕동1가,경상사고,0,0,1,0,차대사람 - 기타,안전운전불이행,건조,맑음,단일로 - 기타,승용,남,42세,상해없음,보행자,남,17세,경상
2020012300100738,2020년 1월 23일 22시,목요일,대구광역시 수성구 중동,부상신고사고,0,0,0,1,차대차 - 측면충돌,안전운전불이행,건조,맑음,단일로 - 기타,이륜,남,16세,부상신고,승용,남,49세,상해없음
2020012300100739,2020년 1월 23일 22시,목요일,대구광역시 달서구 대천동,경상사고,0,0,1,0,차대사람 - 횡단중,보행자보호의무위반,건조,맑음,교차로 - 교차로부근,승용,남,59세,상해없음,보행자,남,65세,경상
2020012300100762,2020년 1월 23일 23시,목요일,대구광역시 서구 비산동,경상사고,0,0,1,0,차대차 - 추돌,안전운전불이행,건조,맑음,교차로 - 교차로부근,이륜,남,19세,경상,승용,남,70세,상해없음
2020012400100019,2020년 1월 24일 00시,금요일,대구광역시 수성구 상동,경상사고,0,0,1,0,차대차 - 측면충돌,중앙선침범,건조,맑음,교차로 - 교차로부근,승용,남,29세,상해없음,승용,여,46세,경상
2020012400100020,2020년 1월 24일 00시,금요일,대구광역시 북구 태전동,경상사고,0,0,1,0,차대사람 - 기타,불법유턴,건조,맑음,단일로 - 기타,승용,남,56세,상해없음,보행자,남,53세,경상
2020012400100032,2020년 1월 24일 01시,금요일,대구광역시 남구 대명동,경상사고,0,0,1,0,차대차 - 측면충돌,안전운전불이행,건조,맑음,단일로 - 기타,승용,남,28세,상해없음,승용,남,59세,경상
2020012400100046,2020년 1월 24일 02시,금요일,대구광역시 달서구 월성동,경상사고,0,0,1,0,차대사람 - 횡단중,안전운전불이행,건조,맑음,교차로 - 교차로횡단보도내,승용,남,70세,상해없음,보행자,여,20세,경상
2020012400100086,2020년 1월 24일 06시,금요일,대구광역시 서구 평리동,사망사고,1,0,0,0,차대사람 - 횡단중,과속,건조,맑음,교차로 - 교차로안,화물,남,62세,상해없음,보행자,남,49세,사망
2020012400100113,2020년 1월 24일 09시,금요일,대구광역시 북구 태전동,경상사고,0,0,1,0,차대차 - 측면충돌,안전운전불이행,건조,맑음,교차로 - 교차로부근,승용,남,46세,상해없음,승용,여,49세,경상