사고번호,사고일시,요일,시군구,사고내용,사망자수,중상자수,경상자수,부상신고자수,사고유형,법규위반,노면상태,기상상태,도로형태,가해운전자 차종,가해운전자 성별,가해운전자 연령,가해운전자 상해정도,피해운전자 차종,피해운전자 성별,피해운전자 연령,피해운전자 상해정도
2020012800100281,2020년 1월 28일 14시,화요일,대구광역시 수성구 범어동,경상사고,0,0,1,0,차대사람 - 차도통행중,기타,건조,맑음,단일로 - 기타,이륜,남,23세,상해없음,보행자,여,55세,경상
2020012800100282,2020년 1월 28일 14시,화요일,대구광역시 달서구 이곡동,중상사고,0,1,0,0,차대사람 - 기타,안전운전불이행,건조,맑음,단일로 - 기타,승용,남,51세,상해없음,보행자,남,58세,중상
2020012800100315,2020년 1월 28일 15시,화요일,대구광역시 남구 대명동,경상사고,0,0,1,0,차대차 - 측면충돌,안전거리미확보,건조,맑음,단일로 - 기타,승용,남,64세,상해없음,이륜,남,24세,경상
2020012800100316,2020년 1월 28일 15시,화요일,대구광역시 서구 내당동,중상사고,0,1,0,0,차대차 - 측면충돌,안전운전불이행,건조,맑음,교차로 - 교차로안,이륜,남,18세,중상,승용,남,51세,상해없음
2020012800100317,2020년 1월 28일 15시,화요일,대구광역시 중구 봉산동,중상사고,0,1,0,0,차대차 - 측면충돌,신호위반,건조,맑음,단일로 - 기타,승용,여,60세,상해없음,자전거,여,56세,중상
2020012800100342,2020년 1월 28일 16시,화요일,대구광역시 남구 봉덕동,경상사고,0,0,1,0,차대차 - 측면충돌,안전운전불이행,건조,맑음,단일로 - 기타,기타불명,기타불명,미분류,기타불명,승용,남,52세,경상
2020012800100343,2020년 1월 28일 16시,화요일,대구광역시 달서구 월성동,경상사고,0,0,1,0,차대차 - 측면충돌,불법유턴,건조,맑음,교차로 - 교차로안,이륜,여,52세,경상,승용,여,56세,상해없음
2020012800100369,2020년 1월 28일 17시,화요일,대구광역시 수성구 상동,경상사고,0,0,1,0,차대차 - 추돌,안전운전불이행,건조,맑음,단일로 - 기타,승합,남,65세,상해없음,승용,남,22세,경상
2020012800100370,2020년 1월 28일 17시,화요일,대구광역시 달서구 월성동,경상사고,0,0,3,0,차대차 - 측면충돌,안전거리미확보,건조,맑음,단일로 - 기타,승용,여,51세,경상,승용,남,49세,경상
2020012800100404,2020년 1월 28일 18시,화요일,대구광역시 수성구 욱수동,경상사고,0,0,7,0,차대차 - 추돌,안전운전불이행,건조,맑음,단일로 - 기타,화물,남,69세,경상,승용,남,55세,경상
2020012800100405,2020년 1월 28일 18시,화요일,대구광역시 수성구 수성동3가,경상사고,0,0,1,0,차대차 - 측면충돌,안전운전불이행,건조,맑음,단일로 - 기타,승용,남,38세,상해없음,자전거,남,15세,경상
2020012800100406,2020년 1월 28일 18시,화요일,대구광역시 달서구 상인동,부상신고사고,0,0,0,1,차대차 - 측면충돌,신호위반,건조,맑음,교차로 - 교차로안,이륜,남,48세,부상신고,승용,남,48세,상해없음
2020012800100407,2020년 1월 28일 18시,화요일,대구광역시 달성군 유가읍,중상사고,0,1,0,0,차대사람 - 기타,안전운전불이행,건조,맑음,기타 - 기타,승용,여,32세,상해없음,보행자,여,85세,중상
2020012800100408,2020년 1월 28일 18시,화요일,대구광역시 서구 비산동,중상사고,0,1,0,0,차대차 - 기타,안전거리미확보,건조,맑음,단일로 - 기타,승용,남,62세,상해없음,승용,여,60세,중상
2020012800100409,2020년 1월 28일 18시,화요일,대구광역시 중구 삼덕동1가,경상사고,0,0,2,0,차대차 - 측면충돌,차로위반,건조,맑음,단일로 - 기타,승용,여,49세,상해없음,승용,남,59세,상해없음
2020012800100443,2020년 1월 28일 19시,화요일,대구광역시 달서구 성당동,경상사고,0,0,1,0,차대차 - 기타,안전거리미확보,건조,맑음,단일로 - 기타,화물,남,61세,상해없음,승용,남,31세,경상
2020012800100490,2020년 1월 28일 21시,화요일,대구광역시 동구 신암동,경상사고,0,0,1,0,차량단독 - 공작물충돌,안전운전불이행,건조,맑음,단일로 - 기타,이륜,남,17세,경상,,,,
2020012800100523,2020년 1월 28일 23시,화요일,대구광역시 중구 삼덕동1가,경상사고,0,0,1,0,차대사람 - 기타,안전운전불이행,건조,맑음,단일로 - 기타,승용,남,59세,상해없음,보행자,남,20세,경상
2020012900100022,2020년 1월 29일 01시,수요일,대구광역시 수성구 수성동3가,경상사고,0,0,2,1,차대차 - 측면충돌,신호위반,건조,맑음,교차로 - 교차로안,이륜,남,27세,부상신고,승용,남,64세,경상
2020012900100023,2020년 1월 29일 01시,수요일,대구광역시 달서구 용산동,경상사고,0,0,1,0,차대차 - 추돌,안전운전불이행,건조,맑음,단일로 - 기타,승용,남,71세,상해없음,이륜,남,56세,경상
2020012900100038,2020년 1월 29일 03시,수요일,대구광역시 서구 내당동,중상사고,0,1,0,0,차대사람 - 횡단중,보행자보호의무위반,건조,맑음,단일로 - 기타,승용,남,69세,상해없음,보행자,남,54세,중상
2020012900100044,2020년 1월 29일 04시,수요일,대구광역시 북구 노원동3가,경상사고,0,0,1,0,차대차 - 기타,중앙선침범,건조,맑음,교차로 - 교차로부근,승용,여,60세,상해없음,이륜,남,38세,경상
2020012900100079,2020년 1월 29일 07시,수요일,대구광역시 서구 내당동,중상사고,0,2,2,0,차대차 - 정면충돌,신호위반,건조,맑음,교차로 - 교차로안,승용,남,19세,중상,승용,남,63세,경상
2020012900100150,2020년 1월 29일 10시,수요일,대구광역시 달서구 두류동,경상사고,0,0,1,0,차대차 - 기타,안전운전불이행,건조,맑음,단일로 - 기타,승용,남,61세,상해없음,승용,여,38세,경상
2020012900100176,2020년 1월 29일 11시,수요일,대구광역시 남구 봉덕동,중상사고,0,1,0,0,차대차 - 정면충돌,중앙선침범,건조,맑음,교차로 - 교차로안,승용,남,54세,상해없음,이륜,남,29세,중상
2020012900100236,2020년 1월 29일 13시,수요일,대구광역시 동구 각산동,경상사고,0,0,1,0,차대차 - 측면충돌,교차로운행방법위반,건조,맑음,단일로 - 기타,승용,여,27세,상해없음,이륜,남,19세,경상
2020012900100261,2020년 1월 29일 14시,수요일,대구광역시 달서구 진천동,경상사고,0,0,1,0,차대차 - 측면충돌,안전거리미확보,건조,맑음,단일로 - 기타,승용,여,35세,상해없음,이륜,남,20세,경상
2020012900100297,2020년 1월 29일 15시,수요일,대구광역시 달서구 진천동,경상사고,0,0,1,0,차대차 - 측면충돌,교차로운행방법위반,건조,맑음,교차로 - 교차로안,승용,여,57세,상해없음,자전거,여,70세,경상
2020012900100326,2020년 1월 29일 16시,수요일,대구광역시 수성구 범어동,중상사고,0,1,0,0,차대차 - 측면충돌,안전거리미확보,건조,맑음,기타 - 기타,승용,여,51세,상해없음,화물,남,51세,중상
2020012900100327,2020년 1월 29일 16시,수요일,대구광역시 수성구 지산동,경상사고,0,0,1,0,차대차 - 측면충돌,안전운전불이행,건조,맑음,교차로 - 교차로안,승용,남,71세,상해없음,승용,여,58세,경상
2020012900100352,2020년 1월 29일 17시,수요일,대구광역시 북구 태전동,중상사고,0,1,0,0,차대차 - 측면충돌,안전운전불이행,건조,맑음,단일로 - 기타,승용,여,45세,상해없음,자전거,남,72세,중상
2020012900100396,2020년 1월 29일 18시,수요일,대구광역시 동구 신천동,경상사고,0,0,3,0,차대차 - 측면충돌,안전운전불이행,건조,맑음,단일로 - 기타,승용,남,46세,상해없음,승용,여,55세,경상
2020012900100397,2020년 1월 29일 18시,수요일,대구광역시 동구 효목동,경상사고,0,0,3,0,차대차 - 추돌,안전운전불이행,건조,맑음,단일로 - 기타,승용,남,54세,상해없음,승용,남,50세,경상
2020012900100398,2020년 1월 29일 18시,수요일,대구광역시 달서구 본동,경상사고,0,0,1,0,차대차 - 추돌,안전운전불이행,건조,맑음,단일로 - 기타,승용,남,26세,상해없음,승합,남,68세,상해없음
2020012900100399,2020년 1월 29일 18시,수요일,대구광역시 북구 노원동2가,경상사고,0,0,2,0,차대차 - 측면충돌,신호위반,젖음/습기,흐림,교차로 - 교차로안,승용,남,62세,상해없음,승용,남,28세,경상
2020012900100427,2020년 1월 29일 19시,수요일,대구광역시 수성구 대흥동,경상사고,0,0,1,0,차대차 - 측면충돌,안전거리미확보,건조,맑음,단일로 - 기타,화물,남,36세,상해없음,화물,남,59세,경상
2020012900100428,2020년 1월 29일 19시,수요일,대구광역시 달서구 상인동,중상사고,0,1,0,0,차대차 - 기타,중앙선침범,건조,맑음,단일로 - 기타,승용,남,43세,상해없음,원동기,남,25세,중상
2020012900100429,2020년 1월 29일 19시,수요일,대구광역시 서구 내당동,중상사고,0,1,0,0,차대차 - 측면충돌,교차로운행방법위반,건조,맑음,교차로 - 교차로부근,승용,여,57세,상해없음,이륜,남,51세,중상
2020012900100430,2020년 1월 29일 19시,수요일,대구광역시 북구 학정동,경상사고,0,0,1,0,차대차 - 측면충돌,안전운전불이행,건조,맑음,단일로 - 기타,승용,여,31세,상해없음,승용,여,36세,경상
2020012900100431,2020년 1월 29일 19시,수요일,대구광역시 북구 동천동,경상사고,0,0,1,0,차대차 - 측면충돌,교차로운행방법위반,젖음/습기,비,교차로 - 교차로안,승합,남,63세,상해없음,원동기,남,43세,경상
2020012900100432,2020년 1월 29일 19시,수요일,대구광역시 북구 동천동,경상사고,0,0,1,0,차대차 - 기타,안전운전불이행,건조,맑음,단일로 - 기타,승용,남,51세,상해없음,승용,여,42세,경상
2020012900100452,2020년 1월 29일 20시,수요일,대구광역시 수성구 만촌동,경상사고,0,0,2,0,차대차 - 측면충돌,안전운전불이행,건조,맑음,단일로 - 기타,승용,남,21세,상해없음,승용,남,37세,경상
2020012900100453,2020년 1월 29일 20시,수요일,대구광역시 달서구 도원동,경상사고,0,0,3,0,차대차 - 기타,안전운전불이행,건조,맑음,단일로 - 기타,원동기,남,23세,경상,승용,남,41세,경상
2020012900100475,2020년 1월 29일 21시,수요일,대구광역시 수성구 상동,경상사고,0,0,1,0,차대차 - 측면충돌,안전운전불이행,건조,맑음,교차로 - 교차로안,이륜,남,26세,상해없음,승용,남,48세,경상
2020012900100476,2020년 1월 29일 21시,수요일,대구광역시 서구 내당동,경상사고,0,0,1,0,차대차 - 측면충돌,신호위반,서리/결빙,맑음,단일로 - 기타,승용,남,29세,상해없음,승용,남,73세,경상
2020012900100496,2020년 1월 29일 22시,수요일,대구광역시 동구 효목동,경상사고,0,0,1,0,차대차 - 추돌,안전거리미확보,건조,맑음,단일로 - 기타,승용,남,53세,상해없음,승용,여,29세,경상
2020012900100497,2020년 1월 29일 22시,수요일,대구광역시 달서구 두류동,중상사고,0,1,0,0,차대사람 - 횡단중,안전운전불이행,건조,맑음,단일로 - 기타,화물,남,60세,상해없음,보행자,여,85세,중상
2020012900100512,2020년 1월 29일 23시,수요일,대구광역시 달성군 현풍읍,경상사고,0,0,2,0,차대차 - 기타,안전운전불이행,건조,맑음,단일로 - 기타,승용,여,46세,상해없음,승용,남,44세,기타불명
2020013000100018,2020년 1월 30일 01시,목요일,대구광역시 동구 효목동,부상신고사고,0,0,0,1,차대차 - 측면충돌,안전운전불이행,건조,맑음,교차로 - 교차로부근,승용,남,61세,상해없음,이륜,남,64세,부상신고
2020013000100023,2020년 1월 30일 02시,목요일,대구광역시 수성구 황금동,경상사고,0,0,1,0,차대차 - 추돌,안전운전불이행,건조,맑음,단일로 - 기타,승용,남,26세,상해없음,승용,남,67세,경상
2020013000100041,2020년 1월 30일 05시,목요일,대구광역시 달성군 논공읍,경상사고,0,0,2,0,차대차 - 기타,신호위반,건조,맑음,교차로 - 교차로안,화물,남,43세,경상,화물,남,46세,경상
2020013000100042,2020년 1월 30일 05시,목요일,대구광역시 북구 칠성동2가,경상사고,0,0,2,0,차대차 - 측면충돌,안전거리미확보,건조,맑음,단일로 - 고가도로위,승용,여,46세,상해없음,승용,남,59세,경상
2020013000100062,2020년 1월 30일 06시,목요일,대구광역시 달성군 화원읍,부상신고사고,0,0,0,1,차대사람 - 기타,안전운전불이행,건조,맑음,기타 - 기타,승용,남,49세,상해없음,보행자,남,79세,부상신고
2020013000100124,2020년 1월 30일 08시,목요일,대구광역시 달서구 월성동,경상사고,0,0,1,1,차대차 - 측면충돌,직진우회전진행방해,건조,맑음,교차로 - 교차로안,승용,여,44세,부상신고,승용,남,46세,경상
2020013000100156,2020년 1월 30일 09시,목요일,대구광역시 남구 봉덕동,중상사고,0,1,0,0,차대차 - 기타,안전운전불이행,건조,맑음,단일로 - 기타,자전거,남,58세,중상,화물,남,49세,상해없음
2020013000100157,2020년 1월 30일 09시,목요일,대구광역시 중구 남산동,경상사고,0,0,4,0,차대차 - 측면충돌,안전운전불이행,건조,맑음,단일로 - 기타,승용,남,22세,경상,화물,남,54세,상해없음
2020013000100198,2020년 1월 30일 10시,목요일,대구광역시 동구 지묘동,경상사고,0,0,1,1,차대차 - 측면충돌,안전거리미확보,건조,맑음,단일로 - 기타,승용,남,72세,경상,승용,남,49세,부상신고
2020013000100199,2020년 1월 30일 10시,목요일,대구광역시 서구 내당동,경상사고,0,0,1,0,차대차 - 측면충돌,불법유턴,건조,맑음,교차로 - 교차로부근,승용,남,65세,상해없음,승용,남,35세,경상
2020013000100224,2020년 1월 30일 11시,목요일,대구광역시 달성군 화원읍,경상사고,0,0,1,0,차대차 - 기타,안전운전불이행,건조,맑음,기타 - 기타,특수,남,51세,상해없음,승용,남,44세,경상
2020013000100225,2020년 1월 30일 11시,목요일,대구광역시 달서구 신당동,경상사고,0,0,2,0,차대차 - 측면충돌,차로위반,건조,맑음,교차로 - 교차로부근,화물,남,65세,상해없음,승용,남,36세,경상
2020013000100254,2020년 1월 30일 12시,목요일,대구광역시 달서구 용산동,경상사고,0,0,1,0,차대차 - 추돌,안전거리미확보,건조,맑음,단일로 - 기타,승용,남,51세,상해없음,승용,여,51세,경상
2020013000100284,2020년 1월 30일 13시,목요일,대구광역시 달성군 다사읍,경상사고,0,0,1,0,차대차 - 기타,안전운전불이행,건조,맑음,교차로 - 교차로안,승용,여,56세,상해없음,승합,남,46세,상해없음
2020013000100285,2020년 1월 30일 13시,목요일,대구광역시 북구 칠성동2가,중상사고,0,1,0,0,차대차 - 측면충돌,불법유턴,건조,맑음,단일로 - 기타,승합,남,54세,상해없음,원동기,남,42세,중상
2020013000100330,2020년 1월 30일 14시,목요일,대구광역시 수성구 만촌동,경상사고,0,0,1,0,차대사람 - 횡단중,신호위반,건조,맑음,교차로 - 교차로횡단보도내,승용,여,51세,상해없음,보행자,여,20세,경상
2020013000100331,2020년 1월 30일 14시,목요일,대구광역시 달서구 상인동,경상사고,0,0,1,0,차대사람 - 길가장자리구역통행중,기타,건조,맑음,교차로 - 교차로부근,승용,남,51세,상해없음,보행자,여,70세,경상
2020013000100332,2020년 1월 30일 14시,목요일,대구광역시 달서구 본동,경상사고,0,0,1,0,차량단독 - 기타,기타,건조,맑음,단일로 - 기타,승합,남,64세,상해없음,,,,
2020013000100333,2020년 1월 30일 14시,목요일,대구광역시 달서구 본리동,경상사고,0,0,1,0,차대차 - 기타,안전운전불이행,건조,맑음,단일로 - 기타,승용,여,46세,상해없음,승용,남,22세,경상
2020013000100390,2020년 1월 30일 16시,목요일,대구광역시 동구 신암동,경상사고,0,0,1,0,차대사람 - 기타,안전운전불이행,건조,맑음,단일로 - 기타,승용,남,68세,상해없음,보행자,남,12세,경상
2020013000100391,2020년 1월 30일 16시,목요일,대구광역시 서구 평리동,경상사고,0,0,1,0,차대차 - 측면충돌,안전거리미확보,건조,맑음,단일로 - 기타,승용,여,36세,상해없음,승용,여,55세,경상
2020013000100423,2020년 1월 30일 17시,목요일,대구광역시 수성구 만촌동,경상사고,0,0,2,1,차대차 - 측면충돌,안전운전불이행,건조,맑음,단일로 - 기타,승용,여,56세,부상신고,승용,여,46세,경상
2020013000100424,2020년 1월 30일 17시,목요일,대구광역시 달성군 다사읍,경상사고,0,0,4,0,차대차 - 기타,기타,건조,맑음,교차로 - 교차로안,기타불명,기타불명,미분류,기타불명,승용,남,37세,경상
2020013000100425,2020년 1월 30일 17시,목요일,대구광역시 중구 삼덕동1가,경상사고,0,0,1,0,차대사람 - 길가장자리구역통행중,안전운전불이행,건조,맑음,단일로 - 기타,승용,여,23세,상해없음,보행자,여,23세,경상
2020013000100459,2020년 1월 30일 18시,목요일,대구광역시 달서구 도원동,경상사고,0,0,1,0,차대차 - 측면충돌,안전운전불이행,건조,맑음,교차로 - 교차로안,승용,남,52세,상해없음,승용,남,26세,경상
2020013000100460,2020년 1월 30일 18시,목요일,대구광역시 서구 비산동,경상사고,0,0,1,0,차대사람 - 횡단중,안전운전불이행,건조,맑음,교차로 - 교차로안,화물,남,28세,상해없음,보행자,남,35세,경상
2020013000100461,2020년 1월 30일 18시,목요일,대구광역시 달서구 장동,경상사고,0,0,1,0,차대차 - 추돌,안전운전불이행,건조,맑음,단일로 - 기타,승용,남,71세,상해없음,승용,남,58세,경상
2020013000100516,2020년 1월 30일 20시,목요일,대구광역시 수성구 두산동,경상사고,0,0,1,0,차대차 - 측면충돌,신호위반,건조,맑음,단일로 - 기타,승용,여,25세,상해없음,승용,남,59세,경상
2020013000100544,2020년 1월 30일 21시,목요일,대구광역시 수성구 지산동,경상사고,0,0,1,0,차대사람 - 횡단중,보행자보호의무위반,건조,맑음,교차로 - 교차로횡단보도내,승용,남,51세,상해없음,보행자,남,56세,경상
2020013000100545,2020년 1월 30일 21시,목요일,대구광역시 수성구 범어동,경상사고,0,0,1,0,차대사람 - 횡단중,안전운전불이행,건조,맑음,단일로 - 기타,승합,남,55세,상해없음,보행자,남,55세,경상
2020013000100560,2020년 1월 30일 22시,목요일,대구광역시 달서구 죽전동,중상사고,0,1,0,0,차대차 - 추돌,안전거리미확보,건조,맑음,교차로 - 교차로부근,승용,남,28세,상해없음,승용,여,59세,중상
2020013100100011,2020년 1월 31일 00시,금요일,대구광역시 서구 비산동,경상사고,0,0,3,0,차대차 - 측면충돌,신호위반,건조,맑음,교차로 - 교차로부근,승용,남,71세,상해없음,승용,남,32세,경상
2020013100100012,2020년 1월 31일 00시,금요일,대구광역시 달서구 두류동,경상사고,0,0,1,0,차대사람 - 기타,안전운전불이행,건조,맑음,단일로 - 기타,승용,남,45세,상해없음,보행자,남,24세,경상
2020013100100030,2020년 1월 31일 03시,금요일,대구광역시 수성구 만촌동,중상사고,0,2,0,0,차량단독 - 전도전복 - 전도,안전운전불이행,건조,맑음,기타 - 기타,이륜,남,18세,중상,,,,
2020013100100102,2020년 1월 31일 08시,금요일,대구광역시 북구 산격동,경상사고,0,0,1,0,차대사람 - 횡단중,안전운전불이행,건조,맑음,교차로 - 교차로부근,승용,여,50세,상해없음,보행자,남,7세,경상
2020013100100103,2020년 1월 31일 08시,금요일,대구광역시 서구 이현동,경상사고,0,0,1,0,차대차 - 측면충돌,안전거리미확보,건조,맑음,단일로 - 기타,승용,남,71세,상해없음,승용,남,22세,경상
2020013100100104,2020년 1월 31일 08시,금요일,대구광역시 서구 비산동,경상사고,0,0,1,1,차대차 - 측면충돌,안전거리미확보,건조,맑음,교차로 - 교차로부근,이륜,남,16세,부상신고,승용,여,26세,경상
2020013100100105,2020년 1월 31일 08시,금요일,대구광역시 달서구 두류동,경상사고,0,0,2,0,차대차 - 측면충돌,안전거리미확보,건조,맑음,기타 - 기타,승용,남,67세,상해없음,승용,남,36세,경상
2020013100100128,2020년 1월 31일 09시,금요일,대구광역시 달성군 구지면,경상사고,0,0,1,0,차대차 - 추돌,안전운전불이행,건조,맑음,교차로 - 교차로안,화물,남,52세,상해없음,승용,여,46세,경상
2020013100100129,2020년 1월 31일 09시,금요일,대구광역시 달성군 유가읍,경상사고,0,0,1,0,차대차 - 기타,안전운전불이행,건조,맑음,기타 - 기타,승용,남,72세,기타불명,승용,남,42세,경상
2020013100100130,2020년 1월 31일 09시,금요일,대구광역시 북구 산격동,경상사고,0,0,2,0,차대차 - 측면충돌,안전거리미확보,건조,맑음,단일로 - 기타,승용,여,40세,상해없음,이륜,남,16세,경상
2020013100100152,2020년 1월 31일 10시,금요일,대구광역시 동구 신천동,부상신고사고,0,0,0,1,차대사람 - 기타,기타,건조,맑음,단일로 - 기타,자전거,여,78세,부상신고,보행자,여,51세,상해없음
2020013100100153,2020년 1월 31일 10시,금요일,대구광역시 달성군 화원읍,중상사고,0,1,0,0,차대사람 - 기타,기타,건조,맑음,기타 - 기타,화물,여,63세,기타불명,보행자,남,89세,중상
2020013100100154,2020년 1월 31일 10시,금요일,대구광역시 서구 비산동,경상사고,0,0,1,1,차대차 - 측면충돌,직진우회전진행방해,건조,맑음,교차로 - 교차로안,화물,남,74세,부상신고,승용,여,57세,경상
2020013100100223,2020년 1월 31일 12시,금요일,대구광역시 남구 대명동,경상사고,0,0,1,0,차대차 - 측면충돌,교차로운행방법위반,건조,맑음,교차로 - 교차로안,승용,남,44세,상해없음,승합,남,28세,경상
2020013100100224,2020년 1월 31일 12시,금요일,대구광역시 달성군 다사읍,경상사고,0,0,4,0,차대차 - 측면충돌,안전운전불이행,건조,맑음,교차로 - 교차로안,승용,남,37세,상해없음,승용,남,19세,경상
2020013100100250,2020년 1월 31일 13시,금요일,대구광역시 수성구 만촌동,경상사고,0,0,1,0,차대사람 - 차도통행중,안전운전불이행,건조,맑음,단일로 - 기타,승용,여,48세,상해없음,보행자,남,76세,경상
2020013100100251,2020년 1월 31일 13시,금요일,대구광역시 북구 태전동,경상사고,0,0,1,0,차대차 - 기타,안전운전불이행,건조,맑음,단일로 - 기타,승용,남,78세,상해없음,승용,남,62세,경상
2020013100100277,2020년 1월 31일 14시,금요일,대구광역시 남구 대명동,경상사고,0,0,2,0,차대차 - 측면충돌,직진우회전진행방해,건조,맑음,교차로 - 교차로안,승용,남,48세,경상,승용,여,55세,경상
2020013100100279,2020년 1월 31일 14시,금요일,대구광역시 북구 노원동2가,중상사고,0,1,0,0,차대사람 - 보도통행중,기타,건조,흐림,단일로 - 기타,자전거,여,72세,상해없음,보행자,여,66세,중상
2020013100100280,2020년 1월 31일 14시,금요일,대구광역시 북구 침산동,경상사고,0,0,1,0,차대차 - 추돌,안전운전불이행,건조,맑음,단일로 - 기타,이륜,남,26세,상해없음,승용,여,59세,경상
2020013100100281,2020년 1월 31일 14시,금요일,대구광역시 북구 학정동,경상사고,0,0,1,0,차대차 - 후진중충돌,안전운전불이행,건조,맑음,교차로 - 교차로부근,승용,여,54세,기타불명,승용,남,58세,경상
2020013100100339,2020년 1월 31일 16시,금요일,대구광역시 북구 태전동,중상사고,0,1,0,0,차대차 - 기타,신호위반,건조,맑음,교차로 - 교차로안,승용,여,24세,상해없음,승용,남,37세,중상
2020013100100371,2020년 1월 31일 17시,금요일,대구광역시 수성구 범어동,경상사고,0,0,1,0,차대사람 - 차도통행중,안전운전불이행,건조,맑음,단일로 - 기타,이륜,남,34세,기타불명,보행자,여,39세,경상
2020013100100372,2020년 1월 31일 17시,금요일,대구광역시 달서구 월성동,경상사고,0,0,3,0,차대차 - 측면충돌,차로위반,건조,맑음,교차로 - 교차로부근,승용,여,27세,경상,승용,남,25세,경상
2020013100100417,2020년 1월 31일 18시,금요일,대구광역시 달성군 화원읍,경상사고,0,0,3,0,차대차 - 측면충돌,안전운전불이행,건조,맑음,교차로 - 교차로부근,승용,남,43세,상해없음,승용,남,24세,경상
2020013100100418,2020년 1월 31일 18시,금요일,대구광역시 서구 내당동,경상사고,0,0,1,0,차대차 - 추돌,안전운전불이행,건조,맑음,단일로 - 기타,승용,남,28세,상해없음,승용,여,51세,경상
2020013100100419,2020년 1월 31일 18시,금요일,대구광역시 중구 동인동1가,경상사고,0,0,1,0,차대차 - 측면충돌,안전거리미확보,건조,맑음,단일로 - 기타,승용,남,56세,상해없음,이륜,남,32세,경상
2020013100100420,2020년 1월 31일 18시,금요일,대구광역시 중구 대신동,경상사고,0,0,1,0,차대차 - 측면충돌,안전거리미확보,건조,맑음,단일로 - 기타,승용,남,42세,상해없음,승용,남,65세,경상
2020013100100457,2020년 1월 31일 19시,금요일,대구광역시 수성구 황금동,경상사고,0,0,1,0,차대사람 - 기타,기타,건조,맑음,단일로 - 기타,승합,남,52세,상해없음,보행자,남,44세,경상
2020013100100458,2020년 1월 31일 19시,금요일,대구광역시 달서구 송현동,부상신고사고,0,0,0,1,차대차 - 측면충돌,안전운전불이행,건조,맑음,단일로 - 기타,승용,여,46세,상해없음,승용,남,63세,부상신고
2020013100100459,2020년 1월 31일 19시,금요일,대구광역시 달서구 본리동,경상사고,0,0,1,0,차대차 - 추돌,안전거리미확보,건조,맑음,단일로 - 기타,승용,여,45세,상해없음,화물,남,50세,경상
2020013100100487,2020년 1월 31일 20시,금요일,대구광역시 동구 율하동,부상신고사고,0,0,0,1,차대차 - 측면충돌,안전운전불이행,건조,맑음,교차로 - 교차로안,자전거,남,77세,부상신고,이륜,남,31세,상해없음
2020013100100488,2020년 1월 31일 20시,금요일,대구광역시 달성군 다사읍,중상사고,0,1,0,0,차대사람 - 기타,안전운전불이행,건조,맑음,기타 - 기타,이륜,남,51세,상해없음,보행자,여,15세,중상
2020013100100504,2020년 1월 31일 21시,금요일,대구광역시 수성구 상동,경상사고,0,0,1,0,차대차 - 측면충돌,안전운전불이행,건조,맑음,교차로 - 교차로부근,승용,여,34세,상해없음,승용,남,59세,경상
2020013100100521,2020년 1월 31일 22시,금요일,대구광역시 수성구 만촌동,사망사고,1,1,0,0,차대차 - 정면충돌,안전운전불이행,건조,맑음,단일로 - 기타,승용,남,61세,사망,승용,여,46세,중상
2020013100100522,2020년 1월 31일 22시,금요일,대구광역시 수성구 연호동,경상사고,0,0,1,0,차대차 - 측면충돌,안전운전불이행,건조,맑음,교차로 - 교차로부근,승용,남,30세,상해없음,승용,남,31세,상해없음
2020013100100552,2020년 1월 31일 23시,금요일,대구광역시 중구 대신동,중상사고,0,1,0,1,차대차 - 측면충돌,안전운전불이행,건조,맑음,교차로 - 교차로부근,화물,남,50세,부상신고,이륜,남,23세,중상
2020020100100032,2020년 2월 1일 01시,토요일,대구광역시 달서구 두류동,경상사고,0,0,1,0,차대사람 - 기타,안전운전불이행,건조,흐림,단일로 - 기타,승용,남,27세,상해없음,보행자,남,25세,경상
2020020100100042,2020년 2월 1일 02시,토요일,대구광역시 달서구 상인동,경상사고,0,0,1,1,차대차 - 추돌,안전운전불이행,건조,흐림,단일로 - 기타,이륜,남,17세,경상,승용,여,53세,상해없음
2020020100100053,2020년 2월 1일 03시,토요일,대구광역시 달서구 상인동,경상사고,0,0,1,0,차대사람 - 횡단중,안전운전불이행,건조,맑음,단일로 - 기타,승용,남,46세,상해없음,보행자,여,27세,경상
2020020100100057,2020년 2월 1일 04시,토요일,대구광역시 중구 동인동2가,중상사고,0,1,2,0,차대차 - 기타,신호위반,건조,맑음,교차로 - 교차로부근,승용,남,65세,상해없음,승용,남,50세,중상
2020020100100067,2020년 2월 1일 05시,토요일,대구광역시 북구 침산동,경상사고,0,0,1,0,차대차 - 측면충돌,안전운전불이행,건조,맑음,단일로 - 기타,승용,남,45세,상해없음,승용,남,37세,경상
2020020100100071,2020년 2월 1일 06시,토요일,대구광역시 달서구 감삼동,경상사고,0,0,1,0,차대차 - 기타,교차로운행방법위반,건조,맑음,교차로 - 교차로부근,승용,남,69세,상해없음,승합,남,41세,상해없음
2020020100100084,2020년 2월 1일 07시,토요일,대구광역시 달서구 대천동,경상사고,0,0,2,0,차대차 - 측면충돌,교차로운행방법위반,건조,맑음,교차로 - 교차로부근,화물,남,49세,상해없음,승용,남,61세,경상
2020020100100095,2020년 2월 1일 08시,토요일,대구광역시 서구 비산동,중상사고,0,1,0,0,차대차 - 측면충돌,안전운전불이행,건조,맑음,교차로 - 교차로안,승용,여,35세,상해없음,자전거,여,64세,중상