사고번호,사고일시,요일,시군구,사고내용,사망자수,중상자수,경상자수,부상신고자수,사고유형,법규위반,노면상태,기상상태,도로형태,가해운전자 차종,가해운전자 성별,가해운전자 연령,가해운전자 상해정도,피해운전자 차종,피해운전자 성별,피해운전자 연령,피해운전자 상해정도
2020020100100108,2020년 2월 1일 09시,토요일,대구광역시 달서구 감삼동,경상사고,0,0,1,0,차대차 - 측면충돌,안전거리미확보,건조,맑음,단일로 - 기타,건설기계,남,57세,상해없음,승용,남,60세,경상
2020020100100155,2020년 2월 1일 11시,토요일,대구광역시 수성구 황금동,경상사고,0,0,2,0,차대차 - 측면충돌,안전운전불이행,건조,맑음,단일로 - 기타,승용,여,40세,경상,승용,남,40세,경상
2020020100100156,2020년 2월 1일 11시,토요일,대구광역시 달서구 송현동,중상사고,0,1,0,0,차대차 - 측면충돌,차로위반,건조,맑음,단일로 - 기타,승용,남,33세,상해없음,이륜,남,46세,중상
2020020100100157,2020년 2월 1일 11시,토요일,대구광역시 달서구 도원동,경상사고,0,0,2,0,차대차 - 측면충돌,안전운전불이행,건조,맑음,교차로 - 교차로안,승용,남,63세,상해없음,화물,남,38세,경상
2020020100100158,2020년 2월 1일 11시,토요일,대구광역시 달성군 다사읍,경상사고,0,0,1,0,차대차 - 기타,중앙선침범,건조,맑음,기타 - 기타,승용,남,70세,상해없음,승용,여,29세,경상
2020020100100187,2020년 2월 1일 12시,토요일,대구광역시 수성구 수성동3가,중상사고,0,1,0,0,차대차 - 측면충돌,신호위반,건조,맑음,단일로 - 기타,승용,남,28세,상해없음,이륜,남,53세,중상
2020020100100188,2020년 2월 1일 12시,토요일,대구광역시 달서구 송현동,경상사고,0,0,1,0,차대차 - 측면충돌,안전운전불이행,건조,맑음,단일로 - 기타,승용,남,38세,상해없음,자전거,남,62세,경상
2020020100100189,2020년 2월 1일 12시,토요일,대구광역시 북구 태전동,경상사고,0,0,1,0,차대차 - 측면충돌,안전운전불이행,건조,맑음,교차로 - 교차로안,승용,여,59세,상해없음,승용,남,37세,경상
2020020100100216,2020년 2월 1일 13시,토요일,대구광역시 수성구 신매동,중상사고,0,1,0,0,차대차 - 추돌,안전거리미확보,건조,맑음,단일로 - 기타,승용,여,52세,상해없음,승용,남,47세,중상
2020020100100217,2020년 2월 1일 13시,토요일,대구광역시 달서구 호림동,경상사고,0,0,3,0,차대차 - 측면충돌,중앙선침범,건조,맑음,단일로 - 기타,화물,남,70세,상해없음,승용,남,39세,경상
2020020100100242,2020년 2월 1일 14시,토요일,대구광역시 남구 대명동,경상사고,0,0,1,0,차대차 - 정면충돌,중앙선침범,건조,맑음,단일로 - 기타,승용,남,28세,상해없음,이륜,남,32세,경상
2020020100100243,2020년 2월 1일 14시,토요일,대구광역시 달서구 대천동,경상사고,0,0,2,0,차대차 - 측면충돌,안전운전불이행,건조,맑음,단일로 - 기타,화물,남,55세,경상,승용,여,39세,경상
2020020100100244,2020년 2월 1일 14시,토요일,대구광역시 달성군 화원읍,경상사고,0,0,1,0,차대차 - 기타,안전운전불이행,건조,맑음,교차로 - 교차로안,화물,여,59세,상해없음,승용,여,73세,경상
2020020100100245,2020년 2월 1일 14시,토요일,대구광역시 북구 칠성동1가,경상사고,0,0,1,0,차대사람 - 기타,기타,건조,맑음,단일로 - 기타,승용,남,44세,상해없음,보행자,여,61세,경상
2020020100100271,2020년 2월 1일 15시,토요일,대구광역시 서구 비산동,경상사고,0,0,1,0,차대차 - 측면충돌,교차로운행방법위반,건조,맑음,교차로 - 교차로안,승용,남,47세,상해없음,자전거,여,58세,경상
2020020100100308,2020년 2월 1일 16시,토요일,대구광역시 동구 신암동,중상사고,0,1,0,0,차대차 - 측면충돌,안전운전불이행,건조,맑음,교차로 - 교차로횡단보도내,승용,남,58세,상해없음,자전거,남,60세,중상
2020020100100349,2020년 2월 1일 18시,토요일,대구광역시 수성구 매호동,경상사고,0,0,1,0,차대차 - 추돌,안전운전불이행,건조,맑음,단일로 - 기타,승용,남,39세,상해없음,이륜,남,20세,경상
2020020100100350,2020년 2월 1일 18시,토요일,대구광역시 달성군 화원읍,중상사고,0,1,0,0,차대차 - 기타,안전운전불이행,건조,맑음,교차로 - 교차로횡단보도내,이륜,남,38세,상해없음,자전거,남,40세,중상
2020020100100351,2020년 2월 1일 18시,토요일,대구광역시 중구 동성로2가,경상사고,0,0,1,0,차대사람 - 횡단중,안전운전불이행,건조,맑음,단일로 - 기타,승용,여,35세,상해없음,보행자,여,26세,경상
2020020100100382,2020년 2월 1일 19시,토요일,대구광역시 중구 상서동,경상사고,0,0,1,0,차대차 - 기타,신호위반,건조,맑음,교차로 - 교차로안,승용,남,29세,상해없음,이륜,남,28세,경상
2020020100100383,2020년 2월 1일 19시,토요일,대구광역시 달서구 용산동,중상사고,0,1,0,0,차대사람 - 횡단중,안전운전불이행,건조,흐림,단일로 - 기타,승용,남,55세,상해없음,보행자,남,23세,중상
2020020100100404,2020년 2월 1일 20시,토요일,대구광역시 동구 율하동,부상신고사고,0,0,0,1,차대차 - 기타,교차로운행방법위반,건조,맑음,교차로 - 교차로안,이륜,남,29세,부상신고,승용,남,60세,상해없음
2020020100100405,2020년 2월 1일 20시,토요일,대구광역시 북구 구암동,경상사고,0,0,2,0,차대차 - 기타,안전운전불이행,건조,맑음,단일로 - 기타,승용,남,54세,상해없음,이륜,남,23세,경상
2020020100100421,2020년 2월 1일 21시,토요일,대구광역시 북구 복현동,경상사고,0,0,2,0,차대차 - 기타,기타,건조,맑음,단일로 - 기타,승용,남,65세,경상,원동기,남,27세,경상
2020020100100440,2020년 2월 1일 22시,토요일,대구광역시 달성군 논공읍,중상사고,0,2,0,0,차대차 - 추돌,안전운전불이행,건조,맑음,교차로 - 교차로부근,특수,남,24세,상해없음,승용,남,67세,중상
2020020200100018,2020년 2월 2일 00시,일요일,대구광역시 중구 남산동,경상사고,0,0,1,0,차대차 - 추돌,안전운전불이행,건조,맑음,단일로 - 기타,승용,남,33세,상해없음,승용,남,37세,경상
2020020200100019,2020년 2월 2일 00시,일요일,대구광역시 북구 학정동,부상신고사고,0,0,0,1,차대차 - 기타,안전운전불이행,건조,맑음,교차로 - 교차로안,이륜,남,16세,부상신고,승용,남,45세,상해없음
2020020200100032,2020년 2월 2일 01시,일요일,대구광역시 달서구 갈산동,경상사고,0,0,1,0,차대차 - 측면충돌,신호위반,건조,맑음,교차로 - 교차로안,승용,남,54세,상해없음,승용,남,59세,경상
2020020200100065,2020년 2월 2일 05시,일요일,대구광역시 남구 대명동,사망사고,1,0,0,0,차대사람 - 횡단중,안전운전불이행,건조,맑음,교차로 - 교차로안,승용,남,66세,상해없음,보행자,남,84세,사망
2020020200100125,2020년 2월 2일 10시,일요일,대구광역시 남구 이천동,중상사고,0,1,0,0,차대사람 - 횡단중,보행자보호의무위반,건조,맑음,교차로 - 교차로횡단보도내,기타불명,기타불명,미분류,기타불명,보행자,여,20세,중상
2020020200100161,2020년 2월 2일 12시,일요일,대구광역시 북구 복현동,경상사고,0,0,1,0,차대차 - 기타,교차로운행방법위반,건조,맑음,교차로 - 교차로안,승용,여,43세,상해없음,이륜,남,53세,경상
2020020200100184,2020년 2월 2일 13시,일요일,대구광역시 수성구 매호동,경상사고,0,0,1,0,차대차 - 측면충돌,안전운전불이행,건조,맑음,교차로 - 교차로안,이륜,여,77세,상해없음,승용,남,64세,경상
2020020200100185,2020년 2월 2일 13시,일요일,대구광역시 서구 비산동,경상사고,0,0,1,0,차대차 - 기타,기타,건조,맑음,단일로 - 기타,승용,여,59세,상해없음,이륜,남,19세,경상
2020020200100207,2020년 2월 2일 14시,일요일,대구광역시 달서구 상인동,경상사고,0,0,1,0,차대차 - 측면충돌,안전운전불이행,건조,맑음,기타 - 기타,이륜,남,14세,기타불명,화물,남,39세,경상
2020020200100208,2020년 2월 2일 14시,일요일,대구광역시 중구 달성동,경상사고,0,0,1,0,차대사람 - 기타,기타,건조,맑음,기타 - 기타,자전거,남,42세,상해없음,보행자,여,77세,경상
2020020200100232,2020년 2월 2일 15시,일요일,대구광역시 수성구 삼덕동,경상사고,0,0,1,0,차대차 - 추돌,안전운전불이행,건조,맑음,단일로 - 기타,승용,남,60세,상해없음,승용,여,57세,경상
2020020200100233,2020년 2월 2일 15시,일요일,대구광역시 달서구 송현동,중상사고,0,2,0,0,차량단독 - 공작물충돌,안전운전불이행,건조,맑음,단일로 - 기타,승용,남,65세,상해없음,,,,
2020020200100234,2020년 2월 2일 15시,일요일,대구광역시 달성군 화원읍,경상사고,0,0,1,0,차량단독 - 공작물충돌,안전운전불이행,건조,맑음,단일로 - 기타,이륜,남,20세,경상,,,,
2020020200100235,2020년 2월 2일 15시,일요일,대구광역시 달성군 가창면,중상사고,0,1,0,0,차대차 - 추돌,안전운전불이행,건조,맑음,단일로 - 기타,원동기,남,42세,중상,화물,기타불명,미분류,기타불명
2020020200100236,2020년 2월 2일 15시,일요일,대구광역시 달서구 용산동,경상사고,0,0,1,0,차대차 - 측면충돌,안전운전불이행,건조,맑음,단일로 - 기타,승용,남,18세,상해없음,승용,남,43세,경상
2020020200100260,2020년 2월 2일 16시,일요일,대구광역시 동구 불로동,경상사고,0,0,2,0,차대차 - 측면충돌,안전운전불이행,건조,맑음,교차로 - 교차로부근,화물,남,56세,상해없음,화물,남,62세,경상
2020020200100261,2020년 2월 2일 16시,일요일,대구광역시 달서구 송현동,경상사고,0,0,4,0,차대차 - 측면충돌,안전운전불이행,건조,맑음,단일로 - 기타,승용,남,38세,상해없음,승용,남,35세,상해없음
2020020200100281,2020년 2월 2일 17시,일요일,대구광역시 북구 태전동,중상사고,0,1,0,0,차대차 - 측면충돌,신호위반,건조,맑음,교차로 - 교차로안,이륜,남,35세,중상,승용,남,50세,상해없음
2020020200100306,2020년 2월 2일 18시,일요일,대구광역시 남구 대명동,경상사고,0,0,2,0,차대차 - 측면충돌,안전운전불이행,건조,맑음,단일로 - 지하차도(도로)내,이륜,남,40세,경상,자전거,남,29세,경상
2020020200100307,2020년 2월 2일 18시,일요일,대구광역시 북구 복현동,경상사고,0,0,1,0,차대사람 - 횡단중,안전운전불이행,건조,맑음,주차장 - 주차장,승용,남,54세,기타불명,보행자,여,54세,경상
2020020200100308,2020년 2월 2일 18시,일요일,대구광역시 중구 동성로3가,중상사고,0,1,0,0,차대차 - 측면충돌,중앙선침범,건조,맑음,단일로 - 기타,이륜,남,27세,상해없음,이륜,남,64세,중상
2020020200100340,2020년 2월 2일 19시,일요일,대구광역시 서구 비산동,경상사고,0,0,1,0,차대차 - 측면충돌,안전운전불이행,건조,맑음,단일로 - 기타,승용,남,71세,기타불명,승용,남,43세,경상
2020020200100341,2020년 2월 2일 19시,일요일,대구광역시 달서구 두류동,중상사고,0,1,1,0,차대차 - 기타,안전운전불이행,건조,맑음,단일로 - 기타,이륜,남,45세,중상,승용,남,48세,경상
2020020200100360,2020년 2월 2일 20시,일요일,대구광역시 남구 대명동,경상사고,0,0,1,0,차대차 - 기타,안전운전불이행,건조,맑음,기타 - 기타,원동기,남,46세,상해없음,원동기,남,26세,경상
2020020200100361,2020년 2월 2일 20시,일요일,대구광역시 달성군 옥포읍,중상사고,0,1,1,0,차대차 - 기타,신호위반,건조,맑음,교차로 - 교차로안,승용,남,35세,상해없음,승용,여,47세,중상
2020020200100385,2020년 2월 2일 22시,일요일,대구광역시 동구 방촌동,경상사고,0,0,1,0,차대사람 - 횡단중,보행자보호의무위반,건조,맑음,단일로 - 기타,승용,남,72세,상해없음,보행자,남,53세,경상
2020020300100034,2020년 2월 3일 06시,월요일,대구광역시 중구 동인동1가,중상사고,0,1,0,0,차대사람 - 횡단중,안전운전불이행,건조,맑음,교차로 - 교차로안,화물,남,64세,상해없음,보행자,남,59세,중상
2020020300100035,2020년 2월 3일 06시,월요일,대구광역시 중구 삼덕동1가,중상사고,0,1,0,0,차대사람 - 길가장자리구역통행중,신호위반,건조,맑음,단일로 - 기타,승용,남,24세,상해없음,보행자,여,18세,중상
2020020300100036,2020년 2월 3일 06시,월요일,대구광역시 중구 삼덕동1가,경상사고,0,0,1,0,차대차 - 추돌,안전운전불이행,건조,맑음,단일로 - 기타,승용,남,31세,상해없음,승용,남,37세,경상
2020020300100092,2020년 2월 3일 08시,월요일,대구광역시 달서구 대천동,중상사고,0,1,3,0,차대차 - 측면충돌,안전운전불이행,건조,맑음,교차로 - 교차로안,승용,남,22세,상해없음,승용,여,49세,경상
2020020300100093,2020년 2월 3일 08시,월요일,대구광역시 서구 비산동,경상사고,0,0,1,1,차대차 - 측면충돌,안전거리미확보,건조,맑음,단일로 - 기타,승용,여,56세,기타불명,승용,여,32세,경상
2020020300100126,2020년 2월 3일 09시,월요일,대구광역시 수성구 수성동4가,경상사고,0,0,1,0,차대차 - 추돌,안전운전불이행,건조,맑음,단일로 - 기타,승용,남,68세,상해없음,승용,여,53세,경상
2020020300100127,2020년 2월 3일 09시,월요일,대구광역시 서구 중리동,경상사고,0,0,1,0,차대차 - 측면충돌,안전운전불이행,건조,맑음,단일로 - 기타,화물,남,49세,상해없음,승용,여,29세,상해없음
2020020300100128,2020년 2월 3일 09시,월요일,대구광역시 남구 대명동,중상사고,0,1,0,0,차대사람 - 기타,안전운전불이행,건조,맑음,단일로 - 기타,승합,남,49세,상해없음,보행자,남,76세,중상
2020020300100129,2020년 2월 3일 09시,월요일,대구광역시 달서구 이곡동,경상사고,0,0,1,0,차대차 - 추돌,안전운전불이행,건조,맑음,교차로 - 교차로부근,승용,남,46세,상해없음,승용,남,45세,경상
2020020300100167,2020년 2월 3일 10시,월요일,대구광역시 달서구 월성동,경상사고,0,0,3,0,차대차 - 측면충돌,안전운전불이행,건조,맑음,단일로 - 기타,승용,남,49세,경상,승용,여,53세,경상
2020020300100168,2020년 2월 3일 10시,월요일,대구광역시 서구 내당동,중상사고,0,1,0,0,차대차 - 추돌,안전운전불이행,건조,맑음,단일로 - 기타,승용,여,46세,상해없음,이륜,남,43세,중상
2020020300100210,2020년 2월 3일 11시,월요일,대구광역시 중구 하서동,경상사고,0,0,1,1,차대차 - 측면충돌,안전운전불이행,건조,맑음,단일로 - 기타,이륜,남,27세,부상신고,승용,여,23세,경상
2020020300100211,2020년 2월 3일 11시,월요일,대구광역시 달서구 파호동,경상사고,0,0,1,0,차대차 - 측면충돌,안전운전불이행,건조,맑음,교차로 - 교차로안,승용,여,60세,상해없음,승용,남,43세,경상
2020020300100253,2020년 2월 3일 12시,월요일,대구광역시 동구 입석동,경상사고,0,0,1,0,차대차 - 측면충돌,안전운전불이행,건조,맑음,교차로 - 교차로안,승용,남,40세,경상,승용,남,79세,상해없음
2020020300100254,2020년 2월 3일 12시,월요일,대구광역시 달서구 송현동,부상신고사고,0,0,0,1,차대차 - 측면충돌,안전운전불이행,건조,맑음,단일로 - 기타,화물,남,77세,상해없음,승용,남,77세,부상신고
2020020300100255,2020년 2월 3일 12시,월요일,대구광역시 북구 노원동3가,경상사고,0,0,1,0,차대사람 - 기타,안전운전불이행,건조,맑음,단일로 - 기타,승용,남,45세,상해없음,보행자,남,7세,경상
2020020300100256,2020년 2월 3일 12시,월요일,대구광역시 중구 남산동,중상사고,0,1,0,0,차량단독 - 공작물충돌,안전운전불이행,건조,맑음,주차장 - 주차장,승용,여,69세,중상,,,,
2020020300100289,2020년 2월 3일 13시,월요일,대구광역시 동구 신암동,경상사고,0,0,1,0,차대사람 - 기타,안전운전불이행,건조,맑음,기타 - 기타,승용,남,48세,상해없음,보행자,남,41세,경상
2020020300100290,2020년 2월 3일 13시,월요일,대구광역시 수성구 황금동,경상사고,0,0,1,0,차대차 - 측면충돌,안전운전불이행,건조,맑음,단일로 - 기타,이륜,남,21세,경상,승용,남,46세,상해없음
2020020300100291,2020년 2월 3일 13시,월요일,대구광역시 수성구 범어동,경상사고,0,0,1,0,차대사람 - 길가장자리구역통행중,기타,건조,맑음,단일로 - 기타,기타불명,기타불명,미분류,기타불명,보행자,남,10세,경상
2020020300100292,2020년 2월 3일 13시,월요일,대구광역시 북구 복현동,경상사고,0,0,1,0,차대차 - 측면충돌,신호위반,건조,맑음,교차로 - 교차로횡단보도내,승용,남,50세,상해없음,승용,남,34세,경상
2020020300100293,2020년 2월 3일 13시,월요일,대구광역시 달서구 이곡동,중상사고,0,1,0,0,차대차 - 기타,교차로운행방법위반,건조,맑음,교차로 - 교차로안,승용,남,49세,상해없음,승합,남,51세,기타불명
2020020300100294,2020년 2월 3일 13시,월요일,대구광역시 달서구 용산동,경상사고,0,0,2,0,차대차 - 측면충돌,직진우회전진행방해,건조,맑음,교차로 - 교차로안,승용,남,32세,경상,승용,남,28세,경상
2020020300100323,2020년 2월 3일 14시,월요일,대구광역시 달서구 진천동,경상사고,0,0,1,0,차대차 - 측면충돌,안전운전불이행,건조,맑음,기타 - 기타,승용,남,62세,상해없음,이륜,남,52세,경상
2020020300100360,2020년 2월 3일 15시,월요일,대구광역시 서구 내당동,경상사고,0,0,2,0,차대차 - 측면충돌,안전거리미확보,건조,맑음,단일로 - 기타,승용,남,31세,상해없음,승용,여,48세,경상
2020020300100361,2020년 2월 3일 15시,월요일,대구광역시 북구 서변동,경상사고,0,0,2,0,차대차 - 측면충돌,교차로운행방법위반,건조,맑음,교차로 - 교차로안,승용,여,43세,경상,승용,남,70세,경상
2020020300100389,2020년 2월 3일 16시,월요일,대구광역시 달서구 두류동,경상사고,0,0,1,0,차대차 - 추돌,안전운전불이행,건조,맑음,단일로 - 기타,승용,남,49세,경상,승용,남,41세,상해없음
2020020300100417,2020년 2월 3일 17시,월요일,대구광역시 동구 신암동,부상신고사고,0,0,0,1,차대차 - 기타,안전운전불이행,건조,맑음,단일로 - 기타,자전거,남,71세,부상신고,승합,남,28세,상해없음
2020020300100418,2020년 2월 3일 17시,월요일,대구광역시 달서구 월성동,부상신고사고,0,0,0,2,차대차 - 측면충돌,안전거리미확보,건조,맑음,단일로 - 기타,승용,여,53세,상해없음,이륜,남,18세,부상신고
2020020300100419,2020년 2월 3일 17시,월요일,대구광역시 달서구 월성동,경상사고,0,0,1,0,차대차 - 측면충돌,안전거리미확보,건조,맑음,단일로 - 기타,승용,여,34세,상해없음,승용,여,57세,경상
2020020300100468,2020년 2월 3일 18시,월요일,대구광역시 수성구 가천동,중상사고,0,1,0,0,차대차 - 기타,안전운전불이행,건조,맑음,단일로 - 기타,승용,남,48세,상해없음,자전거,남,51세,중상
2020020300100469,2020년 2월 3일 18시,월요일,대구광역시 달성군 다사읍,경상사고,0,0,1,0,차대차 - 추돌,안전운전불이행,건조,맑음,주차장 - 주차장,승용,남,62세,상해없음,승용,남,41세,경상
2020020300100470,2020년 2월 3일 18시,월요일,대구광역시 북구 산격동,부상신고사고,0,0,0,1,차대사람 - 횡단중,보행자보호의무위반,건조,맑음,단일로 - 기타,승용,여,38세,기타불명,보행자,여,47세,부상신고
2020020300100502,2020년 2월 3일 19시,월요일,대구광역시 동구 효목동,중상사고,0,1,0,0,차대차 - 측면충돌,중앙선침범,건조,맑음,단일로 - 기타,승용,남,72세,상해없음,이륜,남,25세,중상
2020020300100503,2020년 2월 3일 19시,월요일,대구광역시 달성군 유가읍,경상사고,0,0,1,0,차대차 - 측면충돌,안전운전불이행,건조,맑음,교차로 - 교차로부근,승용,여,40세,상해없음,승용,남,37세,경상
2020020300100504,2020년 2월 3일 19시,월요일,대구광역시 중구 남산동,중상사고,0,1,1,0,차대차 - 측면충돌,신호위반,건조,맑음,교차로 - 교차로안,승용,남,45세,상해없음,승용,남,70세,경상
2020020300100505,2020년 2월 3일 19시,월요일,대구광역시 북구 국우동,중상사고,0,1,0,0,차대차 - 기타,안전운전불이행,건조,맑음,단일로 - 기타,승용,여,43세,상해없음,이륜,남,29세,중상
2020020300100535,2020년 2월 3일 20시,월요일,대구광역시 동구 신천동,중상사고,0,1,0,0,차대차 - 측면충돌,신호위반,건조,맑음,교차로 - 교차로안,승용,여,41세,상해없음,승용,남,47세,중상
2020020300100536,2020년 2월 3일 20시,월요일,대구광역시 북구 산격동,중상사고,0,1,1,0,차대사람 - 횡단중,신호위반,건조,맑음,교차로 - 교차로횡단보도내,이륜,남,48세,경상,보행자,남,63세,중상
2020020300100557,2020년 2월 3일 21시,월요일,대구광역시 동구 신천동,경상사고,0,0,1,1,차대차 - 정면충돌,안전운전불이행,건조,맑음,단일로 - 기타,이륜,남,28세,부상신고,승용,여,51세,경상
2020020300100558,2020년 2월 3일 21시,월요일,대구광역시 수성구 황금동,부상신고사고,0,0,0,1,차대차 - 측면충돌,안전운전불이행,건조,맑음,단일로 - 기타,이륜,남,29세,부상신고,승용,남,59세,상해없음
2020020300100559,2020년 2월 3일 21시,월요일,대구광역시 달서구 본동,중상사고,0,1,0,0,차대차 - 기타,안전운전불이행,건조,맑음,단일로 - 기타,원동기,남,28세,중상,승용,남,36세,기타불명
2020020300100560,2020년 2월 3일 21시,월요일,대구광역시 북구 산격동,경상사고,0,0,1,0,차대차 - 기타,중앙선침범,건조,맑음,교차로 - 교차로안,승용,남,67세,상해없음,이륜,남,34세,경상
2020020300100561,2020년 2월 3일 21시,월요일,대구광역시 북구 동천동,경상사고,0,0,4,0,차대차 - 측면충돌,안전거리미확보,건조,맑음,단일로 - 기타,승합,남,64세,상해없음,승용,남,37세,경상
2020020300100583,2020년 2월 3일 22시,월요일,대구광역시 달서구 장기동,경상사고,0,0,1,0,차대차 - 추돌,안전운전불이행,건조,맑음,단일로 - 기타,화물,남,59세,상해없음,승용,여,24세,경상
2020020300100596,2020년 2월 3일 23시,월요일,대구광역시 수성구 신매동,경상사고,0,0,2,0,차대차 - 추돌,안전운전불이행,건조,맑음,미분류 - 미분류,승용,남,29세,상해없음,승용,남,54세,경상
2020020300100597,2020년 2월 3일 23시,월요일,대구광역시 수성구 만촌동,경상사고,0,0,1,1,차대차 - 측면충돌,안전거리미확보,건조,맑음,교차로 - 교차로안,승용,남,32세,부상신고,이륜,남,37세,경상
2020020300100598,2020년 2월 3일 23시,월요일,대구광역시 수성구 지산동,경상사고,0,0,1,0,차대차 - 기타,중앙선침범,건조,맑음,교차로 - 교차로부근,승용,여,57세,상해없음,승용,여,32세,경상
2020020400100009,2020년 2월 4일 00시,화요일,대구광역시 달서구 두류동,경상사고,0,0,1,0,차대사람 - 기타,안전운전불이행,건조,맑음,단일로 - 기타,승용,여,53세,상해없음,보행자,남,25세,경상
2020020400100019,2020년 2월 4일 01시,화요일,대구광역시 남구 대명동,경상사고,0,0,5,0,차대차 - 추돌,안전운전불이행,건조,맑음,교차로 - 교차로부근,승용,남,24세,상해없음,승용,여,48세,경상
2020020400100038,2020년 2월 4일 05시,화요일,대구광역시 달성군 유가읍,사망사고,1,0,1,0,차대차 - 추돌,안전운전불이행,건조,맑음,교차로 - 교차로안,승용,남,36세,사망,승용,남,42세,경상
2020020400100039,2020년 2월 4일 05시,화요일,대구광역시 북구 동천동,중상사고,0,1,0,0,차량단독 - 기타,안전운전불이행,건조,맑음,단일로 - 기타,이륜,남,46세,중상,,,,
2020020400100045,2020년 2월 4일 06시,화요일,대구광역시 달서구 두류동,경상사고,0,0,1,0,차대사람 - 기타,안전운전불이행,건조,맑음,단일로 - 기타,승용,남,63세,상해없음,보행자,남,40세,경상
2020020400100078,2020년 2월 4일 07시,화요일,대구광역시 동구 방촌동,경상사고,0,0,1,0,차대차 - 기타,안전운전불이행,건조,맑음,교차로 - 교차로안,자전거,여,59세,경상,승용,남,64세,상해없음
2020020400100079,2020년 2월 4일 07시,화요일,대구광역시 달성군 논공읍,경상사고,0,0,1,0,차대차 - 측면충돌,안전운전불이행,건조,맑음,단일로 - 기타,화물,남,38세,상해없음,화물,남,53세,경상
2020020400100080,2020년 2월 4일 07시,화요일,대구광역시 달서구 감삼동,경상사고,0,0,1,0,차대차 - 추돌,안전운전불이행,건조,맑음,교차로 - 교차로안,승용,남,53세,상해없음,승용,남,30세,경상
2020020400100114,2020년 2월 4일 08시,화요일,대구광역시 북구 노원동3가,경상사고,0,0,1,0,차대차 - 기타,안전운전불이행,건조,맑음,단일로 - 기타,이륜,남,59세,경상,기타불명,기타불명,미분류,기타불명
2020020400100137,2020년 2월 4일 09시,화요일,대구광역시 북구 태전동,중상사고,0,2,0,0,차대차 - 추돌,안전거리미확보,건조,맑음,단일로 - 기타,승용,남,75세,상해없음,승용,남,66세,중상
2020020400100143,2020년 2월 4일 09시,화요일,대구광역시 수성구 범어동,중상사고,0,1,0,0,차대사람 - 횡단중,안전운전불이행,건조,맑음,단일로 - 기타,승합,남,40세,상해없음,보행자,여,22세,중상
2020020400100144,2020년 2월 4일 09시,화요일,대구광역시 달성군 옥포읍,경상사고,0,0,3,0,차대차 - 기타,교차로운행방법위반,건조,맑음,교차로 - 교차로안,승용,남,30세,상해없음,승용,여,67세,경상
2020020400100145,2020년 2월 4일 09시,화요일,대구광역시 북구 태전동,중상사고,0,1,0,0,차대차 - 기타,안전운전불이행,건조,맑음,단일로 - 기타,승용,여,38세,상해없음,승용,남,27세,중상
2020020400100173,2020년 2월 4일 10시,화요일,대구광역시 동구 부동,중상사고,0,2,1,0,차대차 - 측면충돌,안전운전불이행,건조,맑음,단일로 - 기타,화물,남,57세,상해없음,승용,남,40세,중상
2020020400100176,2020년 2월 4일 10시,화요일,대구광역시 동구 신암동,경상사고,0,0,1,0,차대차 - 기타,신호위반,건조,맑음,교차로 - 교차로안,승용,남,19세,상해없음,승용,여,55세,경상
2020020400100177,2020년 2월 4일 10시,화요일,대구광역시 달서구 호산동,경상사고,0,0,1,0,차대차 - 측면충돌,안전운전불이행,건조,맑음,기타 - 기타,화물,남,68세,상해없음,자전거,남,50세,경상
2020020400100204,2020년 2월 4일 11시,화요일,대구광역시 북구 대현동,중상사고,0,1,0,0,차대차 - 측면충돌,교차로운행방법위반,건조,맑음,교차로 - 교차로안,승용,남,58세,상해없음,이륜,남,43세,중상
2020020400100205,2020년 2월 4일 11시,화요일,대구광역시 달서구 장기동,경상사고,0,0,2,0,차대차 - 측면충돌,차로위반,건조,맑음,단일로 - 기타,승용,남,34세,경상,화물,남,40세,경상
2020020400100233,2020년 2월 4일 12시,화요일,대구광역시 동구 신천동,경상사고,0,0,1,1,차대차 - 기타,안전거리미확보,건조,맑음,단일로 - 기타,이륜,남,24세,상해없음,승용,남,23세,경상
2020020400100234,2020년 2월 4일 12시,화요일,대구광역시 수성구 지산동,경상사고,0,0,1,0,차대사람 - 길가장자리구역통행중,안전운전불이행,건조,맑음,단일로 - 기타,승용,여,29세,상해없음,보행자,남,23세,경상
2020020400100235,2020년 2월 4일 12시,화요일,대구광역시 달서구 월성동,경상사고,0,0,1,0,차대차 - 측면충돌,교차로운행방법위반,건조,맑음,교차로 - 교차로안,화물,남,37세,상해없음,이륜,남,26세,경상
2020020400100263,2020년 2월 4일 13시,화요일,대구광역시 달서구 상인동,중상사고,0,1,0,0,차량단독 - 기타,기타,건조,맑음,단일로 - 기타,승합,남,58세,상해없음,,,,
2020020400100264,2020년 2월 4일 13시,화요일,대구광역시 중구 남산동,경상사고,0,0,1,0,차대차 - 기타,안전운전불이행,건조,맑음,단일로 - 기타,이륜,남,45세,상해없음,이륜,남,39세,경상
2020020400100265,2020년 2월 4일 13시,화요일,대구광역시 중구 남산동,경상사고,0,0,2,0,차대차 - 측면충돌,안전운전불이행,건조,맑음,단일로 - 기타,승용,남,78세,상해없음,승용,남,43세,기타불명
2020020400100298,2020년 2월 4일 14시,화요일,대구광역시 달서구 송현동,중상사고,0,1,0,0,차대사람 - 차도통행중,신호위반,건조,맑음,교차로 - 교차로횡단보도내,승합,남,59세,상해없음,보행자,여,59세,중상
2020020400100300,2020년 2월 4일 14시,화요일,대구광역시 중구 대봉동,경상사고,0,0,1,0,차대차 - 측면충돌,신호위반,건조,맑음,단일로 - 기타,승용,남,64세,상해없음,이륜,남,32세,경상