사고번호,사고일시,요일,시군구,사고내용,사망자수,중상자수,경상자수,부상신고자수,사고유형,법규위반,노면상태,기상상태,도로형태,가해운전자 차종,가해운전자 성별,가해운전자 연령,가해운전자 상해정도,피해운전자 차종,피해운전자 성별,피해운전자 연령,피해운전자 상해정도
2020020700100294,2020년 2월 7일 13시,금요일,대구광역시 북구 태전동,중상사고,0,1,0,0,차대차 - 측면충돌,안전운전불이행,건조,맑음,단일로 - 기타,승용,남,23세,상해없음,승용,여,60세,중상
2020020700100321,2020년 2월 7일 14시,금요일,대구광역시 남구 대명동,경상사고,0,0,1,0,차량단독 - 기타,안전운전불이행,건조,맑음,단일로 - 기타,기타불명,여,79세,경상,,,,
2020020700100361,2020년 2월 7일 15시,금요일,대구광역시 남구 대명동,경상사고,0,0,2,0,차대차 - 측면충돌,차로위반,건조,맑음,단일로 - 기타,화물,남,66세,상해없음,이륜,남,22세,경상
2020020700100400,2020년 2월 7일 16시,금요일,대구광역시 동구 신암동,경상사고,0,0,1,0,차대차 - 측면충돌,안전운전불이행,건조,맑음,단일로 - 기타,승용,남,44세,상해없음,이륜,남,17세,경상
2020020700100401,2020년 2월 7일 16시,금요일,대구광역시 달서구 상인동,경상사고,0,0,1,0,차대사람 - 보도통행중,기타,건조,맑음,단일로 - 기타,이륜,남,34세,상해없음,보행자,남,11세,경상
2020020700100402,2020년 2월 7일 16시,금요일,대구광역시 북구 동천동,중상사고,0,1,0,0,차대차 - 측면충돌,안전운전불이행,건조,맑음,단일로 - 기타,승용,남,56세,상해없음,자전거,남,52세,중상
2020020700100507,2020년 2월 7일 18시,금요일,대구광역시 달서구 상인동,경상사고,0,0,1,0,차대차 - 추돌,안전거리미확보,건조,맑음,교차로 - 교차로부근,승용,여,30세,상해없음,승용,여,33세,경상
2020020700100509,2020년 2월 7일 18시,금요일,대구광역시 북구 동천동,경상사고,0,0,1,0,차대차 - 추돌,안전거리미확보,건조,맑음,단일로 - 기타,승용,남,62세,상해없음,승용,남,36세,경상
2020020700100562,2020년 2월 7일 19시,금요일,대구광역시 동구 율하동,경상사고,0,0,1,0,차대차 - 측면충돌,교차로운행방법위반,건조,맑음,교차로 - 교차로안,승용,남,61세,상해없음,승용,남,28세,경상
2020020700100612,2020년 2월 7일 20시,금요일,대구광역시 남구 대명동,경상사고,0,0,1,0,차대사람 - 횡단중,안전운전불이행,건조,맑음,단일로 - 기타,기타불명,기타불명,미분류,기타불명,보행자,남,24세,경상
2020020700100649,2020년 2월 7일 21시,금요일,대구광역시 서구 내당동,경상사고,0,0,4,0,차대차 - 추돌,안전운전불이행,건조,맑음,교차로 - 교차로부근,승용,남,47세,기타불명,승용,남,39세,경상
2020020700100650,2020년 2월 7일 21시,금요일,대구광역시 달서구 호산동,부상신고사고,0,0,0,1,차대차 - 추돌,안전운전불이행,건조,맑음,단일로 - 기타,이륜,남,38세,부상신고,승용,여,27세,상해없음
2020020700100683,2020년 2월 7일 22시,금요일,대구광역시 수성구 범어동,경상사고,0,0,1,0,차대차 - 측면충돌,차로위반,건조,맑음,단일로 - 기타,이륜,남,23세,상해없음,이륜,남,18세,경상
2020020700100684,2020년 2월 7일 22시,금요일,대구광역시 수성구 두산동,경상사고,0,0,1,0,차대차 - 측면충돌,안전운전불이행,건조,맑음,교차로 - 교차로안,승용,남,58세,상해없음,승용,남,53세,경상
2020020700100685,2020년 2월 7일 22시,금요일,대구광역시 달성군 현풍읍,중상사고,0,1,0,0,차대사람 - 기타,안전운전불이행,건조,맑음,단일로 - 기타,이륜,남,47세,중상,보행자,여,52세,상해없음
2020020700100686,2020년 2월 7일 22시,금요일,대구광역시 달서구 신당동,경상사고,0,0,1,0,차대차 - 기타,안전거리미확보,건조,맑음,단일로 - 기타,승용,여,42세,상해없음,승용,여,41세,경상
2020020700100687,2020년 2월 7일 22시,금요일,대구광역시 북구 동천동,중상사고,0,1,1,0,차대사람 - 횡단중,안전운전불이행,건조,맑음,단일로 - 기타,이륜,남,19세,경상,보행자,남,48세,중상
2020020700100709,2020년 2월 7일 23시,금요일,대구광역시 북구 복현동,중상사고,0,1,0,0,차대차 - 기타,안전거리미확보,건조,맑음,단일로 - 기타,이륜,남,20세,중상,승용,여,55세,상해없음
2020020700100710,2020년 2월 7일 23시,금요일,대구광역시 달서구 용산동,경상사고,0,0,1,0,차대차 - 추돌,안전운전불이행,건조,맑음,단일로 - 기타,승용,남,39세,상해없음,승용,남,31세,경상
2020020800100051,2020년 2월 8일 02시,토요일,대구광역시 동구 신암동,경상사고,0,0,2,0,차대차 - 기타,안전운전불이행,건조,맑음,교차로 - 교차로부근,승용,남,31세,상해없음,승용,남,41세,경상
2020020800100065,2020년 2월 8일 03시,토요일,대구광역시 남구 대명동,중상사고,0,1,1,0,차대차 - 측면충돌,신호위반,건조,맑음,교차로 - 교차로부근,승용,남,52세,상해없음,원동기,남,18세,경상
2020020800100066,2020년 2월 8일 03시,토요일,대구광역시 수성구 범물동,경상사고,0,0,2,0,차대차 - 추돌,안전운전불이행,건조,맑음,단일로 - 기타,승용,남,28세,상해없음,승용,남,36세,경상
2020020800100067,2020년 2월 8일 03시,토요일,대구광역시 달성군 다사읍,중상사고,0,1,0,0,차대차 - 기타,신호위반,건조,맑음,교차로 - 교차로안,승용,남,22세,상해없음,승용,남,60세,중상
2020020800100084,2020년 2월 8일 05시,토요일,대구광역시 달서구 송현동,경상사고,0,0,1,0,차대차 - 측면충돌,안전거리미확보,건조,흐림,단일로 - 기타,승용,여,56세,상해없음,승용,남,52세,경상
2020020800100100,2020년 2월 8일 06시,토요일,대구광역시 남구 봉덕동,경상사고,0,0,2,0,차대차 - 측면충돌,직진우회전진행방해,건조,맑음,교차로 - 교차로안,화물,여,62세,상해없음,화물,남,56세,경상
2020020800100101,2020년 2월 8일 06시,토요일,대구광역시 달서구 상인동,중상사고,0,1,1,0,차대차 - 추돌,안전운전불이행,건조,맑음,교차로 - 교차로안,승용,남,34세,기타불명,승용,남,53세,중상
2020020800100102,2020년 2월 8일 06시,토요일,대구광역시 북구 침산동,중상사고,0,1,0,0,차대사람 - 횡단중,보행자보호의무위반,건조,맑음,교차로 - 교차로횡단보도내,화물,남,55세,상해없음,보행자,남,40세,중상
2020020800100148,2020년 2월 8일 09시,토요일,대구광역시 동구 효목동,경상사고,0,0,1,0,차대사람 - 횡단중,안전운전불이행,건조,맑음,단일로 - 기타,승용,남,40세,상해없음,보행자,여,57세,경상
2020020800100149,2020년 2월 8일 09시,토요일,대구광역시 달서구 월성동,경상사고,0,0,1,0,차대차 - 측면충돌,안전거리미확보,건조,맑음,교차로 - 교차로부근,승용,여,32세,상해없음,승용,남,46세,경상
2020020800100165,2020년 2월 8일 10시,토요일,대구광역시 수성구 신매동,부상신고사고,0,0,0,1,차대차 - 추돌,차로위반,건조,맑음,단일로 - 기타,승용,여,58세,상해없음,이륜,남,41세,부상신고
2020020800100166,2020년 2월 8일 10시,토요일,대구광역시 달서구 상인동,경상사고,0,0,1,0,차대사람 - 횡단중,안전운전불이행,건조,맑음,교차로 - 교차로부근,승용,남,28세,상해없음,보행자,남,72세,경상
2020020800100167,2020년 2월 8일 10시,토요일,대구광역시 북구 노원동3가,중상사고,0,1,0,0,차대사람 - 기타,보행자보호의무위반,건조,맑음,단일로 - 기타,승용,남,54세,상해없음,보행자,여,47세,중상
2020020800100168,2020년 2월 8일 10시,토요일,대구광역시 북구 침산동,경상사고,0,0,4,0,차대차 - 추돌,안전운전불이행,건조,맑음,단일로 - 기타,승용,여,25세,상해없음,승용,여,54세,경상
2020020800100196,2020년 2월 8일 11시,토요일,대구광역시 북구 대현동,경상사고,0,0,1,0,차대차 - 후진중충돌,불법유턴,건조,맑음,단일로 - 기타,화물,남,61세,상해없음,이륜,남,30세,경상
2020020800100254,2020년 2월 8일 13시,토요일,대구광역시 북구 복현동,경상사고,0,0,1,0,차대차 - 측면충돌,안전운전불이행,건조,맑음,교차로 - 교차로안,이륜,남,63세,상해없음,이륜,남,33세,경상
2020020800100255,2020년 2월 8일 13시,토요일,대구광역시 수성구 수성동1가,중상사고,0,1,2,0,차대차 - 추돌,안전거리미확보,건조,맑음,교차로 - 교차로안,승용,여,36세,상해없음,승용,남,22세,경상
2020020800100256,2020년 2월 8일 13시,토요일,대구광역시 달서구 감삼동,경상사고,0,0,1,0,차대차 - 측면충돌,안전운전불이행,건조,맑음,단일로 - 기타,승용,남,32세,상해없음,승용,여,38세,경상
2020020800100257,2020년 2월 8일 13시,토요일,대구광역시 달서구 감삼동,경상사고,0,0,1,0,차대차 - 측면충돌,안전거리미확보,건조,맑음,단일로 - 기타,승용,남,25세,상해없음,이륜,남,36세,경상
2020020800100288,2020년 2월 8일 14시,토요일,대구광역시 동구 신천동,경상사고,0,0,1,0,차대차 - 측면충돌,안전운전불이행,건조,맑음,단일로 - 기타,승용,여,25세,상해없음,승용,여,49세,경상
2020020800100289,2020년 2월 8일 14시,토요일,대구광역시 달서구 진천동,경상사고,0,0,1,0,차대차 - 측면충돌,안전운전불이행,건조,맑음,단일로 - 기타,승용,남,67세,상해없음,자전거,남,64세,경상
2020020800100290,2020년 2월 8일 14시,토요일,대구광역시 달서구 신당동,중상사고,0,1,1,0,차대차 - 측면충돌,안전거리미확보,건조,맑음,단일로 - 기타,승용,여,53세,상해없음,승용,여,57세,경상
2020020800100348,2020년 2월 8일 16시,토요일,대구광역시 수성구 황금동,경상사고,0,0,1,0,차대차 - 후진중충돌,안전운전불이행,건조,맑음,단일로 - 기타,승용,남,35세,상해없음,승용,남,22세,경상
2020020800100349,2020년 2월 8일 16시,토요일,대구광역시 북구 산격동,부상신고사고,0,0,0,1,차량단독 - 기타,안전운전불이행,건조,맑음,단일로 - 기타,이륜,남,28세,부상신고,,,,
2020020800100350,2020년 2월 8일 16시,토요일,대구광역시 북구 침산동,경상사고,0,0,1,0,차대차 - 기타,안전거리미확보,건조,맑음,단일로 - 기타,승용,남,26세,상해없음,승용,남,63세,경상
2020020800100378,2020년 2월 8일 17시,토요일,대구광역시 남구 대명동,경상사고,0,0,1,0,차대차 - 추돌,안전거리미확보,건조,맑음,단일로 - 기타,승용,남,61세,상해없음,승용,여,58세,경상
2020020800100379,2020년 2월 8일 17시,토요일,대구광역시 달성군 옥포읍,경상사고,0,0,2,0,차대차 - 기타,교차로운행방법위반,건조,맑음,교차로 - 교차로안,승용,남,61세,경상,승용,남,40세,경상
2020020800100417,2020년 2월 8일 18시,토요일,대구광역시 동구 효목동,경상사고,0,0,2,4,차대차 - 측면충돌,교차로운행방법위반,건조,맑음,기타 - 기타,승용,남,18세,부상신고,화물,남,42세,경상
2020020800100418,2020년 2월 8일 18시,토요일,대구광역시 수성구 연호동,경상사고,0,0,1,0,차대차 - 후진중충돌,안전운전불이행,건조,맑음,교차로 - 교차로부근,승용,남,58세,상해없음,승용,남,35세,경상
2020020800100419,2020년 2월 8일 18시,토요일,대구광역시 북구 복현동,경상사고,0,0,2,0,차대차 - 추돌,안전운전불이행,건조,맑음,단일로 - 기타,승용,남,64세,상해없음,화물,남,43세,상해없음
2020020800100458,2020년 2월 8일 19시,토요일,대구광역시 동구 신천동,경상사고,0,0,2,0,차대차 - 측면충돌,안전운전불이행,건조,맑음,교차로 - 교차로부근,이륜,남,22세,경상,이륜,남,52세,경상
2020020800100459,2020년 2월 8일 19시,토요일,대구광역시 수성구 사월동,경상사고,0,0,1,0,차대차 - 측면충돌,안전운전불이행,건조,맑음,단일로 - 기타,승용,남,71세,상해없음,이륜,남,17세,경상
2020020800100495,2020년 2월 8일 20시,토요일,대구광역시 동구 신암동,경상사고,0,0,1,0,차대차 - 후진중충돌,안전운전불이행,건조,맑음,단일로 - 기타,승용,남,23세,상해없음,이륜,남,50세,경상
2020020800100496,2020년 2월 8일 20시,토요일,대구광역시 수성구 만촌동,부상신고사고,0,0,0,1,차대차 - 측면충돌,안전거리미확보,젖음/습기,맑음,단일로 - 기타,승용,남,34세,상해없음,승용,여,52세,부상신고
2020020800100497,2020년 2월 8일 20시,토요일,대구광역시 중구 종로1가,경상사고,0,0,1,0,차대차 - 측면충돌,안전운전불이행,건조,맑음,교차로 - 교차로안,승합,남,65세,상해없음,승용,남,32세,경상
2020020800100527,2020년 2월 8일 21시,토요일,대구광역시 북구 사수동,경상사고,0,0,1,0,차대차 - 기타,신호위반,건조,맑음,교차로 - 교차로안,승용,여,44세,상해없음,이륜,남,56세,경상
2020020800100549,2020년 2월 8일 22시,토요일,대구광역시 중구 문화동,중상사고,0,1,0,0,차대차 - 측면충돌,안전운전불이행,건조,맑음,단일로 - 기타,승용,남,18세,상해없음,승용,남,40세,중상
2020020800100550,2020년 2월 8일 22시,토요일,대구광역시 달서구 감삼동,경상사고,0,0,2,0,차대차 - 측면충돌,안전운전불이행,건조,맑음,교차로 - 교차로부근,이륜,남,48세,경상,승용,남,22세,경상
2020020800100551,2020년 2월 8일 22시,토요일,대구광역시 북구 읍내동,경상사고,0,0,2,0,차대차 - 측면충돌,신호위반,건조,맑음,교차로 - 교차로부근,이륜,남,54세,경상,승용,남,69세,경상
2020020800100552,2020년 2월 8일 22시,토요일,대구광역시 북구 관음동,경상사고,0,0,1,0,차대사람 - 횡단중,보행자보호의무위반,건조,맑음,단일로 - 기타,승용,남,61세,상해없음,보행자,여,20세,경상
2020020800100574,2020년 2월 8일 23시,토요일,대구광역시 남구 이천동,경상사고,0,0,2,0,차대차 - 측면충돌,안전운전불이행,건조,맑음,단일로 - 기타,승용,남,32세,상해없음,승용,남,31세,경상
2020020900100010,2020년 2월 9일 00시,일요일,대구광역시 수성구 만촌동,경상사고,0,0,2,0,차대차 - 추돌,안전운전불이행,건조,맑음,단일로 - 기타,승용,남,46세,상해없음,승용,남,25세,경상
2020020900100076,2020년 2월 9일 05시,일요일,대구광역시 달서구 두류동,부상신고사고,0,0,0,1,차대차 - 기타,안전거리미확보,건조,맑음,단일로 - 기타,승용,남,28세,상해없음,이륜,남,28세,부상신고
2020020900100104,2020년 2월 9일 08시,일요일,대구광역시 남구 봉덕동,경상사고,0,0,1,0,차대차 - 측면충돌,안전운전불이행,건조,맑음,기타 - 기타,승용,여,31세,상해없음,승용,남,57세,경상
2020020900100115,2020년 2월 9일 09시,일요일,대구광역시 동구 효목동,경상사고,0,0,2,0,차대차 - 정면충돌,안전운전불이행,건조,맑음,단일로 - 기타,승용,남,28세,상해없음,승용,남,74세,경상
2020020900100130,2020년 2월 9일 10시,일요일,대구광역시 동구 용계동,경상사고,0,0,6,0,차대차 - 측면충돌,안전운전불이행,건조,맑음,단일로 - 기타,승용,남,39세,경상,승용,남,23세,경상
2020020900100144,2020년 2월 9일 11시,일요일,대구광역시 동구 방촌동,경상사고,0,0,1,0,차대차 - 측면충돌,안전운전불이행,건조,맑음,단일로 - 기타,이륜,남,33세,상해없음,승용,남,61세,상해없음
2020020900100170,2020년 2월 9일 12시,일요일,대구광역시 달서구 본리동,경상사고,0,0,3,0,차대차 - 추돌,안전운전불이행,건조,맑음,교차로 - 교차로부근,승용,남,49세,상해없음,승용,남,70세,상해없음
2020020900100171,2020년 2월 9일 12시,일요일,대구광역시 북구 동천동,경상사고,0,0,1,0,차대차 - 정면충돌,신호위반,건조,맑음,교차로 - 교차로안,승용,남,72세,상해없음,승용,남,22세,경상
2020020900100194,2020년 2월 9일 13시,일요일,대구광역시 남구 대명동,경상사고,0,0,1,0,차대차 - 측면충돌,안전운전불이행,건조,맑음,기타 - 기타,승용,남,36세,상해없음,이륜,남,57세,경상
2020020900100195,2020년 2월 9일 13시,일요일,대구광역시 수성구 범어동,중상사고,0,1,0,0,차대차 - 측면충돌,안전운전불이행,건조,맑음,단일로 - 기타,승용,여,49세,상해없음,승용,남,25세,중상
2020020900100196,2020년 2월 9일 13시,일요일,대구광역시 서구 평리동,경상사고,0,0,1,0,차량단독 - 기타,안전운전불이행,건조,맑음,단일로 - 기타,승용,남,71세,상해없음,,,,
2020020900100219,2020년 2월 9일 14시,일요일,대구광역시 달성군 가창면,경상사고,0,0,1,0,차대사람 - 기타,안전운전불이행,건조,맑음,기타 - 기타,화물,남,47세,상해없음,보행자,여,58세,경상
2020020900100220,2020년 2월 9일 14시,일요일,대구광역시 달서구 호산동,경상사고,0,0,1,0,차대차 - 기타,신호위반,건조,맑음,교차로 - 교차로안,승용,여,62세,상해없음,승용,남,59세,경상
2020020900100243,2020년 2월 9일 15시,일요일,대구광역시 달성군 다사읍,경상사고,0,0,4,0,차대차 - 추돌,신호위반,건조,맑음,교차로 - 교차로안,승용,남,66세,경상,승용,여,66세,경상
2020020900100244,2020년 2월 9일 15시,일요일,대구광역시 북구 산격동,경상사고,0,0,1,0,차대사람 - 기타,안전운전불이행,건조,맑음,단일로 - 기타,승용,여,36세,상해없음,보행자,남,40세,경상
2020020900100266,2020년 2월 9일 16시,일요일,대구광역시 수성구 신매동,경상사고,0,0,1,1,차대차 - 측면충돌,교차로운행방법위반,건조,맑음,교차로 - 교차로안,승용,여,57세,부상신고,이륜,남,24세,경상
2020020900100295,2020년 2월 9일 17시,일요일,대구광역시 수성구 지산동,부상신고사고,0,0,0,2,차대차 - 측면충돌,안전거리미확보,건조,맑음,단일로 - 기타,승용,남,59세,부상신고,승합,남,58세,부상신고
2020020900100296,2020년 2월 9일 17시,일요일,대구광역시 달성군 하빈면,경상사고,0,0,2,0,차대차 - 기타,안전운전불이행,건조,맑음,기타 - 기타,승용,남,65세,경상,승용,남,32세,경상
2020020900100297,2020년 2월 9일 17시,일요일,대구광역시 중구 대신동,경상사고,0,0,1,0,차대사람 - 차도통행중,안전운전불이행,건조,맑음,단일로 - 기타,승용,여,52세,상해없음,보행자,여,36세,경상
2020020900100298,2020년 2월 9일 17시,일요일,대구광역시 중구 남산동,부상신고사고,0,0,0,1,차대차 - 측면충돌,안전거리미확보,건조,맑음,단일로 - 기타,승용,남,61세,상해없음,승용,남,22세,상해없음
2020020900100299,2020년 2월 9일 17시,일요일,대구광역시 북구 동천동,경상사고,0,0,2,0,차대차 - 측면충돌,안전거리미확보,건조,맑음,단일로 - 기타,승용,남,50세,상해없음,이륜,남,19세,경상
2020020900100326,2020년 2월 9일 18시,일요일,대구광역시 동구 신천동,부상신고사고,0,0,0,1,차대차 - 측면충돌,안전운전불이행,건조,맑음,단일로 - 기타,이륜,남,40세,부상신고,승용,남,27세,상해없음
2020020900100327,2020년 2월 9일 18시,일요일,대구광역시 달서구 용산동,경상사고,0,0,1,0,차대차 - 측면충돌,안전운전불이행,건조,맑음,단일로 - 기타,기타불명,기타불명,미분류,기타불명,승용,여,43세,경상
2020020900100356,2020년 2월 9일 19시,일요일,대구광역시 동구 효목동,경상사고,0,0,3,0,차대차 - 측면충돌,차로위반,건조,맑음,단일로 - 기타,화물,남,67세,경상,승용,남,18세,상해없음
2020020900100357,2020년 2월 9일 19시,일요일,대구광역시 달성군 유가읍,경상사고,0,0,2,0,차대차 - 측면충돌,신호위반,건조,맑음,교차로 - 교차로안,이륜,남,46세,경상,승용,남,28세,경상
2020020900100389,2020년 2월 9일 20시,일요일,대구광역시 달서구 상인동,경상사고,0,0,2,0,차대차 - 측면충돌,차로위반,건조,맑음,단일로 - 기타,이륜,남,18세,경상,이륜,남,21세,경상
2020020900100417,2020년 2월 9일 21시,일요일,대구광역시 달서구 감삼동,경상사고,0,0,3,1,차대차 - 측면충돌,안전거리미확보,건조,맑음,단일로 - 기타,승용,여,47세,상해없음,승용,남,18세,경상
2020020900100418,2020년 2월 9일 21시,일요일,대구광역시 북구 태전동,경상사고,0,0,1,0,차대차 - 추돌,안전운전불이행,건조,맑음,교차로 - 교차로안,승용,남,21세,상해없음,화물,남,60세,경상
2020020900100419,2020년 2월 9일 21시,일요일,대구광역시 북구 구암동,중상사고,0,1,1,0,차대차 - 기타,안전운전불이행,건조,맑음,교차로 - 교차로부근,화물,남,57세,상해없음,승용,여,27세,중상
2020020900100449,2020년 2월 9일 23시,일요일,대구광역시 북구 고성동1가,경상사고,0,0,2,0,차대차 - 추돌,안전운전불이행,건조,맑음,교차로 - 교차로부근,승용,남,65세,상해없음,승용,남,31세,경상
2020020900100450,2020년 2월 9일 23시,일요일,대구광역시 서구 이현동,경상사고,0,0,2,0,차대차 - 측면충돌,신호위반,젖음/습기,흐림,교차로 - 교차로부근,승용,여,27세,상해없음,승용,남,68세,경상
2020021000100029,2020년 2월 10일 03시,월요일,대구광역시 수성구 두산동,중상사고,0,1,0,0,차대차 - 측면충돌,안전운전불이행,건조,맑음,단일로 - 기타,승용,남,29세,상해없음,승용,남,55세,중상
2020021000100070,2020년 2월 10일 06시,월요일,대구광역시 북구 서변동,중상사고,0,1,0,0,차대차 - 기타,안전거리미확보,건조,맑음,단일로 - 기타,특수,남,51세,상해없음,승용,남,61세,중상
2020021000100101,2020년 2월 10일 07시,월요일,대구광역시 서구 비산동,중상사고,0,1,0,0,차대사람 - 기타,기타,건조,맑음,단일로 - 기타,승용,남,45세,상해없음,보행자,여,69세,중상
2020021000100149,2020년 2월 10일 08시,월요일,대구광역시 달성군 화원읍,경상사고,0,0,2,0,차대차 - 추돌,안전운전불이행,건조,맑음,단일로 - 기타,화물,남,43세,상해없음,승용,남,24세,경상
2020021000100181,2020년 2월 10일 09시,월요일,대구광역시 달서구 용산동,경상사고,0,0,2,0,차대차 - 측면충돌,안전거리미확보,건조,맑음,단일로 - 기타,승용,여,42세,기타불명,승용,남,66세,경상
2020021000100218,2020년 2월 10일 10시,월요일,대구광역시 북구 노원동3가,경상사고,0,0,1,0,차대차 - 측면충돌,안전운전불이행,건조,맑음,단일로 - 기타,기타불명,기타불명,미분류,기타불명,승합,남,48세,상해없음
2020021000100250,2020년 2월 10일 11시,월요일,대구광역시 달서구 월성동,경상사고,0,0,1,0,차대사람 - 보도통행중,기타,건조,맑음,단일로 - 기타,승용,여,61세,상해없음,보행자,여,8세,경상
2020021000100251,2020년 2월 10일 11시,월요일,대구광역시 북구 대현동,경상사고,0,0,1,0,차대차 - 측면충돌,안전운전불이행,건조,맑음,기타 - 기타,화물,남,52세,상해없음,자전거,남,67세,경상
2020021000100284,2020년 2월 10일 12시,월요일,대구광역시 달성군 화원읍,중상사고,0,1,1,0,차대차 - 측면충돌,안전운전불이행,건조,맑음,교차로 - 교차로안,승용,여,54세,중상,화물,남,30세,경상
2020021000100285,2020년 2월 10일 12시,월요일,대구광역시 서구 중리동,경상사고,0,0,1,0,차대차 - 추돌,신호위반,건조,맑음,교차로 - 교차로횡단보도내,승용,남,54세,상해없음,승용,남,36세,경상
2020021000100320,2020년 2월 10일 13시,월요일,대구광역시 동구 신서동,경상사고,0,0,5,0,차대차 - 기타,안전운전불이행,건조,맑음,교차로 - 교차로안,승합,남,62세,상해없음,화물,남,68세,경상
2020021000100321,2020년 2월 10일 13시,월요일,대구광역시 달서구 감삼동,경상사고,0,0,1,0,차대차 - 측면충돌,교차로운행방법위반,건조,맑음,교차로 - 교차로안,승용,남,26세,상해없음,이륜,남,18세,경상
2020021000100377,2020년 2월 10일 15시,월요일,대구광역시 동구 지저동,부상신고사고,0,0,0,1,차대차 - 측면충돌,교차로운행방법위반,건조,맑음,교차로 - 교차로안,승용,남,63세,상해없음,승용,남,63세,상해없음
2020021000100378,2020년 2월 10일 15시,월요일,대구광역시 동구 율하동,경상사고,0,0,1,1,차대차 - 기타,교차로운행방법위반,건조,맑음,교차로 - 교차로안,승용,남,77세,부상신고,승합,남,50세,경상
2020021000100379,2020년 2월 10일 15시,월요일,대구광역시 북구 국우동,중상사고,0,1,0,0,차대차 - 측면충돌,안전운전불이행,건조,맑음,교차로 - 교차로부근,승용,여,51세,상해없음,자전거,여,58세,중상
2020021000100412,2020년 2월 10일 16시,월요일,대구광역시 동구 동호동,경상사고,0,0,1,0,차대차 - 측면충돌,신호위반,건조,맑음,교차로 - 교차로부근,승용,여,60세,기타불명,승용,남,34세,경상
2020021000100413,2020년 2월 10일 16시,월요일,대구광역시 달서구 송현동,경상사고,0,0,1,0,차대차 - 기타,안전운전불이행,건조,맑음,기타 - 기타,승용,여,45세,상해없음,자전거,남,64세,경상
2020021000100414,2020년 2월 10일 16시,월요일,대구광역시 북구 검단동,경상사고,0,0,1,0,차대차 - 측면충돌,안전운전불이행,건조,맑음,단일로 - 기타,건설기계,남,56세,상해없음,화물,남,56세,경상
2020021000100415,2020년 2월 10일 16시,월요일,대구광역시 서구 비산동,경상사고,0,0,1,0,차대차 - 측면충돌,안전운전불이행,건조,맑음,교차로 - 교차로부근,승용,남,25세,상해없음,승용,여,52세,경상
2020021000100416,2020년 2월 10일 16시,월요일,대구광역시 북구 읍내동,경상사고,0,0,2,1,차대차 - 측면충돌,불법유턴,건조,맑음,단일로 - 기타,승용,여,36세,경상,승용,남,59세,경상
2020021000100451,2020년 2월 10일 17시,월요일,대구광역시 남구 대명동,경상사고,0,0,1,0,차대사람 - 횡단중,안전운전불이행,건조,맑음,단일로 - 기타,승용,여,57세,상해없음,보행자,남,87세,경상
2020021000100452,2020년 2월 10일 17시,월요일,대구광역시 달성군 논공읍,경상사고,0,0,1,0,차대차 - 측면충돌,안전운전불이행,건조,맑음,단일로 - 기타,승용,남,28세,상해없음,승용,여,48세,경상
2020021000100453,2020년 2월 10일 17시,월요일,대구광역시 북구 읍내동,부상신고사고,0,0,0,1,차대차 - 측면충돌,안전운전불이행,건조,맑음,교차로 - 교차로안,이륜,남,23세,부상신고,승용,남,55세,상해없음
2020021000100497,2020년 2월 10일 18시,월요일,대구광역시 북구 조야동,사망사고,1,0,1,0,차대차 - 추돌,안전운전불이행,건조,맑음,단일로 - 기타,화물,남,81세,사망,승용,남,33세,경상
2020021000100503,2020년 2월 10일 18시,월요일,대구광역시 동구 신천동,경상사고,0,0,4,0,차대차 - 측면충돌,신호위반,건조,맑음,교차로 - 교차로안,승용,여,25세,상해없음,승합,남,29세,경상
2020021000100504,2020년 2월 10일 18시,월요일,대구광역시 수성구 범어동,중상사고,0,1,0,0,차대차 - 측면충돌,안전운전불이행,건조,맑음,단일로 - 기타,승용,남,45세,상해없음,자전거,여,55세,중상
2020021000100505,2020년 2월 10일 18시,월요일,대구광역시 수성구 신매동,경상사고,0,0,1,0,차대차 - 측면충돌,안전거리미확보,건조,맑음,교차로 - 교차로부근,승용,남,44세,상해없음,이륜,남,26세,경상
2020021000100506,2020년 2월 10일 18시,월요일,대구광역시 서구 비산동,경상사고,0,0,2,0,차대차 - 기타,안전거리미확보,건조,맑음,단일로 - 기타,승용,여,73세,상해없음,이륜,남,19세,경상
2020021000100507,2020년 2월 10일 18시,월요일,대구광역시 달서구 이곡동,중상사고,0,1,0,0,차량단독 - 기타,안전운전불이행,건조,맑음,단일로 - 기타,승합,남,51세,상해없음,,,,
2020021000100544,2020년 2월 10일 19시,월요일,대구광역시 달서구 송현동,중상사고,0,1,0,0,차대차 - 추돌,안전거리미확보,건조,맑음,단일로 - 기타,승용,남,66세,상해없음,승용,남,41세,중상
2020021000100545,2020년 2월 10일 19시,월요일,대구광역시 북구 읍내동,부상신고사고,0,0,0,1,차대차 - 측면충돌,안전운전불이행,건조,맑음,교차로 - 교차로안,기타불명,기타불명,미분류,기타불명,원동기,남,19세,부상신고
2020021000100577,2020년 2월 10일 20시,월요일,대구광역시 남구 봉덕동,중상사고,0,1,0,0,차대사람 - 기타,안전운전불이행,건조,맑음,단일로 - 기타,승용,여,64세,상해없음,보행자,남,48세,중상
2020021000100631,2020년 2월 10일 22시,월요일,대구광역시 북구 대현동,경상사고,0,0,2,0,차대차 - 측면충돌,안전거리미확보,건조,맑음,교차로 - 교차로부근,화물,남,38세,경상,승용,남,22세,경상