사고번호,사고일시,요일,시군구,사고내용,사망자수,중상자수,경상자수,부상신고자수,사고유형,법규위반,노면상태,기상상태,도로형태,가해운전자 차종,가해운전자 성별,가해운전자 연령,가해운전자 상해정도,피해운전자 차종,피해운전자 성별,피해운전자 연령,피해운전자 상해정도
2020021000100632,2020년 2월 10일 22시,월요일,대구광역시 서구 평리동,경상사고,0,0,1,0,차대차 - 측면충돌,안전운전불이행,건조,맑음,교차로 - 교차로안,승용,남,60세,상해없음,이륜,남,17세,경상
2020021000100648,2020년 2월 10일 23시,월요일,대구광역시 동구 불로동,경상사고,0,0,2,0,차대차 - 측면충돌,안전운전불이행,건조,맑음,교차로 - 교차로부근,승용,남,67세,상해없음,화물,남,23세,경상
2020021000100649,2020년 2월 10일 23시,월요일,대구광역시 동구 효목동,경상사고,0,0,4,0,차대차 - 기타,안전운전불이행,건조,맑음,교차로 - 교차로안,승용,남,35세,상해없음,승용,여,37세,경상
2020021000100650,2020년 2월 10일 23시,월요일,대구광역시 수성구 시지동,경상사고,0,0,1,0,차대사람 - 횡단중,신호위반,건조,맑음,단일로 - 기타,이륜,남,24세,상해없음,보행자,남,66세,경상
2020021100100009,2020년 2월 11일 00시,화요일,대구광역시 수성구 시지동,경상사고,0,0,1,0,차대차 - 측면충돌,안전운전불이행,건조,맑음,단일로 - 기타,승용,남,28세,상해없음,승용,남,44세,경상
2020021100100010,2020년 2월 11일 00시,화요일,대구광역시 중구 봉산동,부상신고사고,0,0,0,1,차대차 - 측면충돌,신호위반,건조,맑음,교차로 - 교차로부근,자전거,남,69세,부상신고,승용,남,56세,상해없음
2020021100100046,2020년 2월 11일 04시,화요일,대구광역시 동구 신천동,부상신고사고,0,0,0,1,차대차 - 기타,안전운전불이행,건조,맑음,단일로 - 기타,이륜,남,62세,부상신고,승용,남,57세,상해없음
2020021100100124,2020년 2월 11일 08시,화요일,대구광역시 동구 효목동,경상사고,0,0,2,0,차대차 - 추돌,안전운전불이행,건조,맑음,단일로 - 기타,승용,여,37세,상해없음,승용,남,39세,경상
2020021100100125,2020년 2월 11일 08시,화요일,대구광역시 수성구 황금동,중상사고,0,1,0,0,차대차 - 측면충돌,차로위반,건조,맑음,단일로 - 기타,승용,여,55세,상해없음,승용,여,61세,중상
2020021100100151,2020년 2월 11일 09시,화요일,대구광역시 동구 율하동,경상사고,0,0,1,0,차대차 - 측면충돌,안전운전불이행,건조,맑음,교차로 - 교차로안,화물,남,53세,상해없음,승용,여,40세,경상
2020021100100152,2020년 2월 11일 09시,화요일,대구광역시 북구 동천동,경상사고,0,0,2,0,차대차 - 측면충돌,교차로운행방법위반,건조,맑음,교차로 - 교차로안,승용,남,66세,상해없음,승용,여,26세,경상
2020021100100182,2020년 2월 11일 10시,화요일,대구광역시 동구 신암동,부상신고사고,0,0,0,1,차대차 - 측면충돌,신호위반,건조,맑음,교차로 - 교차로안,원동기,남,25세,부상신고,승용,여,50세,상해없음
2020021100100183,2020년 2월 11일 10시,화요일,대구광역시 북구 칠성동1가,경상사고,0,0,1,0,차대차 - 측면충돌,교차로운행방법위반,건조,맑음,교차로 - 교차로부근,자전거,여,77세,경상,이륜,남,70세,상해없음
2020021100100184,2020년 2월 11일 10시,화요일,대구광역시 달서구 성당동,경상사고,0,0,1,0,차대사람 - 횡단중,안전운전불이행,건조,맑음,기타 - 기타,기타불명,기타불명,미분류,기타불명,보행자,여,26세,경상
2020021100100185,2020년 2월 11일 10시,화요일,대구광역시 달서구 감삼동,부상신고사고,0,0,0,1,차대차 - 기타,안전운전불이행,건조,맑음,기타 - 기타,자전거,남,44세,부상신고,승용,남,39세,상해없음
2020021100100213,2020년 2월 11일 11시,화요일,대구광역시 수성구 범어동,중상사고,0,1,0,0,차대차 - 기타,안전운전불이행,건조,맑음,단일로 - 기타,승용,남,65세,상해없음,승용,여,41세,중상
2020021100100214,2020년 2월 11일 11시,화요일,대구광역시 북구 산격동,중상사고,0,1,0,0,차대차 - 측면충돌,중앙선침범,건조,맑음,단일로 - 기타,승용,여,58세,상해없음,승용,남,40세,중상
2020021100100215,2020년 2월 11일 11시,화요일,대구광역시 달서구 갈산동,경상사고,0,0,3,0,차대차 - 측면충돌,교차로운행방법위반,건조,맑음,교차로 - 교차로안,승용,남,34세,경상,승용,남,60세,경상
2020021100100244,2020년 2월 11일 12시,화요일,대구광역시 동구 신평동,사망사고,1,0,0,0,차량단독 - 공작물충돌,안전운전불이행,젖음/습기,비,단일로 - 기타,승용,여,29세,상해없음,,,,
2020021100100248,2020년 2월 11일 12시,화요일,대구광역시 북구 노원동3가,경상사고,0,0,1,0,차대차 - 기타,안전거리미확보,건조,맑음,단일로 - 기타,승용,남,58세,상해없음,승용,여,62세,경상
2020021100100280,2020년 2월 11일 13시,화요일,대구광역시 수성구 만촌동,경상사고,0,0,1,0,차대차 - 측면충돌,안전운전불이행,건조,맑음,교차로 - 교차로부근,승용,여,64세,상해없음,이륜,남,31세,경상
2020021100100281,2020년 2월 11일 13시,화요일,대구광역시 북구 노원동2가,경상사고,0,0,1,0,차대차 - 기타,안전거리미확보,건조,맑음,단일로 - 기타,승용,여,51세,상해없음,승합,남,56세,상해없음
2020021100100282,2020년 2월 11일 13시,화요일,대구광역시 중구 덕산동,경상사고,0,0,1,3,차대차 - 측면충돌,안전운전불이행,건조,맑음,교차로 - 교차로부근,승용,여,59세,경상,승용,남,19세,부상신고
2020021100100358,2020년 2월 11일 15시,화요일,대구광역시 북구 침산동,중상사고,0,1,0,0,차대차 - 추돌,기타,건조,맑음,단일로 - 기타,승용,여,39세,상해없음,승용,남,30세,중상
2020021100100419,2020년 2월 11일 17시,화요일,대구광역시 북구 읍내동,경상사고,0,0,1,0,차대차 - 측면충돌,안전운전불이행,건조,맑음,단일로 - 기타,승용,여,31세,상해없음,승용,여,47세,경상
2020021100100420,2020년 2월 11일 17시,화요일,대구광역시 북구 서변동,경상사고,0,0,1,0,차대사람 - 차도통행중,안전운전불이행,건조,맑음,단일로 - 기타,화물,남,53세,상해없음,보행자,남,51세,경상
2020021100100464,2020년 2월 11일 18시,화요일,대구광역시 동구 괴전동,경상사고,0,0,1,0,차대차 - 기타,안전거리미확보,건조,맑음,교차로 - 교차로안,승용,남,63세,상해없음,승용,남,47세,경상
2020021100100465,2020년 2월 11일 18시,화요일,대구광역시 동구 입석동,경상사고,0,0,1,0,차대차 - 기타,안전운전불이행,건조,맑음,교차로 - 교차로부근,승용,남,58세,상해없음,승용,여,32세,경상
2020021100100466,2020년 2월 11일 18시,화요일,대구광역시 달서구 진천동,부상신고사고,0,0,0,1,차대차 - 추돌,기타,건조,맑음,단일로 - 기타,이륜,남,17세,부상신고,승용,여,40세,상해없음
2020021100100467,2020년 2월 11일 18시,화요일,대구광역시 북구 동천동,경상사고,0,0,1,0,차대차 - 기타,안전운전불이행,건조,맑음,단일로 - 기타,승용,여,49세,상해없음,승용,여,35세,경상
2020021100100468,2020년 2월 11일 18시,화요일,대구광역시 북구 관음동,중상사고,0,1,0,0,차대차 - 측면충돌,안전운전불이행,건조,맑음,단일로 - 기타,승용,남,25세,상해없음,이륜,남,17세,중상
2020021100100469,2020년 2월 11일 18시,화요일,대구광역시 북구 태전동,중상사고,0,1,0,0,차대사람 - 횡단중,안전운전불이행,건조,맑음,교차로 - 교차로안,화물,남,35세,상해없음,보행자,여,71세,중상
2020021100100506,2020년 2월 11일 19시,화요일,대구광역시 달성군 하빈면,경상사고,0,0,1,0,차량단독 - 공작물충돌,안전운전불이행,건조,맑음,단일로 - 교량,승용,남,36세,경상,,,,
2020021100100507,2020년 2월 11일 19시,화요일,대구광역시 북구 산격동,경상사고,0,0,1,0,차대차 - 정면충돌,안전운전불이행,건조,맑음,교차로 - 교차로안,승용,남,47세,상해없음,이륜,남,51세,경상
2020021100100508,2020년 2월 11일 19시,화요일,대구광역시 서구 평리동,경상사고,0,0,1,0,차대사람 - 차도통행중,안전운전불이행,건조,맑음,교차로 - 교차로부근,승용,남,35세,상해없음,보행자,남,49세,경상
2020021100100545,2020년 2월 11일 20시,화요일,대구광역시 수성구 범물동,경상사고,0,0,1,0,차대차 - 추돌,안전운전불이행,건조,맑음,단일로 - 기타,승용,남,59세,상해없음,승합,남,37세,경상
2020021100100546,2020년 2월 11일 20시,화요일,대구광역시 달서구 상인동,경상사고,0,0,1,0,차대차 - 측면충돌,안전운전불이행,건조,맑음,기타 - 기타,승용,여,35세,상해없음,이륜,남,16세,경상
2020021100100547,2020년 2월 11일 20시,화요일,대구광역시 서구 비산동,중상사고,0,1,2,0,차대차 - 추돌,안전운전불이행,건조,맑음,단일로 - 기타,이륜,남,19세,경상,승용,남,69세,경상
2020021100100598,2020년 2월 11일 22시,화요일,대구광역시 수성구 고모동,경상사고,0,0,1,0,차대차 - 측면충돌,중앙선침범,건조,맑음,단일로 - 기타,승용,남,57세,상해없음,승용,여,64세,경상
2020021100100599,2020년 2월 11일 22시,화요일,대구광역시 달서구 월성동,경상사고,0,0,1,0,차대차 - 기타,차로위반,건조,맑음,교차로 - 교차로부근,승용,남,63세,상해없음,승용,남,21세,경상
2020021200100006,2020년 2월 12일 00시,수요일,대구광역시 중구 삼덕동1가,경상사고,0,0,1,0,차대차 - 측면충돌,안전운전불이행,건조,맑음,단일로 - 기타,승용,남,63세,상해없음,승용,남,74세,경상
2020021200100041,2020년 2월 12일 03시,수요일,대구광역시 서구 원대동1가,사망사고,1,0,2,0,차대차 - 추돌,안전운전불이행,젖음/습기,비,단일로 - 기타,이륜,남,29세,사망,승용,여,46세,경상
2020021200100060,2020년 2월 12일 05시,수요일,대구광역시 동구 신암동,부상신고사고,0,0,0,1,차대차 - 측면충돌,안전운전불이행,젖음/습기,비,단일로 - 기타,승용,여,59세,부상신고,승합,남,60세,상해없음
2020021200100061,2020년 2월 12일 05시,수요일,대구광역시 달서구 송현동,경상사고,0,0,1,0,차대차 - 측면충돌,안전거리미확보,젖음/습기,비,교차로 - 교차로안,승용,남,44세,상해없음,승용,여,66세,경상
2020021200100079,2020년 2월 12일 06시,수요일,대구광역시 달서구 호산동,경상사고,0,0,1,0,차대사람 - 보도통행중,보행자보호의무위반,젖음/습기,비,교차로 - 교차로횡단보도내,승용,남,54세,상해없음,보행자,남,61세,경상
2020021200100101,2020년 2월 12일 07시,수요일,대구광역시 달서구 상인동,경상사고,0,0,2,0,차대차 - 정면충돌,중앙선침범,젖음/습기,비,단일로 - 기타,화물,남,45세,상해없음,화물,남,18세,경상
2020021200100102,2020년 2월 12일 07시,수요일,대구광역시 달서구 월성동,중상사고,0,1,0,0,차대사람 - 기타,안전운전불이행,젖음/습기,비,기타 - 기타,승용,남,39세,상해없음,보행자,남,70세,중상
2020021200100139,2020년 2월 12일 08시,수요일,대구광역시 수성구 만촌동,경상사고,0,0,1,0,차대차 - 추돌,안전운전불이행,건조,맑음,단일로 - 기타,승용,남,27세,상해없음,승용,남,32세,경상
2020021200100140,2020년 2월 12일 08시,수요일,대구광역시 달서구 상인동,경상사고,0,0,1,0,차대차 - 기타,신호위반,젖음/습기,비,교차로 - 교차로안,화물,남,63세,상해없음,승용,여,59세,경상
2020021200100168,2020년 2월 12일 09시,수요일,대구광역시 동구 중대동,경상사고,0,0,1,0,차량단독 - 공작물충돌,안전운전불이행,젖음/습기,비,단일로 - 기타,화물,남,65세,경상,,,,
2020021200100169,2020년 2월 12일 09시,수요일,대구광역시 달서구 용산동,경상사고,0,0,1,0,차대사람 - 기타,안전운전불이행,건조,맑음,단일로 - 기타,기타불명,기타불명,미분류,기타불명,보행자,남,28세,경상
2020021200100192,2020년 2월 12일 10시,수요일,대구광역시 중구 동인동1가,부상신고사고,0,0,0,1,차대차 - 추돌,안전운전불이행,건조,맑음,단일로 - 기타,기타불명,기타불명,미분류,기타불명,승용,남,69세,상해없음
2020021200100222,2020년 2월 12일 11시,수요일,대구광역시 달서구 장기동,경상사고,0,0,1,0,차대차 - 추돌,안전운전불이행,건조,맑음,단일로 - 기타,승용,남,50세,상해없음,승용,남,35세,경상
2020021200100223,2020년 2월 12일 11시,수요일,대구광역시 북구 팔달동,경상사고,0,0,1,0,차대차 - 추돌,안전운전불이행,건조,맑음,단일로 - 기타,승용,남,60세,상해없음,화물,남,64세,경상
2020021200100245,2020년 2월 12일 12시,수요일,대구광역시 남구 봉덕동,중상사고,0,2,0,0,차대사람 - 보도통행중,기타,젖음/습기,비,단일로 - 기타,승용,남,73세,상해없음,보행자,남,69세,중상
2020021200100246,2020년 2월 12일 12시,수요일,대구광역시 동구 각산동,경상사고,0,0,1,0,차대차 - 추돌,안전거리미확보,젖음/습기,비,교차로 - 교차로부근,이륜,남,27세,경상,화물,남,56세,상해없음
2020021200100247,2020년 2월 12일 12시,수요일,대구광역시 북구 서변동,경상사고,0,0,1,0,차대사람 - 기타,안전운전불이행,젖음/습기,흐림,단일로 - 기타,승용,남,30세,상해없음,보행자,남,51세,경상
2020021200100280,2020년 2월 12일 13시,수요일,대구광역시 북구 노원동3가,중상사고,0,3,1,0,차대차 - 추돌,안전거리미확보,젖음/습기,비,단일로 - 기타,승용,남,60세,상해없음,승용,여,60세,중상
2020021200100281,2020년 2월 12일 13시,수요일,대구광역시 북구 산격동,부상신고사고,0,0,0,1,차대차 - 기타,안전운전불이행,젖음/습기,비,교차로 - 교차로안,이륜,남,56세,부상신고,이륜,남,41세,상해없음
2020021200100282,2020년 2월 12일 13시,수요일,대구광역시 북구 산격동,부상신고사고,0,0,0,1,차대차 - 정면충돌,안전운전불이행,젖음/습기,비,교차로 - 교차로부근,이륜,남,52세,부상신고,승용,여,44세,상해없음
2020021200100307,2020년 2월 12일 14시,수요일,대구광역시 달서구 대곡동,경상사고,0,0,2,0,차대차 - 측면충돌,안전거리미확보,건조,맑음,단일로 - 기타,화물,여,18세,상해없음,승용,여,56세,경상
2020021200100339,2020년 2월 12일 15시,수요일,대구광역시 달서구 송현동,경상사고,0,0,1,0,차대차 - 추돌,안전거리미확보,젖음/습기,비,교차로 - 교차로부근,승용,남,46세,상해없음,승합,남,41세,경상
2020021200100371,2020년 2월 12일 16시,수요일,대구광역시 동구 신천동,경상사고,0,0,1,0,차대차 - 측면충돌,안전운전불이행,젖음/습기,비,단일로 - 기타,승용,남,66세,기타불명,이륜,남,53세,경상
2020021200100372,2020년 2월 12일 16시,수요일,대구광역시 동구 신천동,중상사고,0,1,0,0,차대차 - 기타,안전운전불이행,젖음/습기,비,교차로 - 교차로안,승용,남,29세,상해없음,이륜,여,62세,중상
2020021200100404,2020년 2월 12일 17시,수요일,대구광역시 남구 봉덕동,중상사고,0,2,2,0,차대차 - 측면충돌,중앙선침범,젖음/습기,흐림,단일로 - 기타,화물,남,76세,상해없음,승용,여,31세,중상
2020021200100405,2020년 2월 12일 17시,수요일,대구광역시 달서구 상인동,부상신고사고,0,0,0,1,차량단독 - 공작물충돌,안전운전불이행,건조,맑음,단일로 - 기타,승용,여,59세,부상신고,,,,
2020021200100453,2020년 2월 12일 18시,수요일,대구광역시 동구 율하동,경상사고,0,0,1,0,차대사람 - 기타,안전운전불이행,건조,맑음,단일로 - 기타,승용,남,59세,상해없음,보행자,여,49세,경상
2020021200100454,2020년 2월 12일 18시,수요일,대구광역시 서구 평리동,중상사고,0,1,0,0,차대사람 - 차도통행중,안전운전불이행,젖음/습기,흐림,단일로 - 기타,승용,남,54세,상해없음,보행자,여,63세,중상
2020021200100455,2020년 2월 12일 18시,수요일,대구광역시 달서구 용산동,경상사고,0,0,2,0,차대차 - 추돌,안전운전불이행,건조,맑음,기타 - 기타,승용,남,24세,상해없음,승용,여,49세,경상
2020021200100508,2020년 2월 12일 19시,수요일,대구광역시 서구 내당동,경상사고,0,0,3,0,차대차 - 기타,교차로운행방법위반,건조,맑음,교차로 - 교차로안,승용,남,51세,상해없음,승용,여,22세,경상
2020021200100509,2020년 2월 12일 19시,수요일,대구광역시 달서구 성당동,중상사고,0,1,0,0,차대차 - 측면충돌,차로위반,건조,맑음,기타 - 기타,승용,남,63세,상해없음,화물,남,36세,중상
2020021200100549,2020년 2월 12일 20시,수요일,대구광역시 북구 금호동,중상사고,0,1,0,0,차대차 - 추돌,안전운전불이행,건조,맑음,단일로 - 기타,승용,남,44세,상해없음,승용,여,46세,중상
2020021200100553,2020년 2월 12일 20시,수요일,대구광역시 동구 신천동,경상사고,0,0,1,0,차대차 - 측면충돌,교차로운행방법위반,건조,맑음,교차로 - 교차로안,승용,여,23세,상해없음,원동기,남,34세,경상
2020021200100554,2020년 2월 12일 20시,수요일,대구광역시 동구 신암동,경상사고,0,0,1,0,차대차 - 추돌,안전운전불이행,젖음/습기,흐림,단일로 - 기타,기타불명,기타불명,미분류,기타불명,이륜,남,30세,경상
2020021200100555,2020년 2월 12일 20시,수요일,대구광역시 동구 신천동,부상신고사고,0,0,0,1,차대차 - 측면충돌,안전운전불이행,젖음/습기,흐림,교차로 - 교차로부근,원동기,남,19세,부상신고,승용,남,26세,상해없음
2020021200100556,2020년 2월 12일 20시,수요일,대구광역시 달성군 구지면,경상사고,0,0,1,0,차대차 - 추돌,안전운전불이행,건조,맑음,단일로 - 기타,승용,남,58세,상해없음,승용,남,38세,경상
2020021200100557,2020년 2월 12일 20시,수요일,대구광역시 북구 대현동,경상사고,0,0,1,0,차대차 - 기타,직진우회전진행방해,젖음/습기,비,교차로 - 교차로부근,이륜,남,58세,상해없음,이륜,남,19세,경상
2020021200100558,2020년 2월 12일 20시,수요일,대구광역시 서구 평리동,경상사고,0,0,3,0,차대차 - 측면충돌,신호위반,젖음/습기,흐림,교차로 - 교차로안,승용,남,61세,상해없음,승용,남,27세,경상
2020021200100559,2020년 2월 12일 20시,수요일,대구광역시 북구 동천동,중상사고,0,1,0,0,차대차 - 측면충돌,교차로운행방법위반,건조,맑음,교차로 - 교차로부근,승용,여,46세,상해없음,이륜,남,23세,중상
2020021200100597,2020년 2월 12일 21시,수요일,대구광역시 달서구 도원동,경상사고,0,0,3,0,차대차 - 측면충돌,안전운전불이행,건조,맑음,단일로 - 기타,승용,남,44세,경상,승용,남,23세,경상
2020021200100621,2020년 2월 12일 22시,수요일,대구광역시 달성군 현풍읍,경상사고,0,0,1,0,차대사람 - 기타,안전운전불이행,건조,맑음,단일로 - 기타,승합,남,45세,상해없음,보행자,남,62세,경상
2020021200100622,2020년 2월 12일 22시,수요일,대구광역시 달서구 감삼동,경상사고,0,0,1,0,차대차 - 측면충돌,중앙선침범,건조,맑음,기타 - 기타,승용,여,24세,기타불명,승용,여,42세,경상
2020021200100641,2020년 2월 12일 23시,수요일,대구광역시 서구 이현동,중상사고,0,1,1,0,차대차 - 측면충돌,신호위반,건조,맑음,교차로 - 교차로안,승용,남,55세,상해없음,승용,남,44세,경상
2020021200100642,2020년 2월 12일 23시,수요일,대구광역시 달서구 두류동,경상사고,0,0,1,0,차대차 - 기타,기타,젖음/습기,맑음,교차로 - 교차로안,승용,남,62세,상해없음,이륜,남,33세,경상
2020021200100643,2020년 2월 12일 23시,수요일,대구광역시 달서구 성당동,경상사고,0,0,1,0,차대차 - 측면충돌,안전운전불이행,건조,맑음,단일로 - 기타,승용,남,28세,경상,승합,남,60세,상해없음
2020021300100010,2020년 2월 13일 00시,목요일,대구광역시 남구 봉덕동,부상신고사고,0,0,0,4,차대차 - 측면충돌,안전운전불이행,건조,맑음,교차로 - 교차로안,승용,여,33세,상해없음,승용,남,19세,부상신고
2020021300100022,2020년 2월 13일 01시,목요일,대구광역시 수성구 수성동4가,경상사고,0,0,3,0,차대차 - 측면충돌,안전운전불이행,건조,맑음,단일로 - 기타,승용,남,49세,상해없음,승용,남,42세,경상
2020021300100023,2020년 2월 13일 01시,목요일,대구광역시 달서구 본동,경상사고,0,0,2,0,차대차 - 추돌,안전운전불이행,건조,흐림,단일로 - 기타,승용,남,52세,경상,승용,남,36세,경상
2020021300100038,2020년 2월 13일 05시,목요일,대구광역시 북구 복현동,부상신고사고,0,0,0,1,차대사람 - 기타,안전운전불이행,건조,맑음,단일로 - 기타,승용,남,55세,상해없음,보행자,여,68세,부상신고
2020021300100104,2020년 2월 13일 08시,목요일,대구광역시 수성구 노변동,경상사고,0,0,1,0,차대차 - 추돌,안전운전불이행,건조,맑음,단일로 - 기타,승용,여,29세,상해없음,승용,여,42세,경상
2020021300100132,2020년 2월 13일 09시,목요일,대구광역시 남구 대명동,중상사고,0,1,0,0,차량단독 - 기타,기타,건조,맑음,단일로 - 지하차도(도로)내,승합,남,54세,상해없음,,,,
2020021300100133,2020년 2월 13일 09시,목요일,대구광역시 수성구 두산동,경상사고,0,0,2,0,차대차 - 추돌,안전운전불이행,건조,맑음,단일로 - 기타,승용,여,44세,기타불명,승용,여,57세,경상
2020021300100134,2020년 2월 13일 09시,목요일,대구광역시 달서구 두류동,경상사고,0,0,1,0,차대차 - 기타,안전거리미확보,건조,맑음,단일로 - 기타,승용,남,32세,상해없음,화물,남,75세,경상
2020021300100135,2020년 2월 13일 09시,목요일,대구광역시 달서구 두류동,부상신고사고,0,0,0,1,차대차 - 측면충돌,교차로운행방법위반,건조,맑음,교차로 - 교차로안,승용,여,56세,부상신고,승용,남,55세,상해없음
2020021300100168,2020년 2월 13일 10시,목요일,대구광역시 서구 내당동,경상사고,0,0,2,0,차대사람 - 횡단중,보행자보호의무위반,건조,맑음,기타 - 기타,승용,남,45세,상해없음,보행자,여,71세,경상
2020021300100169,2020년 2월 13일 10시,목요일,대구광역시 서구 이현동,경상사고,0,0,1,0,차대차 - 측면충돌,신호위반,건조,맑음,교차로 - 교차로안,승용,남,73세,상해없음,승용,여,45세,경상
2020021300100199,2020년 2월 13일 11시,목요일,대구광역시 달서구 진천동,경상사고,0,0,2,0,차대차 - 측면충돌,안전운전불이행,건조,맑음,교차로 - 교차로부근,승용,여,56세,상해없음,이륜,남,18세,경상
2020021300100200,2020년 2월 13일 11시,목요일,대구광역시 북구 팔달동,경상사고,0,0,1,0,차대차 - 측면충돌,안전거리미확보,건조,맑음,교차로 - 교차로부근,이륜,남,31세,경상,승용,여,53세,상해없음
2020021300100231,2020년 2월 13일 12시,목요일,대구광역시 동구 효목동,경상사고,0,0,1,0,차대차 - 측면충돌,안전운전불이행,건조,맑음,단일로 - 기타,이륜,남,52세,상해없음,이륜,남,68세,경상
2020021300100232,2020년 2월 13일 12시,목요일,대구광역시 수성구 두산동,중상사고,0,1,0,0,차대차 - 추돌,중앙선침범,건조,맑음,단일로 - 기타,승용,남,38세,상해없음,이륜,남,27세,중상
2020021300100262,2020년 2월 13일 13시,목요일,대구광역시 남구 대명동,경상사고,0,0,2,0,차대차 - 측면충돌,안전운전불이행,젖음/습기,비,단일로 - 기타,승용,여,42세,경상,승용,여,33세,경상
2020021300100263,2020년 2월 13일 13시,목요일,대구광역시 수성구 범어동,중상사고,0,1,3,0,차대차 - 측면충돌,안전운전불이행,건조,맑음,교차로 - 교차로부근,승용,여,40세,경상,승용,여,35세,중상
2020021300100285,2020년 2월 13일 14시,목요일,대구광역시 수성구 만촌동,경상사고,0,0,2,0,차대차 - 측면충돌,신호위반,건조,맑음,교차로 - 교차로안,승용,여,52세,기타불명,승용,남,66세,경상
2020021300100286,2020년 2월 13일 14시,목요일,대구광역시 수성구 황금동,경상사고,0,0,1,0,차대사람 - 기타,안전운전불이행,건조,맑음,기타 - 기타,승용,여,69세,상해없음,보행자,여,47세,경상
2020021300100287,2020년 2월 13일 14시,목요일,대구광역시 수성구 범어동,경상사고,0,0,1,0,차대사람 - 기타,안전운전불이행,건조,맑음,교차로 - 교차로부근,승용,남,35세,상해없음,보행자,여,25세,경상
2020021300100288,2020년 2월 13일 14시,목요일,대구광역시 달성군 다사읍,경상사고,0,0,1,0,차대차 - 추돌,안전운전불이행,건조,맑음,교차로 - 교차로부근,기타불명,기타불명,미분류,기타불명,승용,남,63세,경상
2020021300100289,2020년 2월 13일 14시,목요일,대구광역시 북구 동호동,경상사고,0,0,2,0,차대차 - 추돌,안전거리미확보,건조,맑음,단일로 - 기타,승용,남,42세,상해없음,승용,여,43세,경상
2020021300100318,2020년 2월 13일 15시,목요일,대구광역시 수성구 욱수동,중상사고,0,1,0,0,차대차 - 추돌,안전운전불이행,건조,맑음,단일로 - 기타,승용,여,42세,상해없음,자전거,남,54세,중상
2020021300100319,2020년 2월 13일 15시,목요일,대구광역시 달서구 송현동,경상사고,0,0,1,0,차대사람 - 기타,안전운전불이행,건조,맑음,단일로 - 기타,승용,남,26세,상해없음,보행자,여,51세,경상
2020021300100320,2020년 2월 13일 15시,목요일,대구광역시 달서구 신당동,경상사고,0,0,2,0,차대차 - 추돌,안전운전불이행,건조,맑음,교차로 - 교차로부근,승용,남,68세,상해없음,승용,남,50세,경상
2020021300100321,2020년 2월 13일 15시,목요일,대구광역시 달서구 감삼동,경상사고,0,0,3,0,차대차 - 측면충돌,직진우회전진행방해,건조,맑음,교차로 - 교차로안,승용,여,35세,경상,승용,남,23세,경상
2020021300100322,2020년 2월 13일 15시,목요일,대구광역시 북구 학정동,중상사고,0,2,1,0,차대차 - 추돌,안전운전불이행,건조,맑음,단일로 - 기타,승용,여,42세,상해없음,승용,남,72세,중상
2020021300100349,2020년 2월 13일 16시,목요일,대구광역시 수성구 만촌동,부상신고사고,0,0,0,1,차대차 - 기타,기타,건조,맑음,단일로 - 기타,승합,남,70세,상해없음,승용,여,34세,상해없음
2020021300100350,2020년 2월 13일 16시,목요일,대구광역시 수성구 두산동,경상사고,0,0,1,0,차대차 - 측면충돌,안전운전불이행,건조,맑음,단일로 - 기타,승용,여,50세,기타불명,승용,여,47세,경상
2020021300100351,2020년 2월 13일 16시,목요일,대구광역시 달서구 용산동,중상사고,0,1,0,0,차대차 - 측면충돌,신호위반,건조,맑음,기타 - 기타,승용,여,27세,상해없음,이륜,남,36세,중상
2020021300100397,2020년 2월 13일 17시,목요일,대구광역시 남구 대명동,경상사고,0,0,1,0,차대차 - 추돌,안전운전불이행,건조,맑음,단일로 - 기타,승용,남,23세,상해없음,승용,여,43세,경상
2020021300100398,2020년 2월 13일 17시,목요일,대구광역시 수성구 범어동,경상사고,0,0,1,0,차대사람 - 기타,안전운전불이행,건조,맑음,단일로 - 기타,승용,남,65세,상해없음,보행자,남,23세,경상
2020021300100399,2020년 2월 13일 17시,목요일,대구광역시 북구 산격동,경상사고,0,0,1,0,차대사람 - 보도통행중,기타,건조,맑음,기타 - 기타,화물,남,51세,상해없음,보행자,여,55세,경상
2020021300100400,2020년 2월 13일 17시,목요일,대구광역시 서구 비산동,중상사고,0,1,0,0,차대차 - 측면충돌,안전거리미확보,건조,맑음,단일로 - 기타,승용,남,52세,상해없음,승용,남,37세,중상
2020021300100401,2020년 2월 13일 17시,목요일,대구광역시 중구 대신동,경상사고,0,0,1,0,차대사람 - 보도통행중,안전운전불이행,건조,맑음,단일로 - 기타,승용,남,63세,상해없음,보행자,여,55세,경상
2020021300100402,2020년 2월 13일 17시,목요일,대구광역시 달서구 감삼동,중상사고,0,1,0,0,차대차 - 측면충돌,신호위반,건조,맑음,단일로 - 기타,승용,남,57세,상해없음,이륜,남,53세,중상
2020021300100494,2020년 2월 13일 19시,목요일,대구광역시 북구 대현동,경상사고,0,0,1,0,차대차 - 측면충돌,안전거리미확보,건조,맑음,교차로 - 교차로부근,기타불명,기타불명,미분류,기타불명,승용,남,77세,경상
2020021300100533,2020년 2월 13일 20시,목요일,대구광역시 동구 효목동,경상사고,0,0,1,0,차대차 - 기타,안전거리미확보,건조,맑음,단일로 - 교량,기타불명,기타불명,미분류,기타불명,승용,남,58세,상해없음
2020021300100534,2020년 2월 13일 20시,목요일,대구광역시 달서구 상인동,경상사고,0,0,3,0,차대차 - 기타,안전거리미확보,건조,맑음,단일로 - 기타,승용,남,25세,상해없음,승용,남,62세,경상