사고번호,사고일시,요일,시군구,사고내용,사망자수,중상자수,경상자수,부상신고자수,사고유형,법규위반,노면상태,기상상태,도로형태,가해운전자 차종,가해운전자 성별,가해운전자 연령,가해운전자 상해정도,피해운전자 차종,피해운전자 성별,피해운전자 연령,피해운전자 상해정도
2020021300100535,2020년 2월 13일 20시,목요일,대구광역시 북구 구암동,경상사고,0,0,1,0,차대차 - 기타,안전거리미확보,건조,맑음,단일로 - 기타,승용,남,40세,상해없음,승용,여,46세,상해없음
2020021300100608,2020년 2월 13일 22시,목요일,대구광역시 수성구 황금동,중상사고,0,1,0,1,차대차 - 측면충돌,신호위반,건조,맑음,교차로 - 교차로안,승용,남,65세,부상신고,승용,남,71세,중상
2020021300100609,2020년 2월 13일 22시,목요일,대구광역시 북구 학정동,경상사고,0,0,1,0,차대차 - 측면충돌,안전거리미확보,건조,맑음,교차로 - 교차로부근,승용,여,52세,기타불명,이륜,남,30세,경상
2020021300100632,2020년 2월 13일 23시,목요일,대구광역시 수성구 두산동,경상사고,0,0,1,0,차대차 - 측면충돌,차로위반,건조,맑음,단일로 - 기타,승용,남,63세,상해없음,이륜,남,20세,경상
2020021300100633,2020년 2월 13일 23시,목요일,대구광역시 달성군 다사읍,경상사고,0,0,1,0,차대차 - 기타,안전운전불이행,건조,맑음,단일로 - 기타,승용,여,30세,상해없음,승용,남,43세,경상
2020021400100007,2020년 2월 14일 00시,금요일,대구광역시 서구 비산동,경상사고,0,0,1,0,차대차 - 기타,안전운전불이행,건조,맑음,단일로 - 기타,자전거,남,16세,경상,승용,여,27세,기타불명
2020021400100039,2020년 2월 14일 04시,금요일,대구광역시 달서구 이곡동,경상사고,0,0,2,0,차대차 - 추돌,안전운전불이행,건조,맑음,단일로 - 기타,승용,남,37세,상해없음,승용,남,56세,경상
2020021400100068,2020년 2월 14일 06시,금요일,대구광역시 수성구 범물동,중상사고,0,1,0,0,차대차 - 정면충돌,신호위반,건조,맑음,교차로 - 교차로안,승용,여,30세,상해없음,승용,남,43세,중상
2020021400100069,2020년 2월 14일 06시,금요일,대구광역시 북구 검단동,중상사고,0,1,0,0,차대사람 - 횡단중,신호위반,건조,맑음,교차로 - 교차로부근,이륜,남,29세,상해없음,보행자,남,56세,중상
2020021400100087,2020년 2월 14일 07시,금요일,대구광역시 수성구 만촌동,경상사고,0,0,1,0,차대차 - 추돌,안전운전불이행,건조,맑음,단일로 - 기타,화물,남,39세,상해없음,승합,남,65세,경상
2020021400100088,2020년 2월 14일 07시,금요일,대구광역시 달서구 송현동,중상사고,0,1,1,0,차대차 - 측면충돌,불법유턴,건조,맑음,단일로 - 기타,승용,남,26세,상해없음,승용,남,56세,경상
2020021400100118,2020년 2월 14일 08시,금요일,대구광역시 동구 신서동,경상사고,0,0,2,0,차대차 - 기타,교차로운행방법위반,건조,맑음,교차로 - 교차로안,승용,여,48세,경상,승용,여,50세,경상
2020021400100119,2020년 2월 14일 08시,금요일,대구광역시 서구 비산동,경상사고,0,0,2,0,차대차 - 기타,기타,건조,맑음,단일로 - 기타,화물,남,58세,기타불명,승용,여,36세,경상
2020021400100120,2020년 2월 14일 08시,금요일,대구광역시 달서구 감삼동,경상사고,0,0,2,0,차대차 - 기타,직진우회전진행방해,건조,맑음,교차로 - 교차로안,이륜,남,41세,경상,승용,여,38세,경상
2020021400100158,2020년 2월 14일 09시,금요일,대구광역시 동구 서호동,중상사고,0,1,0,0,차대차 - 측면충돌,안전운전불이행,건조,맑음,교차로 - 교차로부근,화물,남,78세,상해없음,이륜,남,53세,중상
2020021400100159,2020년 2월 14일 09시,금요일,대구광역시 북구 칠성동1가,경상사고,0,0,1,0,차대사람 - 기타,기타,건조,맑음,단일로 - 기타,화물,남,49세,상해없음,보행자,여,67세,경상
2020021400100179,2020년 2월 14일 10시,금요일,대구광역시 수성구 시지동,경상사고,0,0,1,0,차대차 - 측면충돌,안전운전불이행,건조,맑음,단일로 - 기타,승용,남,31세,상해없음,승용,여,35세,경상
2020021400100180,2020년 2월 14일 10시,금요일,대구광역시 수성구 수성동4가,경상사고,0,0,3,0,차대차 - 측면충돌,안전운전불이행,건조,맑음,단일로 - 기타,이륜,여,73세,경상,승용,남,37세,경상
2020021400100209,2020년 2월 14일 11시,금요일,대구광역시 달서구 월성동,중상사고,0,1,0,0,차대사람 - 기타,안전운전불이행,건조,맑음,주차장 - 주차장,승용,여,36세,상해없음,보행자,여,53세,중상
2020021400100210,2020년 2월 14일 11시,금요일,대구광역시 달성군 현풍읍,경상사고,0,0,3,0,차대차 - 추돌,안전운전불이행,건조,맑음,단일로 - 기타,화물,남,44세,상해없음,승용,여,40세,경상
2020021400100228,2020년 2월 14일 12시,금요일,대구광역시 서구 비산동,경상사고,0,0,1,0,차대차 - 기타,안전운전불이행,건조,맑음,교차로 - 교차로안,승용,남,60세,상해없음,자전거,남,75세,경상
2020021400100229,2020년 2월 14일 12시,금요일,대구광역시 중구 삼덕동3가,경상사고,0,0,2,0,차대차 - 측면충돌,안전운전불이행,건조,맑음,단일로 - 기타,승용,여,50세,상해없음,승용,여,39세,경상
2020021400100230,2020년 2월 14일 12시,금요일,대구광역시 북구 사수동,경상사고,0,0,1,0,차대차 - 측면충돌,안전운전불이행,건조,맑음,교차로 - 교차로안,승용,여,51세,상해없음,사륜오토바이(ATV),남,19세,경상
2020021400100231,2020년 2월 14일 12시,금요일,대구광역시 북구 읍내동,중상사고,0,1,0,0,차대차 - 측면충돌,안전거리미확보,건조,맑음,교차로 - 교차로부근,승용,여,59세,상해없음,승용,여,65세,중상
2020021400100275,2020년 2월 14일 13시,금요일,대구광역시 달서구 본동,중상사고,0,1,3,0,차대차 - 측면충돌,안전거리미확보,건조,맑음,단일로 - 기타,승용,여,56세,경상,승용,남,24세,경상
2020021400100276,2020년 2월 14일 13시,금요일,대구광역시 중구 종로1가,중상사고,0,1,0,0,차대차 - 추돌,안전운전불이행,건조,맑음,단일로 - 기타,이륜,남,56세,중상,승용,남,64세,상해없음
2020021400100312,2020년 2월 14일 14시,금요일,대구광역시 달서구 대곡동,부상신고사고,0,0,0,1,차대차 - 기타,직진우회전진행방해,건조,맑음,교차로 - 교차로안,이륜,남,21세,부상신고,화물,남,74세,상해없음
2020021400100315,2020년 2월 14일 14시,금요일,대구광역시 달서구 호림동,경상사고,0,0,3,0,차대차 - 측면충돌,직진우회전진행방해,건조,맑음,교차로 - 교차로안,승용,여,44세,경상,승용,남,59세,경상
2020021400100316,2020년 2월 14일 14시,금요일,대구광역시 북구 동천동,경상사고,0,0,1,0,차대차 - 측면충돌,안전운전불이행,건조,맑음,교차로 - 교차로부근,승용,여,40세,상해없음,이륜,남,42세,경상
2020021400100359,2020년 2월 14일 15시,금요일,대구광역시 수성구 신매동,경상사고,0,0,1,0,차대차 - 측면충돌,안전거리미확보,건조,맑음,교차로 - 교차로안,승용,남,75세,상해없음,승용,남,33세,경상
2020021400100390,2020년 2월 14일 16시,금요일,대구광역시 동구 방촌동,경상사고,0,0,2,0,차대차 - 후진중충돌,안전운전불이행,건조,맑음,교차로 - 교차로안,승용,여,38세,상해없음,이륜,남,23세,경상
2020021400100391,2020년 2월 14일 16시,금요일,대구광역시 수성구 범어동,경상사고,0,0,1,0,차량단독 - 기타,안전운전불이행,건조,맑음,단일로 - 기타,승용,남,66세,상해없음,,,,
2020021400100392,2020년 2월 14일 16시,금요일,대구광역시 달성군 현풍읍,경상사고,0,0,1,0,차대차 - 측면충돌,신호위반,건조,맑음,교차로 - 교차로부근,이륜,남,17세,기타불명,승용,남,67세,경상
2020021400100393,2020년 2월 14일 16시,금요일,대구광역시 북구 복현동,경상사고,0,0,1,0,차대차 - 측면충돌,안전거리미확보,건조,맑음,단일로 - 기타,승용,여,23세,상해없음,승용,여,49세,경상
2020021400100394,2020년 2월 14일 16시,금요일,대구광역시 북구 태전동,부상신고사고,0,0,0,2,차대차 - 측면충돌,안전거리미확보,건조,맑음,단일로 - 기타,승용,여,49세,상해없음,이륜,남,19세,부상신고
2020021400100437,2020년 2월 14일 17시,금요일,대구광역시 달성군 옥포읍,경상사고,0,0,1,1,차대차 - 추돌,직진우회전진행방해,건조,맑음,교차로 - 교차로안,승용,남,24세,부상신고,승용,여,69세,경상
2020021400100486,2020년 2월 14일 18시,금요일,대구광역시 수성구 범어동,경상사고,0,0,1,0,차대차 - 측면충돌,안전거리미확보,건조,맑음,단일로 - 기타,승용,남,56세,상해없음,승용,남,28세,경상
2020021400100487,2020년 2월 14일 18시,금요일,대구광역시 달성군 화원읍,경상사고,0,0,1,0,차대차 - 기타,안전운전불이행,건조,맑음,단일로 - 기타,승용,남,59세,상해없음,승용,여,51세,경상
2020021400100488,2020년 2월 14일 18시,금요일,대구광역시 중구 삼덕동2가,경상사고,0,0,1,0,차대차 - 추돌,안전운전불이행,건조,맑음,단일로 - 기타,승용,남,54세,상해없음,승용,남,36세,경상
2020021400100527,2020년 2월 14일 19시,금요일,대구광역시 북구 금호동,경상사고,0,0,2,0,차대차 - 측면충돌,안전운전불이행,건조,맑음,단일로 - 교량,특수,남,52세,상해없음,승용,여,36세,경상
2020021400100534,2020년 2월 14일 19시,금요일,대구광역시 남구 봉덕동,중상사고,0,1,0,0,차대차 - 측면충돌,신호위반,건조,맑음,교차로 - 교차로안,승용,여,61세,상해없음,이륜,남,37세,중상
2020021400100535,2020년 2월 14일 19시,금요일,대구광역시 수성구 시지동,경상사고,0,0,3,0,차대차 - 기타,안전운전불이행,건조,맑음,교차로 - 교차로부근,승합,남,52세,경상,승용,남,52세,경상
2020021400100536,2020년 2월 14일 19시,금요일,대구광역시 북구 칠성동2가,부상신고사고,0,0,0,1,차대차 - 기타,안전운전불이행,건조,맑음,교차로 - 교차로부근,이륜,남,18세,부상신고,승용,남,70세,상해없음
2020021400100573,2020년 2월 14일 20시,금요일,대구광역시 동구 입석동,중상사고,0,1,0,0,차대사람 - 기타,보행자보호의무위반,건조,맑음,교차로 - 교차로횡단보도내,승용,남,48세,상해없음,보행자,남,22세,중상
2020021400100574,2020년 2월 14일 20시,금요일,대구광역시 동구 방촌동,경상사고,0,0,1,0,차대사람 - 기타,안전운전불이행,건조,맑음,교차로 - 교차로안,승용,남,66세,상해없음,보행자,여,21세,경상
2020021400100575,2020년 2월 14일 20시,금요일,대구광역시 달서구 이곡동,경상사고,0,0,1,0,차대차 - 측면충돌,안전거리미확보,건조,맑음,단일로 - 기타,승용,남,21세,상해없음,이륜,남,22세,경상
2020021400100604,2020년 2월 14일 21시,금요일,대구광역시 수성구 황금동,경상사고,0,0,1,0,차대차 - 추돌,안전운전불이행,건조,맑음,단일로 - 기타,승용,남,54세,상해없음,이륜,남,25세,경상
2020021400100605,2020년 2월 14일 21시,금요일,대구광역시 중구 계산동2가,경상사고,0,0,1,0,차량단독 - 기타,안전운전불이행,건조,맑음,교차로 - 교차로안,승용,남,58세,상해없음,,,,
2020021400100637,2020년 2월 14일 22시,금요일,대구광역시 수성구 상동,중상사고,0,1,0,0,차대사람 - 차도통행중,안전운전불이행,건조,맑음,교차로 - 교차로부근,승용,남,64세,상해없음,보행자,여,66세,중상
2020021400100638,2020년 2월 14일 22시,금요일,대구광역시 북구 산격동,중상사고,0,1,0,0,차대차 - 측면충돌,안전운전불이행,건조,맑음,교차로 - 교차로안,승용,여,29세,상해없음,승용,남,47세,중상
2020021400100662,2020년 2월 14일 23시,금요일,대구광역시 남구 대명동,경상사고,0,0,1,0,차대사람 - 기타,안전운전불이행,건조,맑음,단일로 - 기타,승용,남,31세,상해없음,보행자,남,34세,경상
2020021400100663,2020년 2월 14일 23시,금요일,대구광역시 북구 태전동,중상사고,0,1,0,0,차대차 - 측면충돌,안전운전불이행,건조,맑음,교차로 - 교차로안,이륜,남,17세,상해없음,승용,여,47세,상해없음
2020021500100019,2020년 2월 15일 00시,토요일,대구광역시 수성구 범어동,경상사고,0,0,1,0,차대차 - 측면충돌,안전거리미확보,건조,맑음,교차로 - 교차로부근,승용,남,63세,상해없음,이륜,남,23세,경상
2020021500100042,2020년 2월 15일 01시,토요일,대구광역시 남구 봉덕동,중상사고,0,1,1,0,차대차 - 추돌,안전운전불이행,건조,맑음,교차로 - 교차로부근,화물,남,27세,상해없음,승용,남,64세,중상
2020021500100070,2020년 2월 15일 04시,토요일,대구광역시 달서구 감삼동,경상사고,0,0,2,0,차대차 - 추돌,안전거리미확보,건조,맑음,교차로 - 교차로안,승용,남,51세,상해없음,승용,남,19세,경상
2020021500100106,2020년 2월 15일 07시,토요일,대구광역시 북구 침산동,경상사고,0,0,1,0,차대차 - 기타,안전운전불이행,건조,흐림,단일로 - 기타,승용,남,61세,상해없음,승용,남,22세,경상
2020021500100120,2020년 2월 15일 08시,토요일,대구광역시 달성군 다사읍,경상사고,0,0,1,0,차대차 - 기타,교차로운행방법위반,건조,맑음,교차로 - 교차로안,승용,남,28세,기타불명,승용,남,43세,경상
2020021500100121,2020년 2월 15일 08시,토요일,대구광역시 북구 침산동,경상사고,0,0,1,0,차대차 - 추돌,기타,건조,맑음,단일로 - 기타,승용,남,27세,경상,화물,남,35세,상해없음
2020021500100122,2020년 2월 15일 08시,토요일,대구광역시 북구 팔달동,경상사고,0,0,1,0,차대차 - 추돌,안전운전불이행,건조,맑음,기타 - 기타,화물,남,60세,상해없음,승용,여,27세,경상
2020021500100135,2020년 2월 15일 09시,토요일,대구광역시 달서구 장동,경상사고,0,0,1,0,차량단독 - 공작물충돌,안전운전불이행,건조,맑음,교차로 - 교차로부근,건설기계,남,28세,경상,,,,
2020021500100136,2020년 2월 15일 09시,토요일,대구광역시 달서구 상인동,경상사고,0,0,1,0,차대차 - 기타,안전운전불이행,건조,맑음,단일로 - 기타,기타불명,기타불명,미분류,기타불명,승합,남,57세,상해없음
2020021500100164,2020년 2월 15일 10시,토요일,대구광역시 동구 신암동,중상사고,0,1,0,0,차대차 - 측면충돌,교차로운행방법위반,건조,맑음,단일로 - 기타,승합,남,70세,상해없음,이륜,남,74세,중상
2020021500100192,2020년 2월 15일 11시,토요일,대구광역시 북구 산격동,중상사고,0,1,0,0,차대차 - 측면충돌,안전운전불이행,건조,맑음,교차로 - 교차로부근,승용,남,48세,상해없음,이륜,남,28세,중상
2020021500100233,2020년 2월 15일 12시,토요일,대구광역시 북구 팔달동,경상사고,0,0,1,0,차대사람 - 기타,안전운전불이행,건조,맑음,단일로 - 기타,승용,남,57세,상해없음,보행자,남,43세,경상
2020021500100261,2020년 2월 15일 13시,토요일,대구광역시 북구 복현동,중상사고,0,1,0,0,차대사람 - 기타,안전운전불이행,건조,맑음,단일로 - 기타,승용,여,35세,상해없음,보행자,남,81세,중상
2020021500100262,2020년 2월 15일 13시,토요일,대구광역시 달서구 죽전동,경상사고,0,0,1,0,차대차 - 측면충돌,안전운전불이행,건조,맑음,교차로 - 교차로부근,승용,여,54세,상해없음,승용,여,32세,경상
2020021500100293,2020년 2월 15일 14시,토요일,대구광역시 동구 용계동,경상사고,0,0,1,0,차대차 - 추돌,안전운전불이행,건조,맑음,교차로 - 교차로부근,승용,남,65세,상해없음,승용,여,28세,경상
2020021500100322,2020년 2월 15일 15시,토요일,대구광역시 남구 봉덕동,경상사고,0,0,1,0,차대사람 - 길가장자리구역통행중,안전운전불이행,건조,맑음,단일로 - 기타,승용,남,37세,상해없음,보행자,여,68세,경상
2020021500100323,2020년 2월 15일 15시,토요일,대구광역시 동구 효목동,경상사고,0,0,3,0,차대차 - 측면충돌,신호위반,건조,맑음,교차로 - 교차로부근,승용,남,27세,경상,승용,남,40세,경상
2020021500100393,2020년 2월 15일 17시,토요일,대구광역시 남구 대명동,경상사고,0,0,1,0,차대차 - 측면충돌,신호위반,건조,맑음,교차로 - 교차로안,승용,남,53세,상해없음,승용,남,56세,경상
2020021500100394,2020년 2월 15일 17시,토요일,대구광역시 동구 각산동,경상사고,0,0,1,0,차대차 - 추돌,안전운전불이행,건조,맑음,단일로 - 기타,승용,여,60세,상해없음,승용,남,54세,경상
2020021500100395,2020년 2월 15일 17시,토요일,대구광역시 북구 동천동,경상사고,0,0,2,0,차대차 - 기타,안전거리미확보,건조,맑음,교차로 - 교차로부근,승용,남,70세,상해없음,이륜,남,18세,경상
2020021500100435,2020년 2월 15일 18시,토요일,대구광역시 남구 대명동,경상사고,0,0,1,0,차대차 - 측면충돌,안전운전불이행,건조,맑음,교차로 - 교차로부근,승용,남,38세,상해없음,이륜,남,36세,경상
2020021500100436,2020년 2월 15일 18시,토요일,대구광역시 달서구 송현동,경상사고,0,0,1,0,차대차 - 측면충돌,차로위반,건조,맑음,단일로 - 기타,승용,남,78세,상해없음,승용,여,53세,경상
2020021500100437,2020년 2월 15일 18시,토요일,대구광역시 서구 비산동,중상사고,0,1,0,0,차대차 - 정면충돌,안전운전불이행,건조,맑음,교차로 - 교차로부근,화물,남,35세,상해없음,이륜,남,27세,중상
2020021500100438,2020년 2월 15일 18시,토요일,대구광역시 서구 내당동,부상신고사고,0,0,0,1,차대차 - 추돌,교차로운행방법위반,건조,맑음,교차로 - 교차로안,승용,여,50세,상해없음,이륜,남,25세,부상신고
2020021500100468,2020년 2월 15일 19시,토요일,대구광역시 북구 태전동,중상사고,0,1,0,1,차대차 - 측면충돌,교차로운행방법위반,건조,맑음,교차로 - 교차로안,자전거,남,14세,부상신고,이륜,남,23세,중상
2020021500100498,2020년 2월 15일 20시,토요일,대구광역시 남구 봉덕동,경상사고,0,0,1,2,차대차 - 기타,안전운전불이행,건조,맑음,단일로 - 교량,승용,남,42세,경상,승용,남,19세,상해없음
2020021500100537,2020년 2월 15일 21시,토요일,대구광역시 달서구 도원동,경상사고,0,0,2,0,차대차 - 기타,중앙선침범,건조,맑음,기타 - 기타,이륜,남,18세,경상,승용,여,52세,경상
2020021500100538,2020년 2월 15일 21시,토요일,대구광역시 달서구 두류동,경상사고,0,0,1,0,차대차 - 추돌,안전운전불이행,건조,맑음,교차로 - 교차로부근,승용,남,49세,상해없음,승용,남,31세,경상
2020021500100582,2020년 2월 15일 22시,토요일,대구광역시 중구 삼덕동1가,경상사고,0,0,2,4,차대차 - 측면충돌,안전운전불이행,건조,맑음,교차로 - 교차로부근,승용,남,58세,상해없음,승용,남,28세,경상
2020021500100583,2020년 2월 15일 22시,토요일,대구광역시 달서구 본리동,중상사고,0,1,0,0,차대사람 - 보도통행중,기타,건조,맑음,기타 - 기타,승용,남,41세,상해없음,보행자,남,41세,중상
2020021500100608,2020년 2월 15일 23시,토요일,대구광역시 북구 노원동3가,경상사고,0,0,1,0,차대차 - 측면충돌,안전거리미확보,건조,맑음,교차로 - 교차로부근,승용,남,58세,기타불명,승용,남,36세,경상
2020021600100018,2020년 2월 16일 00시,일요일,대구광역시 달서구 호산동,중상사고,0,1,1,0,차대차 - 측면충돌,직진우회전진행방해,건조,맑음,교차로 - 교차로안,이륜,남,27세,경상,이륜,남,33세,중상
2020021600100040,2020년 2월 16일 01시,일요일,대구광역시 남구 대명동,경상사고,0,0,1,0,차대차 - 측면충돌,신호위반,건조,맑음,교차로 - 교차로안,원동기,남,28세,상해없음,개인형이동수단(PM),남,38세,경상
2020021600100067,2020년 2월 16일 02시,일요일,대구광역시 남구 대명동,경상사고,0,0,1,0,차대차 - 기타,안전운전불이행,건조,맑음,단일로 - 기타,원동기,남,19세,경상,승용,남,68세,상해없음
2020021600100100,2020년 2월 16일 04시,일요일,대구광역시 달서구 월성동,부상신고사고,0,0,0,1,차대차 - 추돌,안전운전불이행,건조,흐림,단일로 - 기타,승용,남,56세,부상신고,화물,기타불명,미분류,기타불명
2020021600100113,2020년 2월 16일 05시,일요일,대구광역시 남구 대명동,중상사고,0,1,5,0,차대차 - 측면충돌,과속,젖음/습기,비,단일로 - 고가도로위,승용,남,56세,중상,승용,남,58세,경상
2020021600100125,2020년 2월 16일 06시,일요일,대구광역시 달성군 유가읍,경상사고,0,0,1,0,차대차 - 측면충돌,안전운전불이행,건조,맑음,단일로 - 기타,이륜,남,19세,기타불명,승용,여,56세,경상
2020021600100133,2020년 2월 16일 07시,일요일,대구광역시 동구 신암동,중상사고,0,1,0,0,차대사람 - 기타,기타,건조,맑음,단일로 - 기타,승용,남,49세,상해없음,보행자,여,64세,중상
2020021600100134,2020년 2월 16일 07시,일요일,대구광역시 서구 평리동,경상사고,0,0,2,0,차대차 - 측면충돌,신호위반,건조,맑음,교차로 - 교차로안,승용,여,67세,상해없음,승용,남,27세,경상
2020021600100169,2020년 2월 16일 10시,일요일,대구광역시 동구 신암동,경상사고,0,0,1,0,차대차 - 측면충돌,신호위반,건조,맑음,교차로 - 교차로안,승용,남,67세,상해없음,승용,남,61세,경상
2020021600100186,2020년 2월 16일 11시,일요일,대구광역시 중구 달성동,부상신고사고,0,0,0,1,차대차 - 기타,안전운전불이행,건조,맑음,단일로 - 기타,자전거,여,59세,부상신고,승용,남,57세,상해없음
2020021600100243,2020년 2월 16일 13시,일요일,대구광역시 동구 검사동,경상사고,0,0,1,0,차대차 - 측면충돌,안전거리미확보,건조,맑음,단일로 - 기타,승용,남,49세,기타불명,승용,남,29세,경상
2020021600100244,2020년 2월 16일 13시,일요일,대구광역시 수성구 매호동,경상사고,0,0,1,0,차대차 - 측면충돌,안전운전불이행,건조,맑음,단일로 - 기타,승용,남,60세,상해없음,자전거,남,11세,경상
2020021600100245,2020년 2월 16일 13시,일요일,대구광역시 수성구 지산동,중상사고,0,1,2,0,차대차 - 측면충돌,안전운전불이행,건조,맑음,단일로 - 기타,이륜,남,28세,중상,승용,남,45세,경상
2020021600100246,2020년 2월 16일 13시,일요일,대구광역시 북구 복현동,경상사고,0,0,1,0,차대사람 - 횡단중,보행자보호의무위반,건조,맑음,교차로 - 교차로안,승합,남,63세,상해없음,보행자,남,72세,경상
2020021600100263,2020년 2월 16일 14시,일요일,대구광역시 동구 효목동,경상사고,0,0,1,0,차대차 - 기타,안전운전불이행,건조,맑음,단일로 - 기타,승용,남,52세,상해없음,이륜,남,34세,경상
2020021600100264,2020년 2월 16일 14시,일요일,대구광역시 중구 남산동,부상신고사고,0,0,0,2,차대차 - 기타,안전거리미확보,건조,맑음,교차로 - 교차로안,이륜,남,50세,부상신고,승용,남,38세,상해없음
2020021600100317,2020년 2월 16일 16시,일요일,대구광역시 동구 신기동,경상사고,0,0,1,0,차대사람 - 차도통행중,안전운전불이행,건조,맑음,단일로 - 기타,승용,남,33세,상해없음,보행자,남,5세,경상
2020021600100318,2020년 2월 16일 16시,일요일,대구광역시 수성구 범물동,경상사고,0,0,3,0,차대차 - 추돌,안전운전불이행,건조,맑음,단일로 - 기타,화물,남,56세,상해없음,승용,남,27세,경상
2020021600100319,2020년 2월 16일 16시,일요일,대구광역시 달서구 상인동,중상사고,0,1,0,0,차대차 - 측면충돌,안전거리미확보,건조,맑음,단일로 - 기타,승용,여,37세,기타불명,이륜,남,18세,중상
2020021600100320,2020년 2월 16일 16시,일요일,대구광역시 달서구 송현동,경상사고,0,0,4,0,차대차 - 측면충돌,교차로운행방법위반,건조,맑음,교차로 - 교차로안,승용,남,32세,경상,승용,남,47세,경상
2020021600100346,2020년 2월 16일 17시,일요일,대구광역시 남구 대명동,중상사고,0,1,0,0,차대차 - 기타,안전운전불이행,건조,맑음,단일로 - 기타,승용,남,30세,상해없음,이륜,남,56세,중상
2020021600100347,2020년 2월 16일 17시,일요일,대구광역시 동구 방촌동,경상사고,0,0,1,0,차대차 - 추돌,안전운전불이행,건조,맑음,단일로 - 기타,승용,남,32세,상해없음,이륜,여,51세,경상
2020021600100348,2020년 2월 16일 17시,일요일,대구광역시 달서구 신당동,경상사고,0,0,1,0,차대차 - 측면충돌,안전거리미확보,건조,맑음,단일로 - 기타,승용,남,49세,상해없음,승용,남,47세,경상
2020021600100381,2020년 2월 16일 18시,일요일,대구광역시 동구 효목동,경상사고,0,0,1,0,차대차 - 추돌,안전운전불이행,건조,맑음,교차로 - 교차로안,승용,남,48세,상해없음,승용,남,27세,경상
2020021600100382,2020년 2월 16일 18시,일요일,대구광역시 달서구 이곡동,중상사고,0,1,1,0,차대차 - 측면충돌,신호위반,건조,맑음,교차로 - 교차로안,이륜,남,21세,중상,승용,남,40세,경상
2020021600100413,2020년 2월 16일 19시,일요일,대구광역시 수성구 두산동,경상사고,0,0,4,0,차대차 - 측면충돌,안전운전불이행,건조,맑음,교차로 - 교차로부근,이륜,남,51세,상해없음,승용,남,47세,상해없음
2020021600100464,2020년 2월 16일 21시,일요일,대구광역시 달서구 송현동,경상사고,0,0,2,0,차대차 - 측면충돌,신호위반,건조,맑음,교차로 - 교차로안,승합,남,56세,경상,화물,남,44세,경상
2020021700100021,2020년 2월 17일 04시,월요일,대구광역시 수성구 두산동,중상사고,0,1,2,0,차대차 - 측면충돌,교차로운행방법위반,건조,맑음,교차로 - 교차로안,화물,남,59세,경상,승용,남,33세,경상
2020021700100026,2020년 2월 17일 05시,월요일,대구광역시 수성구 범어동,경상사고,0,0,1,0,차대차 - 추돌,안전운전불이행,건조,맑음,단일로 - 기타,기타불명,기타불명,미분류,기타불명,화물,남,36세,경상
2020021700100065,2020년 2월 17일 07시,월요일,대구광역시 북구 침산동,경상사고,0,0,1,0,차대차 - 측면충돌,신호위반,건조,맑음,교차로 - 교차로안,승용,남,42세,상해없음,승용,남,69세,경상
2020021700100099,2020년 2월 17일 08시,월요일,대구광역시 수성구 범어동,중상사고,0,1,0,0,차대차 - 측면충돌,안전운전불이행,건조,맑음,단일로 - 기타,승용,남,26세,기타불명,승합,남,45세,상해없음
2020021700100100,2020년 2월 17일 08시,월요일,대구광역시 달서구 송현동,중상사고,0,1,0,0,차대차 - 측면충돌,교차로운행방법위반,건조,맑음,교차로 - 교차로안,승용,남,57세,상해없음,승용,여,37세,중상
2020021700100101,2020년 2월 17일 08시,월요일,대구광역시 북구 복현동,중상사고,0,1,0,0,차대사람 - 기타,보행자보호의무위반,건조,맑음,교차로 - 교차로횡단보도내,승용,남,24세,상해없음,보행자,여,64세,중상
2020021700100147,2020년 2월 17일 09시,월요일,대구광역시 남구 봉덕동,경상사고,0,0,1,0,차대사람 - 기타,안전운전불이행,건조,맑음,단일로 - 기타,승용,남,72세,상해없음,보행자,여,65세,경상
2020021700100148,2020년 2월 17일 09시,월요일,대구광역시 동구 각산동,경상사고,0,0,2,0,차대차 - 기타,안전운전불이행,건조,맑음,교차로 - 교차로안,승용,여,42세,경상,승용,여,32세,상해없음
2020021700100149,2020년 2월 17일 09시,월요일,대구광역시 동구 신천동,경상사고,0,0,2,0,차대차 - 측면충돌,안전운전불이행,건조,맑음,단일로 - 기타,승용,남,59세,경상,승용,여,40세,경상
2020021700100150,2020년 2월 17일 09시,월요일,대구광역시 달성군 화원읍,경상사고,0,0,2,0,차대차 - 기타,안전운전불이행,건조,맑음,기타 - 기타,건설기계,남,53세,상해없음,승합,남,43세,상해없음
2020021700100151,2020년 2월 17일 09시,월요일,대구광역시 북구 검단동,중상사고,0,1,1,0,차대차 - 측면충돌,신호위반,건조,흐림,교차로 - 교차로안,승용,남,71세,경상,특수,남,56세,상해없음
2020021700100185,2020년 2월 17일 10시,월요일,대구광역시 남구 대명동,중상사고,0,1,0,0,차대사람 - 차도통행중,안전운전불이행,건조,맑음,단일로 - 기타,승합,남,78세,상해없음,보행자,여,26세,중상
2020021700100186,2020년 2월 17일 10시,월요일,대구광역시 서구 비산동,경상사고,0,0,1,1,차대차 - 기타,안전운전불이행,건조,맑음,교차로 - 교차로안,화물,남,49세,부상신고,승용,남,58세,경상