사고번호,사고일시,요일,시군구,사고내용,사망자수,중상자수,경상자수,부상신고자수,사고유형,법규위반,노면상태,기상상태,도로형태,가해운전자 차종,가해운전자 성별,가해운전자 연령,가해운전자 상해정도,피해운전자 차종,피해운전자 성별,피해운전자 연령,피해운전자 상해정도
2020022000100168,2020년 2월 20일 09시,목요일,대구광역시 달성군 다사읍,경상사고,0,0,1,0,차대차 - 기타,안전운전불이행,건조,맑음,교차로 - 교차로횡단보도내,승용,남,53세,상해없음,자전거,남,77세,경상
2020022000100169,2020년 2월 20일 09시,목요일,대구광역시 서구 중리동,경상사고,0,0,1,0,차대사람 - 기타,안전운전불이행,건조,맑음,단일로 - 기타,화물,남,63세,상해없음,보행자,남,52세,경상
2020022000100201,2020년 2월 20일 10시,목요일,대구광역시 서구 평리동,부상신고사고,0,0,0,1,차대차 - 추돌,안전거리미확보,건조,맑음,단일로 - 기타,이륜,남,60세,부상신고,화물,남,57세,상해없음
2020022000100228,2020년 2월 20일 11시,목요일,대구광역시 달서구 상인동,중상사고,0,1,0,0,차대차 - 기타,직진우회전진행방해,건조,맑음,교차로 - 교차로안,승용,남,69세,상해없음,이륜,남,60세,중상
2020022000100229,2020년 2월 20일 11시,목요일,대구광역시 달서구 송현동,경상사고,0,0,1,0,차대차 - 후진중충돌,안전운전불이행,건조,맑음,단일로 - 기타,승용,남,76세,상해없음,승용,여,25세,경상
2020022000100230,2020년 2월 20일 11시,목요일,대구광역시 북구 침산동,부상신고사고,0,0,0,1,차대차 - 정면충돌,안전운전불이행,건조,맑음,단일로 - 기타,자전거,남,70세,부상신고,자전거,여,60세,상해없음
2020022000100266,2020년 2월 20일 12시,목요일,대구광역시 수성구 수성동1가,경상사고,0,0,1,0,차대차 - 기타,안전운전불이행,건조,맑음,교차로 - 교차로안,승용,남,55세,상해없음,승용,남,46세,경상
2020022000100340,2020년 2월 20일 14시,목요일,대구광역시 동구 효목동,경상사고,0,0,3,0,차대차 - 측면충돌,차로위반,건조,맑음,단일로 - 기타,승용,여,39세,상해없음,승용,여,35세,경상
2020022000100382,2020년 2월 20일 15시,목요일,대구광역시 북구 학정동,중상사고,0,1,0,0,차대사람 - 횡단중,안전운전불이행,건조,맑음,단일로 - 기타,승용,여,51세,상해없음,보행자,여,60세,중상
2020022000100430,2020년 2월 20일 16시,목요일,대구광역시 달서구 진천동,경상사고,0,0,1,0,차대차 - 측면충돌,안전거리미확보,건조,맑음,단일로 - 기타,승용,남,60세,상해없음,승용,남,19세,경상
2020022000100465,2020년 2월 20일 17시,목요일,대구광역시 동구 동내동,경상사고,0,0,1,0,차대사람 - 기타,불법유턴,건조,맑음,단일로 - 기타,승용,남,64세,상해없음,보행자,남,63세,경상
2020022000100466,2020년 2월 20일 17시,목요일,대구광역시 동구 각산동,경상사고,0,0,1,0,차대차 - 추돌,안전운전불이행,건조,맑음,단일로 - 기타,승용,남,30세,상해없음,승용,남,64세,기타불명
2020022000100523,2020년 2월 20일 18시,목요일,대구광역시 동구 검사동,중상사고,0,1,0,0,차대사람 - 횡단중,보행자보호의무위반,건조,맑음,단일로 - 기타,승용,여,38세,상해없음,보행자,여,52세,중상
2020022000100524,2020년 2월 20일 18시,목요일,대구광역시 서구 이현동,부상신고사고,0,0,0,3,차대차 - 기타,안전운전불이행,건조,맑음,단일로 - 기타,승용,여,40세,부상신고,이륜,남,17세,부상신고
2020022000100571,2020년 2월 20일 19시,목요일,대구광역시 중구 동산동,경상사고,0,0,1,0,차대차 - 측면충돌,차로위반,건조,맑음,단일로 - 기타,승용,남,27세,상해없음,이륜,남,31세,경상
2020022000100614,2020년 2월 20일 20시,목요일,대구광역시 수성구 수성동1가,경상사고,0,0,3,0,차대차 - 측면충돌,안전운전불이행,건조,맑음,단일로 - 기타,승합,남,70세,상해없음,승용,남,30세,경상
2020022000100615,2020년 2월 20일 20시,목요일,대구광역시 달서구 상인동,경상사고,0,0,1,0,차대차 - 측면충돌,안전운전불이행,건조,맑음,단일로 - 기타,승용,남,55세,상해없음,승용,남,25세,경상
2020022000100616,2020년 2월 20일 20시,목요일,대구광역시 북구 태전동,경상사고,0,0,1,0,차대차 - 측면충돌,교차로운행방법위반,건조,맑음,교차로 - 교차로안,이륜,남,26세,상해없음,이륜,남,27세,경상
2020022000100650,2020년 2월 20일 21시,목요일,대구광역시 수성구 황금동,경상사고,0,0,2,0,차대차 - 기타,안전운전불이행,건조,맑음,단일로 - 기타,승용,남,21세,상해없음,승용,남,32세,경상
2020022000100651,2020년 2월 20일 21시,목요일,대구광역시 달서구 이곡동,경상사고,0,0,1,0,차대차 - 측면충돌,교차로운행방법위반,건조,흐림,교차로 - 교차로안,승용,남,71세,상해없음,이륜,남,27세,경상
2020022000100702,2020년 2월 20일 23시,목요일,대구광역시 달서구 송현동,경상사고,0,0,1,0,차대차 - 측면충돌,교차로운행방법위반,건조,맑음,교차로 - 교차로안,승용,남,51세,기타불명,승용,여,37세,경상
2020022000100703,2020년 2월 20일 23시,목요일,대구광역시 달서구 도원동,경상사고,0,0,3,0,차대차 - 측면충돌,안전거리미확보,건조,맑음,단일로 - 기타,승용,남,50세,경상,승용,남,30세,경상
2020022100100058,2020년 2월 21일 03시,금요일,대구광역시 북구 구암동,중상사고,0,1,0,0,차대차 - 추돌,안전운전불이행,건조,맑음,단일로 - 기타,승용,남,40세,중상,승합,기타불명,미분류,기타불명
2020022100100153,2020년 2월 21일 08시,금요일,대구광역시 동구 효목동,경상사고,0,0,1,0,차대차 - 추돌,안전거리미확보,건조,맑음,단일로 - 기타,승용,남,63세,상해없음,승용,남,37세,경상
2020022100100154,2020년 2월 21일 08시,금요일,대구광역시 북구 팔달동,경상사고,0,0,1,0,차대차 - 측면충돌,안전운전불이행,건조,맑음,단일로 - 기타,화물,남,66세,상해없음,화물,남,39세,경상
2020022100100191,2020년 2월 21일 09시,금요일,대구광역시 중구 동산동,경상사고,0,0,1,0,차대차 - 추돌,안전운전불이행,건조,맑음,교차로 - 교차로부근,승용,남,68세,상해없음,승용,남,53세,경상
2020022100100239,2020년 2월 21일 11시,금요일,대구광역시 동구 서호동,경상사고,0,0,2,0,차대차 - 측면충돌,기타,건조,맑음,교차로 - 교차로안,승용,남,41세,경상,승용,남,67세,경상
2020022100100240,2020년 2월 21일 11시,금요일,대구광역시 북구 산격동,중상사고,0,1,3,0,차대차 - 측면충돌,교차로운행방법위반,건조,맑음,교차로 - 교차로안,승용,남,31세,경상,승용,남,55세,경상
2020022100100265,2020년 2월 21일 12시,금요일,대구광역시 수성구 수성동2가,경상사고,0,0,1,0,차대차 - 측면충돌,교차로운행방법위반,건조,맑음,교차로 - 교차로안,이륜,남,67세,상해없음,이륜,남,47세,경상
2020022100100266,2020년 2월 21일 12시,금요일,대구광역시 달서구 대곡동,경상사고,0,0,1,0,차대차 - 측면충돌,안전운전불이행,건조,맑음,단일로 - 기타,승합,남,74세,상해없음,승용,남,59세,경상
2020022100100328,2020년 2월 21일 14시,금요일,대구광역시 수성구 대흥동,중상사고,0,1,1,0,차대차 - 추돌,안전운전불이행,건조,맑음,단일로 - 지하차도(도로)내,건설기계,남,48세,상해없음,승용,남,50세,경상
2020022100100363,2020년 2월 21일 15시,금요일,대구광역시 동구 부동,경상사고,0,0,3,0,차대차 - 측면충돌,안전운전불이행,건조,맑음,단일로 - 기타,승용,남,65세,상해없음,승용,남,22세,경상
2020022100100367,2020년 2월 21일 15시,금요일,대구광역시 달성군 화원읍,경상사고,0,0,2,0,차대차 - 추돌,안전운전불이행,건조,맑음,교차로 - 교차로안,승용,남,33세,경상,승용,여,53세,경상
2020022100100401,2020년 2월 21일 16시,금요일,대구광역시 동구 율하동,경상사고,0,0,1,0,차대사람 - 길가장자리구역통행중,안전운전불이행,건조,맑음,단일로 - 기타,승용,남,56세,상해없음,보행자,여,21세,경상
2020022100100435,2020년 2월 21일 17시,금요일,대구광역시 달서구 월성동,부상신고사고,0,0,0,1,차대차 - 측면충돌,안전운전불이행,건조,맑음,단일로 - 기타,승용,여,52세,부상신고,화물,남,59세,상해없음
2020022100100476,2020년 2월 21일 18시,금요일,대구광역시 수성구 황금동,경상사고,0,0,1,0,차대차 - 측면충돌,안전거리미확보,건조,맑음,단일로 - 기타,승용,남,62세,기타불명,승용,남,42세,경상
2020022100100525,2020년 2월 21일 19시,금요일,대구광역시 달성군 옥포읍,중상사고,0,1,1,0,차대차 - 기타,안전운전불이행,건조,맑음,교차로 - 교차로안,승용,남,62세,경상,승용,남,47세,중상
2020022100100526,2020년 2월 21일 19시,금요일,대구광역시 북구 침산동,경상사고,0,0,1,0,차대차 - 기타,안전거리미확보,건조,맑음,단일로 - 기타,이륜,남,20세,경상,화물,남,46세,상해없음
2020022100100527,2020년 2월 21일 19시,금요일,대구광역시 북구 팔달동,중상사고,0,1,0,0,차대사람 - 기타,안전운전불이행,건조,맑음,단일로 - 기타,화물,남,34세,상해없음,보행자,남,77세,중상
2020022100100585,2020년 2월 21일 20시,금요일,대구광역시 동구 신암동,경상사고,0,0,1,0,차대사람 - 기타,안전운전불이행,건조,맑음,단일로 - 기타,기타불명,기타불명,미분류,기타불명,보행자,여,52세,경상
2020022100100618,2020년 2월 21일 21시,금요일,대구광역시 중구 삼덕동1가,중상사고,0,1,0,0,차대사람 - 기타,신호위반,젖음/습기,비,단일로 - 기타,이륜,남,39세,상해없음,보행자,남,36세,중상
2020022100100619,2020년 2월 21일 21시,금요일,대구광역시 달서구 두류동,경상사고,0,0,5,0,차대차 - 측면충돌,교차로운행방법위반,건조,맑음,교차로 - 교차로안,승용,여,38세,경상,승용,남,50세,경상
2020022200100104,2020년 2월 22일 06시,토요일,대구광역시 수성구 중동,경상사고,0,0,1,0,차대차 - 측면충돌,안전운전불이행,건조,맑음,단일로 - 기타,승합,남,28세,상해없음,승합,남,40세,경상
2020022200100132,2020년 2월 22일 08시,토요일,대구광역시 달서구 상인동,경상사고,0,0,1,0,차대차 - 측면충돌,안전운전불이행,건조,맑음,교차로 - 교차로부근,이륜,남,36세,상해없음,승용,남,49세,경상
2020022200100143,2020년 2월 22일 09시,토요일,대구광역시 수성구 범어동,경상사고,0,0,1,0,차대차 - 측면충돌,신호위반,건조,맑음,교차로 - 교차로안,승용,남,68세,상해없음,승용,남,26세,경상
2020022200100144,2020년 2월 22일 09시,토요일,대구광역시 달서구 송현동,경상사고,0,0,1,0,차대사람 - 기타,안전운전불이행,건조,맑음,단일로 - 기타,승용,남,57세,상해없음,보행자,남,31세,경상
2020022200100145,2020년 2월 22일 09시,토요일,대구광역시 서구 비산동,경상사고,0,0,1,0,차대차 - 측면충돌,안전운전불이행,건조,맑음,교차로 - 교차로안,이륜,남,57세,경상,승용,남,43세,상해없음
2020022200100189,2020년 2월 22일 11시,토요일,대구광역시 수성구 만촌동,중상사고,0,1,0,0,차대사람 - 횡단중,안전운전불이행,건조,맑음,단일로 - 기타,승용,여,41세,상해없음,보행자,남,87세,중상
2020022200100190,2020년 2월 22일 11시,토요일,대구광역시 서구 이현동,경상사고,0,0,1,0,차대차 - 측면충돌,교차로운행방법위반,건조,맑음,교차로 - 교차로부근,승용,남,66세,상해없음,화물,남,38세,상해없음
2020022200100224,2020년 2월 22일 12시,토요일,대구광역시 달서구 상인동,경상사고,0,0,1,0,차대사람 - 기타,기타,건조,맑음,기타 - 기타,자전거,여,53세,상해없음,보행자,여,29세,경상
2020022200100254,2020년 2월 22일 13시,토요일,대구광역시 수성구 매호동,경상사고,0,0,1,1,차대사람 - 횡단중,보행자보호의무위반,건조,맑음,교차로 - 교차로횡단보도내,이륜,여,56세,부상신고,보행자,여,15세,경상
2020022200100407,2020년 2월 22일 19시,토요일,대구광역시 북구 산격동,중상사고,0,1,0,0,차대사람 - 횡단중,보행자보호의무위반,건조,맑음,교차로 - 교차로횡단보도내,화물,남,36세,상해없음,보행자,여,60세,중상
2020022200100408,2020년 2월 22일 19시,토요일,대구광역시 달서구 감삼동,경상사고,0,0,4,0,차대차 - 추돌,안전거리미확보,건조,맑음,단일로 - 기타,승용,남,50세,상해없음,승용,남,30세,경상
2020022200100434,2020년 2월 22일 20시,토요일,대구광역시 달성군 다사읍,경상사고,0,0,1,0,차대차 - 기타,직진우회전진행방해,건조,맑음,교차로 - 교차로안,승용,여,53세,상해없음,자전거,남,70세,경상
2020022200100456,2020년 2월 22일 21시,토요일,대구광역시 남구 이천동,경상사고,0,0,1,0,차대차 - 측면충돌,차로위반,건조,맑음,기타 - 기타,승용,여,48세,상해없음,승용,남,59세,경상
2020022200100457,2020년 2월 22일 21시,토요일,대구광역시 북구 고성동2가,경상사고,0,0,1,0,차대차 - 측면충돌,신호위반,건조,맑음,교차로 - 교차로안,이륜,남,28세,경상,승용,남,49세,상해없음
2020022300100079,2020년 2월 23일 09시,일요일,대구광역시 달서구 대곡동,경상사고,0,0,2,0,차대차 - 측면충돌,신호위반,건조,맑음,교차로 - 교차로안,승용,남,63세,상해없음,승용,남,22세,경상
2020022300100213,2020년 2월 23일 16시,일요일,대구광역시 수성구 범어동,중상사고,0,1,2,0,차대차 - 측면충돌,안전운전불이행,건조,맑음,단일로 - 기타,이륜,남,48세,중상,승용,남,29세,경상
2020022300100214,2020년 2월 23일 16시,일요일,대구광역시 서구 평리동,경상사고,0,0,1,0,차대차 - 추돌,안전운전불이행,건조,맑음,단일로 - 기타,승용,남,29세,상해없음,승용,남,42세,경상
2020022300100215,2020년 2월 23일 16시,일요일,대구광역시 북구 읍내동,경상사고,0,0,3,0,차대차 - 측면충돌,안전거리미확보,건조,맑음,단일로 - 기타,승용,여,27세,상해없음,승용,남,56세,경상
2020022300100238,2020년 2월 23일 17시,일요일,대구광역시 동구 동호동,경상사고,0,0,2,0,차대차 - 측면충돌,불법유턴,건조,맑음,단일로 - 기타,승용,남,77세,상해없음,승용,남,33세,경상
2020022300100239,2020년 2월 23일 17시,일요일,대구광역시 수성구 황금동,경상사고,0,0,1,0,차대차 - 기타,신호위반,건조,맑음,단일로 - 기타,이륜,남,43세,경상,승용,남,21세,상해없음
2020022300100260,2020년 2월 23일 18시,일요일,대구광역시 달서구 대곡동,경상사고,0,0,2,0,차대차 - 측면충돌,안전운전불이행,건조,맑음,단일로 - 기타,승용,남,35세,상해없음,이륜,남,18세,경상
2020022400100099,2020년 2월 24일 08시,월요일,대구광역시 수성구 노변동,경상사고,0,0,1,0,차대차 - 기타,안전운전불이행,건조,맑음,단일로 - 기타,승용,남,64세,기타불명,승용,남,22세,경상
2020022400100102,2020년 2월 24일 08시,월요일,대구광역시 동구 율하동,중상사고,0,2,0,0,차대차 - 측면충돌,기타,건조,맑음,교차로 - 교차로안,승용,여,44세,중상,승용,여,43세,중상
2020022400100219,2020년 2월 24일 12시,월요일,대구광역시 북구 칠성동2가,중상사고,0,1,0,0,차대차 - 추돌,안전운전불이행,건조,맑음,교차로 - 교차로안,승용,여,52세,상해없음,승용,남,62세,중상
2020022400100245,2020년 2월 24일 13시,월요일,대구광역시 수성구 범어동,경상사고,0,0,1,0,차대차 - 기타,안전운전불이행,건조,맑음,단일로 - 기타,승용,여,58세,경상,화물,남,76세,상해없음
2020022400100279,2020년 2월 24일 14시,월요일,대구광역시 서구 내당동,부상신고사고,0,0,0,4,차대차 - 기타,안전운전불이행,건조,맑음,교차로 - 교차로부근,승용,남,18세,상해없음,승용,남,46세,상해없음
2020022400100319,2020년 2월 24일 15시,월요일,대구광역시 서구 평리동,중상사고,0,1,0,0,차대차 - 기타,안전거리미확보,건조,흐림,단일로 - 기타,화물,남,33세,상해없음,이륜,남,23세,중상
2020022400100344,2020년 2월 24일 16시,월요일,대구광역시 달서구 장기동,경상사고,0,0,1,0,차대차 - 기타,안전거리미확보,건조,맑음,단일로 - 기타,화물,남,64세,상해없음,승용,남,53세,상해없음
2020022400100392,2020년 2월 24일 18시,월요일,대구광역시 중구 대봉동,경상사고,0,0,1,0,차대차 - 추돌,안전운전불이행,건조,맑음,단일로 - 기타,승용,남,61세,상해없음,승용,여,24세,경상
2020022400100393,2020년 2월 24일 18시,월요일,대구광역시 달서구 성당동,경상사고,0,0,2,0,차대차 - 측면충돌,교차로운행방법위반,건조,흐림,교차로 - 교차로안,화물,남,68세,상해없음,이륜,남,28세,경상
2020022400100394,2020년 2월 24일 18시,월요일,대구광역시 달서구 감삼동,경상사고,0,0,1,0,차대사람 - 차도통행중,안전운전불이행,건조,흐림,단일로 - 기타,개인형이동수단(PM),남,55세,상해없음,보행자,여,64세,경상
2020022400100433,2020년 2월 24일 19시,월요일,대구광역시 북구 서변동,경상사고,0,0,1,0,차대차 - 기타,교차로운행방법위반,건조,맑음,교차로 - 교차로안,승용,여,67세,상해없음,이륜,남,34세,경상
2020022400100465,2020년 2월 24일 20시,월요일,대구광역시 수성구 범어동,경상사고,0,0,1,0,차대차 - 측면충돌,직진우회전진행방해,건조,맑음,교차로 - 교차로안,승용,남,39세,상해없음,승용,남,26세,경상
2020022400100488,2020년 2월 24일 21시,월요일,대구광역시 수성구 신매동,경상사고,0,0,1,0,차대차 - 기타,안전운전불이행,건조,맑음,교차로 - 교차로부근,승용,남,33세,경상,승용,남,48세,상해없음
2020022400100501,2020년 2월 24일 22시,월요일,대구광역시 동구 신암동,경상사고,0,0,1,0,차대차 - 측면충돌,안전거리미확보,건조,맑음,단일로 - 기타,승용,남,75세,상해없음,원동기,남,18세,경상
2020022400100502,2020년 2월 24일 22시,월요일,대구광역시 중구 남산동,부상신고사고,0,0,0,1,차대사람 - 차도통행중,안전운전불이행,건조,맑음,교차로 - 교차로안,승용,남,40세,상해없음,보행자,남,25세,부상신고
2020022500100051,2020년 2월 25일 05시,화요일,대구광역시 동구 용계동,경상사고,0,0,1,0,차대차 - 추돌,안전운전불이행,젖음/습기,비,교차로 - 교차로안,승용,여,41세,상해없음,승용,남,44세,경상
2020022500100070,2020년 2월 25일 06시,화요일,대구광역시 달서구 용산동,중상사고,0,1,0,0,차대사람 - 횡단중,신호위반,건조,흐림,단일로 - 기타,이륜,남,31세,상해없음,보행자,남,59세,중상
2020022500100086,2020년 2월 25일 07시,화요일,대구광역시 달성군 구지면,부상신고사고,0,0,0,1,차대차 - 측면충돌,안전운전불이행,건조,맑음,기타 - 기타,화물,남,62세,상해없음,자전거,여,74세,부상신고
2020022500100108,2020년 2월 25일 08시,화요일,대구광역시 수성구 상동,경상사고,0,0,1,0,차대차 - 추돌,안전운전불이행,건조,맑음,기타 - 기타,승용,남,49세,상해없음,승용,여,29세,경상
2020022500100109,2020년 2월 25일 08시,화요일,대구광역시 동구 신서동,경상사고,0,0,1,0,차대차 - 측면충돌,직진우회전진행방해,젖음/습기,비,교차로 - 교차로안,승용,남,62세,상해없음,승용,남,44세,경상
2020022500100110,2020년 2월 25일 08시,화요일,대구광역시 북구 침산동,중상사고,0,1,0,0,차대차 - 기타,안전운전불이행,젖음/습기,비,교차로 - 교차로부근,승용,여,41세,상해없음,자전거,여,53세,중상
2020022500100111,2020년 2월 25일 08시,화요일,대구광역시 북구 매천동,중상사고,0,1,0,0,차대사람 - 기타,보행자보호의무위반,젖음/습기,비,교차로 - 교차로횡단보도내,화물,남,52세,상해없음,보행자,여,44세,중상
2020022500100138,2020년 2월 25일 09시,화요일,대구광역시 달성군 옥포읍,중상사고,0,1,4,0,차대차 - 측면충돌,안전거리미확보,젖음/습기,비,단일로 - 기타,승용,남,20세,경상,승용,남,76세,경상
2020022500100161,2020년 2월 25일 10시,화요일,대구광역시 북구 복현동,경상사고,0,0,1,0,차대차 - 기타,안전거리미확보,젖음/습기,비,단일로 - 기타,승용,남,58세,상해없음,이륜,남,26세,경상
2020022500100232,2020년 2월 25일 13시,화요일,대구광역시 중구 동인동1가,경상사고,0,0,2,0,차대차 - 측면충돌,안전운전불이행,젖음/습기,비,단일로 - 기타,승용,여,65세,상해없음,승용,남,56세,경상
2020022500100233,2020년 2월 25일 13시,화요일,대구광역시 달서구 성당동,부상신고사고,0,0,0,1,차대차 - 측면충돌,교차로운행방법위반,건조,맑음,교차로 - 교차로안,이륜,남,27세,부상신고,승용,남,65세,상해없음
2020022500100250,2020년 2월 25일 14시,화요일,대구광역시 수성구 범물동,중상사고,0,2,0,0,차대차 - 추돌,신호위반,건조,맑음,교차로 - 교차로안,승용,여,58세,상해없음,승용,여,31세,중상
2020022500100273,2020년 2월 25일 15시,화요일,대구광역시 수성구 만촌동,경상사고,0,0,2,0,차대차 - 측면충돌,안전운전불이행,건조,맑음,교차로 - 교차로부근,승용,남,62세,상해없음,승용,여,52세,경상
2020022500100296,2020년 2월 25일 16시,화요일,대구광역시 달성군 유가읍,경상사고,0,0,1,0,차대차 - 측면충돌,차로위반,건조,맑음,단일로 - 기타,승용,여,59세,상해없음,화물,남,27세,경상
2020022500100355,2020년 2월 25일 18시,화요일,대구광역시 동구 율하동,경상사고,0,0,1,0,차대차 - 추돌,안전거리미확보,젖음/습기,비,교차로 - 교차로안,승용,남,25세,상해없음,승용,남,28세,경상
2020022500100356,2020년 2월 25일 18시,화요일,대구광역시 동구 신천동,경상사고,0,0,1,0,차량단독 - 기타,안전운전불이행,건조,맑음,단일로 - 기타,승합,남,30세,상해없음,,,,
2020022500100357,2020년 2월 25일 18시,화요일,대구광역시 동구 신천동,경상사고,0,0,1,0,차대차 - 추돌,안전운전불이행,건조,맑음,단일로 - 기타,승용,남,30세,상해없음,승용,여,50세,경상
2020022500100358,2020년 2월 25일 18시,화요일,대구광역시 달서구 본동,경상사고,0,0,1,0,차대차 - 측면충돌,안전운전불이행,건조,맑음,단일로 - 기타,승용,남,51세,상해없음,승용,남,61세,경상
2020022500100391,2020년 2월 25일 19시,화요일,대구광역시 동구 신천동,경상사고,0,0,2,0,차대사람 - 기타,중앙선침범,젖음/습기,비,단일로 - 기타,이륜,남,31세,경상,보행자,남,64세,경상
2020022500100392,2020년 2월 25일 19시,화요일,대구광역시 달서구 진천동,경상사고,0,0,1,1,차대차 - 측면충돌,신호위반,건조,맑음,교차로 - 교차로안,이륜,남,62세,부상신고,이륜,남,28세,경상
2020022500100393,2020년 2월 25일 19시,화요일,대구광역시 북구 산격동,경상사고,0,0,1,0,차대차 - 측면충돌,신호위반,젖음/습기,비,교차로 - 교차로부근,이륜,남,38세,경상,승용,남,20세,상해없음
2020022500100394,2020년 2월 25일 19시,화요일,대구광역시 북구 노원동3가,경상사고,0,0,2,0,차대차 - 추돌,안전운전불이행,젖음/습기,비,교차로 - 교차로부근,승용,여,53세,상해없음,화물,남,50세,경상
2020022500100421,2020년 2월 25일 20시,화요일,대구광역시 동구 신천동,경상사고,0,0,1,0,차대사람 - 기타,안전운전불이행,젖음/습기,비,단일로 - 기타,승용,남,51세,상해없음,보행자,남,60세,경상
2020022500100422,2020년 2월 25일 20시,화요일,대구광역시 동구 신암동,부상신고사고,0,0,0,1,차대차 - 기타,안전운전불이행,젖음/습기,비,교차로 - 교차로안,이륜,남,37세,부상신고,화물,남,58세,상해없음
2020022500100423,2020년 2월 25일 20시,화요일,대구광역시 중구 동인동1가,경상사고,0,0,1,0,차대차 - 정면충돌,중앙선침범,젖음/습기,비,교차로 - 교차로안,화물,남,42세,상해없음,승용,여,38세,경상
2020022500100441,2020년 2월 25일 21시,화요일,대구광역시 달서구 월성동,중상사고,0,1,0,0,차대차 - 측면충돌,불법유턴,건조,맑음,단일로 - 기타,승용,여,62세,상해없음,승용,남,67세,중상
2020022600100060,2020년 2월 26일 06시,수요일,대구광역시 달서구 죽전동,경상사고,0,0,1,0,차대차 - 정면충돌,안전운전불이행,건조,맑음,교차로 - 교차로안,승합,남,60세,상해없음,승용,남,50세,경상
2020022600100128,2020년 2월 26일 09시,수요일,대구광역시 달서구 용산동,경상사고,0,0,1,1,차대차 - 기타,안전운전불이행,건조,맑음,단일로 - 기타,승용,남,57세,부상신고,승용,남,62세,경상
2020022600100173,2020년 2월 26일 11시,수요일,대구광역시 북구 서변동,부상신고사고,0,0,0,1,차대차 - 측면충돌,안전운전불이행,건조,맑음,교차로 - 교차로안,승용,남,69세,기타불명,화물,남,40세,부상신고
2020022600100194,2020년 2월 26일 12시,수요일,대구광역시 수성구 범어동,경상사고,0,0,1,0,차대차 - 측면충돌,안전운전불이행,건조,흐림,교차로 - 교차로안,이륜,남,55세,경상,승용,남,27세,상해없음
2020022600100195,2020년 2월 26일 12시,수요일,대구광역시 달서구 대천동,중상사고,0,1,0,0,차대차 - 측면충돌,안전운전불이행,건조,맑음,교차로 - 교차로부근,승용,여,48세,상해없음,이륜,남,37세,중상
2020022600100214,2020년 2월 26일 13시,수요일,대구광역시 동구 신암동,중상사고,0,1,0,0,차대사람 - 기타,기타,건조,맑음,단일로 - 기타,화물,남,34세,상해없음,보행자,남,40세,중상
2020022600100215,2020년 2월 26일 13시,수요일,대구광역시 달서구 도원동,경상사고,0,0,1,0,차대차 - 기타,안전운전불이행,건조,맑음,단일로 - 기타,승용,여,49세,상해없음,자전거,여,66세,경상
2020022600100216,2020년 2월 26일 13시,수요일,대구광역시 달서구 이곡동,경상사고,0,0,1,0,차대차 - 기타,안전거리미확보,건조,맑음,교차로 - 교차로부근,승용,여,55세,기타불명,이륜,남,58세,경상
2020022600100274,2020년 2월 26일 16시,수요일,대구광역시 동구 신천동,경상사고,0,0,1,0,차대차 - 기타,교차로운행방법위반,건조,맑음,교차로 - 교차로안,승용,여,47세,상해없음,원동기,남,34세,경상
2020022600100297,2020년 2월 26일 17시,수요일,대구광역시 달성군 구지면,경상사고,0,0,2,0,차대차 - 기타,직진우회전진행방해,건조,맑음,교차로 - 교차로안,승용,여,60세,경상,화물,남,64세,경상
2020022600100298,2020년 2월 26일 17시,수요일,대구광역시 중구 남산동,경상사고,0,0,1,0,차대차 - 기타,안전운전불이행,건조,맑음,교차로 - 교차로부근,화물,남,51세,상해없음,승용,남,27세,경상
2020022600100344,2020년 2월 26일 18시,수요일,대구광역시 동구 신서동,중상사고,0,1,1,0,차대차 - 측면충돌,신호위반,건조,맑음,교차로 - 교차로부근,이륜,남,27세,중상,승용,여,53세,경상
2020022600100345,2020년 2월 26일 18시,수요일,대구광역시 동구 지저동,경상사고,0,0,1,0,차대차 - 추돌,안전운전불이행,건조,맑음,기타 - 기타,화물,남,45세,상해없음,승용,남,27세,경상
2020022600100346,2020년 2월 26일 18시,수요일,대구광역시 수성구 만촌동,중상사고,0,1,0,0,차대차 - 측면충돌,안전운전불이행,건조,흐림,교차로 - 교차로안,승용,남,71세,상해없음,이륜,남,26세,중상
2020022600100347,2020년 2월 26일 18시,수요일,대구광역시 달서구 진천동,경상사고,0,0,2,0,차대차 - 측면충돌,안전거리미확보,건조,맑음,단일로 - 기타,승용,여,45세,상해없음,이륜,남,23세,경상
2020022600100390,2020년 2월 26일 19시,수요일,대구광역시 달서구 도원동,경상사고,0,0,1,0,차대차 - 추돌,안전운전불이행,건조,맑음,단일로 - 기타,승용,여,34세,상해없음,승용,여,25세,상해없음
2020022600100391,2020년 2월 26일 19시,수요일,대구광역시 달서구 용산동,경상사고,0,0,1,0,차대차 - 측면충돌,안전운전불이행,건조,맑음,단일로 - 기타,승용,여,52세,상해없음,원동기,남,29세,경상
2020022600100422,2020년 2월 26일 20시,수요일,대구광역시 동구 신암동,경상사고,0,0,1,0,차대차 - 측면충돌,안전운전불이행,건조,맑음,교차로 - 교차로횡단보도내,이륜,남,19세,상해없음,이륜,남,35세,경상
2020022600100423,2020년 2월 26일 20시,수요일,대구광역시 수성구 상동,중상사고,0,1,0,0,차대사람 - 횡단중,안전운전불이행,건조,맑음,단일로 - 기타,이륜,남,16세,상해없음,보행자,여,65세,중상