사고번호,사고일시,요일,시군구,사고내용,사망자수,중상자수,경상자수,부상신고자수,사고유형,법규위반,노면상태,기상상태,도로형태,가해운전자 차종,가해운전자 성별,가해운전자 연령,가해운전자 상해정도,피해운전자 차종,피해운전자 성별,피해운전자 연령,피해운전자 상해정도
2020022600100461,2020년 2월 26일 22시,수요일,대구광역시 달서구 도원동,중상사고,0,1,1,0,차대차 - 측면충돌,안전운전불이행,건조,맑음,단일로 - 기타,승용,남,53세,상해없음,승용,남,31세,중상
2020022700100010,2020년 2월 27일 00시,목요일,대구광역시 동구 입석동,경상사고,0,0,1,0,차대차 - 측면충돌,신호위반,젖음/습기,맑음,교차로 - 교차로안,승용,남,52세,상해없음,승용,남,53세,상해없음
2020022700100031,2020년 2월 27일 03시,목요일,대구광역시 서구 내당동,중상사고,0,1,0,0,차대차 - 측면충돌,안전거리미확보,건조,맑음,단일로 - 기타,승용,남,17세,상해없음,이륜,남,33세,중상
2020022700100117,2020년 2월 27일 08시,목요일,대구광역시 동구 신암동,경상사고,0,0,2,0,차대차 - 추돌,신호위반,건조,맑음,단일로 - 기타,이륜,여,54세,경상,승용,여,26세,경상
2020022700100236,2020년 2월 27일 14시,목요일,대구광역시 동구 효목동,중상사고,0,1,0,1,차대사람 - 횡단중,안전운전불이행,건조,맑음,단일로 - 기타,이륜,남,17세,부상신고,보행자,여,41세,중상
2020022700100268,2020년 2월 27일 15시,목요일,대구광역시 달서구 상인동,중상사고,0,1,0,0,차대사람 - 횡단중,안전운전불이행,건조,맑음,교차로 - 교차로부근,화물,남,50세,상해없음,보행자,여,28세,중상
2020022700100340,2020년 2월 27일 18시,목요일,대구광역시 달서구 월성동,경상사고,0,0,3,0,차대차 - 측면충돌,차로위반,건조,흐림,단일로 - 기타,승용,여,33세,상해없음,승용,남,23세,경상
2020022700100365,2020년 2월 27일 19시,목요일,대구광역시 수성구 수성동4가,경상사고,0,0,4,1,차대차 - 측면충돌,안전거리미확보,건조,맑음,단일로 - 기타,승용,여,41세,부상신고,승용,남,18세,경상
2020022700100366,2020년 2월 27일 19시,목요일,대구광역시 달서구 성당동,경상사고,0,0,1,0,차대차 - 기타,안전운전불이행,건조,맑음,기타 - 기타,승용,여,55세,상해없음,원동기,남,21세,경상
2020022700100389,2020년 2월 27일 20시,목요일,대구광역시 달서구 월성동,경상사고,0,0,1,0,차대차 - 기타,안전운전불이행,건조,맑음,기타 - 기타,건설기계,남,52세,상해없음,승용,남,55세,경상
2020022800100025,2020년 2월 28일 02시,금요일,대구광역시 북구 읍내동,중상사고,0,1,0,0,차대사람 - 횡단중,안전운전불이행,건조,맑음,단일로 - 기타,이륜,남,16세,상해없음,보행자,남,64세,중상
2020022800100045,2020년 2월 28일 06시,금요일,대구광역시 남구 봉덕동,중상사고,0,2,2,0,차대차 - 측면충돌,교차로운행방법위반,건조,맑음,교차로 - 교차로안,승용,남,22세,중상,승용,남,54세,경상
2020022800100046,2020년 2월 28일 06시,금요일,대구광역시 수성구 시지동,중상사고,0,1,0,0,차대사람 - 기타,신호위반,건조,맑음,교차로 - 교차로안,승용,남,58세,상해없음,보행자,남,59세,중상
2020022800100080,2020년 2월 28일 08시,금요일,대구광역시 서구 이현동,중상사고,0,1,1,0,차대차 - 기타,기타,건조,맑음,교차로 - 교차로안,승용,남,28세,상해없음,승용,여,57세,중상
2020022800100081,2020년 2월 28일 08시,금요일,대구광역시 서구 원대동1가,경상사고,0,0,1,0,차대차 - 기타,신호위반,건조,맑음,교차로 - 교차로부근,자전거,여,56세,경상,승용,남,71세,상해없음
2020022800100102,2020년 2월 28일 09시,금요일,대구광역시 북구 노원동2가,중상사고,0,1,0,0,차대사람 - 기타,기타,건조,맑음,단일로 - 기타,승용,남,57세,상해없음,보행자,여,78세,중상
2020022800100122,2020년 2월 28일 10시,금요일,대구광역시 남구 봉덕동,중상사고,0,1,1,0,차대차 - 측면충돌,안전운전불이행,건조,흐림,교차로 - 교차로안,승용,남,60세,상해없음,승용,남,27세,중상
2020022800100142,2020년 2월 28일 11시,금요일,대구광역시 동구 용계동,중상사고,0,1,0,0,차대차 - 측면충돌,안전운전불이행,건조,맑음,단일로 - 기타,승용,여,62세,상해없음,원동기,남,60세,중상
2020022800100162,2020년 2월 28일 12시,금요일,대구광역시 동구 효목동,경상사고,0,0,1,0,차대사람 - 기타,안전운전불이행,건조,맑음,단일로 - 기타,승용,남,75세,상해없음,보행자,여,28세,경상
2020022800100211,2020년 2월 28일 14시,금요일,대구광역시 북구 산격동,중상사고,0,1,1,0,차대차 - 측면충돌,교차로운행방법위반,건조,맑음,교차로 - 교차로안,승용,남,50세,기타불명,승용,남,40세,경상
2020022800100232,2020년 2월 28일 15시,금요일,대구광역시 달서구 용산동,경상사고,0,0,2,0,차대차 - 측면충돌,안전운전불이행,젖음/습기,비,단일로 - 기타,승용,여,24세,상해없음,이륜,남,18세,경상
2020022800100317,2020년 2월 28일 18시,금요일,대구광역시 동구 신천동,경상사고,0,0,1,0,차대사람 - 기타,안전운전불이행,건조,맑음,교차로 - 교차로부근,화물,남,51세,상해없음,보행자,남,58세,경상
2020022800100318,2020년 2월 28일 18시,금요일,대구광역시 수성구 범어동,경상사고,0,0,1,0,차량단독 - 기타,안전운전불이행,건조,맑음,단일로 - 기타,이륜,여,60세,경상,,,,
2020022800100319,2020년 2월 28일 18시,금요일,대구광역시 북구 관음동,경상사고,0,0,1,0,차대차 - 추돌,교차로운행방법위반,건조,맑음,교차로 - 교차로안,승용,여,42세,상해없음,이륜,남,29세,경상
2020022800100365,2020년 2월 28일 19시,금요일,대구광역시 달서구 파호동,경상사고,0,0,1,0,차대차 - 기타,안전운전불이행,건조,맑음,교차로 - 교차로안,승용,여,58세,기타불명,이륜,남,20세,경상
2020022800100402,2020년 2월 28일 20시,금요일,대구광역시 달서구 신당동,경상사고,0,0,1,0,차대차 - 측면충돌,차로위반,건조,맑음,교차로 - 교차로부근,승용,남,43세,상해없음,승용,남,21세,경상
2020022800100422,2020년 2월 28일 21시,금요일,대구광역시 달서구 송현동,경상사고,0,0,3,0,차대차 - 후진중충돌,안전운전불이행,젖음/습기,흐림,단일로 - 기타,화물,남,45세,상해없음,승용,남,51세,경상
2020022800100423,2020년 2월 28일 21시,금요일,대구광역시 서구 비산동,경상사고,0,0,1,0,차대차 - 측면충돌,안전운전불이행,건조,맑음,교차로 - 교차로부근,승용,남,30세,상해없음,승용,남,24세,경상
2020022800100466,2020년 2월 28일 23시,금요일,대구광역시 동구 용계동,경상사고,0,0,2,0,차대사람 - 횡단중,안전운전불이행,건조,맑음,단일로 - 기타,이륜,남,22세,기타불명,보행자,여,41세,경상
2020022900100051,2020년 2월 29일 03시,토요일,대구광역시 수성구 두산동,중상사고,0,1,0,0,차대차 - 추돌,안전운전불이행,건조,맑음,단일로 - 기타,승용,남,51세,상해없음,승용,남,63세,중상
2020022900100093,2020년 2월 29일 08시,토요일,대구광역시 북구 노원동3가,경상사고,0,0,1,0,차대차 - 추돌,안전운전불이행,건조,맑음,교차로 - 교차로부근,승용,남,39세,상해없음,승용,여,26세,경상
2020022900100142,2020년 2월 29일 11시,토요일,대구광역시 수성구 범어동,중상사고,0,1,0,0,차대차 - 측면충돌,안전거리미확보,건조,맑음,단일로 - 기타,승용,여,56세,상해없음,원동기,남,28세,중상
2020022900100143,2020년 2월 29일 11시,토요일,대구광역시 수성구 매호동,중상사고,0,2,1,0,차대차 - 추돌,직진우회전진행방해,건조,맑음,교차로 - 교차로안,승용,여,49세,중상,화물,남,57세,경상
2020022900100167,2020년 2월 29일 12시,토요일,대구광역시 북구 태전동,중상사고,0,1,0,0,차대차 - 측면충돌,불법유턴,건조,맑음,단일로 - 기타,화물,남,18세,상해없음,원동기,남,66세,중상
2020022900100208,2020년 2월 29일 14시,토요일,대구광역시 수성구 범어동,경상사고,0,0,1,0,차대차 - 후진중충돌,안전운전불이행,건조,맑음,단일로 - 기타,승용,남,49세,상해없음,승용,남,30세,경상
2020022900100209,2020년 2월 29일 14시,토요일,대구광역시 달서구 월성동,경상사고,0,0,2,0,차대차 - 측면충돌,교차로운행방법위반,건조,맑음,교차로 - 교차로안,승용,남,50세,상해없음,화물,남,38세,경상
2020022900100210,2020년 2월 29일 14시,토요일,대구광역시 북구 서변동,중상사고,0,1,0,0,차대차 - 측면충돌,안전거리미확보,건조,맑음,단일로 - 기타,원동기,남,33세,중상,승용,여,33세,상해없음
2020022900100282,2020년 2월 29일 17시,토요일,대구광역시 동구 효목동,경상사고,0,0,3,0,차대차 - 기타,교차로운행방법위반,건조,맑음,교차로 - 교차로부근,승용,여,29세,경상,이륜,남,21세,경상
2020022900100283,2020년 2월 29일 17시,토요일,대구광역시 북구 태전동,경상사고,0,0,2,0,차대차 - 측면충돌,교차로운행방법위반,건조,맑음,교차로 - 교차로부근,승용,남,29세,경상,승용,남,56세,상해없음
2020022900100327,2020년 2월 29일 19시,토요일,대구광역시 동구 입석동,경상사고,0,0,1,0,차대차 - 기타,안전거리미확보,건조,맑음,단일로 - 기타,승용,여,55세,상해없음,이륜,남,21세,경상
2020022900100363,2020년 2월 29일 21시,토요일,대구광역시 서구 평리동,경상사고,0,0,1,0,차대차 - 측면충돌,교차로운행방법위반,건조,맑음,교차로 - 교차로안,이륜,남,32세,상해없음,이륜,남,34세,경상
2020022900100388,2020년 2월 29일 22시,토요일,대구광역시 수성구 황금동,중상사고,0,1,1,0,차대차 - 추돌,안전운전불이행,건조,맑음,교차로 - 교차로부근,승용,여,43세,상해없음,승용,여,37세,중상
2020022900100389,2020년 2월 29일 22시,토요일,대구광역시 중구 대봉동,중상사고,0,1,2,0,차대차 - 기타,신호위반,건조,맑음,교차로 - 교차로안,승용,여,53세,상해없음,승용,남,24세,경상
2020030100100008,2020년 3월 1일 00시,일요일,대구광역시 동구 율하동,경상사고,0,0,1,0,차대사람 - 기타,안전운전불이행,건조,맑음,단일로 - 기타,승용,남,55세,상해없음,보행자,남,20세,경상
2020030100100009,2020년 3월 1일 00시,일요일,대구광역시 달서구 송현동,부상신고사고,0,0,0,1,차량단독 - 전도전복 - 전도,안전운전불이행,건조,맑음,단일로 - 기타,이륜,남,19세,상해없음,,,,
2020030100100017,2020년 3월 1일 01시,일요일,대구광역시 동구 불로동,부상신고사고,0,0,0,1,차량단독 - 기타,안전운전불이행,건조,맑음,단일로 - 기타,원동기,남,35세,부상신고,,,,
2020030100100061,2020년 3월 1일 09시,일요일,대구광역시 북구 금호동,경상사고,0,0,1,0,차대차 - 기타,안전운전불이행,건조,맑음,단일로 - 기타,승용,남,60세,상해없음,승용,남,37세,경상
2020030100100122,2020년 3월 1일 13시,일요일,대구광역시 남구 대명동,경상사고,0,0,1,0,차량단독 - 공작물충돌,안전운전불이행,건조,맑음,단일로 - 기타,승용,남,34세,경상,,,,
2020030100100136,2020년 3월 1일 14시,일요일,대구광역시 동구 방촌동,경상사고,0,0,3,0,차대차 - 측면충돌,안전운전불이행,건조,맑음,교차로 - 교차로부근,화물,남,38세,경상,승용,여,27세,경상
2020030100100138,2020년 3월 1일 14시,일요일,대구광역시 중구 남산동,경상사고,0,0,1,0,차대차 - 측면충돌,안전운전불이행,건조,맑음,교차로 - 교차로안,승용,남,28세,상해없음,화물,남,26세,경상
2020030100100158,2020년 3월 1일 15시,일요일,대구광역시 달서구 대곡동,경상사고,0,0,1,0,차대차 - 추돌,안전거리미확보,건조,맑음,단일로 - 기타,승용,남,60세,상해없음,승용,남,62세,경상
2020030100100176,2020년 3월 1일 16시,일요일,대구광역시 수성구 만촌동,경상사고,0,0,1,0,차대차 - 후진중충돌,안전운전불이행,건조,맑음,단일로 - 기타,승용,남,27세,상해없음,승용,남,36세,경상
2020030100100177,2020년 3월 1일 16시,일요일,대구광역시 북구 침산동,경상사고,0,0,5,0,차대차 - 측면충돌,신호위반,건조,맑음,교차로 - 교차로안,승용,남,36세,경상,승용,여,26세,경상
2020030100100208,2020년 3월 1일 18시,일요일,대구광역시 수성구 상동,경상사고,0,0,2,0,차대차 - 측면충돌,신호위반,건조,맑음,단일로 - 기타,승용,남,24세,상해없음,승합,남,38세,경상
2020030100100209,2020년 3월 1일 18시,일요일,대구광역시 수성구 범어동,경상사고,0,0,2,0,차대차 - 측면충돌,안전운전불이행,건조,맑음,단일로 - 기타,승용,남,63세,기타불명,승용,남,28세,경상
2020030100100227,2020년 3월 1일 19시,일요일,대구광역시 수성구 상동,중상사고,0,1,0,0,차대차 - 측면충돌,교차로운행방법위반,건조,맑음,교차로 - 교차로부근,승용,남,53세,상해없음,이륜,남,40세,중상
2020030100100228,2020년 3월 1일 19시,일요일,대구광역시 수성구 수성동3가,경상사고,0,0,1,0,차대차 - 정면충돌,신호위반,건조,맑음,교차로 - 교차로안,승용,여,52세,상해없음,승용,남,45세,상해없음
2020030100100252,2020년 3월 1일 20시,일요일,대구광역시 달서구 두류동,경상사고,0,0,1,0,차대사람 - 횡단중,안전운전불이행,건조,맑음,교차로 - 교차로부근,이륜,남,30세,상해없음,보행자,남,68세,경상
2020030200100012,2020년 3월 2일 01시,월요일,대구광역시 서구 내당동,중상사고,0,1,0,0,차대차 - 추돌,안전운전불이행,건조,맑음,단일로 - 기타,이륜,남,16세,중상,이륜,남,16세,상해없음
2020030200100035,2020년 3월 2일 05시,월요일,대구광역시 수성구 수성동4가,중상사고,0,1,3,0,차대차 - 정면충돌,신호위반,건조,흐림,교차로 - 교차로안,승용,남,66세,상해없음,화물,남,69세,중상
2020030200100064,2020년 3월 2일 07시,월요일,대구광역시 북구 태전동,경상사고,0,0,2,0,차대차 - 측면충돌,안전거리미확보,건조,맑음,단일로 - 기타,승용,여,39세,경상,화물,남,56세,경상
2020030200100086,2020년 3월 2일 08시,월요일,대구광역시 달성군 옥포읍,경상사고,0,0,1,0,차대차 - 기타,안전운전불이행,건조,맑음,단일로 - 기타,승용,여,25세,상해없음,승용,여,35세,경상
2020030200100165,2020년 3월 2일 11시,월요일,대구광역시 수성구 황금동,경상사고,0,0,1,0,차대차 - 후진중충돌,안전운전불이행,건조,맑음,주차장 - 주차장,승용,남,74세,상해없음,승용,남,54세,경상
2020030200100166,2020년 3월 2일 11시,월요일,대구광역시 달성군 논공읍,중상사고,0,1,0,0,차대차 - 정면충돌,신호위반,건조,맑음,교차로 - 교차로안,승합,남,53세,상해없음,승용,남,25세,중상
2020030200100240,2020년 3월 2일 14시,월요일,대구광역시 달서구 송현동,중상사고,0,1,0,0,차대차 - 측면충돌,안전운전불이행,건조,맑음,교차로 - 교차로안,이륜,남,18세,상해없음,승용,남,56세,상해없음
2020030200100241,2020년 3월 2일 14시,월요일,대구광역시 달서구 감삼동,중상사고,0,1,0,0,차대차 - 기타,직진우회전진행방해,건조,맑음,교차로 - 교차로안,승용,남,35세,상해없음,이륜,남,49세,중상
2020030200100290,2020년 3월 2일 16시,월요일,대구광역시 달성군 구지면,부상신고사고,0,0,0,1,차대차 - 기타,중앙선침범,건조,맑음,교차로 - 교차로부근,승용,여,32세,부상신고,화물,남,56세,상해없음
2020030200100291,2020년 3월 2일 16시,월요일,대구광역시 달성군 화원읍,중상사고,0,1,0,0,차량단독 - 기타,기타,건조,맑음,단일로 - 기타,승합,남,65세,상해없음,,,,
2020030200100292,2020년 3월 2일 16시,월요일,대구광역시 달서구 이곡동,경상사고,0,0,1,0,차대차 - 측면충돌,안전운전불이행,건조,맑음,교차로 - 교차로안,승합,남,56세,상해없음,이륜,남,35세,경상
2020030200100317,2020년 3월 2일 17시,월요일,대구광역시 달성군 하빈면,경상사고,0,0,1,0,차대차 - 기타,교차로운행방법위반,건조,맑음,교차로 - 교차로안,승용,남,57세,상해없음,승용,남,58세,경상
2020030200100318,2020년 3월 2일 17시,월요일,대구광역시 북구 노원동2가,사망사고,1,0,0,0,차대차 - 측면충돌,신호위반,건조,맑음,단일로 - 기타,승용,남,38세,상해없음,이륜,남,63세,사망
2020030200100352,2020년 3월 2일 18시,월요일,대구광역시 동구 신암동,경상사고,0,0,1,0,차대차 - 측면충돌,차로위반,건조,맑음,단일로 - 기타,승용,남,69세,상해없음,승용,남,28세,경상
2020030200100387,2020년 3월 2일 19시,월요일,대구광역시 북구 국우동,경상사고,0,0,2,0,차대차 - 기타,안전거리미확보,건조,맑음,단일로 - 기타,승합,남,52세,상해없음,이륜,남,22세,경상
2020030200100403,2020년 3월 2일 20시,월요일,대구광역시 달서구 월암동,중상사고,0,3,7,1,차대차 - 기타,중앙선침범,건조,맑음,교차로 - 교차로부근,승용,여,48세,상해없음,승합,남,48세,경상
2020030200100404,2020년 3월 2일 20시,월요일,대구광역시 중구 대봉동,경상사고,0,0,4,0,차대차 - 측면충돌,교차로운행방법위반,건조,맑음,교차로 - 교차로부근,승용,남,47세,상해없음,승용,남,20세,경상
2020030200100440,2020년 3월 2일 22시,월요일,대구광역시 남구 대명동,경상사고,0,0,1,0,차대사람 - 기타,안전거리미확보,건조,맑음,단일로 - 기타,승합,남,52세,상해없음,보행자,남,62세,경상
2020030300100016,2020년 3월 3일 01시,화요일,대구광역시 달서구 장기동,경상사고,0,0,2,0,차대차 - 추돌,안전운전불이행,건조,맑음,단일로 - 기타,이륜,남,34세,경상,자전거,남,25세,경상
2020030300100089,2020년 3월 3일 08시,화요일,대구광역시 달성군 논공읍,경상사고,0,0,1,0,차대차 - 기타,신호위반,건조,맑음,교차로 - 교차로안,화물,남,59세,상해없음,승용,여,20세,경상
2020030300100090,2020년 3월 3일 08시,화요일,대구광역시 서구 평리동,경상사고,0,0,1,0,차대사람 - 보도통행중,기타,건조,맑음,교차로 - 교차로부근,승용,남,67세,상해없음,보행자,여,60세,경상
2020030300100132,2020년 3월 3일 10시,화요일,대구광역시 동구 신천동,중상사고,0,1,0,0,차대차 - 측면충돌,신호위반,건조,맑음,교차로 - 교차로안,이륜,남,85세,상해없음,자전거,남,68세,중상
2020030300100153,2020년 3월 3일 11시,화요일,대구광역시 동구 서호동,중상사고,0,1,0,0,차대차 - 측면충돌,직진우회전진행방해,건조,맑음,교차로 - 교차로안,승용,남,41세,상해없음,승용,남,27세,중상
2020030300100154,2020년 3월 3일 11시,화요일,대구광역시 수성구 수성동4가,경상사고,0,0,2,0,차대차 - 측면충돌,교차로운행방법위반,건조,맑음,교차로 - 교차로안,화물,남,51세,상해없음,승용,남,43세,경상
2020030300100155,2020년 3월 3일 11시,화요일,대구광역시 중구 동인동3가,중상사고,0,1,1,0,차대차 - 측면충돌,신호위반,건조,맑음,교차로 - 교차로안,승합,남,50세,기타불명,승용,남,29세,경상
2020030300100178,2020년 3월 3일 12시,화요일,대구광역시 동구 용계동,중상사고,0,1,0,0,차대사람 - 기타,안전운전불이행,건조,맑음,기타 - 기타,승용,남,40세,상해없음,보행자,남,52세,중상
2020030300100199,2020년 3월 3일 13시,화요일,대구광역시 서구 평리동,경상사고,0,0,1,1,차대차 - 기타,신호위반,건조,맑음,교차로 - 교차로안,이륜,남,75세,부상신고,승용,남,59세,경상
2020030300100215,2020년 3월 3일 14시,화요일,대구광역시 남구 대명동,경상사고,0,0,1,0,차대차 - 측면충돌,안전운전불이행,건조,맑음,단일로 - 기타,이륜,남,27세,상해없음,이륜,남,42세,경상
2020030300100216,2020년 3월 3일 14시,화요일,대구광역시 달서구 감삼동,경상사고,0,0,2,0,차대차 - 측면충돌,안전운전불이행,건조,맑음,교차로 - 교차로안,화물,남,68세,상해없음,승용,남,20세,경상
2020030300100233,2020년 3월 3일 15시,화요일,대구광역시 달서구 진천동,경상사고,0,0,1,0,차대차 - 측면충돌,안전거리미확보,건조,맑음,교차로 - 교차로부근,승용,여,35세,상해없음,이륜,남,22세,경상
2020030300100234,2020년 3월 3일 15시,화요일,대구광역시 서구 내당동,중상사고,0,1,0,0,차대차 - 기타,안전거리미확보,건조,맑음,단일로 - 기타,화물,남,56세,상해없음,이륜,남,38세,중상
2020030300100235,2020년 3월 3일 15시,화요일,대구광역시 달서구 갈산동,경상사고,0,0,1,0,차대차 - 정면충돌,안전운전불이행,건조,맑음,단일로 - 기타,화물,남,30세,상해없음,승용,남,25세,경상
2020030300100251,2020년 3월 3일 16시,화요일,대구광역시 북구 대현동,경상사고,0,0,1,0,차대차 - 기타,안전운전불이행,건조,맑음,교차로 - 교차로부근,이륜,남,27세,기타불명,승용,여,49세,경상
2020030300100252,2020년 3월 3일 16시,화요일,대구광역시 북구 노원동3가,경상사고,0,0,2,0,차대차 - 측면충돌,안전거리미확보,건조,맑음,단일로 - 교량,승용,남,57세,경상,승용,남,26세,경상
2020030300100270,2020년 3월 3일 17시,화요일,대구광역시 달서구 상인동,중상사고,0,1,1,0,차대차 - 측면충돌,교차로운행방법위반,건조,맑음,교차로 - 교차로안,이륜,남,16세,경상,이륜,남,24세,중상
2020030300100299,2020년 3월 3일 18시,화요일,대구광역시 서구 비산동,부상신고사고,0,0,0,1,차대차 - 측면충돌,안전운전불이행,건조,맑음,단일로 - 기타,승용,남,48세,상해없음,자전거,남,60세,부상신고
2020030300100300,2020년 3월 3일 18시,화요일,대구광역시 서구 내당동,경상사고,0,0,1,2,차대차 - 측면충돌,안전운전불이행,건조,맑음,교차로 - 교차로부근,승용,여,43세,부상신고,승용,여,20세,경상
2020030300100301,2020년 3월 3일 18시,화요일,대구광역시 북구 서변동,경상사고,0,0,2,0,차대차 - 추돌,안전거리미확보,건조,맑음,단일로 - 기타,승용,남,32세,경상,승용,여,52세,경상
2020030300100326,2020년 3월 3일 19시,화요일,대구광역시 달서구 본동,경상사고,0,0,2,0,차대차 - 측면충돌,안전거리미확보,건조,맑음,교차로 - 교차로부근,승용,남,52세,상해없음,승용,여,21세,경상
2020030300100327,2020년 3월 3일 19시,화요일,대구광역시 북구 국우동,경상사고,0,0,2,0,차대차 - 측면충돌,교차로운행방법위반,건조,맑음,교차로 - 교차로부근,승용,남,26세,경상,승용,여,52세,경상
2020030300100374,2020년 3월 3일 21시,화요일,대구광역시 북구 읍내동,경상사고,0,0,1,0,차대차 - 측면충돌,차로위반,건조,맑음,단일로 - 기타,이륜,남,19세,상해없음,이륜,남,24세,경상
2020030300100392,2020년 3월 3일 22시,화요일,대구광역시 달서구 송현동,경상사고,0,0,1,0,차량단독 - 기타,안전운전불이행,건조,맑음,단일로 - 기타,승용,남,50세,상해없음,,,,
2020030300100393,2020년 3월 3일 22시,화요일,대구광역시 북구 관음동,경상사고,0,0,3,0,차대차 - 정면충돌,신호위반,건조,맑음,교차로 - 교차로안,승용,남,47세,상해없음,승용,남,25세,경상
2020030300100409,2020년 3월 3일 23시,화요일,대구광역시 동구 효목동,중상사고,0,1,0,0,차대차 - 기타,안전운전불이행,건조,맑음,단일로 - 기타,승용,여,38세,중상,승용,남,70세,기타불명
2020030400100073,2020년 3월 4일 08시,수요일,대구광역시 달성군 가창면,부상신고사고,0,0,0,1,차대차 - 추돌,신호위반,건조,맑음,교차로 - 교차로안,승용,남,50세,상해없음,승용,여,39세,부상신고
2020030400100074,2020년 3월 4일 08시,수요일,대구광역시 북구 노원동1가,경상사고,0,0,1,0,차대차 - 측면충돌,신호위반,건조,맑음,교차로 - 교차로안,화물,남,67세,상해없음,승용,남,32세,경상
2020030400100086,2020년 3월 4일 09시,수요일,대구광역시 서구 평리동,중상사고,0,1,0,0,차대차 - 측면충돌,교차로운행방법위반,건조,맑음,교차로 - 교차로안,화물,남,76세,상해없음,자전거,남,76세,중상
2020030400100131,2020년 3월 4일 11시,수요일,대구광역시 남구 대명동,중상사고,0,1,0,0,차대사람 - 기타,안전운전불이행,건조,맑음,단일로 - 기타,승용,여,49세,상해없음,보행자,남,75세,중상
2020030400100132,2020년 3월 4일 11시,수요일,대구광역시 동구 효목동,경상사고,0,0,1,0,차대사람 - 기타,안전운전불이행,건조,맑음,교차로 - 교차로안,승용,여,58세,상해없음,보행자,남,81세,경상
2020030400100158,2020년 3월 4일 12시,수요일,대구광역시 수성구 두산동,부상신고사고,0,0,0,1,차대차 - 측면충돌,안전운전불이행,건조,맑음,교차로 - 교차로부근,원동기,남,48세,부상신고,승용,남,46세,상해없음
2020030400100179,2020년 3월 4일 13시,수요일,대구광역시 수성구 두산동,경상사고,0,0,1,0,차대차 - 기타,안전운전불이행,건조,맑음,단일로 - 기타,승용,여,55세,상해없음,승용,남,86세,상해없음
2020030400100206,2020년 3월 4일 14시,수요일,대구광역시 동구 율하동,경상사고,0,0,1,1,차대차 - 정면충돌,기타,건조,맑음,교차로 - 교차로안,승용,남,54세,경상,이륜,남,20세,부상신고
2020030400100207,2020년 3월 4일 14시,수요일,대구광역시 수성구 두산동,경상사고,0,0,1,0,차대차 - 추돌,안전운전불이행,건조,맑음,단일로 - 기타,승합,남,60세,상해없음,승용,남,42세,경상
2020030400100208,2020년 3월 4일 14시,수요일,대구광역시 서구 내당동,경상사고,0,0,1,0,차대사람 - 기타,안전운전불이행,건조,맑음,교차로 - 교차로부근,승용,남,27세,상해없음,보행자,남,57세,경상
2020030400100209,2020년 3월 4일 14시,수요일,대구광역시 달서구 본리동,경상사고,0,0,2,0,차대차 - 측면충돌,안전거리미확보,건조,맑음,단일로 - 기타,이륜,남,44세,경상,이륜,남,37세,경상
2020030400100222,2020년 3월 4일 15시,수요일,대구광역시 남구 대명동,경상사고,0,0,1,0,차대사람 - 길가장자리구역통행중,안전운전불이행,건조,맑음,단일로 - 기타,기타불명,기타불명,미분류,기타불명,보행자,여,63세,경상
2020030400100223,2020년 3월 4일 15시,수요일,대구광역시 달서구 상인동,경상사고,0,0,1,0,차대차 - 정면충돌,직진우회전진행방해,건조,맑음,교차로 - 교차로안,화물,남,37세,상해없음,자전거,남,78세,경상
2020030400100250,2020년 3월 4일 16시,수요일,대구광역시 서구 내당동,경상사고,0,0,1,0,차대차 - 추돌,안전운전불이행,건조,맑음,교차로 - 교차로부근,승용,남,69세,상해없음,승용,남,64세,경상
2020030400100251,2020년 3월 4일 16시,수요일,대구광역시 북구 태전동,경상사고,0,0,1,0,차대차 - 측면충돌,안전거리미확보,건조,맑음,단일로 - 기타,승용,남,32세,상해없음,승용,여,50세,경상
2020030400100312,2020년 3월 4일 18시,수요일,대구광역시 달서구 대곡동,경상사고,0,0,1,0,차대차 - 추돌,안전거리미확보,건조,맑음,교차로 - 교차로부근,승용,여,49세,상해없음,승용,남,38세,경상
2020030400100313,2020년 3월 4일 18시,수요일,대구광역시 달서구 상인동,경상사고,0,0,1,0,차대차 - 추돌,안전운전불이행,건조,맑음,단일로 - 기타,승용,남,70세,상해없음,승용,남,38세,경상
2020030400100346,2020년 3월 4일 19시,수요일,대구광역시 북구 산격동,경상사고,0,0,1,0,차대차 - 측면충돌,안전운전불이행,건조,맑음,단일로 - 기타,승용,남,63세,상해없음,화물,남,41세,경상
2020030400100347,2020년 3월 4일 19시,수요일,대구광역시 달서구 호산동,경상사고,0,0,1,0,차대차 - 추돌,안전운전불이행,건조,맑음,교차로 - 교차로부근,승용,남,64세,상해없음,승용,남,40세,경상
2020030400100348,2020년 3월 4일 19시,수요일,대구광역시 북구 읍내동,경상사고,0,0,1,0,차대차 - 측면충돌,신호위반,건조,맑음,교차로 - 교차로안,승용,남,69세,상해없음,이륜,남,49세,경상
2020030400100372,2020년 3월 4일 20시,수요일,대구광역시 달서구 월성동,중상사고,0,1,0,0,차대사람 - 횡단중,신호위반,건조,맑음,교차로 - 교차로횡단보도내,승용,남,38세,상해없음,보행자,여,15세,중상
2020030400100373,2020년 3월 4일 20시,수요일,대구광역시 달성군 구지면,경상사고,0,0,1,0,차대사람 - 기타,기타,건조,맑음,단일로 - 기타,기타불명,기타불명,미분류,기타불명,보행자,여,69세,경상
2020030400100374,2020년 3월 4일 20시,수요일,대구광역시 중구 동성로3가,부상신고사고,0,0,0,1,차량단독 - 공작물충돌,안전운전불이행,건조,맑음,단일로 - 기타,이륜,남,52세,부상신고,,,,