사고번호,사고일시,요일,시군구,사고내용,사망자수,중상자수,경상자수,부상신고자수,사고유형,법규위반,노면상태,기상상태,도로형태,가해운전자 차종,가해운전자 성별,가해운전자 연령,가해운전자 상해정도,피해운전자 차종,피해운전자 성별,피해운전자 연령,피해운전자 상해정도
2020030400100402,2020년 3월 4일 21시,수요일,대구광역시 서구 비산동,경상사고,0,0,1,0,차대차 - 기타,안전운전불이행,건조,맑음,단일로 - 기타,승용,남,20세,상해없음,승용,남,29세,상해없음
2020030400100429,2020년 3월 4일 22시,수요일,대구광역시 수성구 지산동,경상사고,0,0,1,0,차대차 - 기타,안전운전불이행,건조,맑음,교차로 - 교차로안,이륜,남,16세,경상,승용,남,59세,상해없음
2020030500100022,2020년 3월 5일 01시,목요일,대구광역시 북구 침산동,중상사고,0,1,0,0,차대차 - 정면충돌,중앙선침범,건조,맑음,단일로 - 기타,승용,남,69세,상해없음,승용,여,26세,중상
2020030500100028,2020년 3월 5일 02시,목요일,대구광역시 달서구 죽전동,중상사고,0,1,0,0,차량단독 - 공작물충돌,안전운전불이행,건조,맑음,교차로 - 교차로안,이륜,남,34세,중상,,,,
2020030500100058,2020년 3월 5일 06시,목요일,대구광역시 북구 침산동,경상사고,0,0,1,0,차대차 - 측면충돌,차로위반,건조,맑음,단일로 - 기타,이륜,남,71세,경상,승용,남,52세,상해없음
2020030500100129,2020년 3월 5일 09시,목요일,대구광역시 남구 봉덕동,경상사고,0,0,1,0,차대차 - 측면충돌,안전운전불이행,건조,맑음,기타 - 기타,승용,남,38세,상해없음,자전거,여,61세,경상
2020030500100152,2020년 3월 5일 10시,목요일,대구광역시 달서구 진천동,경상사고,0,0,1,0,차대사람 - 횡단중,보행자보호의무위반,건조,맑음,교차로 - 교차로횡단보도내,승용,여,41세,상해없음,보행자,여,32세,경상
2020030500100173,2020년 3월 5일 11시,목요일,대구광역시 동구 검사동,부상신고사고,0,0,0,1,차대차 - 기타,안전운전불이행,건조,맑음,단일로 - 기타,특수,남,60세,기타불명,자전거,남,80세,부상신고
2020030500100174,2020년 3월 5일 11시,목요일,대구광역시 수성구 만촌동,경상사고,0,0,2,0,차대차 - 추돌,안전운전불이행,건조,맑음,단일로 - 기타,승용,남,59세,상해없음,승용,여,56세,경상
2020030500100175,2020년 3월 5일 11시,목요일,대구광역시 달서구 파호동,경상사고,0,0,1,0,차대차 - 측면충돌,안전운전불이행,건조,맑음,단일로 - 고가도로위,승용,여,63세,상해없음,이륜,남,16세,경상
2020030500100176,2020년 3월 5일 11시,목요일,대구광역시 북구 읍내동,경상사고,0,0,1,0,차대차 - 측면충돌,안전운전불이행,건조,맑음,단일로 - 기타,이륜,남,85세,상해없음,이륜,남,38세,경상
2020030500100225,2020년 3월 5일 13시,목요일,대구광역시 북구 동천동,경상사고,0,0,3,0,차대차 - 기타,안전거리미확보,건조,맑음,단일로 - 기타,승용,여,46세,상해없음,이륜,남,16세,경상
2020030500100249,2020년 3월 5일 14시,목요일,대구광역시 달서구 진천동,경상사고,0,0,2,0,차대차 - 측면충돌,안전거리미확보,건조,맑음,단일로 - 기타,승용,남,57세,상해없음,이륜,남,23세,경상
2020030500100250,2020년 3월 5일 14시,목요일,대구광역시 달서구 용산동,경상사고,0,0,4,0,차대차 - 측면충돌,안전운전불이행,건조,맑음,단일로 - 기타,승용,여,62세,경상,승용,남,23세,경상
2020030500100273,2020년 3월 5일 15시,목요일,대구광역시 동구 신천동,경상사고,0,0,1,0,차대차 - 측면충돌,기타,건조,맑음,단일로 - 기타,화물,남,49세,상해없음,승용,남,62세,경상
2020030500100274,2020년 3월 5일 15시,목요일,대구광역시 서구 내당동,경상사고,0,0,3,0,차대차 - 측면충돌,교차로운행방법위반,건조,맑음,교차로 - 교차로안,화물,남,48세,상해없음,승용,남,20세,경상
2020030500100320,2020년 3월 5일 17시,목요일,대구광역시 달성군 논공읍,경상사고,0,0,1,0,차대차 - 기타,안전운전불이행,건조,맑음,기타 - 기타,승용,남,42세,상해없음,승용,남,49세,경상
2020030500100363,2020년 3월 5일 18시,목요일,대구광역시 수성구 지산동,중상사고,0,1,0,0,차대차 - 측면충돌,신호위반,건조,맑음,단일로 - 기타,승용,여,58세,상해없음,자전거,남,49세,중상
2020030500100364,2020년 3월 5일 18시,목요일,대구광역시 달서구 진천동,경상사고,0,0,1,0,차대차 - 기타,교차로운행방법위반,건조,맑음,교차로 - 교차로안,승용,남,44세,상해없음,승용,남,37세,경상
2020030500100365,2020년 3월 5일 18시,목요일,대구광역시 중구 태평로3가,경상사고,0,0,2,0,차대차 - 측면충돌,안전운전불이행,건조,맑음,교차로 - 교차로부근,승용,남,51세,상해없음,승용,여,46세,경상
2020030500100366,2020년 3월 5일 18시,목요일,대구광역시 중구 계산동2가,경상사고,0,0,1,0,차대차 - 측면충돌,차로위반,건조,맑음,단일로 - 기타,승용,남,73세,기타불명,자전거,남,44세,경상
2020030500100407,2020년 3월 5일 19시,목요일,대구광역시 달서구 용산동,부상신고사고,0,0,0,2,차대차 - 기타,안전운전불이행,건조,맑음,단일로 - 기타,승용,여,24세,상해없음,이륜,남,17세,부상신고
2020030500100429,2020년 3월 5일 20시,목요일,대구광역시 달성군 논공읍,중상사고,0,1,10,0,차대차 - 추돌,안전운전불이행,건조,맑음,단일로 - 기타,승합,남,64세,상해없음,승용,남,32세,중상
2020030500100431,2020년 3월 5일 20시,목요일,대구광역시 중구 대봉동,경상사고,0,0,1,0,차대차 - 기타,차로위반,건조,맑음,단일로 - 기타,승용,남,56세,상해없음,승용,남,50세,경상
2020030500100432,2020년 3월 5일 20시,목요일,대구광역시 수성구 시지동,중상사고,0,1,0,0,차대사람 - 횡단중,신호위반,건조,맑음,교차로 - 교차로횡단보도내,이륜,남,61세,상해없음,보행자,남,70세,중상
2020030500100433,2020년 3월 5일 20시,목요일,대구광역시 달성군 다사읍,경상사고,0,0,1,0,차대사람 - 기타,안전운전불이행,건조,맑음,기타 - 기타,기타불명,기타불명,미분류,기타불명,보행자,남,28세,경상
2020030500100455,2020년 3월 5일 21시,목요일,대구광역시 남구 봉덕동,경상사고,0,0,2,0,차대차 - 기타,안전운전불이행,건조,맑음,교차로 - 교차로부근,이륜,남,21세,경상,승용,남,48세,경상
2020030500100456,2020년 3월 5일 21시,목요일,대구광역시 수성구 신매동,경상사고,0,0,1,0,차대차 - 기타,안전운전불이행,건조,맑음,기타 - 기타,승용,남,50세,상해없음,승용,남,34세,경상
2020030500100457,2020년 3월 5일 21시,목요일,대구광역시 중구 봉산동,부상신고사고,0,0,0,1,차대차 - 측면충돌,안전운전불이행,건조,맑음,단일로 - 기타,이륜,남,28세,부상신고,승용,남,32세,상해없음
2020030500100458,2020년 3월 5일 21시,목요일,대구광역시 달서구 장기동,경상사고,0,0,2,0,차대차 - 추돌,안전운전불이행,건조,맑음,교차로 - 교차로부근,승용,남,53세,상해없음,승용,남,30세,경상
2020030500100480,2020년 3월 5일 22시,목요일,대구광역시 동구 용계동,경상사고,0,0,2,0,차대차 - 측면충돌,안전거리미확보,건조,맑음,단일로 - 기타,승용,남,29세,상해없음,승용,남,23세,경상
2020030500100481,2020년 3월 5일 22시,목요일,대구광역시 달서구 송현동,중상사고,0,1,0,0,차대사람 - 횡단중,안전운전불이행,건조,맑음,단일로 - 기타,승용,남,38세,상해없음,보행자,남,63세,중상
2020030600100039,2020년 3월 6일 04시,금요일,대구광역시 동구 입석동,중상사고,0,1,1,0,차대차 - 기타,신호위반,건조,맑음,교차로 - 교차로안,화물,남,58세,경상,승용,남,66세,중상
2020030600100078,2020년 3월 6일 07시,금요일,대구광역시 달성군 논공읍,중상사고,0,1,0,0,차대차 - 기타,신호위반,건조,맑음,교차로 - 교차로안,화물,남,66세,상해없음,이륜,남,72세,중상
2020030600100117,2020년 3월 6일 08시,금요일,대구광역시 남구 대명동,경상사고,0,0,1,0,차대차 - 추돌,안전운전불이행,건조,맑음,단일로 - 기타,승용,남,28세,상해없음,승용,여,40세,경상
2020030600100222,2020년 3월 6일 12시,금요일,대구광역시 수성구 범어동,중상사고,0,2,0,0,차대차 - 정면충돌,안전운전불이행,건조,맑음,교차로 - 교차로횡단보도내,이륜,남,30세,중상,이륜,남,37세,중상
2020030600100223,2020년 3월 6일 12시,금요일,대구광역시 수성구 두산동,경상사고,0,0,2,0,차대차 - 측면충돌,안전운전불이행,건조,맑음,단일로 - 기타,승용,남,77세,상해없음,승용,남,39세,경상
2020030600100224,2020년 3월 6일 12시,금요일,대구광역시 달성군 다사읍,경상사고,0,0,3,0,차대차 - 기타,안전운전불이행,건조,맑음,교차로 - 교차로안,승용,여,55세,상해없음,승합,남,68세,경상
2020030600100225,2020년 3월 6일 12시,금요일,대구광역시 북구 학정동,경상사고,0,0,1,0,차대차 - 측면충돌,중앙선침범,건조,맑음,교차로 - 교차로안,승용,여,56세,상해없음,승용,남,38세,경상
2020030600100281,2020년 3월 6일 14시,금요일,대구광역시 남구 대명동,경상사고,0,0,3,0,차대차 - 측면충돌,안전운전불이행,건조,맑음,교차로 - 교차로안,승용,여,40세,경상,승용,여,32세,경상
2020030600100282,2020년 3월 6일 14시,금요일,대구광역시 달성군 현풍읍,중상사고,0,1,0,0,차대차 - 추돌,안전운전불이행,건조,맑음,기타 - 기타,화물,남,33세,상해없음,농기계,남,55세,중상
2020030600100312,2020년 3월 6일 15시,금요일,대구광역시 수성구 황금동,경상사고,0,0,1,0,차량단독 - 기타,안전운전불이행,건조,맑음,교차로 - 교차로부근,승용,남,79세,상해없음,,,,
2020030600100348,2020년 3월 6일 16시,금요일,대구광역시 달서구 장기동,중상사고,0,2,0,0,차대차 - 측면충돌,기타,건조,맑음,단일로 - 기타,건설기계,남,51세,상해없음,승용,여,49세,중상
2020030600100403,2020년 3월 6일 17시,금요일,대구광역시 달서구 대천동,경상사고,0,0,2,0,차대차 - 측면충돌,안전거리미확보,건조,맑음,단일로 - 기타,승용,남,47세,경상,승합,남,37세,경상
2020030600100445,2020년 3월 6일 18시,금요일,대구광역시 남구 봉덕동,경상사고,0,0,1,1,차대차 - 기타,안전운전불이행,건조,맑음,교차로 - 교차로부근,승용,남,45세,부상신고,승용,여,45세,경상
2020030600100446,2020년 3월 6일 18시,금요일,대구광역시 동구 방촌동,중상사고,0,1,2,0,차대차 - 측면충돌,신호위반,건조,맑음,교차로 - 교차로안,원동기,남,52세,중상,승합,남,65세,경상
2020030600100478,2020년 3월 6일 19시,금요일,대구광역시 달서구 상인동,중상사고,0,1,1,0,차대차 - 기타,중앙선침범,건조,맑음,단일로 - 기타,이륜,남,34세,중상,승용,여,62세,경상
2020030600100479,2020년 3월 6일 19시,금요일,대구광역시 북구 복현동,부상신고사고,0,0,0,1,차대차 - 측면충돌,안전운전불이행,건조,맑음,교차로 - 교차로횡단보도내,기타불명,여,40세,부상신고,승용,남,61세,상해없음
2020030600100480,2020년 3월 6일 19시,금요일,대구광역시 서구 평리동,부상신고사고,0,0,0,1,차대차 - 기타,신호위반,건조,맑음,교차로 - 교차로안,기타불명,기타불명,미분류,기타불명,자전거,남,68세,부상신고
2020030600100537,2020년 3월 6일 21시,금요일,대구광역시 남구 대명동,경상사고,0,0,1,0,차대차 - 측면충돌,신호위반,건조,맑음,교차로 - 교차로안,승용,남,27세,상해없음,승용,여,54세,경상
2020030600100538,2020년 3월 6일 21시,금요일,대구광역시 동구 효목동,경상사고,0,0,1,0,차대사람 - 횡단중,안전운전불이행,건조,맑음,교차로 - 교차로부근,승용,남,31세,상해없음,보행자,남,69세,경상
2020030600100539,2020년 3월 6일 21시,금요일,대구광역시 달성군 다사읍,부상신고사고,0,0,0,1,차대차 - 측면충돌,안전운전불이행,건조,맑음,교차로 - 교차로안,이륜,남,39세,기타불명,승용,남,40세,부상신고
2020030700100031,2020년 3월 7일 02시,토요일,대구광역시 수성구 두산동,경상사고,0,0,1,0,차대차 - 추돌,안전운전불이행,건조,맑음,단일로 - 기타,승합,남,27세,상해없음,승용,여,56세,경상
2020030700100040,2020년 3월 7일 03시,토요일,대구광역시 서구 내당동,경상사고,0,0,1,0,차대차 - 추돌,안전운전불이행,건조,맑음,단일로 - 기타,승용,남,29세,상해없음,화물,남,57세,경상
2020030700100059,2020년 3월 7일 05시,토요일,대구광역시 달성군 현풍읍,경상사고,0,0,2,0,차대차 - 측면충돌,안전운전불이행,건조,맑음,단일로 - 기타,화물,남,42세,경상,승용,남,72세,경상
2020030700100060,2020년 3월 7일 05시,토요일,대구광역시 동구 효목동,중상사고,0,1,0,0,차량단독 - 공작물충돌,안전운전불이행,건조,맑음,단일로 - 기타,이륜,남,15세,기타불명,,,,
2020030700100068,2020년 3월 7일 06시,토요일,대구광역시 달서구 두류동,경상사고,0,0,1,1,차대차 - 기타,신호위반,건조,맑음,교차로 - 교차로안,이륜,남,61세,부상신고,승용,남,64세,경상
2020030700100077,2020년 3월 7일 07시,토요일,대구광역시 중구 남산동,중상사고,0,1,0,0,차대차 - 측면충돌,안전거리미확보,건조,맑음,단일로 - 기타,승용,남,61세,상해없음,이륜,남,36세,중상
2020030700100086,2020년 3월 7일 08시,토요일,대구광역시 수성구 만촌동,경상사고,0,0,1,0,차대차 - 기타,안전거리미확보,건조,맑음,단일로 - 기타,승용,남,29세,상해없음,승용,남,29세,경상
2020030700100154,2020년 3월 7일 11시,토요일,대구광역시 동구 동호동,경상사고,0,0,2,0,차대차 - 측면충돌,신호위반,건조,맑음,교차로 - 교차로안,승용,남,29세,경상,승용,여,28세,경상
2020030700100155,2020년 3월 7일 11시,토요일,대구광역시 북구 구암동,경상사고,0,0,1,0,차대차 - 기타,안전운전불이행,젖음/습기,흐림,교차로 - 교차로부근,승용,남,25세,상해없음,승용,남,30세,경상
2020030700100182,2020년 3월 7일 12시,토요일,대구광역시 남구 대명동,중상사고,0,1,0,0,차대사람 - 기타,안전운전불이행,건조,맑음,단일로 - 기타,승용,여,36세,상해없음,보행자,남,86세,중상
2020030700100183,2020년 3월 7일 12시,토요일,대구광역시 서구 중리동,경상사고,0,0,1,0,차대차 - 후진중충돌,안전운전불이행,건조,맑음,단일로 - 기타,승용,여,32세,상해없음,이륜,남,32세,경상
2020030700100249,2020년 3월 7일 15시,토요일,대구광역시 수성구 범어동,경상사고,0,0,2,1,차대차 - 측면충돌,직진우회전진행방해,건조,맑음,교차로 - 교차로안,승용,남,25세,부상신고,승용,남,39세,경상
2020030700100274,2020년 3월 7일 16시,토요일,대구광역시 서구 평리동,경상사고,0,0,1,0,차대차 - 기타,안전거리미확보,건조,맑음,단일로 - 기타,승용,남,27세,상해없음,이륜,남,35세,경상
2020030700100296,2020년 3월 7일 17시,토요일,대구광역시 동구 봉무동,중상사고,0,1,0,0,차대차 - 측면충돌,안전운전불이행,건조,맑음,단일로 - 기타,승용,남,62세,상해없음,원동기,남,39세,중상
2020030700100323,2020년 3월 7일 18시,토요일,대구광역시 남구 봉덕동,중상사고,0,1,0,0,차대차 - 기타,안전운전불이행,젖음/습기,흐림,단일로 - 기타,이륜,남,52세,상해없음,이륜,남,23세,중상
2020030700100382,2020년 3월 7일 20시,토요일,대구광역시 북구 구암동,경상사고,0,0,1,0,차대차 - 측면충돌,교차로운행방법위반,젖음/습기,비,교차로 - 교차로안,승용,남,38세,상해없음,이륜,남,22세,경상
2020030700100403,2020년 3월 7일 21시,토요일,대구광역시 달서구 이곡동,경상사고,0,0,1,0,차대차 - 측면충돌,신호위반,젖음/습기,비,교차로 - 교차로안,승용,남,52세,상해없음,이륜,남,35세,경상
2020030700100404,2020년 3월 7일 21시,토요일,대구광역시 달서구 성당동,경상사고,0,0,1,0,차대사람 - 기타,안전운전불이행,젖음/습기,흐림,단일로 - 기타,승용,남,54세,상해없음,보행자,여,72세,경상
2020030700100425,2020년 3월 7일 22시,토요일,대구광역시 달서구 송현동,경상사고,0,0,1,0,차대차 - 측면충돌,직진우회전진행방해,젖음/습기,비,교차로 - 교차로안,이륜,남,57세,경상,승용,남,37세,상해없음
2020030700100434,2020년 3월 7일 23시,토요일,대구광역시 동구 신암동,경상사고,0,0,1,0,차대차 - 기타,안전거리미확보,건조,맑음,단일로 - 기타,승용,남,58세,상해없음,승용,남,46세,경상
2020030700100435,2020년 3월 7일 23시,토요일,대구광역시 달서구 본리동,경상사고,0,0,1,0,차대차 - 측면충돌,안전운전불이행,건조,맑음,기타 - 기타,특수,남,44세,상해없음,승용,남,31세,기타불명
2020030800100019,2020년 3월 8일 01시,일요일,대구광역시 남구 대명동,경상사고,0,0,1,0,차량단독 - 기타,안전운전불이행,젖음/습기,비,교차로 - 교차로부근,이륜,남,36세,경상,,,,
2020030800100030,2020년 3월 8일 02시,일요일,대구광역시 달서구 신당동,경상사고,0,0,1,0,차대사람 - 기타,안전운전불이행,건조,맑음,단일로 - 기타,승용,남,26세,상해없음,보행자,남,24세,경상
2020030800100053,2020년 3월 8일 05시,일요일,대구광역시 북구 복현동,경상사고,0,0,2,1,차대차 - 측면충돌,신호위반,건조,맑음,교차로 - 교차로안,승용,남,45세,부상신고,승용,여,53세,경상
2020030800100054,2020년 3월 8일 05시,일요일,대구광역시 달서구 호산동,경상사고,0,0,1,0,차대차 - 측면충돌,차로위반,건조,맑음,기타 - 기타,승용,남,49세,상해없음,승용,남,50세,경상
2020030800100090,2020년 3월 8일 09시,일요일,대구광역시 동구 금강동,경상사고,0,0,1,0,차대차 - 측면충돌,안전운전불이행,기타,안개,단일로 - 기타,자전거,남,34세,상해없음,자전거,여,68세,경상
2020030800100091,2020년 3월 8일 09시,일요일,대구광역시 수성구 상동,경상사고,0,0,1,0,차량단독 - 기타,안전운전불이행,건조,맑음,단일로 - 기타,승용,남,56세,기타불명,,,,
2020030800100180,2020년 3월 8일 14시,일요일,대구광역시 남구 이천동,경상사고,0,0,1,0,차대차 - 측면충돌,신호위반,건조,맑음,교차로 - 교차로안,승용,남,34세,상해없음,화물,남,59세,경상
2020030800100201,2020년 3월 8일 15시,일요일,대구광역시 달서구 대천동,경상사고,0,0,4,0,차대차 - 측면충돌,교차로운행방법위반,건조,맑음,교차로 - 교차로안,승용,남,63세,상해없음,승용,남,18세,경상
2020030800100231,2020년 3월 8일 16시,일요일,대구광역시 달서구 상인동,중상사고,0,2,3,0,차대차 - 추돌,안전운전불이행,건조,맑음,단일로 - 기타,화물,남,36세,상해없음,승용,남,46세,경상
2020030800100265,2020년 3월 8일 17시,일요일,대구광역시 북구 침산동,경상사고,0,0,2,0,차대차 - 추돌,안전운전불이행,건조,맑음,단일로 - 기타,승용,남,25세,상해없음,승용,남,31세,경상
2020030800100284,2020년 3월 8일 18시,일요일,대구광역시 남구 대명동,경상사고,0,0,1,0,차대차 - 측면충돌,중앙선침범,건조,맑음,기타 - 기타,승용,여,37세,상해없음,승용,남,59세,경상
2020030800100285,2020년 3월 8일 18시,일요일,대구광역시 수성구 상동,경상사고,0,0,4,0,차대차 - 측면충돌,교차로운행방법위반,건조,맑음,교차로 - 교차로안,승용,남,71세,경상,승용,남,36세,경상
2020030800100286,2020년 3월 8일 18시,일요일,대구광역시 달서구 이곡동,부상신고사고,0,0,0,1,차대차 - 기타,안전거리미확보,건조,맑음,기타 - 기타,승용,남,61세,상해없음,이륜,남,39세,부상신고
2020030800100310,2020년 3월 8일 19시,일요일,대구광역시 동구 용계동,중상사고,0,2,2,0,차대차 - 정면충돌,차로위반,건조,맑음,단일로 - 기타,승용,남,75세,중상,승용,남,36세,경상
2020030800100311,2020년 3월 8일 19시,일요일,대구광역시 달서구 진천동,경상사고,0,0,3,0,차대차 - 측면충돌,안전거리미확보,건조,맑음,단일로 - 기타,승용,남,31세,경상,이륜,남,39세,경상
2020030800100312,2020년 3월 8일 19시,일요일,대구광역시 달성군 다사읍,부상신고사고,0,0,0,1,차대사람 - 기타,안전운전불이행,건조,맑음,단일로 - 기타,개인형이동수단(PM),여,17세,상해없음,보행자,여,20세,부상신고
2020030800100334,2020년 3월 8일 20시,일요일,대구광역시 달성군 다사읍,경상사고,0,0,2,0,차대차 - 측면충돌,중앙선침범,건조,맑음,단일로 - 기타,승용,여,48세,상해없음,승용,남,26세,경상
2020030800100335,2020년 3월 8일 20시,일요일,대구광역시 달서구 신당동,부상신고사고,0,0,0,1,차대차 - 측면충돌,안전운전불이행,건조,맑음,교차로 - 교차로부근,자전거,남,65세,부상신고,승용,남,40세,상해없음
2020030800100348,2020년 3월 8일 21시,일요일,대구광역시 남구 봉덕동,중상사고,0,1,0,0,차대차 - 측면충돌,신호위반,건조,맑음,교차로 - 교차로안,승합,남,56세,상해없음,자전거,남,68세,중상
2020030800100349,2020년 3월 8일 21시,일요일,대구광역시 북구 산격동,경상사고,0,0,2,0,차대차 - 측면충돌,중앙선침범,건조,맑음,교차로 - 교차로부근,승용,남,28세,상해없음,승용,여,26세,경상
2020030800100350,2020년 3월 8일 21시,일요일,대구광역시 달서구 이곡동,경상사고,0,0,2,0,차대차 - 측면충돌,불법유턴,건조,맑음,단일로 - 기타,승용,남,23세,상해없음,승용,남,55세,경상
2020030800100359,2020년 3월 8일 22시,일요일,대구광역시 동구 효목동,경상사고,0,0,1,0,차대차 - 후진중충돌,안전운전불이행,건조,맑음,단일로 - 기타,승용,남,62세,상해없음,화물,남,49세,경상
2020030800100360,2020년 3월 8일 22시,일요일,대구광역시 서구 비산동,경상사고,0,0,1,0,차대사람 - 기타,안전운전불이행,건조,맑음,교차로 - 교차로안,승용,남,43세,상해없음,보행자,남,26세,경상
2020030900100103,2020년 3월 9일 08시,월요일,대구광역시 서구 내당동,부상신고사고,0,0,0,1,차대사람 - 횡단중,안전운전불이행,건조,맑음,교차로 - 교차로횡단보도내,기타불명,기타불명,미분류,기타불명,보행자,남,27세,부상신고
2020030900100134,2020년 3월 9일 09시,월요일,대구광역시 달성군 구지면,경상사고,0,0,1,0,차대차 - 기타,신호위반,건조,맑음,교차로 - 교차로안,승용,여,26세,경상,승용,여,52세,상해없음
2020030900100191,2020년 3월 9일 11시,월요일,대구광역시 달서구 신당동,경상사고,0,0,1,0,차대차 - 측면충돌,안전거리미확보,건조,맑음,단일로 - 기타,승용,남,67세,상해없음,이륜,남,50세,경상
2020030900100215,2020년 3월 9일 12시,월요일,대구광역시 수성구 만촌동,경상사고,0,0,2,0,차대차 - 추돌,안전거리미확보,건조,맑음,단일로 - 기타,승합,남,37세,상해없음,승합,남,50세,상해없음
2020030900100216,2020년 3월 9일 12시,월요일,대구광역시 북구 읍내동,중상사고,0,1,3,0,차대차 - 측면충돌,불법유턴,건조,맑음,단일로 - 기타,승용,여,50세,경상,화물,남,70세,중상
2020030900100249,2020년 3월 9일 13시,월요일,대구광역시 달서구 상인동,경상사고,0,0,3,0,차대차 - 추돌,안전거리미확보,건조,맑음,단일로 - 기타,승용,여,56세,상해없음,승용,남,57세,경상
2020030900100274,2020년 3월 9일 14시,월요일,대구광역시 북구 노원동3가,경상사고,0,0,1,0,차대차 - 추돌,안전운전불이행,건조,맑음,단일로 - 기타,승용,남,63세,상해없음,승용,남,38세,경상
2020030900100275,2020년 3월 9일 14시,월요일,대구광역시 북구 구암동,경상사고,0,0,1,0,차대차 - 기타,교차로운행방법위반,건조,맑음,교차로 - 교차로안,승용,남,57세,상해없음,이륜,남,51세,경상
2020030900100305,2020년 3월 9일 15시,월요일,대구광역시 달성군 다사읍,중상사고,0,1,0,0,차대차 - 기타,안전운전불이행,건조,맑음,교차로 - 교차로부근,승용,남,62세,상해없음,이륜,남,40세,중상
2020030900100357,2020년 3월 9일 17시,월요일,대구광역시 수성구 상동,중상사고,0,1,0,2,차대차 - 측면충돌,안전거리미확보,건조,맑음,교차로 - 교차로부근,승용,여,49세,상해없음,승용,남,21세,중상
2020030900100358,2020년 3월 9일 17시,월요일,대구광역시 달서구 월성동,경상사고,0,0,1,0,차대차 - 기타,안전거리미확보,건조,맑음,단일로 - 기타,이륜,남,36세,경상,승용,여,61세,상해없음
2020030900100359,2020년 3월 9일 17시,월요일,대구광역시 중구 남산동,중상사고,0,1,0,0,차대사람 - 보도통행중,기타,건조,맑음,기타 - 기타,이륜,남,32세,상해없음,보행자,여,55세,중상
2020030900100392,2020년 3월 9일 18시,월요일,대구광역시 달서구 대곡동,중상사고,0,1,0,0,차대사람 - 기타,안전운전불이행,젖음/습기,비,교차로 - 교차로안,화물,남,58세,상해없음,보행자,남,63세,중상
2020030900100393,2020년 3월 9일 18시,월요일,대구광역시 북구 침산동,경상사고,0,0,1,0,차대사람 - 보도통행중,기타,건조,맑음,기타 - 기타,이륜,남,60세,상해없음,보행자,여,61세,경상
2020030900100394,2020년 3월 9일 18시,월요일,대구광역시 서구 비산동,중상사고,0,1,0,0,차대사람 - 기타,안전운전불이행,건조,맑음,단일로 - 기타,승용,여,46세,상해없음,보행자,여,69세,중상
2020030900100395,2020년 3월 9일 18시,월요일,대구광역시 서구 평리동,중상사고,0,1,3,0,차대차 - 추돌,신호위반,건조,맑음,교차로 - 교차로부근,승용,남,35세,상해없음,승용,남,52세,중상
2020030900100425,2020년 3월 9일 19시,월요일,대구광역시 수성구 지산동,경상사고,0,0,1,0,차대차 - 기타,안전운전불이행,건조,맑음,단일로 - 기타,이륜,남,40세,경상,승용,남,39세,상해없음
2020030900100426,2020년 3월 9일 19시,월요일,대구광역시 달서구 진천동,경상사고,0,0,2,0,차대차 - 측면충돌,교차로운행방법위반,건조,맑음,교차로 - 교차로안,승용,남,60세,경상,승용,남,57세,경상
2020030900100427,2020년 3월 9일 19시,월요일,대구광역시 북구 복현동,경상사고,0,0,1,0,차대차 - 기타,안전운전불이행,젖음/습기,비,교차로 - 교차로안,이륜,남,36세,경상,승용,여,48세,상해없음
2020030900100428,2020년 3월 9일 19시,월요일,대구광역시 북구 산격동,경상사고,0,0,1,0,차대사람 - 길가장자리구역통행중,안전운전불이행,젖음/습기,비,단일로 - 기타,화물,남,58세,상해없음,보행자,남,77세,경상
2020030900100429,2020년 3월 9일 19시,월요일,대구광역시 서구 평리동,중상사고,0,1,0,0,차대차 - 측면충돌,교차로운행방법위반,젖음/습기,비,교차로 - 교차로부근,승용,남,40세,상해없음,승용,남,63세,중상
2020030900100430,2020년 3월 9일 19시,월요일,대구광역시 달서구 장동,경상사고,0,0,1,0,차대사람 - 보도통행중,기타,젖음/습기,비,단일로 - 기타,이륜,남,49세,상해없음,보행자,남,33세,경상
2020030900100455,2020년 3월 9일 20시,월요일,대구광역시 수성구 수성동4가,경상사고,0,0,1,0,차대차 - 측면충돌,안전운전불이행,건조,맑음,단일로 - 기타,승용,여,19세,상해없음,승용,남,26세,경상
2020030900100456,2020년 3월 9일 20시,월요일,대구광역시 달서구 상인동,경상사고,0,0,2,0,차대차 - 정면충돌,중앙선침범,건조,맑음,교차로 - 교차로안,승용,남,56세,경상,승합,남,55세,경상
2020030900100457,2020년 3월 9일 20시,월요일,대구광역시 서구 내당동,경상사고,0,0,2,0,차대차 - 측면충돌,안전운전불이행,젖음/습기,비,교차로 - 교차로안,승용,남,47세,상해없음,승용,남,66세,경상
2020030900100458,2020년 3월 9일 20시,월요일,대구광역시 달서구 갈산동,경상사고,0,0,2,0,차대차 - 추돌,안전거리미확보,건조,맑음,교차로 - 교차로부근,승용,남,57세,상해없음,승용,남,33세,경상
2020030900100494,2020년 3월 9일 21시,월요일,대구광역시 달서구 송현동,경상사고,0,0,1,0,차대차 - 추돌,안전거리미확보,젖음/습기,비,교차로 - 교차로부근,승합,남,55세,상해없음,승용,여,51세,경상
2020030900100495,2020년 3월 9일 21시,월요일,대구광역시 달성군 화원읍,부상신고사고,0,0,0,1,차대차 - 추돌,안전운전불이행,젖음/습기,비,교차로 - 교차로안,승용,남,54세,상해없음,이륜,남,26세,부상신고
2020030900100520,2020년 3월 9일 22시,월요일,대구광역시 중구 태평로1가,경상사고,0,0,1,0,차대차 - 측면충돌,교차로운행방법위반,젖음/습기,맑음,교차로 - 교차로안,승용,남,59세,상해없음,승용,남,34세,상해없음