사고번호,사고일시,요일,시군구,사고내용,사망자수,중상자수,경상자수,부상신고자수,사고유형,법규위반,노면상태,기상상태,도로형태,가해운전자 차종,가해운전자 성별,가해운전자 연령,가해운전자 상해정도,피해운전자 차종,피해운전자 성별,피해운전자 연령,피해운전자 상해정도
2020032000100304,2020년 3월 20일 14시,금요일,대구광역시 서구 내당동,부상신고사고,0,0,0,1,차대사람 - 길가장자리구역통행중,안전운전불이행,건조,맑음,단일로 - 기타,승용,남,60세,상해없음,보행자,남,27세,부상신고
2020032000100305,2020년 3월 20일 14시,금요일,대구광역시 달서구 용산동,경상사고,0,0,2,0,차대차 - 측면충돌,차로위반,건조,맑음,단일로 - 기타,승용,남,57세,상해없음,이륜,남,16세,경상
2020032000100344,2020년 3월 20일 15시,금요일,대구광역시 동구 신천동,경상사고,0,0,3,0,차대차 - 측면충돌,신호위반,건조,맑음,교차로 - 교차로안,승용,남,73세,상해없음,승용,남,65세,경상
2020032000100345,2020년 3월 20일 15시,금요일,대구광역시 달서구 도원동,중상사고,0,1,1,0,차대차 - 추돌,안전운전불이행,건조,맑음,단일로 - 기타,승용,남,30세,경상,건설기계,남,65세,중상
2020032000100386,2020년 3월 20일 16시,금요일,대구광역시 달성군 다사읍,경상사고,0,0,1,0,차대차 - 추돌,안전거리미확보,건조,맑음,교차로 - 교차로안,화물,남,60세,상해없음,승용,남,60세,경상
2020032000100426,2020년 3월 20일 17시,금요일,대구광역시 달서구 대천동,중상사고,0,2,0,0,차대차 - 측면충돌,신호위반,건조,맑음,교차로 - 교차로부근,이륜,여,62세,중상,승용,남,49세,중상
2020032000100459,2020년 3월 20일 18시,금요일,대구광역시 동구 부동,경상사고,0,0,1,0,차대차 - 측면충돌,안전운전불이행,건조,맑음,단일로 - 기타,기타불명,기타불명,미분류,기타불명,승용,남,65세,경상
2020032000100463,2020년 3월 20일 18시,금요일,대구광역시 수성구 황금동,부상신고사고,0,0,0,1,차대차 - 기타,안전운전불이행,건조,맑음,단일로 - 기타,승용,여,41세,상해없음,이륜,남,22세,부상신고
2020032000100504,2020년 3월 20일 19시,금요일,대구광역시 남구 대명동,경상사고,0,0,2,0,차대차 - 측면충돌,차로위반,건조,맑음,단일로 - 기타,기타불명,기타불명,미분류,기타불명,이륜,남,16세,경상
2020032000100506,2020년 3월 20일 19시,금요일,대구광역시 달서구 대천동,중상사고,0,1,2,0,차대차 - 측면충돌,신호위반,건조,맑음,교차로 - 교차로안,화물,남,52세,경상,승용,여,33세,중상
2020032000100531,2020년 3월 20일 20시,금요일,대구광역시 달서구 상인동,경상사고,0,0,2,0,차대차 - 추돌,안전거리미확보,건조,맑음,단일로 - 기타,승용,남,54세,상해없음,승용,남,32세,경상
2020032000100532,2020년 3월 20일 20시,금요일,대구광역시 달서구 호림동,경상사고,0,0,1,0,차대차 - 기타,안전거리미확보,건조,흐림,단일로 - 기타,승용,여,54세,상해없음,승용,남,33세,경상
2020032000100557,2020년 3월 20일 21시,금요일,대구광역시 수성구 수성동4가,중상사고,0,1,0,0,차대차 - 측면충돌,신호위반,건조,맑음,교차로 - 교차로안,승용,남,58세,기타불명,자전거,남,52세,중상
2020032000100558,2020년 3월 20일 21시,금요일,대구광역시 달서구 상인동,중상사고,0,1,1,0,차대차 - 측면충돌,안전거리미확보,건조,맑음,교차로 - 교차로부근,승용,남,61세,경상,이륜,남,18세,중상
2020032000100559,2020년 3월 20일 21시,금요일,대구광역시 북구 매천동,경상사고,0,0,1,0,차량단독 - 기타,안전운전불이행,건조,맑음,단일로 - 기타,이륜,남,47세,경상,,,,
2020032000100581,2020년 3월 20일 22시,금요일,대구광역시 동구 율하동,중상사고,0,2,3,0,차대차 - 기타,안전운전불이행,건조,맑음,교차로 - 교차로부근,승용,남,61세,경상,승용,남,20세,경상
2020032000100582,2020년 3월 20일 22시,금요일,대구광역시 중구 삼덕동1가,중상사고,0,1,0,0,차대사람 - 기타,안전운전불이행,건조,맑음,단일로 - 기타,승용,여,19세,상해없음,보행자,남,25세,중상
2020032000100602,2020년 3월 20일 23시,금요일,대구광역시 달서구 신당동,경상사고,0,0,2,0,차대차 - 추돌,안전운전불이행,건조,맑음,단일로 - 기타,승용,남,41세,상해없음,승용,여,37세,경상
2020032100100030,2020년 3월 21일 01시,토요일,대구광역시 서구 평리동,중상사고,0,1,0,0,차대차 - 정면충돌,신호위반,건조,맑음,교차로 - 교차로안,승용,남,36세,상해없음,승용,남,68세,중상
2020032100100084,2020년 3월 21일 06시,토요일,대구광역시 북구 팔달동,경상사고,0,0,1,0,차대차 - 추돌,안전운전불이행,건조,맑음,교차로 - 교차로부근,화물,남,59세,상해없음,승용,남,40세,경상
2020032100100098,2020년 3월 21일 07시,토요일,대구광역시 북구 침산동,중상사고,0,1,0,0,차대차 - 측면충돌,안전운전불이행,건조,맑음,단일로 - 기타,승용,남,36세,상해없음,자전거,남,49세,중상
2020032100100126,2020년 3월 21일 09시,토요일,대구광역시 동구 용계동,경상사고,0,0,1,0,차대차 - 측면충돌,교차로운행방법위반,젖음/습기,맑음,교차로 - 교차로안,승용,여,59세,상해없음,승용,남,55세,경상
2020032100100160,2020년 3월 21일 10시,토요일,대구광역시 달성군 옥포읍,경상사고,0,0,1,0,차대차 - 기타,안전운전불이행,건조,맑음,단일로 - 기타,건설기계,남,63세,상해없음,승용,여,60세,경상
2020032100100218,2020년 3월 21일 12시,토요일,대구광역시 달서구 상인동,경상사고,0,0,1,0,차대차 - 측면충돌,신호위반,건조,맑음,교차로 - 교차로부근,승용,남,60세,상해없음,화물,남,25세,경상
2020032100100258,2020년 3월 21일 13시,토요일,대구광역시 달서구 신당동,경상사고,0,0,2,0,차대차 - 추돌,안전거리미확보,건조,맑음,단일로 - 기타,승용,여,42세,상해없음,승용,남,52세,경상
2020032100100293,2020년 3월 21일 14시,토요일,대구광역시 남구 대명동,경상사고,0,0,1,0,차대차 - 측면충돌,안전운전불이행,건조,맑음,교차로 - 교차로부근,화물,남,69세,상해없음,이륜,남,31세,경상
2020032100100294,2020년 3월 21일 14시,토요일,대구광역시 수성구 만촌동,경상사고,0,0,1,0,차대차 - 측면충돌,중앙선침범,건조,맑음,단일로 - 기타,이륜,남,55세,경상,승용,남,48세,상해없음
2020032100100295,2020년 3월 21일 14시,토요일,대구광역시 달서구 감삼동,경상사고,0,0,2,0,차대차 - 측면충돌,교차로운행방법위반,건조,맑음,교차로 - 교차로안,승용,남,40세,상해없음,승용,남,26세,경상
2020032100100337,2020년 3월 21일 15시,토요일,대구광역시 수성구 범물동,경상사고,0,0,2,0,차대차 - 측면충돌,안전운전불이행,건조,맑음,교차로 - 교차로안,승용,남,26세,경상,승용,남,52세,경상
2020032100100338,2020년 3월 21일 15시,토요일,대구광역시 북구 침산동,경상사고,0,0,2,0,차대차 - 추돌,안전거리미확보,건조,맑음,단일로 - 기타,화물,남,57세,상해없음,승용,남,29세,상해없음
2020032100100402,2020년 3월 21일 17시,토요일,대구광역시 달성군 현풍읍,중상사고,0,3,2,2,차대차 - 기타,중앙선침범,건조,맑음,교차로 - 교차로안,승용,여,67세,기타불명,승용,남,32세,중상
2020032100100403,2020년 3월 21일 17시,토요일,대구광역시 북구 산격동,부상신고사고,0,0,0,1,차대차 - 측면충돌,차로위반,건조,맑음,단일로 - 기타,이륜,남,72세,부상신고,승용,남,31세,상해없음
2020032100100404,2020년 3월 21일 17시,토요일,대구광역시 서구 비산동,부상신고사고,0,0,0,1,차대차 - 측면충돌,교차로운행방법위반,건조,맑음,교차로 - 교차로부근,승용,남,70세,부상신고,승합,남,48세,상해없음
2020032100100405,2020년 3월 21일 17시,토요일,대구광역시 서구 평리동,중상사고,0,1,0,0,차대차 - 기타,안전운전불이행,건조,맑음,기타 - 기타,승용,여,31세,상해없음,이륜,남,32세,중상
2020032100100406,2020년 3월 21일 17시,토요일,대구광역시 달서구 감삼동,중상사고,0,1,0,0,차대사람 - 횡단중,보행자보호의무위반,건조,맑음,교차로 - 교차로횡단보도내,승용,남,51세,상해없음,보행자,남,15세,중상
2020032100100407,2020년 3월 21일 17시,토요일,대구광역시 달서구 감삼동,경상사고,0,0,2,0,차대차 - 기타,불법유턴,건조,맑음,기타 - 기타,자전거,기타불명,미분류,기타불명,승용,남,60세,상해없음
2020032100100430,2020년 3월 21일 18시,토요일,대구광역시 달서구 월성동,경상사고,0,0,2,1,차대차 - 정면충돌,교차로운행방법위반,건조,맑음,교차로 - 교차로안,승용,남,29세,부상신고,승용,남,63세,경상
2020032100100460,2020년 3월 21일 19시,토요일,대구광역시 동구 방촌동,경상사고,0,0,2,0,차대차 - 추돌,안전운전불이행,건조,맑음,기타 - 기타,승용,남,60세,상해없음,승용,남,32세,경상
2020032100100461,2020년 3월 21일 19시,토요일,대구광역시 북구 산격동,부상신고사고,0,0,0,1,차대사람 - 길가장자리구역통행중,안전운전불이행,건조,맑음,단일로 - 기타,화물,남,60세,상해없음,보행자,남,78세,부상신고
2020032100100462,2020년 3월 21일 19시,토요일,대구광역시 북구 동천동,경상사고,0,0,1,0,차대차 - 기타,안전운전불이행,건조,맑음,단일로 - 기타,승용,남,37세,상해없음,원동기,남,27세,경상
2020032100100514,2020년 3월 21일 21시,토요일,대구광역시 서구 내당동,경상사고,0,0,1,0,차대사람 - 차도통행중,안전운전불이행,건조,맑음,단일로 - 기타,승용,여,57세,상해없음,보행자,남,49세,경상
2020032100100536,2020년 3월 21일 22시,토요일,대구광역시 수성구 중동,경상사고,0,0,1,0,차대차 - 측면충돌,안전운전불이행,건조,맑음,단일로 - 기타,승용,남,66세,상해없음,이륜,남,32세,경상
2020032200100017,2020년 3월 22일 00시,일요일,대구광역시 달성군 유가읍,경상사고,0,0,1,0,차대차 - 추돌,안전운전불이행,건조,맑음,기타 - 기타,승용,남,46세,상해없음,승용,남,29세,경상
2020032200100063,2020년 3월 22일 04시,일요일,대구광역시 수성구 상동,경상사고,0,0,2,0,차량단독 - 공작물충돌,교차로운행방법위반,건조,맑음,교차로 - 교차로안,승용,남,22세,상해없음,,,,
2020032200100064,2020년 3월 22일 04시,일요일,대구광역시 중구 봉산동,경상사고,0,0,1,0,차대사람 - 횡단중,신호위반,건조,맑음,단일로 - 기타,이륜,남,14세,상해없음,보행자,남,23세,경상
2020032200100065,2020년 3월 22일 04시,일요일,대구광역시 중구 삼덕동1가,경상사고,0,0,2,0,차대사람 - 길가장자리구역통행중,안전운전불이행,건조,맑음,단일로 - 기타,승용,여,21세,상해없음,보행자,남,25세,경상
2020032200100137,2020년 3월 22일 11시,일요일,대구광역시 중구 공평동,중상사고,0,2,1,0,차대차 - 측면충돌,안전거리미확보,건조,맑음,단일로 - 기타,자전거,남,54세,경상,승용,남,35세,상해없음
2020032200100154,2020년 3월 22일 12시,일요일,대구광역시 북구 구암동,경상사고,0,0,1,0,차대차 - 기타,안전운전불이행,건조,맑음,교차로 - 교차로부근,승용,남,31세,상해없음,자전거,남,57세,경상
2020032200100181,2020년 3월 22일 13시,일요일,대구광역시 남구 대명동,경상사고,0,0,2,0,차대차 - 기타,안전거리미확보,건조,맑음,교차로 - 교차로부근,승용,남,29세,상해없음,원동기,남,19세,경상
2020032200100182,2020년 3월 22일 13시,일요일,대구광역시 북구 사수동,경상사고,0,0,4,0,차대차 - 측면충돌,교차로운행방법위반,건조,맑음,교차로 - 교차로안,승용,남,28세,상해없음,승용,남,34세,경상
2020032200100208,2020년 3월 22일 14시,일요일,대구광역시 달성군 화원읍,중상사고,0,1,0,0,차대차 - 기타,안전운전불이행,건조,맑음,기타 - 기타,이륜,남,16세,중상,승합,남,51세,상해없음
2020032200100209,2020년 3월 22일 14시,일요일,대구광역시 북구 구암동,경상사고,0,0,3,0,차대차 - 측면충돌,교차로운행방법위반,건조,맑음,교차로 - 교차로안,승용,여,58세,경상,승용,남,25세,경상
2020032200100232,2020년 3월 22일 15시,일요일,대구광역시 서구 내당동,부상신고사고,0,0,0,1,차대차 - 측면충돌,안전운전불이행,건조,맑음,교차로 - 교차로안,이륜,남,28세,부상신고,승용,남,78세,상해없음
2020032200100262,2020년 3월 22일 16시,일요일,대구광역시 동구 방촌동,경상사고,0,0,1,0,차대차 - 측면충돌,안전운전불이행,건조,맑음,단일로 - 기타,승용,여,57세,상해없음,자전거,남,11세,경상
2020032200100282,2020년 3월 22일 17시,일요일,대구광역시 동구 숙천동,경상사고,0,0,4,0,차대차 - 측면충돌,안전거리미확보,건조,맑음,단일로 - 기타,승용,남,69세,상해없음,승용,남,32세,경상
2020032200100283,2020년 3월 22일 17시,일요일,대구광역시 동구 지저동,경상사고,0,0,1,0,차대차 - 측면충돌,안전거리미확보,건조,맑음,단일로 - 기타,화물,남,56세,상해없음,승용,남,52세,상해없음
2020032200100284,2020년 3월 22일 17시,일요일,대구광역시 북구 구암동,중상사고,0,1,0,0,차대차 - 기타,안전운전불이행,건조,맑음,단일로 - 기타,승용,여,67세,상해없음,이륜,남,46세,중상
2020032200100340,2020년 3월 22일 19시,일요일,대구광역시 남구 대명동,중상사고,0,1,0,0,차대차 - 측면충돌,안전운전불이행,건조,맑음,교차로 - 교차로횡단보도내,승용,남,61세,상해없음,이륜,남,35세,중상
2020032200100359,2020년 3월 22일 20시,일요일,대구광역시 남구 대명동,경상사고,0,0,1,0,차대사람 - 횡단중,보행자보호의무위반,건조,맑음,교차로 - 교차로횡단보도내,승용,남,59세,상해없음,보행자,남,27세,경상
2020032200100360,2020년 3월 22일 20시,일요일,대구광역시 달성군 다사읍,경상사고,0,0,2,0,차대차 - 추돌,안전운전불이행,건조,맑음,단일로 - 기타,승용,남,53세,상해없음,승용,남,61세,경상
2020032200100376,2020년 3월 22일 21시,일요일,대구광역시 북구 대현동,경상사고,0,0,1,0,차대차 - 측면충돌,안전운전불이행,건조,맑음,교차로 - 교차로안,승용,남,55세,경상,승용,남,25세,상해없음
2020032300100016,2020년 3월 23일 01시,월요일,대구광역시 서구 비산동,경상사고,0,0,1,0,차대차 - 측면충돌,신호위반,건조,맑음,교차로 - 교차로부근,승용,남,60세,상해없음,이륜,남,20세,경상
2020032300100035,2020년 3월 23일 05시,월요일,대구광역시 북구 사수동,경상사고,0,0,1,0,차대차 - 측면충돌,신호위반,건조,맑음,교차로 - 교차로안,승용,남,20세,상해없음,승용,남,65세,경상
2020032300100059,2020년 3월 23일 07시,월요일,대구광역시 동구 신기동,경상사고,0,0,1,0,차대차 - 기타,교차로운행방법위반,건조,맑음,교차로 - 교차로안,승용,여,53세,상해없음,승용,남,51세,경상
2020032300100060,2020년 3월 23일 07시,월요일,대구광역시 달성군 현풍읍,중상사고,0,1,0,0,차대차 - 측면충돌,신호위반,건조,맑음,교차로 - 교차로안,승용,남,63세,상해없음,이륜,남,36세,중상
2020032300100136,2020년 3월 23일 09시,월요일,대구광역시 동구 율하동,중상사고,0,1,0,0,차대사람 - 횡단중,안전운전불이행,건조,맑음,교차로 - 교차로안,화물,남,54세,상해없음,보행자,여,81세,중상
2020032300100137,2020년 3월 23일 09시,월요일,대구광역시 중구 동산동,경상사고,0,0,1,0,차대사람 - 기타,기타,건조,맑음,기타 - 기타,승용,여,44세,상해없음,보행자,남,50세,경상
2020032300100172,2020년 3월 23일 10시,월요일,대구광역시 수성구 범물동,중상사고,0,1,0,0,차대사람 - 보도통행중,기타,건조,맑음,단일로 - 기타,화물,남,39세,상해없음,보행자,여,58세,중상
2020032300100173,2020년 3월 23일 10시,월요일,대구광역시 북구 검단동,경상사고,0,0,1,0,차대차 - 후진중충돌,안전운전불이행,건조,맑음,교차로 - 교차로부근,화물,남,61세,상해없음,승용,여,55세,경상
2020032300100174,2020년 3월 23일 10시,월요일,대구광역시 서구 평리동,부상신고사고,0,0,0,1,차대차 - 추돌,안전거리미확보,건조,맑음,교차로 - 교차로부근,화물,남,33세,상해없음,화물,남,56세,부상신고
2020032300100175,2020년 3월 23일 10시,월요일,대구광역시 달서구 신당동,경상사고,0,0,2,0,차대차 - 측면충돌,안전운전불이행,건조,맑음,교차로 - 교차로부근,승용,남,77세,상해없음,이륜,남,18세,경상
2020032300100176,2020년 3월 23일 10시,월요일,대구광역시 달서구 죽전동,경상사고,0,0,2,0,차대차 - 기타,차로위반,건조,맑음,기타 - 기타,화물,남,45세,상해없음,승용,남,21세,경상
2020032300100216,2020년 3월 23일 11시,월요일,대구광역시 동구 신천동,경상사고,0,0,1,0,차대차 - 측면충돌,신호위반,건조,맑음,단일로 - 기타,이륜,남,50세,상해없음,승용,남,56세,경상
2020032300100217,2020년 3월 23일 11시,월요일,대구광역시 수성구 가천동,경상사고,0,0,1,0,차대차 - 측면충돌,안전거리미확보,건조,맑음,기타 - 기타,화물,남,52세,상해없음,이륜,남,75세,경상
2020032300100218,2020년 3월 23일 11시,월요일,대구광역시 달서구 상인동,중상사고,0,1,0,0,차대사람 - 횡단중,보행자보호의무위반,건조,맑음,단일로 - 기타,승용,남,72세,상해없음,보행자,여,48세,중상
2020032300100219,2020년 3월 23일 11시,월요일,대구광역시 달성군 다사읍,경상사고,0,0,2,0,차대차 - 기타,안전운전불이행,건조,맑음,교차로 - 교차로안,승용,남,62세,경상,승용,여,37세,경상
2020032300100220,2020년 3월 23일 11시,월요일,대구광역시 서구 평리동,경상사고,0,0,3,0,차대차 - 추돌,안전거리미확보,건조,맑음,교차로 - 교차로부근,화물,남,47세,상해없음,화물,남,45세,경상
2020032300100241,2020년 3월 23일 12시,월요일,대구광역시 수성구 범어동,경상사고,0,0,1,0,차대차 - 측면충돌,교차로운행방법위반,건조,맑음,교차로 - 교차로안,승용,남,65세,상해없음,승용,남,29세,경상
2020032300100267,2020년 3월 23일 13시,월요일,대구광역시 달서구 상인동,경상사고,0,0,2,0,차대차 - 측면충돌,안전운전불이행,건조,맑음,교차로 - 교차로부근,승용,남,18세,상해없음,승용,여,60세,경상
2020032300100268,2020년 3월 23일 13시,월요일,대구광역시 서구 비산동,경상사고,0,0,2,0,차대차 - 측면충돌,안전운전불이행,건조,맑음,단일로 - 기타,승용,남,46세,상해없음,승용,남,27세,경상
2020032300100269,2020년 3월 23일 13시,월요일,대구광역시 달서구 감삼동,중상사고,0,1,1,0,차대차 - 기타,안전운전불이행,건조,맑음,교차로 - 교차로안,승용,남,40세,경상,이륜,남,39세,중상
2020032300100297,2020년 3월 23일 14시,월요일,대구광역시 수성구 파동,부상신고사고,0,0,0,1,차대차 - 추돌,안전운전불이행,건조,맑음,교차로 - 교차로부근,승용,남,61세,상해없음,승용,남,62세,부상신고
2020032300100387,2020년 3월 23일 17시,월요일,대구광역시 동구 율하동,경상사고,0,0,3,0,차대차 - 추돌,안전거리미확보,건조,맑음,단일로 - 기타,승용,남,62세,상해없음,승용,남,55세,경상
2020032300100388,2020년 3월 23일 17시,월요일,대구광역시 달성군 화원읍,경상사고,0,0,1,0,차대차 - 기타,안전운전불이행,건조,맑음,단일로 - 기타,승용,여,57세,상해없음,이륜,남,18세,경상
2020032300100389,2020년 3월 23일 17시,월요일,대구광역시 북구 산격동,경상사고,0,0,1,0,차대차 - 측면충돌,안전운전불이행,건조,맑음,교차로 - 교차로부근,승용,남,34세,상해없음,이륜,남,40세,경상
2020032300100431,2020년 3월 23일 18시,월요일,대구광역시 동구 검사동,경상사고,0,0,1,0,차대차 - 측면충돌,안전운전불이행,건조,맑음,단일로 - 기타,자전거,남,56세,경상,승용,남,50세,상해없음
2020032300100432,2020년 3월 23일 18시,월요일,대구광역시 달성군 다사읍,부상신고사고,0,0,0,1,차대차 - 추돌,안전운전불이행,건조,맑음,교차로 - 교차로부근,승용,남,23세,부상신고,화물,남,44세,상해없음
2020032300100433,2020년 3월 23일 18시,월요일,대구광역시 북구 침산동,경상사고,0,0,1,0,차대차 - 측면충돌,신호위반,건조,맑음,교차로 - 교차로안,승용,남,34세,상해없음,승용,남,49세,경상
2020032300100462,2020년 3월 23일 19시,월요일,대구광역시 동구 효목동,경상사고,0,0,1,0,차대차 - 측면충돌,안전운전불이행,건조,맑음,교차로 - 교차로안,승용,여,44세,상해없음,이륜,남,21세,경상
2020032300100463,2020년 3월 23일 19시,월요일,대구광역시 동구 불로동,경상사고,0,0,1,0,차대사람 - 기타,안전운전불이행,건조,맑음,단일로 - 기타,승용,남,71세,상해없음,보행자,여,73세,경상
2020032300100464,2020년 3월 23일 19시,월요일,대구광역시 수성구 범어동,경상사고,0,0,5,0,차대차 - 측면충돌,교차로운행방법위반,건조,맑음,교차로 - 교차로부근,화물,남,63세,경상,승용,남,19세,경상
2020032300100465,2020년 3월 23일 19시,월요일,대구광역시 달서구 상인동,경상사고,0,0,2,0,차대차 - 측면충돌,안전운전불이행,건조,맑음,단일로 - 기타,이륜,남,26세,경상,승용,남,46세,경상
2020032300100466,2020년 3월 23일 19시,월요일,대구광역시 북구 칠성동2가,중상사고,0,1,1,0,차대차 - 추돌,안전운전불이행,건조,맑음,단일로 - 기타,승용,남,63세,중상,승용,남,74세,경상
2020032300100467,2020년 3월 23일 19시,월요일,대구광역시 북구 태전동,경상사고,0,0,1,0,차대차 - 후진중충돌,안전운전불이행,건조,맑음,단일로 - 기타,특수,남,47세,상해없음,승용,여,40세,경상
2020032300100468,2020년 3월 23일 19시,월요일,대구광역시 북구 연경동,경상사고,0,0,2,0,차대차 - 측면충돌,직진우회전진행방해,건조,맑음,교차로 - 교차로안,승용,남,29세,경상,승용,남,46세,경상
2020032300100506,2020년 3월 23일 20시,월요일,대구광역시 동구 봉무동,부상신고사고,0,0,0,1,차대차 - 기타,안전운전불이행,건조,맑음,단일로 - 기타,이륜,남,28세,부상신고,승용,남,53세,상해없음
2020032300100532,2020년 3월 23일 21시,월요일,대구광역시 달서구 두류동,경상사고,0,0,1,0,차대사람 - 기타,안전운전불이행,건조,맑음,단일로 - 기타,승용,남,59세,상해없음,보행자,남,56세,경상
2020032300100554,2020년 3월 23일 22시,월요일,대구광역시 달성군 다사읍,중상사고,0,1,0,0,차대사람 - 기타,안전운전불이행,건조,맑음,단일로 - 기타,개인형이동수단(PM),남,33세,상해없음,보행자,남,54세,중상
2020032300100555,2020년 3월 23일 22시,월요일,대구광역시 달서구 감삼동,경상사고,0,0,1,0,차대사람 - 기타,안전운전불이행,건조,맑음,단일로 - 기타,화물,남,40세,상해없음,보행자,남,40세,경상
2020032400100021,2020년 3월 24일 01시,화요일,대구광역시 서구 내당동,경상사고,0,0,1,0,차대차 - 측면충돌,안전거리미확보,건조,맑음,교차로 - 교차로안,승용,남,52세,상해없음,승용,남,52세,경상
2020032400100043,2020년 3월 24일 05시,화요일,대구광역시 동구 율하동,중상사고,0,1,2,0,차대차 - 추돌,안전운전불이행,건조,맑음,교차로 - 교차로부근,승용,남,34세,상해없음,승용,남,40세,중상
2020032400100069,2020년 3월 24일 07시,화요일,대구광역시 달서구 대천동,경상사고,0,0,1,0,차대차 - 측면충돌,중앙선침범,건조,맑음,교차로 - 교차로안,승용,남,41세,상해없음,승용,남,22세,경상
2020032400100070,2020년 3월 24일 07시,화요일,대구광역시 서구 비산동,경상사고,0,0,3,0,차대차 - 측면충돌,안전운전불이행,건조,맑음,교차로 - 교차로부근,승용,남,57세,상해없음,화물,남,43세,경상
2020032400100130,2020년 3월 24일 09시,화요일,대구광역시 동구 불로동,경상사고,0,0,4,0,차대차 - 측면충돌,안전운전불이행,건조,맑음,교차로 - 교차로안,화물,남,49세,상해없음,승용,여,43세,경상
2020032400100131,2020년 3월 24일 09시,화요일,대구광역시 달서구 두류동,경상사고,0,0,1,0,차대차 - 추돌,안전운전불이행,건조,맑음,단일로 - 기타,승용,남,50세,상해없음,승용,여,52세,경상
2020032400100164,2020년 3월 24일 10시,화요일,대구광역시 동구 신기동,중상사고,0,1,0,0,차대사람 - 기타,안전운전불이행,건조,맑음,교차로 - 교차로부근,승용,남,62세,상해없음,보행자,여,73세,중상
2020032400100165,2020년 3월 24일 10시,화요일,대구광역시 서구 비산동,경상사고,0,0,3,0,차대차 - 측면충돌,교차로운행방법위반,건조,맑음,교차로 - 교차로안,건설기계,남,48세,상해없음,특수,남,46세,경상
2020032400100194,2020년 3월 24일 11시,화요일,대구광역시 동구 신암동,부상신고사고,0,0,0,1,차대차 - 정면충돌,안전운전불이행,건조,맑음,단일로 - 기타,이륜,남,59세,부상신고,승용,여,45세,상해없음
2020032400100195,2020년 3월 24일 11시,화요일,대구광역시 수성구 노변동,경상사고,0,0,1,0,차대차 - 측면충돌,안전거리미확보,건조,맑음,단일로 - 기타,건설기계,남,56세,상해없음,승용,남,57세,경상
2020032400100246,2020년 3월 24일 13시,화요일,대구광역시 수성구 범어동,경상사고,0,0,4,0,차대차 - 측면충돌,안전거리미확보,건조,맑음,교차로 - 교차로횡단보도내,승용,남,68세,상해없음,승용,남,18세,경상
2020032400100247,2020년 3월 24일 13시,화요일,대구광역시 북구 노원동2가,경상사고,0,0,1,0,차대차 - 기타,안전운전불이행,건조,맑음,단일로 - 기타,승용,남,48세,상해없음,승용,남,33세,경상
2020032400100248,2020년 3월 24일 13시,화요일,대구광역시 북구 구암동,부상신고사고,0,0,0,1,차대차 - 측면충돌,안전거리미확보,건조,맑음,단일로 - 기타,승용,남,55세,상해없음,승용,남,35세,부상신고
2020032400100249,2020년 3월 24일 13시,화요일,대구광역시 북구 구암동,경상사고,0,0,1,0,차대차 - 측면충돌,안전운전불이행,건조,맑음,단일로 - 기타,승용,남,79세,상해없음,승용,여,56세,경상
2020032400100250,2020년 3월 24일 13시,화요일,대구광역시 북구 사수동,경상사고,0,0,2,0,차대차 - 측면충돌,안전거리미확보,건조,맑음,단일로 - 기타,승용,남,36세,상해없음,원동기,남,19세,경상
2020032400100288,2020년 3월 24일 14시,화요일,대구광역시 동구 불로동,경상사고,0,0,1,0,차대차 - 측면충돌,신호위반,건조,맑음,교차로 - 교차로안,승용,남,60세,상해없음,승용,남,60세,경상
2020032400100289,2020년 3월 24일 14시,화요일,대구광역시 동구 신암동,중상사고,0,1,0,0,차대차 - 기타,교차로운행방법위반,건조,맑음,교차로 - 교차로안,승용,남,25세,상해없음,화물,남,63세,중상
2020032400100290,2020년 3월 24일 14시,화요일,대구광역시 달서구 본동,경상사고,0,0,2,0,차대차 - 추돌,교차로운행방법위반,건조,맑음,교차로 - 교차로안,승용,남,69세,경상,화물,남,60세,기타불명
2020032400100291,2020년 3월 24일 14시,화요일,대구광역시 달성군 가창면,경상사고,0,0,2,0,차대차 - 기타,안전운전불이행,건조,맑음,단일로 - 기타,승용,남,60세,경상,이륜,남,30세,기타불명
2020032400100330,2020년 3월 24일 15시,화요일,대구광역시 동구 율하동,경상사고,0,0,1,0,차대차 - 기타,안전운전불이행,건조,맑음,단일로 - 기타,승용,여,41세,상해없음,승용,남,38세,경상
2020032400100331,2020년 3월 24일 15시,화요일,대구광역시 서구 중리동,경상사고,0,0,1,0,차대차 - 측면충돌,교차로운행방법위반,건조,맑음,교차로 - 교차로안,승용,남,65세,상해없음,승용,여,46세,경상
2020032400100357,2020년 3월 24일 16시,화요일,대구광역시 달성군 화원읍,경상사고,0,0,1,0,차대차 - 기타,안전운전불이행,건조,맑음,단일로 - 기타,승용,여,76세,상해없음,승용,여,50세,경상
2020032400100399,2020년 3월 24일 17시,화요일,대구광역시 달서구 도원동,경상사고,0,0,1,0,차대사람 - 기타,안전운전불이행,건조,맑음,단일로 - 기타,승용,여,47세,상해없음,보행자,남,35세,경상
2020032400100429,2020년 3월 24일 18시,화요일,대구광역시 달서구 대곡동,중상사고,0,1,0,0,차대차 - 기타,안전거리미확보,건조,맑음,기타 - 기타,승용,여,50세,상해없음,승용,남,34세,중상