사고번호,사고일시,요일,시군구,사고내용,사망자수,중상자수,경상자수,부상신고자수,사고유형,법규위반,노면상태,기상상태,도로형태,가해운전자 차종,가해운전자 성별,가해운전자 연령,가해운전자 상해정도,피해운전자 차종,피해운전자 성별,피해운전자 연령,피해운전자 상해정도
2020040200100337,2020년 4월 2일 15시,목요일,대구광역시 달서구 감삼동,경상사고,0,0,2,0,차대차 - 측면충돌,안전운전불이행,건조,맑음,단일로 - 기타,승용,여,49세,상해없음,승용,남,37세,경상
2020040200100369,2020년 4월 2일 16시,목요일,대구광역시 남구 대명동,경상사고,0,0,1,0,차대차 - 측면충돌,안전운전불이행,건조,맑음,기타 - 기타,승용,남,55세,상해없음,자전거,여,48세,경상
2020040200100370,2020년 4월 2일 16시,목요일,대구광역시 동구 신암동,경상사고,0,0,1,0,차대차 - 측면충돌,안전운전불이행,건조,맑음,교차로 - 교차로안,승용,여,48세,상해없음,승용,남,36세,경상
2020040200100371,2020년 4월 2일 16시,목요일,대구광역시 달서구 월성동,중상사고,0,1,0,0,차대사람 - 횡단중,안전운전불이행,건조,맑음,단일로 - 기타,승합,남,74세,상해없음,보행자,남,81세,중상
2020040200100451,2020년 4월 2일 18시,목요일,대구광역시 달서구 상인동,중상사고,0,1,0,0,차대차 - 기타,안전운전불이행,건조,맑음,기타 - 기타,승용,남,43세,상해없음,이륜,남,48세,중상
2020040200100452,2020년 4월 2일 18시,목요일,대구광역시 서구 내당동,경상사고,0,0,4,1,차대차 - 측면충돌,교차로운행방법위반,건조,맑음,교차로 - 교차로부근,승용,남,46세,부상신고,승용,여,21세,경상
2020040200100453,2020년 4월 2일 18시,목요일,대구광역시 달서구 용산동,중상사고,0,1,0,0,차대차 - 측면충돌,신호위반,건조,맑음,교차로 - 교차로안,이륜,남,24세,중상,승용,남,56세,상해없음
2020040200100492,2020년 4월 2일 19시,목요일,대구광역시 남구 대명동,경상사고,0,0,1,0,차대사람 - 기타,보행자보호의무위반,건조,맑음,단일로 - 기타,승용,남,81세,상해없음,보행자,여,61세,경상
2020040200100493,2020년 4월 2일 19시,목요일,대구광역시 동구 불로동,경상사고,0,0,2,1,차대차 - 측면충돌,안전운전불이행,건조,맑음,단일로 - 기타,이륜,남,44세,부상신고,승용,여,26세,경상
2020040200100517,2020년 4월 2일 20시,목요일,대구광역시 북구 칠성동1가,중상사고,0,1,0,0,차대차 - 측면충돌,안전운전불이행,건조,맑음,교차로 - 교차로안,승용,남,59세,상해없음,자전거,남,55세,중상
2020040200100518,2020년 4월 2일 20시,목요일,대구광역시 북구 구암동,경상사고,0,0,1,0,차대차 - 측면충돌,신호위반,건조,맑음,교차로 - 교차로안,승용,남,24세,상해없음,이륜,남,16세,경상
2020040200100543,2020년 4월 2일 21시,목요일,대구광역시 서구 내당동,경상사고,0,0,1,0,차대차 - 추돌,안전운전불이행,건조,맑음,단일로 - 기타,원동기,남,17세,경상,승용,남,36세,상해없음
2020040200100558,2020년 4월 2일 22시,목요일,대구광역시 달성군 옥포읍,경상사고,0,0,1,0,차대차 - 기타,안전운전불이행,건조,맑음,단일로 - 기타,승용,남,36세,상해없음,승용,남,43세,경상
2020040200100561,2020년 4월 2일 22시,목요일,대구광역시 북구 동천동,중상사고,0,1,0,0,차대차 - 측면충돌,불법유턴,건조,맑음,교차로 - 교차로부근,승용,남,18세,상해없음,원동기,남,28세,중상
2020040200100586,2020년 4월 2일 23시,목요일,대구광역시 서구 비산동,중상사고,0,1,1,0,차대차 - 추돌,안전운전불이행,건조,맑음,단일로 - 고가도로위,승용,남,51세,중상,건설기계,남,59세,경상
2020040300100005,2020년 4월 3일 00시,금요일,대구광역시 수성구 수성동2가,중상사고,0,1,1,0,차대차 - 추돌,안전운전불이행,건조,맑음,교차로 - 교차로부근,승용,남,28세,상해없음,승용,남,39세,중상
2020040300100060,2020년 4월 3일 07시,금요일,대구광역시 동구 도동,경상사고,0,0,1,0,차대차 - 정면충돌,과속,건조,맑음,교차로 - 교차로안,승용,남,64세,상해없음,화물,남,58세,경상
2020040300100061,2020년 4월 3일 07시,금요일,대구광역시 동구 각산동,중상사고,0,1,0,0,차대차 - 측면충돌,중앙선침범,건조,맑음,단일로 - 기타,승용,남,51세,상해없음,이륜,남,37세,중상
2020040300100062,2020년 4월 3일 07시,금요일,대구광역시 수성구 연호동,중상사고,0,2,1,0,차대차 - 추돌,과속,건조,맑음,단일로 - 기타,승용,남,27세,상해없음,승합,남,64세,경상
2020040300100063,2020년 4월 3일 07시,금요일,대구광역시 중구 대봉동,경상사고,0,0,1,1,차대차 - 측면충돌,안전운전불이행,건조,맑음,단일로 - 기타,승용,남,36세,부상신고,승용,남,36세,경상
2020040300100094,2020년 4월 3일 08시,금요일,대구광역시 수성구 삼덕동,경상사고,0,0,2,0,차대차 - 측면충돌,안전운전불이행,건조,맑음,단일로 - 기타,건설기계,남,51세,상해없음,승용,남,30세,경상
2020040300100095,2020년 4월 3일 08시,금요일,대구광역시 달서구 호림동,경상사고,0,0,1,0,차대차 - 측면충돌,불법유턴,건조,맑음,교차로 - 교차로부근,화물,남,68세,상해없음,승용,남,39세,경상
2020040300100123,2020년 4월 3일 09시,금요일,대구광역시 동구 율하동,중상사고,0,1,0,0,차대사람 - 횡단중,보행자보호의무위반,건조,맑음,단일로 - 기타,승용,남,38세,상해없음,보행자,여,61세,중상
2020040300100151,2020년 4월 3일 10시,금요일,대구광역시 남구 대명동,부상신고사고,0,0,0,1,차대차 - 추돌,안전운전불이행,건조,맑음,단일로 - 기타,화물,남,70세,상해없음,자전거,남,76세,부상신고
2020040300100179,2020년 4월 3일 11시,금요일,대구광역시 북구 동천동,경상사고,0,0,2,0,차대차 - 기타,안전운전불이행,건조,맑음,단일로 - 기타,승용,여,40세,경상,화물,남,41세,경상
2020040300100204,2020년 4월 3일 12시,금요일,대구광역시 달성군 가창면,중상사고,0,1,0,0,차대차 - 기타,안전운전불이행,건조,맑음,교차로 - 교차로안,승용,남,71세,상해없음,자전거,남,9세,중상
2020040300100205,2020년 4월 3일 12시,금요일,대구광역시 서구 비산동,경상사고,0,0,1,1,차대차 - 측면충돌,교차로운행방법위반,건조,맑음,교차로 - 교차로안,승용,여,30세,부상신고,이륜,남,51세,경상
2020040300100206,2020년 4월 3일 12시,금요일,대구광역시 중구 남산동,경상사고,0,0,1,0,차대차 - 측면충돌,안전거리미확보,건조,맑음,단일로 - 기타,승용,남,23세,상해없음,승용,남,37세,경상
2020040300100260,2020년 4월 3일 14시,금요일,대구광역시 달서구 두류동,경상사고,0,0,3,0,차대차 - 측면충돌,안전운전불이행,건조,맑음,단일로 - 기타,화물,남,52세,상해없음,승용,여,54세,경상
2020040300100299,2020년 4월 3일 15시,금요일,대구광역시 북구 구암동,경상사고,0,0,1,0,차대차 - 기타,안전운전불이행,건조,맑음,기타 - 기타,자전거,여,71세,경상,승용,남,46세,상해없음
2020040300100334,2020년 4월 3일 16시,금요일,대구광역시 동구 효목동,경상사고,0,0,1,1,차대차 - 측면충돌,안전운전불이행,건조,맑음,단일로 - 기타,이륜,남,22세,부상신고,승용,남,33세,경상
2020040300100335,2020년 4월 3일 16시,금요일,대구광역시 수성구 상동,경상사고,0,0,5,0,차대차 - 기타,안전운전불이행,건조,맑음,단일로 - 기타,화물,남,51세,상해없음,승용,남,43세,경상
2020040300100336,2020년 4월 3일 16시,금요일,대구광역시 서구 내당동,경상사고,0,0,5,0,차대차 - 측면충돌,안전운전불이행,건조,맑음,단일로 - 기타,승용,여,28세,경상,승용,남,41세,경상
2020040300100380,2020년 4월 3일 17시,금요일,대구광역시 수성구 범어동,경상사고,0,0,1,1,차대차 - 측면충돌,차로위반,건조,맑음,단일로 - 기타,승용,여,56세,상해없음,이륜,남,16세,부상신고
2020040300100381,2020년 4월 3일 17시,금요일,대구광역시 달서구 감삼동,경상사고,0,0,2,0,차대차 - 추돌,안전거리미확보,건조,맑음,교차로 - 교차로안,승용,남,49세,상해없음,승용,남,59세,경상
2020040300100382,2020년 4월 3일 17시,금요일,대구광역시 북구 관음동,중상사고,0,1,0,0,차대차 - 측면충돌,안전운전불이행,건조,맑음,단일로 - 기타,승용,남,56세,상해없음,자전거,남,71세,중상
2020040300100430,2020년 4월 3일 18시,금요일,대구광역시 동구 신기동,부상신고사고,0,0,0,1,차대차 - 측면충돌,안전운전불이행,건조,맑음,단일로 - 기타,자전거,남,72세,부상신고,승용,여,57세,상해없음
2020040300100431,2020년 4월 3일 18시,금요일,대구광역시 달서구 유천동,경상사고,0,0,1,0,차대차 - 추돌,안전운전불이행,건조,맑음,단일로 - 기타,승용,남,70세,상해없음,화물,남,48세,경상
2020040300100432,2020년 4월 3일 18시,금요일,대구광역시 북구 매천동,경상사고,0,0,1,0,차대사람 - 기타,보행자보호의무위반,건조,맑음,기타 - 기타,자전거,남,56세,상해없음,보행자,남,62세,경상
2020040300100477,2020년 4월 3일 19시,금요일,대구광역시 북구 고성동3가,경상사고,0,0,1,0,차대차 - 측면충돌,안전거리미확보,건조,맑음,단일로 - 기타,화물,남,66세,상해없음,승용,여,39세,경상
2020040300100478,2020년 4월 3일 19시,금요일,대구광역시 서구 평리동,경상사고,0,0,1,0,차대차 - 기타,기타,건조,맑음,단일로 - 기타,승용,남,37세,상해없음,이륜,남,21세,경상
2020040300100479,2020년 4월 3일 19시,금요일,대구광역시 서구 내당동,경상사고,0,0,1,0,차대차 - 추돌,안전거리미확보,건조,맑음,교차로 - 교차로부근,승용,남,68세,상해없음,승용,여,28세,경상
2020040300100480,2020년 4월 3일 19시,금요일,대구광역시 서구 내당동,경상사고,0,0,3,0,차대차 - 기타,안전운전불이행,젖음/습기,맑음,단일로 - 기타,이륜,남,18세,경상,승용,여,60세,경상
2020040300100509,2020년 4월 3일 20시,금요일,대구광역시 수성구 두산동,부상신고사고,0,0,0,1,차대사람 - 차도통행중,안전운전불이행,건조,맑음,단일로 - 기타,기타불명,기타불명,미분류,기타불명,보행자,남,60세,부상신고
2020040300100510,2020년 4월 3일 20시,금요일,대구광역시 북구 칠성동2가,경상사고,0,0,1,0,차대차 - 측면충돌,안전운전불이행,건조,맑음,단일로 - 기타,승용,남,69세,상해없음,승용,남,57세,경상
2020040300100540,2020년 4월 3일 21시,금요일,대구광역시 달서구 두류동,중상사고,0,1,0,0,차대차 - 기타,신호위반,건조,맑음,교차로 - 교차로횡단보도내,이륜,남,20세,상해없음,개인형이동수단(PM),남,30세,중상
2020040300100594,2020년 4월 3일 23시,금요일,대구광역시 북구 복현동,경상사고,0,0,1,0,차대차 - 측면충돌,안전거리미확보,건조,맑음,교차로 - 교차로안,승용,남,36세,상해없음,승용,남,36세,경상
2020040300100595,2020년 4월 3일 23시,금요일,대구광역시 달서구 두류동,경상사고,0,0,1,0,차대사람 - 차도통행중,안전운전불이행,건조,맑음,교차로 - 교차로부근,승용,남,32세,상해없음,보행자,남,30세,경상
2020040300100596,2020년 4월 3일 23시,금요일,대구광역시 달서구 죽전동,부상신고사고,0,0,0,2,차대차 - 기타,중앙선침범,건조,맑음,단일로 - 기타,승용,남,35세,부상신고,승용,남,29세,부상신고
2020040400100024,2020년 4월 4일 01시,토요일,대구광역시 달서구 두류동,경상사고,0,0,1,0,차대사람 - 기타,안전운전불이행,건조,맑음,단일로 - 기타,승용,남,41세,상해없음,보행자,남,18세,경상
2020040400100046,2020년 4월 4일 03시,토요일,대구광역시 수성구 수성동4가,부상신고사고,0,0,0,1,차대사람 - 기타,안전운전불이행,건조,맑음,단일로 - 기타,승용,남,59세,상해없음,보행자,남,22세,부상신고
2020040400100065,2020년 4월 4일 05시,토요일,대구광역시 북구 산격동,경상사고,0,0,1,0,차대차 - 추돌,안전거리미확보,건조,맑음,단일로 - 기타,승용,남,18세,상해없음,승용,여,36세,경상
2020040400100075,2020년 4월 4일 06시,토요일,대구광역시 북구 사수동,경상사고,0,0,1,0,차대차 - 정면충돌,중앙선침범,건조,맑음,단일로 - 기타,승용,남,70세,상해없음,승용,남,70세,경상
2020040400100090,2020년 4월 4일 07시,토요일,대구광역시 수성구 연호동,경상사고,0,0,1,0,차대차 - 측면충돌,안전운전불이행,건조,맑음,단일로 - 기타,승용,남,20세,상해없음,승용,남,24세,경상
2020040400100103,2020년 4월 4일 08시,토요일,대구광역시 북구 칠성동2가,경상사고,0,0,1,0,차대차 - 측면충돌,안전운전불이행,건조,맑음,단일로 - 기타,화물,남,45세,상해없음,이륜,남,37세,경상
2020040400100121,2020년 4월 4일 09시,토요일,대구광역시 남구 대명동,경상사고,0,0,1,0,차대사람 - 횡단중,보행자보호의무위반,건조,맑음,교차로 - 교차로안,승용,남,31세,상해없음,보행자,남,68세,경상
2020040400100122,2020년 4월 4일 09시,토요일,대구광역시 남구 대명동,경상사고,0,0,1,0,차대사람 - 보도통행중,보행자보호의무위반,건조,맑음,교차로 - 교차로횡단보도내,승용,남,31세,상해없음,보행자,남,68세,경상
2020040400100123,2020년 4월 4일 09시,토요일,대구광역시 중구 봉산동,경상사고,0,0,1,0,차대차 - 측면충돌,안전운전불이행,건조,맑음,교차로 - 교차로안,승용,여,51세,기타불명,화물,남,60세,경상
2020040400100153,2020년 4월 4일 10시,토요일,대구광역시 수성구 만촌동,경상사고,0,0,1,0,차대차 - 측면충돌,안전운전불이행,건조,맑음,교차로 - 교차로부근,이륜,남,31세,경상,승용,여,32세,상해없음
2020040400100154,2020년 4월 4일 10시,토요일,대구광역시 북구 서변동,경상사고,0,0,1,0,차대차 - 기타,안전운전불이행,건조,맑음,단일로 - 기타,화물,남,32세,기타불명,자전거,여,53세,경상
2020040400100195,2020년 4월 4일 11시,토요일,대구광역시 서구 비산동,중상사고,0,1,0,0,차대차 - 기타,안전운전불이행,건조,맑음,기타 - 기타,기타불명,기타불명,미분류,기타불명,자전거,남,61세,중상
2020040400100224,2020년 4월 4일 12시,토요일,대구광역시 남구 대명동,중상사고,0,1,0,0,차대차 - 추돌,안전운전불이행,건조,맑음,단일로 - 기타,이륜,남,69세,상해없음,승용,남,45세,중상
2020040400100225,2020년 4월 4일 12시,토요일,대구광역시 동구 동호동,중상사고,0,1,0,0,차대차 - 측면충돌,안전운전불이행,건조,맑음,단일로 - 기타,승용,남,59세,상해없음,이륜,남,34세,중상
2020040400100226,2020년 4월 4일 12시,토요일,대구광역시 서구 내당동,경상사고,0,0,1,0,차대차 - 측면충돌,안전운전불이행,건조,맑음,단일로 - 기타,승용,남,57세,상해없음,이륜,남,25세,경상
2020040400100258,2020년 4월 4일 13시,토요일,대구광역시 동구 신암동,경상사고,0,0,1,0,차대차 - 기타,안전운전불이행,건조,맑음,교차로 - 교차로부근,승용,남,75세,상해없음,이륜,남,34세,경상
2020040400100259,2020년 4월 4일 13시,토요일,대구광역시 서구 평리동,경상사고,0,0,2,0,차대차 - 측면충돌,신호위반,건조,맑음,교차로 - 교차로부근,이륜,남,27세,상해없음,승용,남,34세,경상
2020040400100294,2020년 4월 4일 14시,토요일,대구광역시 수성구 노변동,중상사고,0,1,1,0,차대차 - 측면충돌,차로위반,건조,맑음,단일로 - 기타,화물,남,71세,상해없음,승용,남,50세,경상
2020040400100295,2020년 4월 4일 14시,토요일,대구광역시 달서구 본동,중상사고,0,1,1,0,차대차 - 기타,안전거리미확보,건조,맑음,단일로 - 기타,승용,남,39세,경상,승용,남,65세,중상
2020040400100296,2020년 4월 4일 14시,토요일,대구광역시 중구 교동,경상사고,0,0,2,0,차대차 - 추돌,안전운전불이행,건조,맑음,단일로 - 기타,승용,여,55세,상해없음,승용,남,19세,경상
2020040400100334,2020년 4월 4일 15시,토요일,대구광역시 남구 봉덕동,경상사고,0,0,3,0,차대차 - 측면충돌,신호위반,건조,맑음,교차로 - 교차로안,승용,남,32세,상해없음,승용,여,46세,경상
2020040400100335,2020년 4월 4일 15시,토요일,대구광역시 수성구 두산동,중상사고,0,1,1,0,차대차 - 측면충돌,안전운전불이행,건조,맑음,단일로 - 기타,이륜,남,65세,중상,승용,여,48세,경상
2020040400100336,2020년 4월 4일 15시,토요일,대구광역시 북구 노원동3가,부상신고사고,0,0,0,1,차량단독 - 전도전복 - 전도,안전운전불이행,건조,맑음,단일로 - 기타,개인형이동수단(PM),남,20세,부상신고,,,,
2020040400100383,2020년 4월 4일 16시,토요일,대구광역시 서구 이현동,경상사고,0,0,1,0,차대차 - 기타,교차로운행방법위반,건조,맑음,교차로 - 교차로횡단보도내,승용,남,31세,상해없음,자전거,남,30세,경상
2020040400100428,2020년 4월 4일 17시,토요일,대구광역시 동구 신기동,경상사고,0,0,1,0,차대차 - 기타,안전운전불이행,건조,맑음,단일로 - 기타,자전거,남,72세,경상,승용,남,56세,상해없음
2020040400100429,2020년 4월 4일 17시,토요일,대구광역시 수성구 수성동1가,중상사고,0,1,0,0,차대사람 - 기타,안전운전불이행,건조,맑음,단일로 - 기타,자전거,여,39세,상해없음,보행자,여,70세,중상
2020040400100461,2020년 4월 4일 18시,토요일,대구광역시 북구 대현동,경상사고,0,0,1,0,차대차 - 측면충돌,교차로운행방법위반,건조,맑음,교차로 - 교차로안,승용,남,54세,경상,승용,남,19세,상해없음
2020040400100462,2020년 4월 4일 18시,토요일,대구광역시 서구 내당동,경상사고,0,0,1,0,차대차 - 추돌,안전운전불이행,건조,맑음,교차로 - 교차로부근,화물,남,56세,상해없음,화물,남,47세,경상
2020040400100495,2020년 4월 4일 19시,토요일,대구광역시 달서구 두류동,중상사고,0,1,0,0,차량단독 - 전도전복 - 전도,안전운전불이행,건조,맑음,교차로 - 교차로안,이륜,남,17세,중상,,,,
2020040400100496,2020년 4월 4일 19시,토요일,대구광역시 북구 태전동,경상사고,0,0,3,0,차대차 - 기타,안전운전불이행,건조,맑음,단일로 - 기타,이륜,남,22세,상해없음,이륜,남,44세,경상
2020040400100529,2020년 4월 4일 20시,토요일,대구광역시 수성구 신매동,중상사고,0,1,2,0,차대차 - 측면충돌,안전거리미확보,건조,맑음,단일로 - 기타,승용,여,54세,중상,승용,남,51세,경상
2020040400100546,2020년 4월 4일 21시,토요일,대구광역시 중구 동인동2가,부상신고사고,0,0,0,1,차대차 - 측면충돌,직진우회전진행방해,건조,맑음,교차로 - 교차로안,이륜,남,32세,부상신고,승용,여,43세,상해없음
2020040400100547,2020년 4월 4일 21시,토요일,대구광역시 달서구 두류동,경상사고,0,0,1,0,차대차 - 후진중충돌,안전운전불이행,건조,맑음,기타 - 기타,승용,남,23세,상해없음,승용,남,35세,경상
2020040400100575,2020년 4월 4일 22시,토요일,대구광역시 북구 산격동,경상사고,0,0,1,0,차대차 - 측면충돌,신호위반,건조,맑음,교차로 - 교차로안,원동기,남,33세,상해없음,원동기,남,22세,경상
2020040400100596,2020년 4월 4일 23시,토요일,대구광역시 달서구 송현동,경상사고,0,0,1,0,차대차 - 추돌,안전운전불이행,건조,맑음,교차로 - 교차로부근,승용,여,47세,상해없음,승용,남,62세,경상
2020040500100042,2020년 4월 5일 02시,일요일,대구광역시 달성군 화원읍,경상사고,0,0,2,0,차대차 - 기타,차로위반,건조,맑음,단일로 - 고가도로위,승용,남,62세,상해없음,승용,남,57세,상해없음
2020040500100051,2020년 4월 5일 03시,일요일,대구광역시 달서구 두류동,경상사고,0,0,1,0,차대차 - 측면충돌,안전운전불이행,건조,맑음,단일로 - 기타,승용,남,20세,상해없음,이륜,남,34세,경상
2020040500100077,2020년 4월 5일 07시,일요일,대구광역시 북구 검단동,경상사고,0,0,1,1,차대차 - 기타,안전운전불이행,건조,맑음,교차로 - 교차로안,승용,남,72세,부상신고,이륜,남,36세,경상
2020040500100098,2020년 4월 5일 09시,일요일,대구광역시 서구 비산동,경상사고,0,0,1,0,차대사람 - 기타,안전운전불이행,건조,맑음,기타 - 기타,승용,여,41세,상해없음,보행자,여,63세,경상
2020040500100114,2020년 4월 5일 10시,일요일,대구광역시 서구 비산동,경상사고,0,0,1,0,차대차 - 추돌,안전운전불이행,건조,맑음,단일로 - 기타,승용,남,56세,상해없음,승용,여,64세,경상
2020040500100115,2020년 4월 5일 10시,일요일,대구광역시 달서구 감삼동,경상사고,0,0,1,0,차대차 - 측면충돌,안전운전불이행,건조,맑음,단일로 - 기타,승용,여,54세,상해없음,승용,여,52세,경상
2020040500100145,2020년 4월 5일 11시,일요일,대구광역시 달서구 상인동,경상사고,0,0,1,0,차대차 - 측면충돌,교차로운행방법위반,건조,맑음,교차로 - 교차로안,이륜,남,37세,상해없음,이륜,남,16세,경상
2020040500100169,2020년 4월 5일 12시,일요일,대구광역시 달서구 죽전동,경상사고,0,0,3,0,차대차 - 측면충돌,안전거리미확보,건조,맑음,단일로 - 기타,승용,여,23세,경상,승용,여,29세,경상
2020040500100196,2020년 4월 5일 13시,일요일,대구광역시 중구 삼덕동2가,중상사고,0,1,0,0,차대사람 - 기타,기타,건조,맑음,교차로 - 교차로부근,이륜,남,55세,상해없음,보행자,여,78세,중상
2020040500100197,2020년 4월 5일 13시,일요일,대구광역시 달서구 신당동,중상사고,0,1,0,0,차대차 - 측면충돌,안전거리미확보,건조,맑음,단일로 - 기타,화물,남,70세,상해없음,원동기,남,36세,중상
2020040500100229,2020년 4월 5일 14시,일요일,대구광역시 수성구 삼덕동,경상사고,0,0,1,0,차대차 - 후진중충돌,안전운전불이행,건조,맑음,단일로 - 기타,기타불명,기타불명,미분류,기타불명,승용,여,64세,경상
2020040500100230,2020년 4월 5일 14시,일요일,대구광역시 북구 복현동,경상사고,0,0,1,0,차대차 - 기타,안전거리미확보,건조,맑음,단일로 - 터널,승용,남,34세,상해없음,이륜,남,53세,경상
2020040500100231,2020년 4월 5일 14시,일요일,대구광역시 서구 상리동,경상사고,0,0,2,0,차대차 - 측면충돌,안전거리미확보,건조,맑음,단일로 - 기타,승용,여,60세,기타불명,승용,남,25세,경상
2020040500100265,2020년 4월 5일 15시,일요일,대구광역시 동구 도학동,사망사고,1,0,0,0,차대사람 - 횡단중,안전운전불이행,건조,맑음,단일로 - 기타,승용,남,26세,상해없음,보행자,여,52세,사망
2020040500100266,2020년 4월 5일 15시,일요일,대구광역시 서구 비산동,경상사고,0,0,1,0,차대차 - 측면충돌,안전운전불이행,건조,맑음,단일로 - 기타,이륜,남,73세,경상,승용,남,45세,상해없음
2020040500100267,2020년 4월 5일 15시,일요일,대구광역시 달서구 두류동,중상사고,0,1,0,0,차대차 - 측면충돌,신호위반,건조,맑음,교차로 - 교차로안,자전거,남,82세,중상,승용,남,60세,상해없음
2020040500100290,2020년 4월 5일 16시,일요일,대구광역시 달서구 진천동,경상사고,0,0,2,0,차대사람 - 횡단중,안전운전불이행,건조,맑음,교차로 - 교차로안,승용,남,62세,상해없음,보행자,여,76세,경상
2020040500100307,2020년 4월 5일 17시,일요일,대구광역시 남구 대명동,경상사고,0,0,1,0,차대차 - 기타,안전운전불이행,건조,맑음,기타 - 기타,승용,여,38세,상해없음,승용,남,50세,상해없음
2020040500100331,2020년 4월 5일 18시,일요일,대구광역시 중구 남산동,중상사고,0,1,0,0,차대차 - 측면충돌,신호위반,건조,맑음,교차로 - 교차로부근,승용,남,44세,기타불명,자전거,남,12세,중상
2020040500100352,2020년 4월 5일 19시,일요일,대구광역시 동구 효목동,경상사고,0,0,4,0,차대차 - 기타,안전거리미확보,건조,맑음,교차로 - 교차로부근,승용,남,57세,경상,승용,남,20세,경상
2020040500100353,2020년 4월 5일 19시,일요일,대구광역시 달성군 다사읍,중상사고,0,1,0,0,차대차 - 기타,안전운전불이행,건조,맑음,단일로 - 기타,이륜,남,62세,중상,승용,남,48세,상해없음
2020040500100374,2020년 4월 5일 20시,일요일,대구광역시 수성구 범어동,경상사고,0,0,2,0,차대차 - 정면충돌,신호위반,건조,맑음,교차로 - 교차로안,승용,여,55세,상해없음,이륜,남,26세,경상
2020040500100375,2020년 4월 5일 20시,일요일,대구광역시 수성구 황금동,중상사고,0,2,0,0,차대차 - 추돌,안전운전불이행,건조,맑음,단일로 - 기타,승용,남,30세,상해없음,승용,남,23세,중상
2020040500100394,2020년 4월 5일 21시,일요일,대구광역시 동구 방촌동,경상사고,0,0,2,0,차대차 - 측면충돌,안전운전불이행,건조,맑음,교차로 - 교차로부근,승용,남,71세,상해없음,이륜,남,19세,경상
2020040500100409,2020년 4월 5일 22시,일요일,대구광역시 동구 방촌동,경상사고,0,0,1,0,차대차 - 측면충돌,안전운전불이행,건조,맑음,단일로 - 기타,승용,여,33세,상해없음,승용,여,54세,경상
2020040600100048,2020년 4월 6일 06시,월요일,대구광역시 서구 비산동,경상사고,0,0,2,1,차대차 - 기타,신호위반,건조,맑음,교차로 - 교차로안,이륜,남,72세,부상신고,승용,남,31세,경상
2020040600100075,2020년 4월 6일 07시,월요일,대구광역시 서구 평리동,중상사고,0,1,0,0,차대차 - 측면충돌,신호위반,건조,맑음,교차로 - 교차로부근,이륜,남,58세,중상,승용,남,41세,상해없음
2020040600100105,2020년 4월 6일 08시,월요일,대구광역시 북구 고성동3가,경상사고,0,0,1,0,차량단독 - 기타,안전운전불이행,건조,맑음,단일로 - 기타,승용,남,67세,상해없음,,,,
2020040600100135,2020년 4월 6일 09시,월요일,대구광역시 남구 대명동,경상사고,0,0,1,0,차대차 - 추돌,안전운전불이행,건조,맑음,교차로 - 교차로부근,승용,남,45세,상해없음,이륜,남,42세,경상
2020040600100136,2020년 4월 6일 09시,월요일,대구광역시 수성구 상동,경상사고,0,0,2,0,차대차 - 추돌,안전운전불이행,건조,맑음,교차로 - 교차로부근,승용,남,73세,상해없음,승용,남,46세,경상
2020040600100160,2020년 4월 6일 10시,월요일,대구광역시 서구 상리동,경상사고,0,0,1,0,차대차 - 측면충돌,안전운전불이행,건조,맑음,단일로 - 기타,승용,여,55세,상해없음,화물,남,56세,경상
2020040600100162,2020년 4월 6일 10시,월요일,대구광역시 수성구 두산동,경상사고,0,0,2,0,차대차 - 추돌,안전운전불이행,건조,맑음,단일로 - 기타,승용,남,41세,상해없음,승용,여,41세,경상
2020040600100163,2020년 4월 6일 10시,월요일,대구광역시 북구 칠성동2가,경상사고,0,0,3,0,차대차 - 추돌,안전운전불이행,건조,맑음,단일로 - 교량,화물,남,76세,기타불명,승용,남,34세,경상
2020040600100191,2020년 4월 6일 11시,월요일,대구광역시 달서구 월성동,경상사고,0,0,1,0,차대차 - 측면충돌,기타,건조,맑음,단일로 - 기타,이륜,남,25세,경상,승용,남,44세,상해없음
2020040600100192,2020년 4월 6일 11시,월요일,대구광역시 북구 동천동,경상사고,0,0,2,0,차대차 - 측면충돌,신호위반,건조,맑음,교차로 - 교차로안,이륜,남,43세,상해없음,이륜,남,23세,경상
2020040600100225,2020년 4월 6일 12시,월요일,대구광역시 남구 이천동,경상사고,0,0,1,0,차대사람 - 횡단중,신호위반,건조,맑음,교차로 - 교차로횡단보도내,원동기,남,43세,상해없음,보행자,남,90세,경상
2020040600100226,2020년 4월 6일 12시,월요일,대구광역시 남구 대명동,경상사고,0,0,2,0,차대차 - 기타,안전운전불이행,건조,맑음,교차로 - 교차로부근,승용,여,24세,경상,승용,남,26세,경상
2020040600100227,2020년 4월 6일 12시,월요일,대구광역시 북구 침산동,경상사고,0,0,1,0,차대사람 - 횡단중,보행자보호의무위반,건조,맑음,교차로 - 교차로횡단보도내,승용,남,72세,상해없음,보행자,여,11세,경상
2020040600100228,2020년 4월 6일 12시,월요일,대구광역시 달서구 성당동,중상사고,0,1,0,0,차대차 - 기타,안전운전불이행,건조,맑음,교차로 - 교차로부근,승용,남,22세,상해없음,이륜,남,52세,중상
2020040600100264,2020년 4월 6일 13시,월요일,대구광역시 달성군 논공읍,중상사고,0,2,0,0,차대차 - 추돌,안전운전불이행,건조,맑음,단일로 - 기타,화물,남,25세,상해없음,화물,남,56세,중상