사고번호,사고일시,요일,시군구,사고내용,사망자수,중상자수,경상자수,부상신고자수,사고유형,법규위반,노면상태,기상상태,도로형태,가해운전자 차종,가해운전자 성별,가해운전자 연령,가해운전자 상해정도,피해운전자 차종,피해운전자 성별,피해운전자 연령,피해운전자 상해정도
2020040600100267,2020년 4월 6일 13시,월요일,대구광역시 동구 불로동,부상신고사고,0,0,0,1,차대차 - 측면충돌,안전운전불이행,건조,맑음,교차로 - 교차로안,이륜,남,64세,부상신고,승용,여,40세,상해없음
2020040600100268,2020년 4월 6일 13시,월요일,대구광역시 수성구 만촌동,경상사고,0,0,2,0,차대차 - 기타,안전운전불이행,건조,맑음,단일로 - 기타,승용,여,43세,상해없음,승용,남,28세,경상
2020040600100302,2020년 4월 6일 14시,월요일,대구광역시 달서구 상인동,경상사고,0,0,1,0,차대차 - 측면충돌,안전운전불이행,건조,맑음,교차로 - 교차로횡단보도내,승용,여,60세,상해없음,자전거,여,55세,경상
2020040600100303,2020년 4월 6일 14시,월요일,대구광역시 달서구 진천동,경상사고,0,0,1,0,차대차 - 측면충돌,안전운전불이행,건조,맑음,교차로 - 교차로부근,승용,여,69세,상해없음,자전거,남,63세,경상
2020040600100305,2020년 4월 6일 14시,월요일,대구광역시 달서구 감삼동,경상사고,0,0,1,0,차대사람 - 기타,안전운전불이행,건조,맑음,기타 - 기타,승용,여,55세,상해없음,보행자,여,63세,경상
2020040600100338,2020년 4월 6일 15시,월요일,대구광역시 수성구 지산동,경상사고,0,0,1,0,차대차 - 추돌,차로위반,건조,맑음,기타 - 기타,화물,남,58세,상해없음,승용,남,41세,경상
2020040600100339,2020년 4월 6일 15시,월요일,대구광역시 북구 복현동,경상사고,0,0,1,0,차대차 - 측면충돌,신호위반,건조,맑음,교차로 - 교차로안,승용,여,51세,상해없음,특수,남,27세,경상
2020040600100379,2020년 4월 6일 16시,월요일,대구광역시 달서구 진천동,경상사고,0,0,1,0,차대차 - 기타,안전거리미확보,건조,맑음,기타 - 기타,이륜,남,49세,상해없음,승용,남,40세,경상
2020040600100380,2020년 4월 6일 16시,월요일,대구광역시 달서구 송현동,경상사고,0,0,1,0,차대차 - 측면충돌,안전운전불이행,건조,맑음,단일로 - 기타,승용,남,35세,상해없음,이륜,남,20세,경상
2020040600100381,2020년 4월 6일 16시,월요일,대구광역시 달서구 성당동,경상사고,0,0,1,0,차대차 - 추돌,안전운전불이행,건조,맑음,단일로 - 기타,승합,여,59세,상해없음,승용,남,47세,경상
2020040600100447,2020년 4월 6일 18시,월요일,대구광역시 수성구 범어동,경상사고,0,0,3,1,차대차 - 측면충돌,차로위반,건조,맑음,단일로 - 기타,승용,여,50세,부상신고,승용,남,28세,경상
2020040600100448,2020년 4월 6일 18시,월요일,대구광역시 달성군 옥포읍,중상사고,0,1,1,0,차대차 - 기타,교차로운행방법위반,건조,맑음,교차로 - 교차로안,승용,남,65세,경상,승합,남,38세,중상
2020040600100449,2020년 4월 6일 18시,월요일,대구광역시 북구 산격동,부상신고사고,0,0,0,1,차대차 - 측면충돌,안전운전불이행,건조,맑음,교차로 - 교차로부근,이륜,남,28세,부상신고,화물,남,61세,상해없음
2020040600100469,2020년 4월 6일 19시,월요일,대구광역시 동구 효목동,경상사고,0,0,3,0,차대차 - 측면충돌,안전운전불이행,건조,맑음,단일로 - 기타,승용,남,60세,상해없음,승용,남,22세,경상
2020040600100495,2020년 4월 6일 20시,월요일,대구광역시 동구 율하동,중상사고,0,1,0,1,차대사람 - 횡단중,안전운전불이행,건조,맑음,단일로 - 기타,이륜,남,17세,부상신고,보행자,남,65세,중상
2020040600100538,2020년 4월 6일 22시,월요일,대구광역시 달서구 대곡동,중상사고,0,1,0,0,차대차 - 측면충돌,신호위반,건조,맑음,교차로 - 교차로안,승용,남,46세,상해없음,이륜,남,28세,중상
2020040700100015,2020년 4월 7일 01시,화요일,대구광역시 중구 삼덕동1가,경상사고,0,0,1,0,차대차 - 추돌,안전운전불이행,건조,맑음,단일로 - 기타,승용,남,70세,상해없음,승용,남,46세,경상
2020040700100020,2020년 4월 7일 02시,화요일,대구광역시 달서구 갈산동,경상사고,0,0,3,0,차대차 - 정면충돌,신호위반,건조,맑음,교차로 - 교차로안,승용,남,33세,경상,승용,남,31세,경상
2020040700100040,2020년 4월 7일 06시,화요일,대구광역시 수성구 범물동,중상사고,0,1,1,0,차대차 - 추돌,신호위반,건조,맑음,교차로 - 교차로안,이륜,남,20세,중상,화물,남,52세,경상
2020040700100061,2020년 4월 7일 07시,화요일,대구광역시 동구 능성동,경상사고,0,0,1,0,차대차 - 기타,차로위반,건조,맑음,단일로 - 기타,화물,남,72세,상해없음,승용,남,38세,경상
2020040700100062,2020년 4월 7일 07시,화요일,대구광역시 동구 신천동,중상사고,0,1,0,0,차대차 - 추돌,안전거리미확보,건조,맑음,단일로 - 기타,승용,남,27세,상해없음,승용,남,29세,중상
2020040700100088,2020년 4월 7일 08시,화요일,대구광역시 달서구 본동,경상사고,0,0,5,0,차대차 - 측면충돌,안전운전불이행,건조,맑음,교차로 - 교차로안,승용,남,20세,상해없음,승용,여,64세,경상
2020040700100089,2020년 4월 7일 08시,화요일,대구광역시 중구 수창동,경상사고,0,0,1,0,차대차 - 측면충돌,안전거리미확보,건조,맑음,단일로 - 기타,승용,남,56세,상해없음,승합,남,58세,상해없음
2020040700100090,2020년 4월 7일 08시,화요일,대구광역시 달서구 용산동,경상사고,0,0,1,0,차대차 - 추돌,안전거리미확보,건조,맑음,단일로 - 기타,승용,남,31세,상해없음,승용,여,32세,경상
2020040700100121,2020년 4월 7일 09시,화요일,대구광역시 달서구 송현동,경상사고,0,0,1,0,차대차 - 측면충돌,안전운전불이행,건조,맑음,기타 - 기타,승용,남,64세,상해없음,승용,여,69세,경상
2020040700100152,2020년 4월 7일 10시,화요일,대구광역시 남구 이천동,중상사고,0,1,0,0,차대차 - 측면충돌,안전운전불이행,건조,맑음,단일로 - 기타,승용,남,67세,상해없음,자전거,남,68세,중상
2020040700100153,2020년 4월 7일 10시,화요일,대구광역시 달서구 송현동,중상사고,0,1,0,0,차대차 - 측면충돌,교차로운행방법위반,건조,맑음,교차로 - 교차로안,승용,남,29세,상해없음,이륜,남,32세,중상
2020040700100183,2020년 4월 7일 11시,화요일,대구광역시 서구 평리동,경상사고,0,0,3,0,차대차 - 측면충돌,안전운전불이행,건조,맑음,교차로 - 교차로부근,승용,여,26세,상해없음,승용,여,37세,경상
2020040700100184,2020년 4월 7일 11시,화요일,대구광역시 달서구 감삼동,중상사고,0,1,1,0,차대차 - 기타,차로위반,건조,맑음,단일로 - 기타,승용,남,62세,상해없음,이륜,남,17세,경상
2020040700100217,2020년 4월 7일 12시,화요일,대구광역시 서구 내당동,경상사고,0,0,1,0,차대차 - 측면충돌,안전운전불이행,건조,맑음,단일로 - 기타,승용,남,65세,상해없음,승용,여,62세,경상
2020040700100248,2020년 4월 7일 13시,화요일,대구광역시 북구 고성동2가,중상사고,0,1,0,0,차대사람 - 기타,보행자보호의무위반,건조,맑음,교차로 - 교차로횡단보도내,건설기계,남,45세,상해없음,보행자,여,82세,중상
2020040700100300,2020년 4월 7일 15시,화요일,대구광역시 동구 둔산동,경상사고,0,0,1,0,차대차 - 측면충돌,안전운전불이행,건조,맑음,단일로 - 기타,화물,남,70세,상해없음,승용,남,61세,경상
2020040700100302,2020년 4월 7일 15시,화요일,대구광역시 달서구 본동,경상사고,0,0,2,0,차대차 - 측면충돌,교차로운행방법위반,건조,맑음,기타 - 기타,이륜,남,52세,경상,이륜,남,19세,경상
2020040700100303,2020년 4월 7일 15시,화요일,대구광역시 달서구 도원동,중상사고,0,1,0,0,차대차 - 측면충돌,중앙선침범,건조,맑음,교차로 - 교차로부근,이륜,남,44세,중상,승용,남,44세,상해없음
2020040700100304,2020년 4월 7일 15시,화요일,대구광역시 서구 평리동,경상사고,0,0,2,0,차대차 - 측면충돌,안전거리미확보,건조,맑음,단일로 - 기타,승용,여,45세,상해없음,이륜,남,18세,경상
2020040700100305,2020년 4월 7일 15시,화요일,대구광역시 달서구 이곡동,경상사고,0,0,1,0,차대사람 - 기타,기타,건조,맑음,기타 - 기타,승용,남,36세,상해없음,보행자,여,55세,경상
2020040700100336,2020년 4월 7일 16시,화요일,대구광역시 수성구 만촌동,경상사고,0,0,1,0,차대차 - 측면충돌,안전운전불이행,건조,맑음,교차로 - 교차로안,승용,남,70세,상해없음,승용,남,34세,경상
2020040700100337,2020년 4월 7일 16시,화요일,대구광역시 수성구 두산동,경상사고,0,0,2,0,차대차 - 추돌,안전운전불이행,건조,맑음,기타 - 기타,승용,남,56세,상해없음,승용,여,44세,경상
2020040700100338,2020년 4월 7일 16시,화요일,대구광역시 달성군 가창면,경상사고,0,0,5,0,차대차 - 기타,차로위반,건조,맑음,교차로 - 교차로부근,승용,여,35세,상해없음,승용,남,37세,경상
2020040700100365,2020년 4월 7일 17시,화요일,대구광역시 달서구 월성동,경상사고,0,0,1,0,차대사람 - 횡단중,보행자보호의무위반,건조,맑음,교차로 - 교차로횡단보도내,화물,남,66세,상해없음,보행자,여,8세,경상
2020040700100414,2020년 4월 7일 18시,화요일,대구광역시 남구 대명동,경상사고,0,0,1,0,차대차 - 측면충돌,기타,건조,맑음,단일로 - 기타,승용,남,60세,상해없음,이륜,남,26세,경상
2020040700100415,2020년 4월 7일 18시,화요일,대구광역시 달서구 진천동,중상사고,0,1,0,0,차대차 - 측면충돌,직진우회전진행방해,건조,맑음,교차로 - 교차로안,승용,여,48세,상해없음,이륜,남,23세,중상
2020040700100416,2020년 4월 7일 18시,화요일,대구광역시 북구 칠성동2가,부상신고사고,0,0,0,1,차대차 - 기타,안전운전불이행,건조,맑음,단일로 - 기타,이륜,남,17세,부상신고,승용,여,56세,상해없음
2020040700100417,2020년 4월 7일 18시,화요일,대구광역시 서구 평리동,경상사고,0,0,1,0,차대사람 - 보도통행중,안전운전불이행,건조,맑음,단일로 - 기타,기타불명,기타불명,미분류,기타불명,보행자,여,79세,경상
2020040700100418,2020년 4월 7일 18시,화요일,대구광역시 서구 내당동,경상사고,0,0,1,0,차대사람 - 기타,보행자보호의무위반,건조,맑음,교차로 - 교차로안,승용,남,28세,상해없음,보행자,남,78세,경상
2020040700100419,2020년 4월 7일 18시,화요일,대구광역시 달서구 두류동,중상사고,0,1,0,0,차대차 - 기타,안전운전불이행,건조,맑음,단일로 - 기타,승용,남,63세,상해없음,승합,남,37세,상해없음
2020040700100487,2020년 4월 7일 20시,화요일,대구광역시 달서구 대곡동,경상사고,0,0,1,0,차대차 - 추돌,안전운전불이행,젖음/습기,맑음,교차로 - 교차로안,이륜,남,21세,상해없음,승용,남,35세,경상
2020040700100511,2020년 4월 7일 21시,화요일,대구광역시 북구 읍내동,경상사고,0,0,3,0,차대차 - 추돌,안전운전불이행,건조,맑음,단일로 - 기타,승용,남,51세,상해없음,승용,남,45세,경상
2020040800100009,2020년 4월 8일 00시,수요일,대구광역시 중구 남산동,경상사고,0,0,1,0,차대차 - 기타,안전운전불이행,건조,맑음,교차로 - 교차로부근,승용,여,35세,상해없음,승용,여,23세,경상
2020040800100018,2020년 4월 8일 01시,수요일,대구광역시 수성구 두산동,중상사고,0,1,0,0,차대차 - 측면충돌,안전운전불이행,건조,맑음,단일로 - 기타,승용,여,48세,상해없음,이륜,남,27세,중상
2020040800100019,2020년 4월 8일 01시,수요일,대구광역시 달서구 감삼동,경상사고,0,0,1,1,차대사람 - 기타,신호위반,건조,맑음,기타 - 기타,이륜,남,23세,상해없음,보행자,남,48세,부상신고
2020040800100020,2020년 4월 8일 01시,수요일,대구광역시 달서구 감삼동,중상사고,0,1,0,0,차대사람 - 횡단중,신호위반,건조,맑음,단일로 - 기타,이륜,남,23세,상해없음,보행자,남,48세,중상
2020040800100026,2020년 4월 8일 02시,수요일,대구광역시 남구 대명동,중상사고,0,4,1,0,차대차 - 측면충돌,안전운전불이행,건조,맑음,교차로 - 교차로부근,승용,남,38세,상해없음,승용,남,52세,경상
2020040800100027,2020년 4월 8일 02시,수요일,대구광역시 달서구 두류동,경상사고,0,0,1,0,차대사람 - 기타,안전운전불이행,건조,맑음,단일로 - 기타,승용,여,30세,상해없음,보행자,남,20세,경상
2020040800100028,2020년 4월 8일 02시,수요일,대구광역시 달서구 감삼동,경상사고,0,0,3,0,차대차 - 기타,안전거리미확보,건조,맑음,단일로 - 기타,승용,남,25세,상해없음,승용,남,39세,경상
2020040800100035,2020년 4월 8일 03시,수요일,대구광역시 서구 평리동,경상사고,0,0,1,0,차대차 - 측면충돌,안전운전불이행,건조,맑음,교차로 - 교차로부근,승용,남,62세,상해없음,이륜,남,28세,경상
2020040800100048,2020년 4월 8일 05시,수요일,대구광역시 수성구 두산동,경상사고,0,0,2,0,차대차 - 측면충돌,신호위반,건조,맑음,교차로 - 교차로안,승용,남,73세,상해없음,승용,남,56세,경상
2020040800100080,2020년 4월 8일 07시,수요일,대구광역시 북구 산격동,부상신고사고,0,0,0,1,차대차 - 측면충돌,안전운전불이행,건조,맑음,단일로 - 기타,자전거,남,23세,부상신고,화물,남,44세,상해없음
2020040800100117,2020년 4월 8일 08시,수요일,대구광역시 동구 신암동,경상사고,0,0,1,0,차대차 - 측면충돌,안전운전불이행,건조,맑음,교차로 - 교차로부근,화물,남,73세,상해없음,승용,남,28세,경상
2020040800100118,2020년 4월 8일 08시,수요일,대구광역시 수성구 수성동3가,중상사고,0,1,0,0,차대차 - 측면충돌,신호위반,건조,맑음,단일로 - 기타,승용,남,34세,상해없음,자전거,여,41세,중상
2020040800100119,2020년 4월 8일 08시,수요일,대구광역시 달서구 도원동,경상사고,0,0,1,0,차대차 - 측면충돌,안전운전불이행,건조,맑음,단일로 - 기타,승용,남,35세,상해없음,화물,남,44세,경상
2020040800100120,2020년 4월 8일 08시,수요일,대구광역시 서구 이현동,경상사고,0,0,1,0,차대차 - 측면충돌,안전거리미확보,건조,맑음,단일로 - 기타,화물,남,45세,상해없음,이륜,남,41세,경상
2020040800100145,2020년 4월 8일 09시,수요일,대구광역시 동구 둔산동,중상사고,0,1,0,0,차대차 - 기타,안전운전불이행,건조,맑음,단일로 - 기타,자전거,남,65세,중상,화물,남,22세,상해없음
2020040800100234,2020년 4월 8일 12시,수요일,대구광역시 동구 지묘동,중상사고,0,1,3,0,차대차 - 기타,안전운전불이행,건조,맑음,단일로 - 기타,화물,남,21세,상해없음,승용,남,61세,경상
2020040800100235,2020년 4월 8일 12시,수요일,대구광역시 달서구 감삼동,경상사고,0,0,1,0,차대차 - 측면충돌,안전운전불이행,건조,맑음,단일로 - 기타,이륜,남,32세,기타불명,승용,남,62세,경상
2020040800100236,2020년 4월 8일 12시,수요일,대구광역시 달서구 감삼동,경상사고,0,0,1,0,차대차 - 기타,신호위반,건조,맑음,교차로 - 교차로부근,승용,여,49세,상해없음,승용,여,44세,경상
2020040800100264,2020년 4월 8일 13시,수요일,대구광역시 동구 신암동,경상사고,0,0,2,0,차대차 - 측면충돌,안전운전불이행,건조,맑음,교차로 - 교차로부근,승용,남,77세,상해없음,승용,여,39세,경상
2020040800100265,2020년 4월 8일 13시,수요일,대구광역시 수성구 범어동,경상사고,0,0,1,0,차대차 - 기타,안전운전불이행,건조,맑음,단일로 - 기타,승용,남,34세,상해없음,자전거,남,21세,경상
2020040800100266,2020년 4월 8일 13시,수요일,대구광역시 북구 태전동,경상사고,0,0,1,0,차대차 - 기타,안전운전불이행,건조,맑음,단일로 - 기타,승용,여,59세,상해없음,이륜,남,19세,경상
2020040800100292,2020년 4월 8일 14시,수요일,대구광역시 북구 노원동3가,경상사고,0,0,2,0,차대차 - 추돌,안전운전불이행,건조,맑음,단일로 - 기타,승용,남,51세,상해없음,승용,남,35세,경상
2020040800100329,2020년 4월 8일 15시,수요일,대구광역시 동구 율하동,경상사고,0,0,1,0,차량단독 - 기타,안전운전불이행,건조,맑음,단일로 - 기타,원동기,남,51세,경상,,,,
2020040800100358,2020년 4월 8일 16시,수요일,대구광역시 동구 신암동,경상사고,0,0,2,0,차대차 - 측면충돌,교차로운행방법위반,건조,맑음,교차로 - 교차로안,승용,남,29세,경상,승합,남,57세,경상
2020040800100359,2020년 4월 8일 16시,수요일,대구광역시 달성군 논공읍,경상사고,0,0,1,0,차대차 - 측면충돌,교차로운행방법위반,건조,맑음,교차로 - 교차로안,승용,남,47세,상해없음,승용,남,51세,경상
2020040800100406,2020년 4월 8일 17시,수요일,대구광역시 달서구 본동,경상사고,0,0,2,0,차대차 - 측면충돌,차로위반,건조,맑음,단일로 - 기타,승용,남,30세,경상,화물,남,61세,경상
2020040800100408,2020년 4월 8일 17시,수요일,대구광역시 달서구 감삼동,경상사고,0,0,1,0,차대차 - 기타,안전거리미확보,건조,맑음,단일로 - 기타,승용,남,42세,상해없음,승용,남,30세,경상
2020040800100441,2020년 4월 8일 18시,수요일,대구광역시 북구 대현동,경상사고,0,0,4,0,차대차 - 측면충돌,신호위반,건조,맑음,교차로 - 교차로안,승용,남,25세,경상,승용,남,24세,경상
2020040800100442,2020년 4월 8일 18시,수요일,대구광역시 달서구 이곡동,경상사고,0,0,1,0,차대차 - 측면충돌,안전운전불이행,건조,맑음,단일로 - 기타,화물,남,37세,상해없음,승용,남,77세,경상
2020040800100475,2020년 4월 8일 19시,수요일,대구광역시 북구 구암동,경상사고,0,0,1,0,차대차 - 기타,신호위반,건조,맑음,교차로 - 교차로안,승용,남,21세,상해없음,승용,여,55세,경상
2020040800100543,2020년 4월 8일 22시,수요일,대구광역시 수성구 두산동,경상사고,0,0,1,0,차대사람 - 길가장자리구역통행중,안전운전불이행,건조,맑음,교차로 - 교차로안,승용,남,42세,상해없음,보행자,남,33세,경상
2020040900100049,2020년 4월 9일 06시,목요일,대구광역시 달성군 현풍읍,경상사고,0,0,1,0,차대차 - 기타,안전운전불이행,건조,맑음,주차장 - 주차장,승용,남,28세,상해없음,승용,남,27세,경상
2020040900100067,2020년 4월 9일 07시,목요일,대구광역시 수성구 수성동1가,중상사고,0,1,1,0,차대차 - 측면충돌,안전운전불이행,건조,맑음,단일로 - 기타,승용,여,36세,경상,승용,남,50세,중상
2020040900100068,2020년 4월 9일 07시,목요일,대구광역시 달서구 용산동,경상사고,0,0,1,0,차대차 - 측면충돌,차로위반,건조,맑음,기타 - 기타,승용,남,19세,상해없음,승용,남,53세,경상
2020040900100107,2020년 4월 9일 08시,목요일,대구광역시 동구 동호동,중상사고,0,1,1,0,차대차 - 측면충돌,과속,건조,맑음,교차로 - 교차로안,승용,여,36세,경상,화물,남,73세,중상
2020040900100108,2020년 4월 9일 08시,목요일,대구광역시 달서구 도원동,부상신고사고,0,0,0,1,차대차 - 측면충돌,안전운전불이행,건조,맑음,단일로 - 기타,승용,남,40세,부상신고,승합,남,58세,상해없음
2020040900100131,2020년 4월 9일 09시,목요일,대구광역시 남구 대명동,경상사고,0,0,1,0,차대차 - 측면충돌,안전거리미확보,건조,맑음,단일로 - 기타,승용,남,59세,상해없음,승용,남,53세,경상
2020040900100132,2020년 4월 9일 09시,목요일,대구광역시 남구 봉덕동,경상사고,0,0,1,0,차대차 - 측면충돌,안전운전불이행,건조,맑음,교차로 - 교차로부근,승용,여,71세,상해없음,승용,여,37세,경상
2020040900100133,2020년 4월 9일 09시,목요일,대구광역시 동구 신암동,경상사고,0,0,1,0,차대차 - 측면충돌,안전운전불이행,건조,맑음,단일로 - 기타,기타불명,기타불명,미분류,기타불명,승용,여,32세,경상
2020040900100134,2020년 4월 9일 09시,목요일,대구광역시 수성구 대흥동,경상사고,0,0,2,0,차대차 - 추돌,안전운전불이행,건조,맑음,단일로 - 기타,승용,남,38세,상해없음,승용,남,47세,경상
2020040900100135,2020년 4월 9일 09시,목요일,대구광역시 북구 침산동,경상사고,0,0,1,1,차대차 - 측면충돌,안전운전불이행,건조,맑음,교차로 - 교차로부근,승용,여,41세,부상신고,승용,남,62세,경상
2020040900100136,2020년 4월 9일 09시,목요일,대구광역시 북구 칠성동2가,경상사고,0,0,1,0,차대차 - 측면충돌,안전운전불이행,건조,맑음,단일로 - 기타,자전거,남,61세,경상,화물,남,48세,상해없음
2020040900100137,2020년 4월 9일 09시,목요일,대구광역시 북구 침산동,경상사고,0,0,1,0,차대차 - 측면충돌,안전거리미확보,건조,맑음,단일로 - 기타,승용,여,42세,경상,승용,남,25세,상해없음
2020040900100165,2020년 4월 9일 10시,목요일,대구광역시 남구 대명동,경상사고,0,0,1,0,차대차 - 기타,안전운전불이행,건조,맑음,단일로 - 기타,자전거,남,57세,경상,건설기계,남,59세,상해없음
2020040900100192,2020년 4월 9일 11시,목요일,대구광역시 동구 신암동,경상사고,0,0,1,0,차대차 - 측면충돌,안전운전불이행,건조,맑음,교차로 - 교차로안,승용,남,65세,상해없음,승용,여,60세,경상
2020040900100193,2020년 4월 9일 11시,목요일,대구광역시 수성구 범어동,중상사고,0,1,0,0,차대차 - 측면충돌,안전운전불이행,건조,맑음,단일로 - 기타,승용,여,44세,상해없음,승용,여,48세,중상
2020040900100194,2020년 4월 9일 11시,목요일,대구광역시 달서구 진천동,중상사고,0,1,0,0,차대사람 - 보도통행중,보행자보호의무위반,건조,맑음,교차로 - 교차로횡단보도내,승용,여,73세,상해없음,보행자,남,71세,중상
2020040900100226,2020년 4월 9일 12시,목요일,대구광역시 동구 율암동,경상사고,0,0,1,0,차대차 - 추돌,안전운전불이행,건조,맑음,교차로 - 교차로횡단보도내,화물,남,23세,상해없음,화물,남,72세,경상
2020040900100227,2020년 4월 9일 12시,목요일,대구광역시 수성구 중동,경상사고,0,0,2,0,차대차 - 측면충돌,안전운전불이행,건조,맑음,교차로 - 교차로부근,승용,남,41세,상해없음,이륜,남,17세,경상
2020040900100228,2020년 4월 9일 12시,목요일,대구광역시 달서구 진천동,경상사고,0,0,2,0,차대차 - 측면충돌,안전운전불이행,건조,맑음,단일로 - 기타,화물,남,57세,경상,화물,남,44세,경상
2020040900100264,2020년 4월 9일 13시,목요일,대구광역시 수성구 범어동,경상사고,0,0,1,0,차대차 - 측면충돌,교차로운행방법위반,건조,맑음,단일로 - 기타,승용,남,54세,기타불명,이륜,남,27세,경상
2020040900100265,2020년 4월 9일 13시,목요일,대구광역시 수성구 범어동,경상사고,0,0,1,0,차대차 - 측면충돌,안전운전불이행,건조,맑음,교차로 - 교차로부근,원동기,남,39세,경상,화물,남,39세,상해없음
2020040900100292,2020년 4월 9일 14시,목요일,대구광역시 달성군 논공읍,경상사고,0,0,5,0,차대차 - 기타,안전운전불이행,건조,맑음,기타 - 기타,화물,남,65세,경상,승용,남,18세,경상
2020040900100334,2020년 4월 9일 15시,목요일,대구광역시 동구 불로동,사망사고,1,0,2,0,차대차 - 기타,기타,건조,맑음,단일로 - 기타,화물,남,70세,상해없음,승용,남,64세,상해없음
2020040900100339,2020년 4월 9일 15시,목요일,대구광역시 달서구 월성동,경상사고,0,0,2,0,차대차 - 측면충돌,중앙선침범,건조,맑음,단일로 - 기타,승용,여,38세,상해없음,승용,남,48세,경상
2020040900100340,2020년 4월 9일 15시,목요일,대구광역시 달성군 화원읍,경상사고,0,0,1,0,차대차 - 측면충돌,안전거리미확보,건조,맑음,단일로 - 기타,승용,여,47세,상해없음,이륜,남,44세,경상
2020040900100341,2020년 4월 9일 15시,목요일,대구광역시 북구 침산동,경상사고,0,0,1,0,차대차 - 추돌,안전운전불이행,건조,맑음,단일로 - 기타,승용,남,53세,상해없음,승용,여,58세,경상
2020040900100342,2020년 4월 9일 15시,목요일,대구광역시 북구 복현동,경상사고,0,0,1,0,차대차 - 추돌,안전거리미확보,건조,맑음,단일로 - 기타,승용,남,37세,상해없음,승용,남,65세,경상
2020040900100343,2020년 4월 9일 15시,목요일,대구광역시 서구 비산동,중상사고,0,1,0,0,차대사람 - 보도통행중,기타,건조,맑음,기타 - 기타,자전거,여,39세,상해없음,보행자,여,76세,중상
2020040900100381,2020년 4월 9일 16시,목요일,대구광역시 동구 신천동,경상사고,0,0,1,0,차대차 - 기타,안전거리미확보,건조,맑음,단일로 - 기타,승용,남,47세,상해없음,승용,남,71세,상해없음
2020040900100382,2020년 4월 9일 16시,목요일,대구광역시 수성구 범물동,경상사고,0,0,1,0,차대차 - 기타,안전거리미확보,건조,맑음,교차로 - 교차로부근,승용,여,35세,상해없음,승합,남,47세,상해없음
2020040900100383,2020년 4월 9일 16시,목요일,대구광역시 서구 평리동,중상사고,0,1,0,0,차대차 - 측면충돌,중앙선침범,건조,맑음,단일로 - 기타,이륜,남,59세,중상,승용,남,57세,상해없음
2020040900100459,2020년 4월 9일 18시,목요일,대구광역시 동구 율하동,경상사고,0,0,1,0,차대차 - 측면충돌,교차로운행방법위반,건조,맑음,교차로 - 교차로안,승용,여,51세,상해없음,승용,남,29세,경상
2020040900100460,2020년 4월 9일 18시,목요일,대구광역시 달성군 화원읍,경상사고,0,0,2,0,차대차 - 기타,안전운전불이행,건조,맑음,기타 - 기타,승용,남,53세,상해없음,이륜,남,23세,경상
2020040900100461,2020년 4월 9일 18시,목요일,대구광역시 북구 고성동3가,경상사고,0,0,1,0,차대차 - 측면충돌,중앙선침범,건조,맑음,기타 - 기타,개인형이동수단(PM),여,22세,경상,승용,남,55세,상해없음
2020040900100494,2020년 4월 9일 19시,목요일,대구광역시 수성구 중동,경상사고,0,0,1,0,차대차 - 측면충돌,불법유턴,건조,맑음,교차로 - 교차로부근,승용,남,53세,기타불명,이륜,남,34세,경상
2020040900100495,2020년 4월 9일 19시,목요일,대구광역시 달서구 진천동,부상신고사고,0,0,0,1,차대차 - 기타,신호위반,건조,맑음,교차로 - 교차로안,기타불명,기타불명,미분류,기타불명,이륜,남,53세,부상신고
2020040900100496,2020년 4월 9일 19시,목요일,대구광역시 달성군 논공읍,경상사고,0,0,1,0,차대차 - 기타,안전운전불이행,건조,맑음,단일로 - 기타,승용,남,80세,상해없음,화물,남,62세,경상
2020040900100497,2020년 4월 9일 19시,목요일,대구광역시 달서구 감삼동,경상사고,0,0,1,0,차대차 - 기타,안전운전불이행,건조,맑음,기타 - 기타,승용,여,22세,상해없음,승용,남,46세,경상
2020040900100525,2020년 4월 9일 20시,목요일,대구광역시 동구 동호동,경상사고,0,0,3,0,차대차 - 기타,교차로운행방법위반,건조,맑음,교차로 - 교차로안,승용,여,44세,경상,승용,남,65세,경상
2020040900100564,2020년 4월 9일 22시,목요일,대구광역시 수성구 만촌동,경상사고,0,0,1,0,차대차 - 측면충돌,안전운전불이행,건조,맑음,교차로 - 교차로부근,승용,남,50세,상해없음,승용,남,63세,경상
2020040900100580,2020년 4월 9일 23시,목요일,대구광역시 남구 대명동,경상사고,0,0,1,0,차대차 - 측면충돌,안전운전불이행,건조,맑음,단일로 - 지하차도(도로)내,승용,여,26세,상해없음,승용,남,36세,경상
2020040900100581,2020년 4월 9일 23시,목요일,대구광역시 북구 태전동,사망사고,1,1,0,0,차대차 - 기타,중앙선침범,건조,맑음,단일로 - 기타,승용,남,50세,중상,승용,남,67세,사망
2020041000100010,2020년 4월 10일 00시,금요일,대구광역시 동구 입석동,경상사고,0,0,6,0,차대차 - 추돌,안전운전불이행,건조,맑음,단일로 - 기타,승용,남,59세,경상,승용,남,53세,경상
2020041000100033,2020년 4월 10일 03시,금요일,대구광역시 북구 복현동,경상사고,0,0,1,0,차대차 - 측면충돌,신호위반,건조,맑음,교차로 - 교차로안,화물,남,62세,상해없음,승용,남,25세,경상
2020041000100082,2020년 4월 10일 07시,금요일,대구광역시 달성군 화원읍,중상사고,0,1,0,0,차대차 - 기타,안전운전불이행,건조,맑음,교차로 - 교차로안,승용,여,60세,상해없음,승용,남,41세,중상
2020041000100083,2020년 4월 10일 07시,금요일,대구광역시 달서구 갈산동,경상사고,0,0,1,0,차대차 - 기타,안전운전불이행,건조,맑음,단일로 - 기타,승용,남,40세,상해없음,승용,여,48세,경상