사고번호,사고일시,요일,시군구,사고내용,사망자수,중상자수,경상자수,부상신고자수,사고유형,법규위반,노면상태,기상상태,도로형태,가해운전자 차종,가해운전자 성별,가해운전자 연령,가해운전자 상해정도,피해운전자 차종,피해운전자 성별,피해운전자 연령,피해운전자 상해정도
2020041000100113,2020년 4월 10일 08시,금요일,대구광역시 수성구 지산동,경상사고,0,0,2,0,차대차 - 측면충돌,안전운전불이행,건조,맑음,교차로 - 교차로안,승용,여,34세,경상,승용,남,73세,경상
2020041000100158,2020년 4월 10일 10시,금요일,대구광역시 수성구 만촌동,경상사고,0,0,3,0,차대차 - 측면충돌,안전운전불이행,건조,맑음,교차로 - 교차로안,승용,남,50세,상해없음,승용,남,69세,경상
2020041000100159,2020년 4월 10일 10시,금요일,대구광역시 북구 고성동3가,경상사고,0,0,1,0,차대차 - 측면충돌,안전운전불이행,건조,맑음,교차로 - 교차로부근,승용,남,65세,상해없음,승용,남,24세,경상
2020041000100160,2020년 4월 10일 10시,금요일,대구광역시 달서구 죽전동,경상사고,0,0,1,0,차대차 - 측면충돌,신호위반,건조,맑음,단일로 - 기타,승용,여,29세,상해없음,승용,여,54세,경상
2020041000100194,2020년 4월 10일 11시,금요일,대구광역시 서구 비산동,경상사고,0,0,2,0,차대차 - 측면충돌,안전운전불이행,건조,맑음,단일로 - 기타,화물,남,59세,경상,승용,남,58세,경상
2020041000100232,2020년 4월 10일 12시,금요일,대구광역시 달서구 상인동,경상사고,0,0,1,1,차대차 - 측면충돌,안전운전불이행,건조,맑음,단일로 - 기타,원동기,남,34세,부상신고,원동기,남,24세,경상
2020041000100233,2020년 4월 10일 12시,금요일,대구광역시 달서구 본동,부상신고사고,0,0,0,1,차대차 - 추돌,안전운전불이행,건조,맑음,단일로 - 기타,건설기계,남,64세,상해없음,승용,남,45세,부상신고
2020041000100234,2020년 4월 10일 12시,금요일,대구광역시 달서구 감삼동,경상사고,0,0,1,0,차대차 - 기타,안전운전불이행,건조,맑음,교차로 - 교차로안,승용,남,25세,상해없음,승용,여,60세,경상
2020041000100266,2020년 4월 10일 13시,금요일,대구광역시 북구 침산동,경상사고,0,0,3,0,차대차 - 측면충돌,안전거리미확보,건조,맑음,단일로 - 기타,승용,남,60세,상해없음,승용,남,37세,경상
2020041000100303,2020년 4월 10일 14시,금요일,대구광역시 수성구 지산동,경상사고,0,0,1,0,차대차 - 기타,안전운전불이행,건조,맑음,단일로 - 기타,승용,남,38세,상해없음,자전거,남,49세,경상
2020041000100343,2020년 4월 10일 15시,금요일,대구광역시 북구 노원동3가,부상신고사고,0,0,0,1,차대차 - 측면충돌,안전운전불이행,건조,맑음,단일로 - 기타,승용,남,56세,상해없음,자전거,여,61세,부상신고
2020041000100376,2020년 4월 10일 16시,금요일,대구광역시 동구 신기동,경상사고,0,0,1,0,차대사람 - 횡단중,안전운전불이행,건조,맑음,교차로 - 교차로부근,화물,남,50세,상해없음,보행자,남,12세,경상
2020041000100400,2020년 4월 10일 17시,금요일,대구광역시 북구 노원동2가,부상신고사고,0,0,0,1,차대차 - 측면충돌,직진우회전진행방해,건조,맑음,교차로 - 교차로안,자전거,남,60세,부상신고,승용,여,60세,상해없음
2020041000100440,2020년 4월 10일 18시,금요일,대구광역시 달성군 현풍읍,경상사고,0,0,2,0,차대차 - 기타,안전운전불이행,건조,맑음,교차로 - 교차로안,이륜,남,37세,경상,승용,남,47세,경상
2020041000100441,2020년 4월 10일 18시,금요일,대구광역시 북구 태전동,부상신고사고,0,0,0,1,차대차 - 측면충돌,안전운전불이행,건조,맑음,단일로 - 기타,승용,여,49세,상해없음,이륜,남,44세,부상신고
2020041000100476,2020년 4월 10일 19시,금요일,대구광역시 서구 중리동,경상사고,0,0,2,0,차대차 - 측면충돌,안전운전불이행,건조,맑음,단일로 - 기타,화물,남,63세,상해없음,승용,남,24세,경상
2020041000100513,2020년 4월 10일 20시,금요일,대구광역시 북구 동천동,부상신고사고,0,0,0,1,차대사람 - 기타,안전운전불이행,건조,맑음,단일로 - 기타,이륜,남,53세,기타불명,보행자,남,37세,부상신고
2020041000100563,2020년 4월 10일 22시,금요일,대구광역시 달성군 현풍읍,경상사고,0,0,1,0,차대차 - 기타,신호위반,건조,맑음,교차로 - 교차로횡단보도내,이륜,남,39세,상해없음,자전거,여,48세,경상
2020041000100585,2020년 4월 10일 23시,금요일,대구광역시 달성군 화원읍,경상사고,0,0,1,0,차대차 - 기타,차로위반,건조,맑음,교차로 - 교차로부근,승용,남,42세,상해없음,승용,남,41세,경상
2020041000100586,2020년 4월 10일 23시,금요일,대구광역시 서구 내당동,경상사고,0,0,1,0,차대사람 - 기타,안전운전불이행,건조,맑음,단일로 - 기타,승용,남,64세,상해없음,보행자,여,29세,경상
2020041100100010,2020년 4월 11일 00시,토요일,대구광역시 남구 대명동,경상사고,0,0,1,0,차대차 - 기타,안전운전불이행,건조,맑음,기타 - 기타,이륜,남,48세,상해없음,승용,남,40세,경상
2020041100100024,2020년 4월 11일 01시,토요일,대구광역시 남구 대명동,중상사고,0,1,0,0,차대사람 - 횡단중,보행자보호의무위반,건조,맑음,교차로 - 교차로횡단보도내,승용,남,55세,상해없음,보행자,남,50세,중상
2020041100100038,2020년 4월 11일 02시,토요일,대구광역시 서구 비산동,경상사고,0,0,2,0,차대차 - 추돌,안전운전불이행,건조,맑음,교차로 - 교차로부근,승용,남,54세,상해없음,승용,남,26세,경상
2020041100100039,2020년 4월 11일 02시,토요일,대구광역시 북구 구암동,경상사고,0,0,1,0,차대차 - 측면충돌,교차로운행방법위반,건조,맑음,교차로 - 교차로안,승용,남,23세,상해없음,승용,남,47세,경상
2020041100100070,2020년 4월 11일 06시,토요일,대구광역시 달서구 신당동,중상사고,0,2,0,0,차대차 - 측면충돌,차로위반,건조,맑음,단일로 - 기타,건설기계,남,68세,상해없음,승용,남,61세,중상
2020041100100085,2020년 4월 11일 07시,토요일,대구광역시 북구 복현동,부상신고사고,0,0,0,1,차대사람 - 기타,안전운전불이행,건조,맑음,기타 - 기타,기타불명,기타불명,미분류,기타불명,보행자,남,57세,부상신고
2020041100100120,2020년 4월 11일 09시,토요일,대구광역시 서구 비산동,경상사고,0,0,2,0,차대차 - 측면충돌,교차로운행방법위반,건조,맑음,교차로 - 교차로안,승용,여,50세,경상,승용,남,39세,경상
2020041100100148,2020년 4월 11일 10시,토요일,대구광역시 수성구 수성동4가,부상신고사고,0,0,0,1,차대사람 - 기타,안전운전불이행,건조,맑음,단일로 - 기타,승용,남,30세,상해없음,보행자,남,56세,부상신고
2020041100100149,2020년 4월 11일 10시,토요일,대구광역시 달서구 본동,경상사고,0,0,1,0,차대사람 - 횡단중,신호위반,건조,흐림,단일로 - 기타,화물,남,46세,상해없음,보행자,남,26세,경상
2020041100100180,2020년 4월 11일 11시,토요일,대구광역시 남구 봉덕동,경상사고,0,0,1,0,차대차 - 측면충돌,직진우회전진행방해,건조,맑음,교차로 - 교차로안,이륜,남,31세,상해없음,이륜,남,22세,경상
2020041100100181,2020년 4월 11일 11시,토요일,대구광역시 서구 내당동,중상사고,0,1,0,0,차대차 - 측면충돌,안전거리미확보,건조,맑음,단일로 - 기타,이륜,남,75세,중상,승용,남,72세,상해없음
2020041100100182,2020년 4월 11일 11시,토요일,대구광역시 서구 비산동,중상사고,0,1,0,0,차량단독 - 기타,안전운전불이행,건조,맑음,단일로 - 기타,승합,남,55세,상해없음,,,,
2020041100100217,2020년 4월 11일 12시,토요일,대구광역시 달서구 도원동,경상사고,0,0,1,0,차대차 - 측면충돌,교차로운행방법위반,건조,맑음,교차로 - 교차로안,승합,남,50세,상해없음,원동기,남,25세,경상
2020041100100218,2020년 4월 11일 12시,토요일,대구광역시 달서구 죽전동,경상사고,0,0,1,0,차대차 - 추돌,안전운전불이행,건조,맑음,교차로 - 교차로부근,승용,남,24세,상해없음,특수,남,67세,경상
2020041100100248,2020년 4월 11일 13시,토요일,대구광역시 달서구 성당동,중상사고,0,1,0,0,차대차 - 기타,안전운전불이행,건조,맑음,교차로 - 교차로부근,승합,남,60세,상해없음,자전거,남,83세,중상
2020041100100285,2020년 4월 11일 14시,토요일,대구광역시 중구 대신동,경상사고,0,0,1,0,차대사람 - 차도통행중,안전운전불이행,건조,맑음,단일로 - 기타,화물,남,33세,상해없음,보행자,여,33세,경상
2020041100100323,2020년 4월 11일 15시,토요일,대구광역시 동구 서호동,부상신고사고,0,0,0,1,차대사람 - 길가장자리구역통행중,안전운전불이행,건조,맑음,기타 - 기타,승용,남,37세,기타불명,보행자,여,25세,부상신고
2020041100100325,2020년 4월 11일 15시,토요일,대구광역시 서구 이현동,중상사고,0,1,0,0,차대차 - 측면충돌,중앙선침범,건조,맑음,교차로 - 교차로안,이륜,남,57세,중상,승용,남,45세,상해없음
2020041100100357,2020년 4월 11일 16시,토요일,대구광역시 동구 입석동,사망사고,1,0,0,0,차대차 - 기타,안전운전불이행,건조,맑음,단일로 - 기타,승합,여,54세,상해없음,자전거,남,69세,사망
2020041100100358,2020년 4월 11일 16시,토요일,대구광역시 수성구 연호동,경상사고,0,0,1,0,차대차 - 측면충돌,안전거리미확보,건조,맑음,단일로 - 기타,건설기계,남,63세,기타불명,승용,남,40세,경상
2020041100100359,2020년 4월 11일 16시,토요일,대구광역시 달성군 화원읍,중상사고,0,1,0,0,차대차 - 기타,안전운전불이행,젖음/습기,비,단일로 - 기타,승합,남,53세,상해없음,화물,남,57세,상해없음
2020041100100360,2020년 4월 11일 16시,토요일,대구광역시 달성군 다사읍,경상사고,0,0,1,0,차대차 - 측면충돌,안전운전불이행,젖음/습기,비,교차로 - 교차로부근,승용,남,49세,상해없음,이륜,남,21세,경상
2020041100100436,2020년 4월 11일 18시,토요일,대구광역시 남구 대명동,중상사고,0,2,1,0,차대차 - 기타,안전운전불이행,건조,맑음,교차로 - 교차로안,이륜,남,52세,중상,승용,남,31세,경상
2020041100100437,2020년 4월 11일 18시,토요일,대구광역시 달서구 상인동,경상사고,0,0,1,0,차대차 - 측면충돌,안전운전불이행,건조,맑음,단일로 - 기타,원동기,남,25세,상해없음,자전거,남,79세,경상
2020041100100438,2020년 4월 11일 18시,토요일,대구광역시 달서구 상인동,경상사고,0,0,1,0,차대차 - 측면충돌,안전거리미확보,건조,맑음,교차로 - 교차로부근,승합,여,42세,상해없음,화물,남,34세,경상
2020041100100439,2020년 4월 11일 18시,토요일,대구광역시 서구 내당동,경상사고,0,0,1,0,차대차 - 측면충돌,안전거리미확보,건조,맑음,교차로 - 교차로안,화물,남,63세,상해없음,승용,남,61세,경상
2020041100100440,2020년 4월 11일 18시,토요일,대구광역시 서구 비산동,중상사고,0,1,0,0,차대사람 - 횡단중,보행자보호의무위반,건조,맑음,단일로 - 기타,승용,여,51세,상해없음,보행자,남,54세,중상
2020041100100441,2020년 4월 11일 18시,토요일,대구광역시 달서구 본리동,경상사고,0,0,1,0,차대차 - 측면충돌,교차로운행방법위반,건조,맑음,교차로 - 교차로안,승용,남,27세,상해없음,이륜,남,41세,경상
2020041100100470,2020년 4월 11일 19시,토요일,대구광역시 서구 평리동,중상사고,0,1,0,0,차대차 - 기타,안전운전불이행,젖음/습기,흐림,단일로 - 기타,승용,남,40세,상해없음,이륜,남,20세,중상
2020041100100497,2020년 4월 11일 20시,토요일,대구광역시 수성구 범어동,중상사고,0,1,2,0,차대차 - 측면충돌,안전운전불이행,건조,맑음,교차로 - 교차로안,승용,여,24세,상해없음,화물,남,41세,경상
2020041100100498,2020년 4월 11일 20시,토요일,대구광역시 달서구 신당동,중상사고,0,1,0,0,차대사람 - 기타,기타,건조,맑음,단일로 - 기타,기타불명,남,23세,상해없음,보행자,여,73세,중상
2020041100100556,2020년 4월 11일 22시,토요일,대구광역시 동구 율하동,중상사고,0,1,0,0,차대사람 - 기타,안전운전불이행,건조,맑음,교차로 - 교차로안,승용,여,26세,상해없음,보행자,남,49세,중상
2020041100100576,2020년 4월 11일 23시,토요일,대구광역시 달서구 상인동,부상신고사고,0,0,0,1,차대차 - 기타,안전운전불이행,건조,맑음,단일로 - 기타,이륜,남,30세,부상신고,승용,남,57세,상해없음
2020041100100577,2020년 4월 11일 23시,토요일,대구광역시 달서구 월성동,경상사고,0,0,1,0,차대차 - 측면충돌,차로위반,건조,맑음,단일로 - 기타,승용,남,60세,상해없음,승용,남,42세,경상
2020041200100028,2020년 4월 12일 01시,일요일,대구광역시 서구 원대동3가,경상사고,0,0,1,0,차대차 - 기타,기타,건조,맑음,교차로 - 교차로부근,승용,남,49세,상해없음,자전거,남,76세,경상
2020041200100029,2020년 4월 12일 01시,일요일,대구광역시 달서구 두류동,중상사고,0,1,0,0,차대사람 - 기타,안전운전불이행,건조,맑음,단일로 - 기타,승용,남,20세,상해없음,보행자,남,25세,중상
2020041200100039,2020년 4월 12일 02시,일요일,대구광역시 서구 내당동,중상사고,0,1,0,0,차대차 - 측면충돌,안전운전불이행,건조,맑음,교차로 - 교차로안,승용,남,21세,상해없음,승용,남,49세,중상
2020041200100048,2020년 4월 12일 03시,일요일,대구광역시 달서구 두류동,경상사고,0,0,1,0,차대사람 - 기타,안전운전불이행,건조,맑음,기타 - 기타,승용,남,35세,상해없음,보행자,남,19세,경상
2020041200100059,2020년 4월 12일 04시,일요일,대구광역시 수성구 황금동,경상사고,0,0,1,0,차대차 - 추돌,안전운전불이행,건조,맑음,교차로 - 교차로부근,승용,남,40세,상해없음,승용,여,59세,경상
2020041200100060,2020년 4월 12일 04시,일요일,대구광역시 중구 동인동1가,경상사고,0,0,1,0,차대차 - 정면충돌,중앙선침범,건조,맑음,교차로 - 교차로안,승용,남,26세,상해없음,승용,남,28세,경상
2020041200100126,2020년 4월 12일 10시,일요일,대구광역시 달서구 죽전동,경상사고,0,0,1,0,차대차 - 기타,안전운전불이행,건조,맑음,단일로 - 기타,승용,남,33세,상해없음,승용,남,60세,경상
2020041200100152,2020년 4월 12일 11시,일요일,대구광역시 수성구 두산동,경상사고,0,0,3,0,차대차 - 추돌,안전거리미확보,건조,맑음,교차로 - 교차로부근,승용,여,44세,상해없음,승용,남,36세,경상
2020041200100216,2020년 4월 12일 14시,일요일,대구광역시 북구 관음동,경상사고,0,0,5,0,차대차 - 기타,직진우회전진행방해,젖음/습기,비,교차로 - 교차로안,승용,남,29세,경상,승용,여,40세,경상
2020041200100301,2020년 4월 12일 17시,일요일,대구광역시 수성구 황금동,중상사고,0,2,0,0,차대차 - 기타,불법유턴,건조,맑음,단일로 - 기타,승용,남,60세,상해없음,이륜,남,47세,중상
2020041200100327,2020년 4월 12일 18시,일요일,대구광역시 동구 효목동,부상신고사고,0,0,0,1,차대사람 - 기타,안전운전불이행,건조,맑음,단일로 - 기타,승용,남,53세,상해없음,보행자,여,35세,부상신고
2020041200100355,2020년 4월 12일 19시,일요일,대구광역시 동구 방촌동,중상사고,0,1,0,0,차대사람 - 횡단중,안전운전불이행,젖음/습기,비,교차로 - 교차로부근,승용,남,30세,상해없음,보행자,여,66세,중상
2020041200100356,2020년 4월 12일 19시,일요일,대구광역시 수성구 만촌동,부상신고사고,0,0,0,1,차대차 - 추돌,안전운전불이행,건조,맑음,단일로 - 기타,승용,남,30세,부상신고,기타불명,기타불명,미분류,기타불명
2020041200100399,2020년 4월 12일 21시,일요일,대구광역시 북구 대현동,경상사고,0,0,1,0,차대차 - 기타,안전거리미확보,젖음/습기,흐림,단일로 - 기타,승용,남,48세,상해없음,이륜,남,19세,경상
2020041200100400,2020년 4월 12일 21시,일요일,대구광역시 서구 내당동,중상사고,0,1,2,0,차대차 - 추돌,안전운전불이행,건조,맑음,단일로 - 기타,승용,여,38세,상해없음,승용,여,31세,중상
2020041300100007,2020년 4월 13일 00시,월요일,대구광역시 남구 대명동,부상신고사고,0,0,0,1,차량단독 - 기타,안전운전불이행,건조,맑음,교차로 - 교차로부근,승용,남,54세,상해없음,,,,
2020041300100013,2020년 4월 13일 01시,월요일,대구광역시 북구 복현동,중상사고,0,1,0,0,차대차 - 측면충돌,직진우회전진행방해,건조,맑음,교차로 - 교차로안,승용,남,26세,상해없음,이륜,남,44세,중상
2020041300100031,2020년 4월 13일 06시,월요일,대구광역시 수성구 수성동4가,경상사고,0,0,1,0,차대차 - 기타,안전운전불이행,건조,맑음,단일로 - 기타,승용,남,70세,기타불명,승용,여,68세,경상
2020041300100032,2020년 4월 13일 06시,월요일,대구광역시 달서구 본리동,경상사고,0,0,1,1,차대차 - 측면충돌,안전운전불이행,건조,맑음,교차로 - 교차로안,승용,여,61세,부상신고,승용,남,44세,경상
2020041300100052,2020년 4월 13일 07시,월요일,대구광역시 북구 대현동,경상사고,0,0,1,0,차대차 - 추돌,안전거리미확보,건조,맑음,단일로 - 기타,화물,남,59세,상해없음,승용,여,29세,경상
2020041300100087,2020년 4월 13일 08시,월요일,대구광역시 동구 용계동,경상사고,0,0,1,0,차대차 - 기타,안전거리미확보,건조,맑음,단일로 - 기타,승용,남,46세,기타불명,승용,여,28세,경상
2020041300100088,2020년 4월 13일 08시,월요일,대구광역시 수성구 신매동,경상사고,0,0,1,0,차대차 - 정면충돌,안전운전불이행,건조,맑음,교차로 - 교차로부근,승용,여,50세,상해없음,승용,여,57세,경상
2020041300100089,2020년 4월 13일 08시,월요일,대구광역시 달서구 유천동,경상사고,0,0,2,0,차대차 - 측면충돌,안전운전불이행,건조,맑음,단일로 - 기타,건설기계,남,55세,경상,승용,여,50세,경상
2020041300100090,2020년 4월 13일 08시,월요일,대구광역시 달서구 진천동,경상사고,0,0,2,0,차대차 - 측면충돌,교차로운행방법위반,건조,맑음,교차로 - 교차로안,승용,여,44세,경상,승용,여,58세,경상
2020041300100150,2020년 4월 13일 10시,월요일,대구광역시 수성구 지산동,경상사고,0,0,1,0,차대차 - 측면충돌,기타,건조,맑음,단일로 - 기타,승용,남,40세,상해없음,승용,남,66세,상해없음
2020041300100181,2020년 4월 13일 11시,월요일,대구광역시 남구 이천동,경상사고,0,0,1,0,차대차 - 측면충돌,안전운전불이행,건조,맑음,기타 - 기타,이륜,남,21세,상해없음,승합,남,36세,상해없음
2020041300100182,2020년 4월 13일 11시,월요일,대구광역시 남구 봉덕동,중상사고,0,1,1,0,차대사람 - 횡단중,안전운전불이행,건조,맑음,교차로 - 교차로부근,이륜,남,50세,경상,보행자,남,43세,중상
2020041300100183,2020년 4월 13일 11시,월요일,대구광역시 동구 신천동,중상사고,0,1,1,0,차대차 - 기타,안전운전불이행,건조,맑음,교차로 - 교차로부근,이륜,남,34세,중상,건설기계,남,60세,상해없음
2020041300100184,2020년 4월 13일 11시,월요일,대구광역시 동구 동내동,중상사고,0,1,0,0,차대차 - 측면충돌,안전거리미확보,건조,맑음,단일로 - 기타,이륜,남,84세,중상,승용,여,43세,상해없음
2020041300100185,2020년 4월 13일 11시,월요일,대구광역시 달서구 용산동,사망사고,1,0,0,0,차대사람 - 횡단중,안전운전불이행,건조,맑음,교차로 - 교차로안,화물,남,61세,상해없음,보행자,남,83세,사망
2020041300100211,2020년 4월 13일 12시,월요일,대구광역시 동구 율하동,부상신고사고,0,0,0,1,차대차 - 추돌,안전거리미확보,건조,맑음,교차로 - 교차로안,이륜,남,20세,부상신고,승용,여,52세,상해없음
2020041300100212,2020년 4월 13일 12시,월요일,대구광역시 달성군 가창면,경상사고,0,0,2,0,차대차 - 추돌,안전운전불이행,건조,맑음,교차로 - 교차로부근,화물,남,63세,상해없음,승용,남,81세,경상
2020041300100246,2020년 4월 13일 13시,월요일,대구광역시 수성구 상동,경상사고,0,0,1,0,차대차 - 추돌,신호위반,건조,맑음,교차로 - 교차로안,이륜,남,46세,상해없음,승용,남,30세,경상
2020041300100247,2020년 4월 13일 13시,월요일,대구광역시 달성군 다사읍,중상사고,0,1,0,0,차대차 - 추돌,안전운전불이행,건조,맑음,단일로 - 기타,자전거,남,20세,중상,승용,남,61세,기타불명
2020041300100279,2020년 4월 13일 14시,월요일,대구광역시 달성군 화원읍,경상사고,0,0,1,0,차대차 - 측면충돌,신호위반,건조,맑음,교차로 - 교차로부근,승용,여,50세,상해없음,승용,남,64세,경상
2020041300100312,2020년 4월 13일 15시,월요일,대구광역시 수성구 황금동,중상사고,0,1,0,0,차대차 - 측면충돌,안전거리미확보,건조,맑음,단일로 - 기타,승용,여,48세,상해없음,이륜,남,21세,중상
2020041300100313,2020년 4월 13일 15시,월요일,대구광역시 달서구 용산동,경상사고,0,0,1,0,차대차 - 측면충돌,안전운전불이행,건조,맑음,단일로 - 기타,승용,여,70세,상해없음,이륜,남,37세,경상
2020041300100345,2020년 4월 13일 16시,월요일,대구광역시 남구 봉덕동,경상사고,0,0,6,0,차대차 - 추돌,차로위반,건조,맑음,단일로 - 기타,승합,남,51세,경상,승용,남,57세,상해없음
2020041300100346,2020년 4월 13일 16시,월요일,대구광역시 수성구 범어동,경상사고,0,0,1,0,차대차 - 측면충돌,안전거리미확보,건조,맑음,단일로 - 기타,승용,남,76세,상해없음,이륜,남,51세,경상
2020041300100347,2020년 4월 13일 16시,월요일,대구광역시 중구 대신동,부상신고사고,0,0,0,1,차대차 - 측면충돌,안전운전불이행,건조,맑음,교차로 - 교차로안,이륜,남,58세,부상신고,승용,남,53세,상해없음
2020041300100397,2020년 4월 13일 17시,월요일,대구광역시 달서구 대곡동,경상사고,0,0,1,0,차대차 - 추돌,안전운전불이행,건조,맑음,기타 - 기타,승용,남,72세,상해없음,승용,남,38세,경상
2020041300100398,2020년 4월 13일 17시,월요일,대구광역시 달성군 다사읍,중상사고,0,1,0,0,차대사람 - 횡단중,안전운전불이행,건조,맑음,단일로 - 기타,승용,여,61세,상해없음,보행자,남,46세,중상
2020041300100399,2020년 4월 13일 17시,월요일,대구광역시 북구 구암동,경상사고,0,0,1,0,차대차 - 측면충돌,교차로운행방법위반,건조,맑음,교차로 - 교차로안,승용,여,57세,상해없음,승용,남,27세,경상
2020041300100445,2020년 4월 13일 18시,월요일,대구광역시 동구 신암동,중상사고,0,1,0,0,차대사람 - 보도통행중,기타,건조,맑음,기타 - 기타,자전거,여,67세,상해없음,보행자,여,82세,중상
2020041300100446,2020년 4월 13일 18시,월요일,대구광역시 수성구 성동,경상사고,0,0,1,0,차대차 - 추돌,안전운전불이행,건조,맑음,단일로 - 기타,승용,여,60세,상해없음,승용,남,33세,경상
2020041300100447,2020년 4월 13일 18시,월요일,대구광역시 달성군 다사읍,경상사고,0,0,1,0,차대차 - 기타,안전운전불이행,건조,맑음,교차로 - 교차로안,승용,여,48세,상해없음,승용,여,54세,경상
2020041300100488,2020년 4월 13일 19시,월요일,대구광역시 남구 대명동,경상사고,0,0,2,0,차대차 - 측면충돌,안전운전불이행,건조,맑음,교차로 - 교차로안,승용,여,42세,경상,승용,남,53세,경상
2020041300100489,2020년 4월 13일 19시,월요일,대구광역시 수성구 만촌동,경상사고,0,0,3,0,차대차 - 측면충돌,안전운전불이행,건조,맑음,기타 - 기타,승용,여,48세,경상,승용,남,20세,경상
2020041300100490,2020년 4월 13일 19시,월요일,대구광역시 달서구 유천동,경상사고,0,0,1,0,차대차 - 측면충돌,교차로운행방법위반,건조,맑음,교차로 - 교차로안,승용,남,47세,상해없음,승용,남,45세,경상
2020041300100491,2020년 4월 13일 19시,월요일,대구광역시 달서구 본동,부상신고사고,0,0,0,4,차대차 - 측면충돌,안전거리미확보,건조,맑음,교차로 - 교차로안,승용,남,54세,상해없음,승용,남,20세,부상신고
2020041300100492,2020년 4월 13일 19시,월요일,대구광역시 서구 비산동,경상사고,0,0,3,0,차대차 - 측면충돌,신호위반,건조,맑음,교차로 - 교차로부근,이륜,남,45세,경상,승용,남,21세,경상
2020041300100493,2020년 4월 13일 19시,월요일,대구광역시 달서구 용산동,경상사고,0,0,1,0,차대차 - 측면충돌,불법유턴,건조,맑음,교차로 - 교차로부근,승용,남,36세,상해없음,이륜,남,25세,경상
2020041300100494,2020년 4월 13일 19시,월요일,대구광역시 달서구 죽전동,경상사고,0,0,1,0,차대차 - 추돌,안전운전불이행,건조,맑음,교차로 - 교차로부근,승용,남,31세,상해없음,승용,여,34세,경상
2020041300100495,2020년 4월 13일 19시,월요일,대구광역시 북구 태전동,부상신고사고,0,0,0,1,차대차 - 기타,안전운전불이행,건조,맑음,단일로 - 기타,승용,여,38세,부상신고,특수,남,47세,기타불명
2020041300100526,2020년 4월 13일 20시,월요일,대구광역시 북구 칠성동2가,경상사고,0,0,2,1,차대차 - 측면충돌,안전거리미확보,건조,맑음,교차로 - 교차로횡단보도내,승용,남,49세,상해없음,승용,남,22세,부상신고
2020041300100527,2020년 4월 13일 20시,월요일,대구광역시 달서구 용산동,중상사고,0,1,1,0,차대사람 - 횡단중,안전운전불이행,건조,흐림,단일로 - 기타,이륜,남,44세,경상,보행자,남,46세,중상
2020041300100528,2020년 4월 13일 20시,월요일,대구광역시 북구 국우동,경상사고,0,0,2,0,차대차 - 측면충돌,기타,건조,맑음,교차로 - 교차로안,이륜,남,24세,경상,승용,남,48세,상해없음
2020041300100584,2020년 4월 13일 22시,월요일,대구광역시 수성구 범물동,경상사고,0,0,1,0,차대차 - 추돌,안전운전불이행,건조,맑음,교차로 - 교차로부근,화물,남,38세,상해없음,승용,여,54세,경상
2020041400100007,2020년 4월 14일 00시,화요일,대구광역시 동구 각산동,경상사고,0,0,1,0,차대차 - 정면충돌,안전운전불이행,건조,맑음,교차로 - 교차로안,승용,여,38세,상해없음,이륜,남,29세,경상
2020041400100026,2020년 4월 14일 01시,화요일,대구광역시 동구 신기동,경상사고,0,0,4,0,차대차 - 추돌,안전운전불이행,건조,맑음,단일로 - 기타,승용,남,21세,경상,승용,남,21세,경상
2020041400100049,2020년 4월 14일 05시,화요일,대구광역시 동구 신암동,중상사고,0,1,0,0,차대차 - 추돌,안전운전불이행,건조,맑음,단일로 - 기타,화물,남,69세,상해없음,승용,남,69세,중상
2020041400100069,2020년 4월 14일 07시,화요일,대구광역시 달서구 유천동,경상사고,0,0,1,0,차대차 - 기타,안전거리미확보,건조,맑음,교차로 - 교차로부근,승용,여,51세,상해없음,승용,여,40세,경상
2020041400100100,2020년 4월 14일 08시,화요일,대구광역시 동구 신천동,중상사고,0,1,0,0,차대차 - 추돌,안전거리미확보,건조,맑음,단일로 - 기타,승용,여,51세,상해없음,승용,남,24세,중상
2020041400100101,2020년 4월 14일 08시,화요일,대구광역시 달성군 유가읍,경상사고,0,0,2,0,차대차 - 기타,안전운전불이행,건조,맑음,교차로 - 교차로부근,승용,여,37세,경상,승용,여,55세,경상
2020041400100135,2020년 4월 14일 09시,화요일,대구광역시 북구 팔달동,경상사고,0,0,1,0,차대차 - 기타,안전운전불이행,건조,맑음,단일로 - 기타,승용,남,77세,기타불명,승용,여,41세,경상
2020041400100190,2020년 4월 14일 11시,화요일,대구광역시 달서구 상인동,부상신고사고,0,0,0,1,차대차 - 기타,안전운전불이행,건조,맑음,교차로 - 교차로횡단보도내,자전거,남,12세,부상신고,승용,남,65세,상해없음
2020041400100191,2020년 4월 14일 11시,화요일,대구광역시 북구 칠성동2가,경상사고,0,0,1,0,차대차 - 측면충돌,신호위반,건조,맑음,교차로 - 교차로안,이륜,남,78세,상해없음,이륜,남,37세,경상
2020041400100225,2020년 4월 14일 12시,화요일,대구광역시 달서구 유천동,경상사고,0,0,1,0,차대차 - 추돌,안전운전불이행,건조,맑음,단일로 - 기타,이륜,남,28세,경상,화물,남,59세,상해없음
2020041400100256,2020년 4월 14일 13시,화요일,대구광역시 동구 용계동,경상사고,0,0,2,0,차대차 - 측면충돌,차로위반,건조,맑음,단일로 - 기타,화물,남,35세,상해없음,승용,여,67세,경상