사고번호,사고일시,요일,시군구,사고내용,사망자수,중상자수,경상자수,부상신고자수,사고유형,법규위반,노면상태,기상상태,도로형태,가해운전자 차종,가해운전자 성별,가해운전자 연령,가해운전자 상해정도,피해운전자 차종,피해운전자 성별,피해운전자 연령,피해운전자 상해정도
2020041400100257,2020년 4월 14일 13시,화요일,대구광역시 달성군 논공읍,경상사고,0,0,2,0,차대차 - 기타,안전운전불이행,건조,맑음,단일로 - 기타,승용,남,48세,상해없음,승용,여,54세,경상
2020041400100258,2020년 4월 14일 13시,화요일,대구광역시 달성군 현풍읍,경상사고,0,0,1,0,차대차 - 추돌,안전운전불이행,건조,맑음,교차로 - 교차로부근,승용,남,50세,상해없음,화물,남,39세,경상
2020041400100290,2020년 4월 14일 14시,화요일,대구광역시 동구 효목동,경상사고,0,0,1,0,차대차 - 측면충돌,안전운전불이행,건조,맑음,단일로 - 기타,승용,여,49세,상해없음,승용,여,36세,경상
2020041400100291,2020년 4월 14일 14시,화요일,대구광역시 달서구 대곡동,중상사고,0,1,0,0,차대사람 - 기타,보행자보호의무위반,건조,맑음,단일로 - 기타,승용,남,57세,상해없음,보행자,여,53세,중상
2020041400100322,2020년 4월 14일 15시,화요일,대구광역시 수성구 범어동,부상신고사고,0,0,0,1,차대사람 - 기타,기타,건조,맑음,단일로 - 기타,승합,남,54세,상해없음,보행자,여,73세,부상신고
2020041400100323,2020년 4월 14일 15시,화요일,대구광역시 중구 대신동,경상사고,0,0,1,0,차대차 - 측면충돌,안전운전불이행,건조,맑음,교차로 - 교차로안,승용,남,24세,상해없음,승용,여,32세,경상
2020041400100355,2020년 4월 14일 16시,화요일,대구광역시 남구 봉덕동,경상사고,0,0,1,0,차대차 - 기타,안전운전불이행,건조,맑음,교차로 - 교차로안,화물,남,60세,상해없음,이륜,남,25세,경상
2020041400100410,2020년 4월 14일 17시,화요일,대구광역시 동구 동호동,경상사고,0,0,2,0,차대차 - 측면충돌,교차로운행방법위반,건조,맑음,단일로 - 기타,승용,남,61세,상해없음,승용,남,55세,경상
2020041400100411,2020년 4월 14일 17시,화요일,대구광역시 수성구 고모동,경상사고,0,0,1,1,차대차 - 추돌,안전운전불이행,건조,맑음,단일로 - 기타,승용,남,27세,상해없음,승용,여,62세,경상
2020041400100412,2020년 4월 14일 17시,화요일,대구광역시 수성구 지산동,경상사고,0,0,1,0,차대차 - 측면충돌,안전운전불이행,건조,맑음,단일로 - 기타,승용,여,33세,상해없음,승용,여,35세,경상
2020041400100413,2020년 4월 14일 17시,화요일,대구광역시 달서구 장기동,경상사고,0,0,1,0,차대차 - 측면충돌,안전운전불이행,건조,맑음,단일로 - 기타,이륜,남,20세,상해없음,승용,남,46세,상해없음
2020041400100453,2020년 4월 14일 18시,화요일,대구광역시 달성군 현풍읍,경상사고,0,0,3,0,차대차 - 기타,안전운전불이행,건조,맑음,단일로 - 기타,승용,남,19세,상해없음,승용,남,61세,경상
2020041400100457,2020년 4월 14일 18시,화요일,대구광역시 남구 대명동,경상사고,0,0,1,0,차대차 - 측면충돌,안전운전불이행,건조,맑음,교차로 - 교차로안,승용,남,42세,상해없음,자전거,남,70세,경상
2020041400100458,2020년 4월 14일 18시,화요일,대구광역시 북구 복현동,경상사고,0,0,1,0,차대차 - 측면충돌,교차로운행방법위반,건조,맑음,교차로 - 교차로안,승용,남,59세,상해없음,승용,여,58세,경상
2020041400100524,2020년 4월 14일 20시,화요일,대구광역시 달성군 논공읍,경상사고,0,0,3,0,차대차 - 기타,안전운전불이행,건조,기타,단일로 - 기타,승용,남,33세,상해없음,승용,남,19세,경상
2020041400100525,2020년 4월 14일 20시,화요일,대구광역시 북구 관음동,경상사고,0,0,5,0,차대차 - 측면충돌,직진우회전진행방해,건조,맑음,교차로 - 교차로부근,화물,여,45세,상해없음,승용,남,63세,경상
2020041400100574,2020년 4월 14일 22시,화요일,대구광역시 북구 복현동,경상사고,0,0,2,0,차대차 - 추돌,과속,건조,맑음,단일로 - 교량,승용,남,44세,경상,승용,여,28세,경상
2020041400100575,2020년 4월 14일 22시,화요일,대구광역시 달서구 두류동,경상사고,0,0,1,0,차대사람 - 기타,안전운전불이행,건조,맑음,단일로 - 기타,원동기,남,17세,상해없음,보행자,남,27세,경상
2020041400100602,2020년 4월 14일 23시,화요일,대구광역시 중구 동성로2가,경상사고,0,0,1,0,차대차 - 추돌,안전운전불이행,건조,맑음,단일로 - 기타,승용,남,64세,상해없음,승용,남,59세,경상
2020041500100010,2020년 4월 15일 00시,수요일,대구광역시 서구 내당동,중상사고,0,1,0,0,차대차 - 측면충돌,안전운전불이행,건조,맑음,교차로 - 교차로부근,승용,남,26세,상해없음,승용,남,55세,중상
2020041500100011,2020년 4월 15일 00시,수요일,대구광역시 중구 덕산동,부상신고사고,0,0,0,2,차대차 - 측면충돌,차로위반,건조,맑음,교차로 - 교차로부근,승용,여,51세,상해없음,승용,남,19세,상해없음
2020041500100029,2020년 4월 15일 01시,수요일,대구광역시 북구 조야동,중상사고,0,1,4,0,차대차 - 추돌,안전운전불이행,건조,맑음,단일로 - 기타,화물,남,60세,상해없음,승용,여,68세,중상
2020041500100074,2020년 4월 15일 06시,수요일,대구광역시 동구 신암동,경상사고,0,0,1,0,차대차 - 측면충돌,안전운전불이행,건조,맑음,주차장 - 주차장,승용,남,40세,상해없음,승용,남,72세,경상
2020041500100084,2020년 4월 15일 07시,수요일,대구광역시 수성구 수성동1가,경상사고,0,0,2,0,차대차 - 기타,신호위반,건조,맑음,교차로 - 교차로안,승용,남,30세,상해없음,승용,남,59세,경상
2020041500100085,2020년 4월 15일 07시,수요일,대구광역시 달서구 호산동,중상사고,0,1,0,0,차대차 - 측면충돌,안전운전불이행,건조,맑음,단일로 - 기타,승용,남,22세,중상,화물,남,40세,상해없음
2020041500100097,2020년 4월 15일 08시,수요일,대구광역시 동구 신천동,경상사고,0,0,1,0,차대차 - 기타,안전거리미확보,건조,맑음,단일로 - 기타,승용,여,56세,상해없음,승용,남,35세,경상
2020041500100098,2020년 4월 15일 08시,수요일,대구광역시 수성구 수성동1가,경상사고,0,0,3,0,차대차 - 측면충돌,안전운전불이행,건조,맑음,단일로 - 기타,승용,여,53세,경상,승용,남,24세,경상
2020041500100134,2020년 4월 15일 10시,수요일,대구광역시 달서구 대천동,경상사고,0,0,1,0,차대차 - 측면충돌,안전운전불이행,건조,맑음,단일로 - 기타,승용,남,51세,상해없음,자전거,남,58세,경상
2020041500100135,2020년 4월 15일 10시,수요일,대구광역시 달성군 유가읍,경상사고,0,0,1,0,차대차 - 기타,안전운전불이행,건조,맑음,교차로 - 교차로횡단보도내,승용,남,57세,상해없음,자전거,여,40세,경상
2020041500100162,2020년 4월 15일 11시,수요일,대구광역시 달서구 상인동,중상사고,0,1,1,0,차대차 - 측면충돌,직진우회전진행방해,건조,맑음,교차로 - 교차로안,이륜,남,57세,중상,승용,남,35세,경상
2020041500100163,2020년 4월 15일 11시,수요일,대구광역시 달성군 논공읍,중상사고,0,1,0,0,차대차 - 기타,안전운전불이행,건조,맑음,교차로 - 교차로안,화물,남,36세,상해없음,사륜오토바이(ATV),여,68세,중상
2020041500100164,2020년 4월 15일 11시,수요일,대구광역시 중구 대봉동,중상사고,0,1,0,0,차대사람 - 횡단중,신호위반,건조,맑음,단일로 - 기타,화물,남,53세,상해없음,보행자,여,72세,중상
2020041500100165,2020년 4월 15일 11시,수요일,대구광역시 북구 관음동,경상사고,0,0,1,0,차대차 - 기타,교차로운행방법위반,건조,맑음,교차로 - 교차로안,승용,여,62세,상해없음,승용,남,42세,상해없음
2020041500100187,2020년 4월 15일 12시,수요일,대구광역시 수성구 범어동,경상사고,0,0,1,0,차대차 - 추돌,신호위반,건조,맑음,단일로 - 기타,승용,여,34세,상해없음,승용,남,51세,경상
2020041500100208,2020년 4월 15일 13시,수요일,대구광역시 남구 봉덕동,경상사고,0,0,1,0,차대차 - 추돌,안전운전불이행,건조,맑음,교차로 - 교차로부근,기타불명,남,27세,상해없음,승용,여,49세,경상
2020041500100209,2020년 4월 15일 13시,수요일,대구광역시 북구 노원동2가,경상사고,0,0,2,0,차대차 - 측면충돌,안전거리미확보,건조,맑음,단일로 - 교량,승용,남,71세,상해없음,승용,여,47세,경상
2020041500100246,2020년 4월 15일 14시,수요일,대구광역시 달서구 본동,경상사고,0,0,1,0,차대차 - 측면충돌,차로위반,건조,맑음,단일로 - 기타,승용,남,63세,상해없음,승용,남,48세,경상
2020041500100247,2020년 4월 15일 14시,수요일,대구광역시 서구 중리동,경상사고,0,0,1,0,차대차 - 기타,안전운전불이행,건조,맑음,교차로 - 교차로안,승용,여,61세,상해없음,이륜,남,22세,경상
2020041500100248,2020년 4월 15일 14시,수요일,대구광역시 달서구 감삼동,중상사고,0,1,0,0,차대사람 - 기타,안전운전불이행,건조,맑음,교차로 - 교차로안,승용,여,50세,상해없음,보행자,여,63세,중상
2020041500100282,2020년 4월 15일 15시,수요일,대구광역시 동구 도동,경상사고,0,0,1,0,차량단독 - 기타,안전운전불이행,건조,맑음,단일로 - 기타,승합,남,28세,기타불명,,,,
2020041500100283,2020년 4월 15일 15시,수요일,대구광역시 북구 노곡동,경상사고,0,0,2,0,차대차 - 측면충돌,기타,건조,맑음,교차로 - 교차로안,이륜,남,20세,경상,승용,남,38세,경상
2020041500100343,2020년 4월 15일 17시,수요일,대구광역시 북구 금호동,중상사고,0,2,1,0,차대차 - 추돌,안전운전불이행,건조,맑음,단일로 - 기타,화물,남,23세,중상,화물,남,57세,중상
2020041500100348,2020년 4월 15일 17시,수요일,대구광역시 달서구 두류동,경상사고,0,0,1,0,차대차 - 정면충돌,교차로운행방법위반,건조,맑음,교차로 - 교차로안,이륜,남,26세,경상,승용,남,28세,상해없음
2020041500100377,2020년 4월 15일 18시,수요일,대구광역시 남구 봉덕동,경상사고,0,0,4,0,차대차 - 측면충돌,신호위반,건조,맑음,기타 - 기타,승용,남,43세,상해없음,승용,남,23세,경상
2020041500100378,2020년 4월 15일 18시,수요일,대구광역시 달성군 현풍읍,중상사고,0,1,1,0,차대차 - 기타,과속,건조,맑음,교차로 - 교차로안,승용,남,41세,경상,기타불명,여,75세,중상
2020041500100379,2020년 4월 15일 18시,수요일,대구광역시 북구 침산동,중상사고,0,1,0,0,차대사람 - 횡단중,보행자보호의무위반,건조,맑음,단일로 - 기타,화물,남,67세,상해없음,보행자,여,5세,중상
2020041500100380,2020년 4월 15일 18시,수요일,대구광역시 달서구 성당동,경상사고,0,0,1,0,차대차 - 측면충돌,불법유턴,건조,맑음,단일로 - 기타,승용,남,40세,상해없음,자전거,남,61세,경상
2020041500100399,2020년 4월 15일 19시,수요일,대구광역시 동구 신무동,중상사고,0,1,0,0,차대차 - 추돌,안전운전불이행,건조,맑음,단일로 - 기타,승용,남,57세,상해없음,승용,여,54세,중상
2020041500100426,2020년 4월 15일 20시,수요일,대구광역시 수성구 황금동,경상사고,0,0,1,0,차대차 - 기타,안전운전불이행,건조,맑음,단일로 - 기타,화물,남,57세,상해없음,승용,남,53세,경상
2020041500100446,2020년 4월 15일 21시,수요일,대구광역시 달서구 송현동,경상사고,0,0,1,0,차대차 - 추돌,안전운전불이행,건조,맑음,단일로 - 기타,승용,남,50세,상해없음,승용,남,36세,상해없음
2020041500100447,2020년 4월 15일 21시,수요일,대구광역시 북구 노원동3가,경상사고,0,0,4,0,차대차 - 측면충돌,안전운전불이행,건조,맑음,단일로 - 기타,승용,여,62세,경상,승용,남,38세,경상
2020041500100467,2020년 4월 15일 22시,수요일,대구광역시 수성구 범어동,경상사고,0,0,3,0,차대차 - 측면충돌,교차로운행방법위반,건조,맑음,교차로 - 교차로안,승용,여,48세,상해없음,승용,남,22세,경상
2020041500100477,2020년 4월 15일 23시,수요일,대구광역시 남구 대명동,중상사고,0,1,0,0,차대차 - 정면충돌,신호위반,건조,맑음,단일로 - 기타,이륜,남,18세,상해없음,이륜,여,37세,중상
2020041500100478,2020년 4월 15일 23시,수요일,대구광역시 중구 봉산동,경상사고,0,0,1,0,차대차 - 기타,안전거리미확보,건조,맑음,단일로 - 기타,기타불명,기타불명,미분류,기타불명,승용,여,57세,상해없음
2020041600100024,2020년 4월 16일 02시,목요일,대구광역시 북구 동천동,경상사고,0,0,2,0,차대차 - 측면충돌,안전운전불이행,건조,흐림,단일로 - 기타,승용,남,30세,기타불명,특수,남,49세,기타불명
2020041600100033,2020년 4월 16일 04시,목요일,대구광역시 달서구 월성동,경상사고,0,0,1,0,차량단독 - 기타,안전운전불이행,건조,맑음,교차로 - 교차로부근,승용,남,58세,상해없음,,,,
2020041600100063,2020년 4월 16일 07시,목요일,대구광역시 달성군 구지면,경상사고,0,0,1,0,차량단독 - 기타,안전운전불이행,건조,맑음,기타 - 기타,승용,여,25세,경상,,,,
2020041600100094,2020년 4월 16일 08시,목요일,대구광역시 달서구 본동,경상사고,0,0,1,0,차대차 - 기타,불법유턴,건조,맑음,단일로 - 기타,화물,남,58세,상해없음,자전거,남,57세,경상
2020041600100110,2020년 4월 16일 09시,목요일,대구광역시 수성구 상동,경상사고,0,0,1,0,차대차 - 추돌,안전거리미확보,건조,맑음,교차로 - 교차로부근,승용,남,37세,상해없음,승용,남,66세,상해없음
2020041600100132,2020년 4월 16일 10시,목요일,대구광역시 달서구 본동,경상사고,0,0,1,0,차대사람 - 횡단중,보행자보호의무위반,건조,맑음,교차로 - 교차로횡단보도내,승용,남,79세,상해없음,보행자,여,26세,경상
2020041600100159,2020년 4월 16일 11시,목요일,대구광역시 동구 봉무동,경상사고,0,0,3,0,차대차 - 측면충돌,신호위반,건조,맑음,교차로 - 교차로안,승용,여,58세,상해없음,승용,남,35세,경상
2020041600100160,2020년 4월 16일 11시,목요일,대구광역시 달서구 월성동,중상사고,0,1,0,0,차대차 - 측면충돌,교차로운행방법위반,건조,맑음,교차로 - 교차로안,승용,여,49세,상해없음,이륜,남,45세,중상
2020041600100184,2020년 4월 16일 12시,목요일,대구광역시 동구 신암동,경상사고,0,0,1,0,차대차 - 기타,안전운전불이행,건조,맑음,기타 - 기타,화물,남,52세,경상,승용,남,61세,기타불명
2020041600100216,2020년 4월 16일 13시,목요일,대구광역시 수성구 지산동,중상사고,0,1,1,0,차대차 - 측면충돌,직진우회전진행방해,건조,맑음,교차로 - 교차로안,이륜,남,53세,중상,승용,여,67세,경상
2020041600100217,2020년 4월 16일 13시,목요일,대구광역시 중구 대신동,경상사고,0,0,1,0,차대차 - 기타,안전운전불이행,건조,맑음,단일로 - 기타,승용,남,38세,상해없음,자전거,여,25세,경상
2020041600100288,2020년 4월 16일 15시,목요일,대구광역시 수성구 만촌동,경상사고,0,0,1,0,차대사람 - 횡단중,안전운전불이행,건조,맑음,교차로 - 교차로부근,승용,여,45세,상해없음,보행자,남,4세,경상
2020041600100289,2020년 4월 16일 15시,목요일,대구광역시 북구 침산동,중상사고,0,1,1,0,차대차 - 기타,교차로운행방법위반,건조,맑음,교차로 - 교차로안,이륜,남,68세,중상,승용,여,59세,경상
2020041600100318,2020년 4월 16일 16시,목요일,대구광역시 동구 방촌동,경상사고,0,0,2,0,차대차 - 기타,교차로운행방법위반,건조,맑음,교차로 - 교차로부근,승용,여,42세,상해없음,이륜,남,25세,경상
2020041600100319,2020년 4월 16일 16시,목요일,대구광역시 달서구 진천동,경상사고,0,0,1,0,차대차 - 측면충돌,안전운전불이행,건조,맑음,단일로 - 기타,화물,남,67세,상해없음,자전거,여,55세,경상
2020041600100351,2020년 4월 16일 17시,목요일,대구광역시 달성군 화원읍,부상신고사고,0,0,0,1,차대사람 - 보도통행중,안전운전불이행,건조,맑음,단일로 - 기타,승용,여,49세,상해없음,보행자,남,65세,부상신고
2020041600100352,2020년 4월 16일 17시,목요일,대구광역시 달성군 다사읍,경상사고,0,0,2,0,차대차 - 측면충돌,안전운전불이행,건조,맑음,교차로 - 교차로부근,승용,여,54세,상해없음,승용,남,25세,경상
2020041600100392,2020년 4월 16일 18시,목요일,대구광역시 남구 대명동,중상사고,0,1,0,0,차대차 - 측면충돌,중앙선침범,건조,맑음,교차로 - 교차로안,자전거,남,71세,중상,승합,남,52세,상해없음
2020041600100393,2020년 4월 16일 18시,목요일,대구광역시 서구 중리동,경상사고,0,0,1,0,차대차 - 측면충돌,교차로운행방법위반,건조,맑음,교차로 - 교차로안,화물,남,60세,상해없음,승용,여,64세,경상
2020041600100394,2020년 4월 16일 18시,목요일,대구광역시 달서구 용산동,경상사고,0,0,1,0,차대차 - 기타,안전운전불이행,건조,맑음,단일로 - 기타,이륜,남,25세,상해없음,승용,남,31세,경상
2020041600100395,2020년 4월 16일 18시,목요일,대구광역시 달서구 본리동,경상사고,0,0,1,0,차대차 - 측면충돌,차로위반,건조,맑음,단일로 - 기타,승용,여,46세,상해없음,이륜,남,32세,경상
2020041600100426,2020년 4월 16일 19시,목요일,대구광역시 북구 매천동,경상사고,0,0,1,0,차대차 - 측면충돌,교차로운행방법위반,건조,맑음,단일로 - 기타,기타불명,기타불명,미분류,기타불명,화물,남,63세,경상
2020041600100489,2020년 4월 16일 21시,목요일,대구광역시 동구 방촌동,경상사고,0,0,1,0,차대차 - 측면충돌,안전거리미확보,건조,맑음,교차로 - 교차로안,이륜,남,27세,기타불명,승용,남,51세,경상
2020041600100507,2020년 4월 16일 22시,목요일,대구광역시 남구 대명동,경상사고,0,0,1,0,차대차 - 추돌,안전운전불이행,건조,맑음,단일로 - 기타,승용,남,31세,상해없음,승용,남,39세,경상
2020041600100521,2020년 4월 16일 23시,목요일,대구광역시 수성구 중동,경상사고,0,0,1,0,차대차 - 기타,안전운전불이행,건조,맑음,교차로 - 교차로부근,승용,남,63세,상해없음,이륜,남,42세,경상
2020041700100032,2020년 4월 17일 03시,금요일,대구광역시 수성구 범물동,경상사고,0,0,1,0,차대사람 - 횡단중,안전운전불이행,건조,맑음,단일로 - 기타,승용,남,35세,상해없음,보행자,남,72세,경상
2020041700100064,2020년 4월 17일 07시,금요일,대구광역시 동구 신서동,부상신고사고,0,0,0,1,차대사람 - 보도통행중,안전운전불이행,건조,흐림,기타 - 기타,자전거,여,60세,상해없음,보행자,여,27세,부상신고
2020041700100095,2020년 4월 17일 08시,금요일,대구광역시 북구 칠성동1가,중상사고,0,1,0,0,차량단독 - 기타,기타,젖음/습기,비,단일로 - 기타,승합,남,53세,상해없음,,,,
2020041700100144,2020년 4월 17일 10시,금요일,대구광역시 수성구 황금동,경상사고,0,0,2,0,차대차 - 후진중충돌,안전운전불이행,젖음/습기,비,교차로 - 교차로안,승용,여,65세,상해없음,화물,남,31세,경상
2020041700100168,2020년 4월 17일 11시,금요일,대구광역시 달서구 장기동,경상사고,0,0,2,0,차대차 - 기타,안전운전불이행,젖음/습기,비,단일로 - 기타,승용,남,19세,상해없음,승용,여,36세,경상
2020041700100173,2020년 4월 17일 11시,금요일,대구광역시 동구 방촌동,경상사고,0,0,1,0,차대차 - 기타,신호위반,젖음/습기,비,교차로 - 교차로부근,승용,남,52세,상해없음,승용,여,43세,경상
2020041700100175,2020년 4월 17일 11시,금요일,대구광역시 달서구 도원동,중상사고,0,1,0,0,차대차 - 측면충돌,안전운전불이행,젖음/습기,비,단일로 - 기타,이륜,남,53세,상해없음,원동기,남,82세,중상
2020041700100176,2020년 4월 17일 11시,금요일,대구광역시 북구 고성동3가,중상사고,0,1,0,0,차대사람 - 횡단중,안전운전불이행,젖음/습기,비,교차로 - 교차로부근,승용,남,65세,상해없음,보행자,여,71세,중상
2020041700100194,2020년 4월 17일 12시,금요일,대구광역시 달서구 송현동,경상사고,0,0,1,0,차대차 - 측면충돌,교차로운행방법위반,젖음/습기,비,교차로 - 교차로안,화물,남,56세,상해없음,승용,여,29세,경상
2020041700100195,2020년 4월 17일 12시,금요일,대구광역시 북구 산격동,경상사고,0,0,2,0,차대차 - 정면충돌,안전거리미확보,젖음/습기,비,단일로 - 기타,화물,남,33세,경상,화물,남,29세,상해없음
2020041700100196,2020년 4월 17일 12시,금요일,대구광역시 북구 복현동,경상사고,0,0,1,0,차대차 - 측면충돌,안전운전불이행,건조,맑음,교차로 - 교차로안,승용,남,59세,상해없음,이륜,남,38세,경상
2020041700100232,2020년 4월 17일 13시,금요일,대구광역시 동구 용계동,경상사고,0,0,2,0,차대차 - 측면충돌,안전운전불이행,젖음/습기,비,교차로 - 교차로부근,승용,남,66세,상해없음,승용,남,65세,경상
2020041700100233,2020년 4월 17일 13시,금요일,대구광역시 달서구 상인동,중상사고,0,1,1,0,차대차 - 측면충돌,신호위반,건조,맑음,교차로 - 교차로부근,승용,남,69세,상해없음,승용,여,46세,경상
2020041700100260,2020년 4월 17일 14시,금요일,대구광역시 북구 구암동,경상사고,0,0,1,0,차대차 - 정면충돌,안전운전불이행,젖음/습기,비,기타 - 기타,원동기,남,55세,경상,승용,남,48세,상해없음
2020041700100292,2020년 4월 17일 15시,금요일,대구광역시 달성군 다사읍,경상사고,0,0,1,0,차대차 - 추돌,안전운전불이행,건조,맑음,단일로 - 기타,승용,남,48세,상해없음,승용,여,58세,경상
2020041700100293,2020년 4월 17일 15시,금요일,대구광역시 중구 동성로2가,부상신고사고,0,0,0,1,차대사람 - 기타,안전운전불이행,건조,맑음,단일로 - 기타,승용,남,19세,상해없음,보행자,남,59세,부상신고
2020041700100294,2020년 4월 17일 15시,금요일,대구광역시 중구 동산동,경상사고,0,0,2,0,차대차 - 측면충돌,차로위반,건조,맑음,단일로 - 기타,건설기계,남,48세,상해없음,승용,남,78세,경상
2020041700100329,2020년 4월 17일 16시,금요일,대구광역시 동구 효목동,경상사고,0,0,1,0,차대차 - 기타,교차로운행방법위반,건조,맑음,교차로 - 교차로안,이륜,남,21세,경상,승용,남,58세,상해없음
2020041700100362,2020년 4월 17일 17시,금요일,대구광역시 북구 동천동,경상사고,0,0,3,0,차대차 - 측면충돌,안전거리미확보,건조,맑음,교차로 - 교차로안,화물,남,47세,상해없음,승용,남,46세,경상
2020041700100431,2020년 4월 17일 19시,금요일,대구광역시 동구 지저동,중상사고,0,1,0,0,차대사람 - 차도통행중,안전운전불이행,젖음/습기,비,단일로 - 기타,승용,남,44세,상해없음,보행자,남,56세,중상
2020041700100432,2020년 4월 17일 19시,금요일,대구광역시 동구 방촌동,경상사고,0,0,1,0,차대차 - 기타,안전운전불이행,젖음/습기,비,교차로 - 교차로부근,승용,여,49세,상해없음,승용,남,52세,경상
2020041700100433,2020년 4월 17일 19시,금요일,대구광역시 중구 삼덕동1가,부상신고사고,0,0,0,1,차대차 - 기타,차로위반,젖음/습기,비,단일로 - 기타,기타불명,기타불명,미분류,기타불명,이륜,남,19세,부상신고
2020041700100434,2020년 4월 17일 19시,금요일,대구광역시 중구 삼덕동1가,경상사고,0,0,1,0,차대사람 - 횡단중,기타,젖음/습기,비,단일로 - 기타,승용,남,19세,상해없음,보행자,남,29세,경상
2020041700100489,2020년 4월 17일 21시,금요일,대구광역시 동구 불로동,경상사고,0,0,1,0,차대사람 - 횡단중,신호위반,젖음/습기,비,단일로 - 기타,이륜,남,24세,상해없음,보행자,남,40세,경상
2020041700100490,2020년 4월 17일 21시,금요일,대구광역시 동구 송정동,경상사고,0,0,2,0,차대차 - 추돌,안전운전불이행,건조,맑음,교차로 - 교차로부근,승용,남,50세,상해없음,승용,여,46세,경상
2020041700100491,2020년 4월 17일 21시,금요일,대구광역시 서구 중리동,경상사고,0,0,1,0,차대차 - 기타,안전거리미확보,건조,맑음,단일로 - 기타,승용,남,66세,상해없음,이륜,남,28세,경상
2020041700100515,2020년 4월 17일 22시,금요일,대구광역시 달서구 상인동,경상사고,0,0,1,0,차대사람 - 기타,안전운전불이행,건조,맑음,단일로 - 기타,승용,여,27세,상해없음,보행자,여,24세,경상
2020041700100516,2020년 4월 17일 22시,금요일,대구광역시 북구 동천동,경상사고,0,0,1,0,차대차 - 기타,교차로운행방법위반,젖음/습기,비,교차로 - 교차로안,승용,남,44세,상해없음,이륜,남,28세,경상
2020041700100546,2020년 4월 17일 23시,금요일,대구광역시 수성구 두산동,경상사고,0,0,1,0,차대차 - 측면충돌,안전운전불이행,젖음/습기,맑음,단일로 - 기타,승용,남,56세,기타불명,승용,남,55세,경상
2020041700100547,2020년 4월 17일 23시,금요일,대구광역시 북구 산격동,경상사고,0,0,2,0,차대차 - 기타,안전운전불이행,젖음/습기,흐림,교차로 - 교차로안,승용,남,43세,상해없음,승용,남,21세,경상
2020041700100548,2020년 4월 17일 23시,금요일,대구광역시 서구 평리동,경상사고,0,0,1,0,차대사람 - 기타,안전운전불이행,젖음/습기,비,단일로 - 기타,승용,남,52세,상해없음,보행자,남,64세,경상
2020041800100034,2020년 4월 18일 02시,토요일,대구광역시 달성군 유가읍,중상사고,0,1,0,0,차대차 - 기타,안전운전불이행,건조,기타,기타 - 기타,승용,남,26세,상해없음,승용,여,44세,중상
2020041800100035,2020년 4월 18일 02시,토요일,대구광역시 북구 노원동1가,경상사고,0,0,2,0,차대차 - 측면충돌,안전거리미확보,건조,맑음,기타 - 기타,승용,남,14세,상해없음,승용,남,26세,경상
2020041800100057,2020년 4월 18일 05시,토요일,대구광역시 달서구 상인동,경상사고,0,0,1,0,차대차 - 측면충돌,안전운전불이행,젖음/습기,비,교차로 - 교차로부근,승용,남,57세,상해없음,승용,여,60세,경상
2020041800100058,2020년 4월 18일 05시,토요일,대구광역시 북구 복현동,중상사고,0,1,0,0,차대사람 - 횡단중,안전운전불이행,젖음/습기,비,단일로 - 기타,화물,남,71세,상해없음,보행자,여,83세,중상
2020041800100071,2020년 4월 18일 06시,토요일,대구광역시 북구 태전동,경상사고,0,0,2,0,차대차 - 기타,교차로운행방법위반,젖음/습기,비,교차로 - 교차로안,화물,남,30세,경상,승용,남,60세,경상
2020041800100090,2020년 4월 18일 07시,토요일,대구광역시 동구 숙천동,경상사고,0,0,1,0,차대차 - 측면충돌,안전운전불이행,건조,맑음,기타 - 기타,승용,남,62세,상해없음,화물,남,69세,경상
2020041800100157,2020년 4월 18일 10시,토요일,대구광역시 수성구 만촌동,중상사고,0,1,0,0,차대차 - 기타,안전운전불이행,건조,맑음,교차로 - 교차로안,승용,남,44세,상해없음,자전거,남,38세,중상
2020041800100158,2020년 4월 18일 10시,토요일,대구광역시 달서구 감삼동,중상사고,0,2,2,0,차대차 - 기타,교차로운행방법위반,건조,맑음,교차로 - 교차로안,승용,남,26세,경상,승용,남,70세,중상
2020041800100184,2020년 4월 18일 11시,토요일,대구광역시 수성구 만촌동,경상사고,0,0,1,0,차대차 - 추돌,안전거리미확보,건조,맑음,단일로 - 기타,승용,남,66세,상해없음,승용,남,49세,경상
2020041800100185,2020년 4월 18일 11시,토요일,대구광역시 수성구 범물동,경상사고,0,0,1,0,차대차 - 측면충돌,신호위반,건조,맑음,교차로 - 교차로횡단보도내,승용,여,52세,상해없음,자전거,남,17세,경상
2020041800100186,2020년 4월 18일 11시,토요일,대구광역시 수성구 범어동,경상사고,0,0,1,0,차대차 - 측면충돌,안전거리미확보,건조,맑음,단일로 - 기타,승용,남,59세,상해없음,이륜,남,40세,경상
2020041800100187,2020년 4월 18일 11시,토요일,대구광역시 북구 서변동,중상사고,0,1,2,0,차대차 - 측면충돌,신호위반,건조,맑음,교차로 - 교차로안,승합,여,55세,경상,승합,남,54세,중상
2020041800100253,2020년 4월 18일 13시,토요일,대구광역시 달서구 장기동,경상사고,0,0,1,0,차대사람 - 기타,기타,건조,맑음,기타 - 기타,개인형이동수단(PM),여,28세,경상,보행자,남,13세,상해없음