사고번호,사고일시,요일,시군구,사고내용,사망자수,중상자수,경상자수,부상신고자수,사고유형,법규위반,노면상태,기상상태,도로형태,가해운전자 차종,가해운전자 성별,가해운전자 연령,가해운전자 상해정도,피해운전자 차종,피해운전자 성별,피해운전자 연령,피해운전자 상해정도
2020042200100385,2020년 4월 22일 17시,수요일,대구광역시 달서구 대천동,경상사고,0,0,1,0,차대차 - 측면충돌,교차로운행방법위반,건조,맑음,교차로 - 교차로안,승용,여,26세,상해없음,승용,남,30세,경상
2020042200100386,2020년 4월 22일 17시,수요일,대구광역시 달서구 진천동,중상사고,0,1,0,0,차대사람 - 횡단중,보행자보호의무위반,건조,맑음,단일로 - 기타,승용,여,54세,상해없음,보행자,여,80세,중상
2020042200100387,2020년 4월 22일 17시,수요일,대구광역시 북구 매천동,경상사고,0,0,1,0,차대차 - 측면충돌,안전운전불이행,건조,맑음,교차로 - 교차로부근,화물,남,48세,상해없음,승용,여,27세,경상
2020042200100419,2020년 4월 22일 18시,수요일,대구광역시 달서구 대천동,경상사고,0,0,1,0,차대차 - 측면충돌,교차로운행방법위반,건조,맑음,단일로 - 기타,승용,여,46세,상해없음,승용,남,26세,경상
2020042200100420,2020년 4월 22일 18시,수요일,대구광역시 북구 산격동,경상사고,0,0,1,0,차대차 - 측면충돌,안전거리미확보,건조,맑음,교차로 - 교차로부근,승용,남,43세,상해없음,승용,여,42세,경상
2020042200100421,2020년 4월 22일 18시,수요일,대구광역시 서구 원대동1가,경상사고,0,0,1,0,차대차 - 기타,안전운전불이행,건조,맑음,교차로 - 교차로안,이륜,남,44세,경상,승용,남,53세,상해없음
2020042200100446,2020년 4월 22일 19시,수요일,대구광역시 북구 국우동,경상사고,0,0,2,0,차대차 - 측면충돌,안전거리미확보,건조,맑음,단일로 - 기타,승용,여,27세,상해없음,승용,여,33세,경상
2020042200100467,2020년 4월 22일 20시,수요일,대구광역시 남구 대명동,경상사고,0,0,1,0,차대차 - 측면충돌,안전운전불이행,건조,맑음,교차로 - 교차로안,이륜,남,37세,상해없음,화물,남,44세,경상
2020042200100497,2020년 4월 22일 21시,수요일,대구광역시 달서구 두류동,경상사고,0,0,1,0,차대차 - 측면충돌,안전운전불이행,건조,맑음,교차로 - 교차로횡단보도내,화물,남,50세,상해없음,자전거,남,54세,경상
2020042200100498,2020년 4월 22일 21시,수요일,대구광역시 달서구 죽전동,경상사고,0,0,1,0,차대차 - 후진중충돌,안전운전불이행,건조,맑음,기타 - 기타,승용,남,74세,상해없음,이륜,남,39세,경상
2020042200100517,2020년 4월 22일 22시,수요일,대구광역시 중구 포정동,부상신고사고,0,0,0,1,차대차 - 측면충돌,신호위반,건조,맑음,교차로 - 교차로안,이륜,남,69세,부상신고,승합,남,59세,상해없음
2020042200100518,2020년 4월 22일 22시,수요일,대구광역시 달서구 월암동,경상사고,0,0,5,1,차대차 - 추돌,안전운전불이행,건조,맑음,교차로 - 교차로부근,승용,남,28세,상해없음,승용,남,61세,경상
2020042300100007,2020년 4월 23일 00시,목요일,대구광역시 달서구 본동,부상신고사고,0,0,0,1,차대사람 - 기타,안전운전불이행,건조,맑음,단일로 - 기타,기타불명,기타불명,미분류,기타불명,보행자,남,58세,부상신고
2020042300100008,2020년 4월 23일 00시,목요일,대구광역시 서구 내당동,경상사고,0,0,1,0,차대차 - 추돌,안전운전불이행,건조,맑음,교차로 - 교차로부근,승용,남,25세,상해없음,승용,여,41세,경상
2020042300100042,2020년 4월 23일 04시,목요일,대구광역시 달서구 신당동,경상사고,0,0,1,0,차대차 - 측면충돌,신호위반,건조,맑음,교차로 - 교차로안,승용,남,75세,상해없음,화물,남,50세,경상
2020042300100086,2020년 4월 23일 07시,목요일,대구광역시 달성군 구지면,중상사고,0,1,0,0,차대차 - 기타,교차로운행방법위반,건조,맑음,교차로 - 교차로안,승용,남,35세,상해없음,승용,남,37세,중상
2020042300100110,2020년 4월 23일 08시,목요일,대구광역시 동구 신평동,중상사고,0,1,2,0,차대차 - 측면충돌,교차로운행방법위반,건조,맑음,교차로 - 교차로안,승용,남,30세,중상,승용,남,63세,경상
2020042300100111,2020년 4월 23일 08시,목요일,대구광역시 동구 신천동,중상사고,0,1,0,0,차대차 - 측면충돌,안전운전불이행,건조,맑음,단일로 - 기타,승용,여,31세,상해없음,승용,남,64세,상해없음
2020042300100112,2020년 4월 23일 08시,목요일,대구광역시 수성구 중동,경상사고,0,0,1,0,차대차 - 측면충돌,안전운전불이행,건조,맑음,단일로 - 기타,승용,남,30세,상해없음,자전거,남,46세,경상
2020042300100113,2020년 4월 23일 08시,목요일,대구광역시 달서구 용산동,경상사고,0,0,1,0,차대차 - 측면충돌,안전운전불이행,건조,맑음,단일로 - 기타,승용,여,53세,상해없음,화물,남,36세,경상
2020042300100166,2020년 4월 23일 10시,목요일,대구광역시 남구 대명동,중상사고,0,1,0,0,차대차 - 추돌,중앙선침범,건조,맑음,단일로 - 기타,승용,남,67세,상해없음,승용,남,45세,중상
2020042300100167,2020년 4월 23일 10시,목요일,대구광역시 남구 대명동,부상신고사고,0,0,0,1,차대사람 - 기타,안전운전불이행,건조,맑음,단일로 - 기타,자전거,여,64세,상해없음,보행자,여,77세,부상신고
2020042300100168,2020년 4월 23일 10시,목요일,대구광역시 달서구 진천동,경상사고,0,0,1,1,차대차 - 정면충돌,직진우회전진행방해,건조,맑음,교차로 - 교차로안,승용,남,24세,부상신고,이륜,남,55세,경상
2020042300100169,2020년 4월 23일 10시,목요일,대구광역시 북구 노원동3가,경상사고,0,0,1,0,차대사람 - 기타,안전운전불이행,건조,맑음,단일로 - 기타,화물,남,34세,상해없음,보행자,여,72세,경상
2020042300100216,2020년 4월 23일 12시,목요일,대구광역시 서구 평리동,경상사고,0,0,1,0,차대차 - 추돌,안전운전불이행,건조,맑음,단일로 - 기타,승용,여,41세,상해없음,승용,남,62세,경상
2020042300100217,2020년 4월 23일 12시,목요일,대구광역시 서구 비산동,경상사고,0,0,1,0,차대차 - 측면충돌,안전운전불이행,건조,맑음,교차로 - 교차로안,승용,남,54세,상해없음,이륜,남,73세,경상
2020042300100264,2020년 4월 23일 14시,목요일,대구광역시 달성군 화원읍,경상사고,0,0,1,0,차대차 - 측면충돌,안전운전불이행,건조,맑음,기타 - 기타,승용,여,70세,상해없음,이륜,남,17세,경상
2020042300100265,2020년 4월 23일 14시,목요일,대구광역시 서구 평리동,경상사고,0,0,1,0,차대차 - 후진중충돌,안전운전불이행,건조,맑음,단일로 - 기타,승용,남,63세,상해없음,승용,남,56세,경상
2020042300100295,2020년 4월 23일 15시,목요일,대구광역시 동구 지저동,부상신고사고,0,0,0,1,차량단독 - 기타,안전운전불이행,건조,맑음,단일로 - 기타,승합,남,60세,상해없음,,,,
2020042300100296,2020년 4월 23일 15시,목요일,대구광역시 수성구 삼덕동,부상신고사고,0,0,0,1,차량단독 - 기타,안전운전불이행,건조,맑음,단일로 - 기타,승용,여,50세,부상신고,,,,
2020042300100297,2020년 4월 23일 15시,목요일,대구광역시 북구 산격동,경상사고,0,0,1,0,차대차 - 추돌,안전운전불이행,건조,맑음,단일로 - 기타,승용,여,64세,상해없음,승용,남,54세,경상
2020042300100332,2020년 4월 23일 16시,목요일,대구광역시 서구 평리동,경상사고,0,0,1,0,차대사람 - 차도통행중,안전운전불이행,건조,맑음,단일로 - 기타,승용,여,31세,상해없음,보행자,남,53세,경상
2020042300100333,2020년 4월 23일 16시,목요일,대구광역시 달서구 감삼동,중상사고,0,1,1,0,차대차 - 측면충돌,안전거리미확보,건조,맑음,단일로 - 기타,승용,여,27세,경상,승용,남,38세,중상
2020042300100379,2020년 4월 23일 17시,목요일,대구광역시 동구 불로동,경상사고,0,0,1,0,차대차 - 측면충돌,안전거리미확보,건조,맑음,단일로 - 기타,승용,남,64세,상해없음,이륜,남,18세,경상
2020042300100380,2020년 4월 23일 17시,목요일,대구광역시 동구 율하동,경상사고,0,0,1,0,차대차 - 측면충돌,안전운전불이행,건조,맑음,교차로 - 교차로안,이륜,남,37세,경상,화물,남,55세,상해없음
2020042300100381,2020년 4월 23일 17시,목요일,대구광역시 수성구 신매동,경상사고,0,0,2,0,차대차 - 측면충돌,교차로운행방법위반,건조,맑음,교차로 - 교차로부근,승용,여,33세,상해없음,승용,남,24세,경상
2020042300100382,2020년 4월 23일 17시,목요일,대구광역시 달서구 상인동,부상신고사고,0,0,0,1,차대차 - 측면충돌,안전운전불이행,건조,맑음,단일로 - 기타,기타불명,기타불명,미분류,기타불명,자전거,남,33세,부상신고
2020042300100426,2020년 4월 23일 18시,목요일,대구광역시 남구 대명동,중상사고,0,1,0,0,차대차 - 측면충돌,신호위반,건조,맑음,교차로 - 교차로안,승용,남,65세,상해없음,이륜,남,62세,중상
2020042300100427,2020년 4월 23일 18시,목요일,대구광역시 달서구 신당동,경상사고,0,0,2,0,차대차 - 측면충돌,신호위반,건조,맑음,교차로 - 교차로부근,이륜,남,38세,경상,승용,여,38세,경상
2020042300100462,2020년 4월 23일 19시,목요일,대구광역시 남구 대명동,경상사고,0,0,1,0,차대차 - 기타,기타,건조,맑음,교차로 - 교차로부근,이륜,남,35세,경상,기타불명,기타불명,미분류,기타불명
2020042300100463,2020년 4월 23일 19시,목요일,대구광역시 수성구 만촌동,경상사고,0,0,2,0,차대차 - 측면충돌,안전거리미확보,건조,맑음,단일로 - 기타,이륜,남,16세,경상,승용,남,53세,상해없음
2020042300100464,2020년 4월 23일 19시,목요일,대구광역시 동구 효목동,경상사고,0,0,2,0,차대차 - 기타,안전운전불이행,건조,맑음,단일로 - 기타,승용,남,56세,경상,승용,여,27세,경상
2020042300100465,2020년 4월 23일 19시,목요일,대구광역시 달서구 송현동,중상사고,0,1,0,0,차대차 - 측면충돌,안전운전불이행,건조,맑음,기타 - 기타,자전거,남,70세,중상,승용,남,49세,상해없음
2020042300100466,2020년 4월 23일 19시,목요일,대구광역시 서구 내당동,경상사고,0,0,1,1,차대차 - 측면충돌,안전운전불이행,건조,맑음,단일로 - 기타,승용,남,64세,상해없음,이륜,남,17세,부상신고
2020042300100467,2020년 4월 23일 19시,목요일,대구광역시 서구 비산동,경상사고,0,0,4,0,차대차 - 측면충돌,안전거리미확보,건조,맑음,단일로 - 기타,승용,남,43세,상해없음,승용,남,21세,경상
2020042300100488,2020년 4월 23일 20시,목요일,대구광역시 수성구 범어동,경상사고,0,0,1,0,차대차 - 측면충돌,안전운전불이행,건조,맑음,교차로 - 교차로부근,이륜,남,15세,상해없음,승용,여,45세,경상
2020042300100489,2020년 4월 23일 20시,목요일,대구광역시 달서구 송현동,경상사고,0,0,1,0,차대차 - 기타,안전거리미확보,건조,맑음,단일로 - 기타,승용,남,63세,상해없음,원동기,남,43세,경상
2020042300100490,2020년 4월 23일 20시,목요일,대구광역시 북구 구암동,경상사고,0,0,1,0,차대차 - 추돌,안전운전불이행,건조,맑음,단일로 - 기타,승용,남,57세,상해없음,승용,남,43세,경상
2020042300100544,2020년 4월 23일 23시,목요일,대구광역시 남구 대명동,중상사고,0,1,0,0,차대차 - 측면충돌,직진우회전진행방해,건조,맑음,교차로 - 교차로안,승용,남,53세,상해없음,이륜,남,37세,중상
2020042300100545,2020년 4월 23일 23시,목요일,대구광역시 동구 효목동,경상사고,0,0,2,0,차대차 - 측면충돌,신호위반,건조,맑음,교차로 - 교차로안,승용,여,28세,상해없음,승용,남,59세,경상
2020042400100014,2020년 4월 24일 00시,금요일,대구광역시 중구 남산동,경상사고,0,0,2,0,차대차 - 추돌,안전운전불이행,건조,맑음,교차로 - 교차로안,승용,남,52세,상해없음,승용,남,23세,경상
2020042400100040,2020년 4월 24일 02시,금요일,대구광역시 중구 삼덕동1가,부상신고사고,0,0,0,1,차대차 - 측면충돌,안전거리미확보,건조,맑음,단일로 - 기타,이륜,남,30세,부상신고,승용,남,57세,상해없음
2020042400100054,2020년 4월 24일 05시,금요일,대구광역시 남구 대명동,경상사고,0,0,1,0,차대차 - 측면충돌,안전운전불이행,건조,맑음,단일로 - 지하차도(도로)내,승용,남,77세,상해없음,화물,남,48세,경상
2020042400100087,2020년 4월 24일 07시,금요일,대구광역시 남구 대명동,경상사고,0,0,1,0,차량단독 - 기타,안전거리미확보,건조,맑음,단일로 - 기타,승용,남,69세,상해없음,,,,
2020042400100177,2020년 4월 24일 10시,금요일,대구광역시 남구 봉덕동,경상사고,0,0,1,0,차대차 - 측면충돌,차로위반,건조,맑음,단일로 - 기타,승용,남,54세,상해없음,승용,남,28세,경상
2020042400100178,2020년 4월 24일 10시,금요일,대구광역시 달서구 죽전동,경상사고,0,0,1,0,차대사람 - 횡단중,보행자보호의무위반,건조,맑음,교차로 - 교차로횡단보도내,기타불명,기타불명,미분류,기타불명,보행자,여,51세,경상
2020042400100221,2020년 4월 24일 11시,금요일,대구광역시 동구 신천동,경상사고,0,0,1,0,차대차 - 기타,교차로운행방법위반,건조,맑음,교차로 - 교차로안,승용,여,58세,상해없음,승용,여,27세,경상
2020042400100222,2020년 4월 24일 11시,금요일,대구광역시 동구 효목동,경상사고,0,0,1,0,차대차 - 측면충돌,안전운전불이행,건조,맑음,단일로 - 기타,승용,여,52세,기타불명,이륜,여,49세,경상
2020042400100223,2020년 4월 24일 11시,금요일,대구광역시 수성구 지산동,중상사고,0,1,0,0,차대차 - 측면충돌,직진우회전진행방해,건조,맑음,교차로 - 교차로안,승용,여,59세,상해없음,이륜,남,31세,중상
2020042400100224,2020년 4월 24일 11시,금요일,대구광역시 달서구 본동,경상사고,0,0,1,0,차대차 - 추돌,안전거리미확보,건조,맑음,교차로 - 교차로부근,승용,여,60세,상해없음,이륜,남,30세,경상
2020042400100225,2020년 4월 24일 11시,금요일,대구광역시 북구 노원동3가,부상신고사고,0,0,0,1,차대차 - 측면충돌,신호위반,건조,맑음,교차로 - 교차로안,이륜,남,65세,부상신고,승용,남,59세,상해없음
2020042400100250,2020년 4월 24일 12시,금요일,대구광역시 수성구 만촌동,경상사고,0,0,1,0,차대사람 - 횡단중,안전운전불이행,건조,맑음,교차로 - 교차로부근,승용,여,73세,상해없음,보행자,남,23세,경상
2020042400100251,2020년 4월 24일 12시,금요일,대구광역시 중구 동인동2가,경상사고,0,0,2,0,차대차 - 측면충돌,차로위반,건조,맑음,단일로 - 기타,승용,남,69세,기타불명,승용,남,77세,경상
2020042400100252,2020년 4월 24일 12시,금요일,대구광역시 북구 읍내동,경상사고,0,0,1,0,차대차 - 기타,차로위반,건조,맑음,단일로 - 교량,화물,남,32세,상해없음,승용,남,56세,경상
2020042400100319,2020년 4월 24일 14시,금요일,대구광역시 수성구 만촌동,부상신고사고,0,0,0,1,차대차 - 측면충돌,안전운전불이행,건조,맑음,단일로 - 기타,기타불명,남,30세,부상신고,승용,남,51세,상해없음
2020042400100320,2020년 4월 24일 14시,금요일,대구광역시 달서구 상인동,경상사고,0,0,1,0,차대차 - 추돌,안전거리미확보,건조,맑음,단일로 - 기타,승용,남,49세,상해없음,승용,남,36세,경상
2020042400100364,2020년 4월 24일 15시,금요일,대구광역시 달서구 월성동,중상사고,0,1,0,0,차대차 - 측면충돌,안전운전불이행,건조,맑음,단일로 - 기타,이륜,남,34세,중상,화물,남,64세,상해없음
2020042400100365,2020년 4월 24일 15시,금요일,대구광역시 북구 노원동1가,부상신고사고,0,0,0,1,차대차 - 측면충돌,교차로운행방법위반,건조,맑음,교차로 - 교차로안,원동기,남,51세,부상신고,승용,남,48세,상해없음
2020042400100366,2020년 4월 24일 15시,금요일,대구광역시 중구 대봉동,경상사고,0,0,2,0,차대차 - 측면충돌,안전거리미확보,건조,맑음,단일로 - 기타,승용,여,64세,상해없음,승용,남,36세,경상
2020042400100405,2020년 4월 24일 16시,금요일,대구광역시 남구 봉덕동,경상사고,0,0,4,0,차대차 - 측면충돌,신호위반,건조,맑음,교차로 - 교차로안,승용,남,63세,상해없음,승용,남,43세,경상
2020042400100406,2020년 4월 24일 16시,금요일,대구광역시 수성구 수성동1가,경상사고,0,0,1,0,차대차 - 측면충돌,안전운전불이행,건조,맑음,단일로 - 기타,승용,남,44세,기타불명,승용,여,44세,경상
2020042400100407,2020년 4월 24일 16시,금요일,대구광역시 달성군 논공읍,경상사고,0,0,1,0,차대차 - 측면충돌,안전운전불이행,건조,맑음,교차로 - 교차로부근,승용,남,62세,기타불명,화물,남,63세,경상
2020042400100449,2020년 4월 24일 17시,금요일,대구광역시 동구 불로동,경상사고,0,0,4,0,차대차 - 기타,안전운전불이행,건조,맑음,단일로 - 기타,승용,여,49세,경상,승용,남,73세,경상
2020042400100450,2020년 4월 24일 17시,금요일,대구광역시 중구 태평로3가,중상사고,0,1,0,0,차대차 - 기타,안전운전불이행,건조,맑음,교차로 - 교차로안,화물,남,55세,상해없음,이륜,남,23세,중상
2020042400100451,2020년 4월 24일 17시,금요일,대구광역시 중구 남산동,경상사고,0,0,1,0,차대차 - 측면충돌,안전운전불이행,건조,맑음,단일로 - 기타,이륜,남,34세,상해없음,승용,남,21세,경상
2020042400100452,2020년 4월 24일 17시,금요일,대구광역시 달서구 성당동,부상신고사고,0,0,0,1,차대사람 - 기타,안전운전불이행,건조,맑음,단일로 - 기타,화물,남,61세,상해없음,보행자,남,66세,부상신고
2020042400100453,2020년 4월 24일 17시,금요일,대구광역시 달서구 갈산동,중상사고,0,1,0,0,차대차 - 측면충돌,안전운전불이행,건조,맑음,단일로 - 기타,화물,남,39세,상해없음,자전거,남,52세,중상
2020042400100454,2020년 4월 24일 17시,금요일,대구광역시 북구 태전동,부상신고사고,0,0,0,1,차대차 - 기타,안전운전불이행,건조,맑음,기타 - 기타,이륜,남,17세,부상신고,승용,남,54세,기타불명
2020042400100503,2020년 4월 24일 18시,금요일,대구광역시 수성구 가천동,부상신고사고,0,0,0,1,차대차 - 추돌,안전운전불이행,건조,맑음,단일로 - 기타,승용,남,55세,부상신고,승용,남,59세,기타불명
2020042400100505,2020년 4월 24일 18시,금요일,대구광역시 서구 평리동,경상사고,0,0,1,0,차대차 - 측면충돌,안전거리미확보,건조,맑음,단일로 - 기타,승용,남,58세,상해없음,승합,남,47세,경상
2020042400100567,2020년 4월 24일 20시,금요일,대구광역시 달서구 대곡동,경상사고,0,0,1,0,차대차 - 측면충돌,안전거리미확보,건조,맑음,단일로 - 기타,승용,남,73세,상해없음,승용,여,36세,경상
2020042400100602,2020년 4월 24일 21시,금요일,대구광역시 달서구 송현동,경상사고,0,0,1,0,차대차 - 정면충돌,중앙선침범,건조,맑음,단일로 - 기타,이륜,남,18세,상해없음,이륜,남,36세,경상
2020042400100603,2020년 4월 24일 21시,금요일,대구광역시 달서구 감삼동,중상사고,0,1,0,0,차대차 - 추돌,안전거리미확보,건조,맑음,교차로 - 교차로안,승용,남,52세,상해없음,화물,남,41세,중상
2020042400100647,2020년 4월 24일 23시,금요일,대구광역시 달서구 상인동,경상사고,0,0,1,0,차대차 - 측면충돌,안전운전불이행,건조,맑음,단일로 - 기타,승용,남,25세,상해없음,승용,남,24세,경상
2020042400100648,2020년 4월 24일 23시,금요일,대구광역시 서구 평리동,경상사고,0,0,1,0,차대사람 - 기타,안전운전불이행,건조,맑음,교차로 - 교차로안,화물,남,53세,상해없음,보행자,남,33세,경상
2020042500100010,2020년 4월 25일 00시,토요일,대구광역시 동구 효목동,경상사고,0,0,5,0,차대차 - 기타,안전운전불이행,건조,맑음,교차로 - 교차로안,승용,남,19세,경상,승용,남,53세,경상
2020042500100011,2020년 4월 25일 00시,토요일,대구광역시 달서구 대곡동,중상사고,0,1,1,0,차대차 - 측면충돌,신호위반,건조,맑음,교차로 - 교차로안,승용,남,23세,상해없음,승용,남,53세,중상
2020042500100029,2020년 4월 25일 01시,토요일,대구광역시 서구 내당동,경상사고,0,0,1,0,차대차 - 측면충돌,안전거리미확보,건조,맑음,단일로 - 기타,승용,남,24세,상해없음,승용,남,25세,상해없음
2020042500100060,2020년 4월 25일 04시,토요일,대구광역시 수성구 황금동,경상사고,0,0,1,0,차대차 - 측면충돌,안전거리미확보,건조,맑음,단일로 - 기타,승용,남,48세,상해없음,승합,남,47세,경상
2020042500100117,2020년 4월 25일 08시,토요일,대구광역시 북구 침산동,경상사고,0,0,1,1,차대차 - 측면충돌,안전운전불이행,건조,맑음,교차로 - 교차로안,화물,남,71세,부상신고,승용,남,37세,경상
2020042500100118,2020년 4월 25일 08시,토요일,대구광역시 중구 대신동,중상사고,0,1,0,0,차대사람 - 기타,안전운전불이행,건조,맑음,교차로 - 교차로안,승용,여,49세,상해없음,보행자,여,80세,중상
2020042500100199,2020년 4월 25일 11시,토요일,대구광역시 동구 율하동,경상사고,0,0,1,0,차대사람 - 기타,안전운전불이행,건조,기타,단일로 - 기타,원동기,남,15세,상해없음,보행자,남,74세,경상
2020042500100200,2020년 4월 25일 11시,토요일,대구광역시 달서구 진천동,중상사고,0,1,0,0,차대차 - 측면충돌,안전운전불이행,건조,맑음,단일로 - 기타,승용,여,62세,상해없음,자전거,남,78세,중상
2020042500100201,2020년 4월 25일 11시,토요일,대구광역시 서구 비산동,중상사고,0,2,0,0,차대차 - 측면충돌,안전운전불이행,건조,맑음,단일로 - 기타,이륜,남,83세,중상,이륜,남,24세,중상
2020042500100240,2020년 4월 25일 12시,토요일,대구광역시 달서구 장기동,경상사고,0,0,1,0,차대차 - 측면충돌,안전운전불이행,건조,맑음,단일로 - 기타,승용,남,41세,상해없음,승용,여,45세,경상
2020042500100306,2020년 4월 25일 14시,토요일,대구광역시 서구 중리동,부상신고사고,0,0,0,3,차대차 - 추돌,안전운전불이행,건조,맑음,교차로 - 교차로부근,승용,남,65세,상해없음,승용,남,64세,부상신고
2020042500100307,2020년 4월 25일 14시,토요일,대구광역시 중구 계산동2가,경상사고,0,0,1,0,차대차 - 측면충돌,안전거리미확보,건조,맑음,단일로 - 기타,승용,여,51세,상해없음,승용,남,66세,경상
2020042500100308,2020년 4월 25일 14시,토요일,대구광역시 북구 읍내동,경상사고,0,0,1,0,차대차 - 측면충돌,안전운전불이행,건조,맑음,교차로 - 교차로안,원동기,남,51세,경상,승용,남,57세,상해없음
2020042500100338,2020년 4월 25일 15시,토요일,대구광역시 달서구 두류동,사망사고,1,0,1,0,차대차 - 기타,불법유턴,건조,맑음,교차로 - 교차로횡단보도내,이륜,남,79세,사망,승용,남,71세,경상
2020042500100339,2020년 4월 25일 15시,토요일,대구광역시 달서구 죽전동,경상사고,0,0,1,0,차대사람 - 횡단중,보행자보호의무위반,건조,맑음,기타 - 기타,화물,남,54세,상해없음,보행자,여,26세,경상
2020042500100372,2020년 4월 25일 16시,토요일,대구광역시 북구 산격동,경상사고,0,0,1,0,차대사람 - 기타,안전운전불이행,건조,맑음,단일로 - 기타,승용,남,37세,상해없음,보행자,여,55세,경상
2020042500100413,2020년 4월 25일 17시,토요일,대구광역시 달서구 상인동,경상사고,0,0,1,0,차대차 - 정면충돌,교차로운행방법위반,건조,맑음,교차로 - 교차로부근,승용,남,36세,상해없음,이륜,남,26세,경상
2020042500100448,2020년 4월 25일 18시,토요일,대구광역시 동구 각산동,부상신고사고,0,0,0,1,차대차 - 측면충돌,기타,건조,맑음,교차로 - 교차로안,이륜,남,37세,부상신고,승용,남,56세,상해없음
2020042500100449,2020년 4월 25일 18시,토요일,대구광역시 달서구 이곡동,경상사고,0,0,1,0,차대차 - 기타,안전운전불이행,건조,맑음,기타 - 기타,화물,남,28세,상해없음,승용,여,47세,경상
2020042500100477,2020년 4월 25일 19시,토요일,대구광역시 북구 복현동,경상사고,0,0,1,0,차대차 - 추돌,안전운전불이행,건조,맑음,단일로 - 기타,승용,남,54세,상해없음,이륜,남,18세,경상
2020042500100478,2020년 4월 25일 19시,토요일,대구광역시 달서구 용산동,경상사고,0,0,2,0,차대차 - 측면충돌,안전운전불이행,건조,맑음,단일로 - 기타,승용,여,59세,상해없음,이륜,남,17세,경상
2020042500100479,2020년 4월 25일 19시,토요일,대구광역시 달서구 용산동,경상사고,0,0,1,0,차대차 - 측면충돌,안전거리미확보,건조,맑음,단일로 - 기타,승용,남,64세,상해없음,이륜,남,39세,경상
2020042500100513,2020년 4월 25일 20시,토요일,대구광역시 수성구 만촌동,경상사고,0,0,6,0,차대차 - 측면충돌,안전운전불이행,건조,맑음,단일로 - 기타,승용,남,55세,경상,승용,남,19세,경상
2020042500100514,2020년 4월 25일 20시,토요일,대구광역시 달성군 다사읍,경상사고,0,0,1,0,차대사람 - 횡단중,안전운전불이행,건조,맑음,교차로 - 교차로횡단보도내,승용,여,57세,상해없음,보행자,여,43세,경상
2020042500100542,2020년 4월 25일 21시,토요일,대구광역시 서구 평리동,중상사고,0,1,0,0,차대차 - 기타,안전운전불이행,건조,맑음,단일로 - 기타,승용,여,61세,상해없음,승용,여,57세,상해없음
2020042500100570,2020년 4월 25일 22시,토요일,대구광역시 수성구 상동,경상사고,0,0,2,0,차대차 - 후진중충돌,안전운전불이행,건조,맑음,단일로 - 기타,승용,남,19세,상해없음,승용,남,52세,경상
2020042600100011,2020년 4월 26일 00시,일요일,대구광역시 북구 태전동,경상사고,0,0,3,0,차대차 - 측면충돌,안전거리미확보,건조,맑음,단일로 - 교량,승용,남,64세,경상,승용,남,60세,상해없음
2020042600100027,2020년 4월 26일 01시,일요일,대구광역시 달성군 구지면,경상사고,0,0,1,0,차대사람 - 횡단중,안전운전불이행,건조,맑음,교차로 - 교차로횡단보도내,승용,남,25세,기타불명,보행자,여,30세,경상
2020042600100044,2020년 4월 26일 02시,일요일,대구광역시 달서구 용산동,경상사고,0,0,2,0,차대차 - 추돌,안전운전불이행,건조,맑음,교차로 - 교차로부근,화물,남,68세,상해없음,화물,남,29세,경상
2020042600100068,2020년 4월 26일 05시,일요일,대구광역시 중구 삼덕동1가,경상사고,0,0,1,0,차대차 - 추돌,안전거리미확보,건조,맑음,단일로 - 기타,승용,남,21세,상해없음,승용,남,46세,경상
2020042600100081,2020년 4월 26일 07시,일요일,대구광역시 달서구 대곡동,경상사고,0,0,1,0,차대차 - 기타,안전운전불이행,건조,맑음,단일로 - 기타,승용,여,42세,상해없음,자전거,남,37세,경상
2020042600100082,2020년 4월 26일 07시,일요일,대구광역시 북구 노원동3가,경상사고,0,0,1,0,차대차 - 추돌,안전운전불이행,건조,맑음,단일로 - 기타,승용,남,40세,상해없음,화물,남,28세,경상
2020042600100097,2020년 4월 26일 08시,일요일,대구광역시 서구 내당동,경상사고,0,0,1,0,차대차 - 추돌,안전운전불이행,건조,맑음,단일로 - 기타,승용,남,57세,상해없음,화물,남,51세,경상
2020042600100111,2020년 4월 26일 09시,일요일,대구광역시 서구 중리동,경상사고,0,0,1,1,차대차 - 측면충돌,안전거리미확보,건조,맑음,교차로 - 교차로부근,승용,남,51세,부상신고,승용,남,23세,경상
2020042600100112,2020년 4월 26일 09시,일요일,대구광역시 달서구 장기동,경상사고,0,0,2,0,차대차 - 측면충돌,안전거리미확보,건조,맑음,단일로 - 기타,승합,남,59세,상해없음,이륜,남,20세,경상
2020042600100137,2020년 4월 26일 10시,일요일,대구광역시 달성군 다사읍,경상사고,0,0,2,0,차대차 - 추돌,안전운전불이행,건조,맑음,기타 - 기타,승용,여,56세,기타불명,승용,남,63세,경상
2020042600100138,2020년 4월 26일 10시,일요일,대구광역시 북구 읍내동,경상사고,0,0,3,0,차대차 - 측면충돌,안전운전불이행,건조,맑음,단일로 - 기타,승용,여,51세,상해없음,승용,남,56세,경상
2020042600100161,2020년 4월 26일 11시,일요일,대구광역시 서구 평리동,경상사고,0,0,1,0,차대차 - 기타,신호위반,건조,맑음,단일로 - 기타,이륜,남,43세,경상,승용,남,60세,상해없음