사고번호,사고일시,요일,시군구,사고내용,사망자수,중상자수,경상자수,부상신고자수,사고유형,법규위반,노면상태,기상상태,도로형태,가해운전자 차종,가해운전자 성별,가해운전자 연령,가해운전자 상해정도,피해운전자 차종,피해운전자 성별,피해운전자 연령,피해운전자 상해정도
2020050600100626,2020년 5월 6일 21시,수요일,대구광역시 수성구 두산동,경상사고,0,0,1,0,차량단독 - 기타,안전운전불이행,건조,맑음,단일로 - 기타,이륜,남,27세,경상,,,,
2020050600100627,2020년 5월 6일 21시,수요일,대구광역시 달성군 논공읍,경상사고,0,0,1,0,차대차 - 기타,안전운전불이행,건조,맑음,교차로 - 교차로안,화물,남,39세,상해없음,승용,여,30세,경상
2020050600100628,2020년 5월 6일 21시,수요일,대구광역시 북구 서변동,경상사고,0,0,1,0,차대차 - 측면충돌,신호위반,건조,맑음,교차로 - 교차로안,화물,남,58세,상해없음,승용,여,61세,경상
2020050600100653,2020년 5월 6일 22시,수요일,대구광역시 서구 비산동,중상사고,0,1,1,1,차대차 - 추돌,안전운전불이행,건조,맑음,단일로 - 기타,승용,남,46세,부상신고,승용,남,60세,중상
2020050600100659,2020년 5월 6일 23시,수요일,대구광역시 남구 이천동,경상사고,0,0,2,0,차대차 - 측면충돌,안전운전불이행,건조,맑음,교차로 - 교차로횡단보도내,승용,남,50세,경상,승용,남,60세,경상
2020050700100136,2020년 5월 7일 08시,목요일,대구광역시 달서구 도원동,경상사고,0,0,1,0,차대차 - 측면충돌,안전거리미확보,건조,맑음,단일로 - 기타,승용,남,62세,상해없음,승용,남,27세,경상
2020050700100137,2020년 5월 7일 08시,목요일,대구광역시 북구 서변동,경상사고,0,0,1,0,차대사람 - 기타,불법유턴,건조,맑음,교차로 - 교차로부근,승용,남,40세,상해없음,보행자,남,53세,경상
2020050700100172,2020년 5월 7일 09시,목요일,대구광역시 달서구 대곡동,경상사고,0,0,1,0,차대차 - 추돌,안전운전불이행,건조,맑음,단일로 - 기타,화물,남,63세,상해없음,승용,여,61세,경상
2020050700100213,2020년 5월 7일 10시,목요일,대구광역시 남구 대명동,부상신고사고,0,0,0,1,차대차 - 측면충돌,안전운전불이행,건조,맑음,단일로 - 기타,승용,여,45세,상해없음,승용,여,74세,부상신고
2020050700100214,2020년 5월 7일 10시,목요일,대구광역시 달서구 월성동,부상신고사고,0,0,0,1,차대차 - 측면충돌,신호위반,건조,맑음,단일로 - 기타,원동기,남,38세,부상신고,승용,여,44세,상해없음
2020050700100215,2020년 5월 7일 10시,목요일,대구광역시 북구 복현동,경상사고,0,0,1,0,차대차 - 측면충돌,신호위반,건조,맑음,교차로 - 교차로안,화물,남,71세,기타불명,승용,남,24세,경상
2020050700100255,2020년 5월 7일 11시,목요일,대구광역시 남구 대명동,부상신고사고,0,0,0,1,차대사람 - 기타,안전운전불이행,건조,맑음,단일로 - 기타,승용,여,30세,상해없음,보행자,남,48세,부상신고
2020050700100256,2020년 5월 7일 11시,목요일,대구광역시 달서구 진천동,중상사고,0,1,0,0,차대차 - 측면충돌,교차로운행방법위반,건조,맑음,교차로 - 교차로안,승용,남,36세,상해없음,자전거,남,85세,중상
2020050700100257,2020년 5월 7일 11시,목요일,대구광역시 중구 삼덕동1가,중상사고,0,1,0,0,차대차 - 측면충돌,중앙선침범,건조,맑음,단일로 - 기타,이륜,남,71세,중상,승용,남,30세,상해없음
2020050700100258,2020년 5월 7일 11시,목요일,대구광역시 달서구 이곡동,경상사고,0,0,1,0,차대차 - 추돌,안전운전불이행,건조,맑음,교차로 - 교차로부근,승용,남,50세,상해없음,승용,남,60세,경상
2020050700100259,2020년 5월 7일 11시,목요일,대구광역시 달서구 용산동,경상사고,0,0,1,0,차대차 - 측면충돌,안전운전불이행,건조,맑음,단일로 - 기타,승용,여,49세,상해없음,승용,여,40세,경상
2020050700100293,2020년 5월 7일 12시,목요일,대구광역시 서구 상리동,경상사고,0,0,1,0,차대차 - 측면충돌,안전운전불이행,건조,맑음,단일로 - 기타,화물,남,63세,상해없음,승용,남,34세,경상
2020050700100327,2020년 5월 7일 13시,목요일,대구광역시 수성구 연호동,중상사고,0,1,0,0,차대차 - 측면충돌,신호위반,건조,맑음,교차로 - 교차로안,승용,여,45세,상해없음,승용,여,28세,중상
2020050700100328,2020년 5월 7일 13시,목요일,대구광역시 중구 대신동,경상사고,0,0,1,2,차대차 - 기타,신호위반,건조,맑음,교차로 - 교차로안,승용,여,23세,부상신고,승용,남,34세,경상
2020050700100368,2020년 5월 7일 14시,목요일,대구광역시 수성구 범어동,경상사고,0,0,1,0,차대차 - 측면충돌,안전운전불이행,건조,맑음,단일로 - 기타,승용,여,57세,상해없음,화물,남,50세,경상
2020050700100369,2020년 5월 7일 14시,목요일,대구광역시 수성구 만촌동,경상사고,0,0,1,0,차대사람 - 기타,안전운전불이행,건조,맑음,단일로 - 기타,승용,여,49세,상해없음,보행자,남,9세,경상
2020050700100370,2020년 5월 7일 14시,목요일,대구광역시 서구 상리동,경상사고,0,0,1,0,차대차 - 측면충돌,안전거리미확보,건조,맑음,단일로 - 기타,승용,남,19세,상해없음,승용,남,44세,경상
2020050700100371,2020년 5월 7일 14시,목요일,대구광역시 달서구 감삼동,중상사고,0,1,0,0,차대사람 - 길가장자리구역통행중,안전운전불이행,건조,맑음,단일로 - 기타,승용,남,53세,상해없음,보행자,여,61세,중상
2020050700100408,2020년 5월 7일 15시,목요일,대구광역시 남구 대명동,부상신고사고,0,0,0,1,차대사람 - 기타,안전운전불이행,건조,맑음,단일로 - 기타,승용,남,52세,상해없음,보행자,남,44세,부상신고
2020050700100409,2020년 5월 7일 15시,목요일,대구광역시 남구 대명동,경상사고,0,0,2,0,차대차 - 추돌,안전운전불이행,건조,맑음,교차로 - 교차로부근,화물,남,73세,상해없음,승용,여,47세,경상
2020050700100410,2020년 5월 7일 15시,목요일,대구광역시 동구 율암동,경상사고,0,0,1,0,차대사람 - 차도통행중,안전운전불이행,건조,맑음,교차로 - 교차로안,화물,남,55세,상해없음,보행자,남,47세,경상
2020050700100411,2020년 5월 7일 15시,목요일,대구광역시 동구 율하동,경상사고,0,0,2,0,차대차 - 정면충돌,신호위반,건조,맑음,교차로 - 교차로안,승용,남,21세,상해없음,승용,남,59세,경상
2020050700100412,2020년 5월 7일 15시,목요일,대구광역시 달서구 송현동,경상사고,0,0,1,0,차대차 - 측면충돌,교차로운행방법위반,건조,맑음,교차로 - 교차로안,승용,여,51세,상해없음,원동기,여,33세,경상
2020050700100413,2020년 5월 7일 15시,목요일,대구광역시 중구 삼덕동3가,중상사고,0,1,0,0,차대차 - 정면충돌,안전운전불이행,건조,맑음,단일로 - 기타,자전거,남,71세,상해없음,자전거,남,63세,중상
2020050700100443,2020년 5월 7일 16시,목요일,대구광역시 동구 용계동,경상사고,0,0,1,0,차대차 - 추돌,안전운전불이행,건조,맑음,단일로 - 기타,승용,남,73세,상해없음,화물,남,35세,경상
2020050700100450,2020년 5월 7일 16시,목요일,대구광역시 달서구 상인동,경상사고,0,0,1,0,차대차 - 측면충돌,차로위반,건조,맑음,단일로 - 기타,승용,남,46세,상해없음,이륜,남,19세,경상
2020050700100451,2020년 5월 7일 16시,목요일,대구광역시 달성군 현풍읍,경상사고,0,0,2,0,차대차 - 기타,중앙선침범,건조,맑음,단일로 - 기타,화물,남,50세,상해없음,승합,남,50세,경상
2020050700100452,2020년 5월 7일 16시,목요일,대구광역시 북구 구암동,중상사고,0,1,0,0,차대차 - 측면충돌,직진우회전진행방해,건조,흐림,교차로 - 교차로안,승용,남,70세,상해없음,원동기,남,59세,중상
2020050700100453,2020년 5월 7일 16시,목요일,대구광역시 북구 매천동,중상사고,0,1,0,0,차대차 - 측면충돌,안전운전불이행,건조,맑음,단일로 - 기타,승합,남,56세,상해없음,자전거,남,47세,중상
2020050700100496,2020년 5월 7일 17시,목요일,대구광역시 북구 사수동,경상사고,0,0,1,0,차대차 - 기타,안전운전불이행,건조,맑음,단일로 - 기타,승용,여,49세,상해없음,자전거,여,7세,경상
2020050700100544,2020년 5월 7일 18시,목요일,대구광역시 남구 대명동,경상사고,0,0,1,0,차대차 - 측면충돌,신호위반,건조,맑음,단일로 - 기타,승용,남,60세,기타불명,승용,남,36세,경상
2020050700100545,2020년 5월 7일 18시,목요일,대구광역시 수성구 범어동,중상사고,0,1,0,0,차대차 - 측면충돌,신호위반,건조,맑음,단일로 - 기타,승용,남,65세,상해없음,자전거,남,51세,중상
2020050700100587,2020년 5월 7일 19시,목요일,대구광역시 달성군 가창면,중상사고,0,1,0,0,차대차 - 기타,신호위반,건조,맑음,교차로 - 교차로안,승용,남,69세,상해없음,승용,남,30세,중상
2020050700100588,2020년 5월 7일 19시,목요일,대구광역시 북구 대현동,중상사고,0,1,1,0,차대차 - 기타,안전운전불이행,건조,맑음,교차로 - 교차로부근,승용,남,65세,상해없음,승용,남,54세,중상
2020050700100589,2020년 5월 7일 19시,목요일,대구광역시 북구 칠성동1가,경상사고,0,0,1,0,차대차 - 측면충돌,교차로운행방법위반,건조,맑음,교차로 - 교차로안,승용,남,62세,상해없음,원동기,남,20세,경상
2020050700100610,2020년 5월 7일 20시,목요일,대구광역시 달서구 본동,중상사고,0,1,0,0,차대차 - 측면충돌,안전운전불이행,건조,맑음,단일로 - 기타,원동기,남,33세,중상,승용,여,56세,상해없음
2020050700100611,2020년 5월 7일 20시,목요일,대구광역시 달서구 본동,부상신고사고,0,0,0,5,차대차 - 측면충돌,안전거리미확보,건조,맑음,교차로 - 교차로부근,승용,남,55세,상해없음,승용,남,19세,부상신고
2020050700100635,2020년 5월 7일 21시,목요일,대구광역시 북구 구암동,경상사고,0,0,1,0,차대차 - 기타,차로위반,건조,맑음,교차로 - 교차로부근,승용,여,62세,상해없음,승용,남,28세,경상
2020050700100636,2020년 5월 7일 21시,목요일,대구광역시 북구 구암동,중상사고,0,1,0,0,차대사람 - 기타,안전운전불이행,건조,맑음,단일로 - 기타,승용,남,23세,상해없음,보행자,남,50세,중상
2020050700100655,2020년 5월 7일 22시,목요일,대구광역시 북구 태전동,경상사고,0,0,8,0,차대차 - 측면충돌,차로위반,건조,맑음,단일로 - 기타,승용,남,55세,상해없음,승용,남,23세,경상
2020050800100017,2020년 5월 8일 01시,금요일,대구광역시 수성구 만촌동,경상사고,0,0,1,0,차대차 - 측면충돌,신호위반,건조,맑음,교차로 - 교차로안,승용,남,38세,상해없음,승용,남,59세,경상
2020050800100049,2020년 5월 8일 06시,금요일,대구광역시 달성군 현풍읍,중상사고,0,1,0,0,차대사람 - 기타,안전운전불이행,건조,맑음,단일로 - 기타,승용,남,42세,상해없음,보행자,여,80세,중상
2020050800100063,2020년 5월 8일 07시,금요일,대구광역시 서구 상리동,경상사고,0,0,3,0,차대차 - 기타,안전운전불이행,건조,맑음,단일로 - 기타,승용,여,49세,상해없음,화물,남,62세,경상
2020050800100095,2020년 5월 8일 08시,금요일,대구광역시 동구 율하동,경상사고,0,0,1,0,차대차 - 기타,차로위반,건조,맑음,단일로 - 기타,승용,남,39세,상해없음,승합,남,38세,상해없음
2020050800100096,2020년 5월 8일 08시,금요일,대구광역시 수성구 지산동,경상사고,0,0,3,0,차대차 - 측면충돌,안전운전불이행,건조,맑음,교차로 - 교차로부근,승용,남,26세,경상,승용,남,37세,경상
2020050800100097,2020년 5월 8일 08시,금요일,대구광역시 서구 내당동,경상사고,0,0,4,0,차대차 - 추돌,안전운전불이행,건조,맑음,단일로 - 기타,화물,남,59세,상해없음,승용,여,48세,경상
2020050800100163,2020년 5월 8일 10시,금요일,대구광역시 서구 상리동,경상사고,0,0,1,0,차대차 - 기타,안전운전불이행,건조,맑음,단일로 - 기타,화물,남,43세,경상,화물,남,57세,상해없음
2020050800100164,2020년 5월 8일 10시,금요일,대구광역시 서구 내당동,경상사고,0,0,2,0,차대차 - 추돌,안전운전불이행,건조,맑음,단일로 - 기타,승용,남,58세,상해없음,승용,남,36세,경상
2020050800100203,2020년 5월 8일 11시,금요일,대구광역시 남구 대명동,경상사고,0,0,1,0,차대사람 - 기타,보행자보호의무위반,건조,맑음,단일로 - 기타,승용,남,54세,상해없음,보행자,여,51세,경상
2020050800100204,2020년 5월 8일 11시,금요일,대구광역시 남구 봉덕동,경상사고,0,0,1,0,차대차 - 측면충돌,차로위반,건조,맑음,단일로 - 고가도로위,승용,여,51세,상해없음,건설기계,남,31세,경상
2020050800100205,2020년 5월 8일 11시,금요일,대구광역시 수성구 만촌동,중상사고,0,1,0,0,차대차 - 측면충돌,안전운전불이행,건조,맑음,단일로 - 기타,승용,여,55세,상해없음,자전거,남,57세,중상
2020050800100206,2020년 5월 8일 11시,금요일,대구광역시 서구 비산동,경상사고,0,0,3,0,차대차 - 측면충돌,안전운전불이행,건조,맑음,교차로 - 교차로안,승용,남,31세,경상,승용,남,62세,경상
2020050800100207,2020년 5월 8일 11시,금요일,대구광역시 달서구 호산동,중상사고,0,1,1,0,차대차 - 기타,안전운전불이행,건조,맑음,교차로 - 교차로안,이륜,남,34세,경상,자전거,여,52세,중상
2020050800100237,2020년 5월 8일 12시,금요일,대구광역시 수성구 범어동,부상신고사고,0,0,0,1,차대차 - 측면충돌,안전운전불이행,건조,맑음,교차로 - 교차로부근,승용,여,36세,상해없음,이륜,남,22세,부상신고
2020050800100267,2020년 5월 8일 13시,금요일,대구광역시 남구 대명동,경상사고,0,0,1,0,차대차 - 기타,안전운전불이행,건조,맑음,단일로 - 기타,승용,여,68세,상해없음,원동기,남,34세,경상
2020050800100298,2020년 5월 8일 14시,금요일,대구광역시 서구 내당동,경상사고,0,0,1,0,차대차 - 기타,안전운전불이행,건조,맑음,기타 - 기타,승용,여,39세,상해없음,자전거,여,64세,경상
2020050800100299,2020년 5월 8일 14시,금요일,대구광역시 중구 동인동2가,경상사고,0,0,1,0,차대차 - 기타,안전운전불이행,건조,맑음,단일로 - 기타,승용,남,64세,상해없음,승용,남,47세,경상
2020050800100300,2020년 5월 8일 14시,금요일,대구광역시 달서구 신당동,경상사고,0,0,1,0,차대차 - 추돌,안전거리미확보,건조,맑음,단일로 - 기타,승용,여,28세,상해없음,화물,남,31세,경상
2020050800100301,2020년 5월 8일 14시,금요일,대구광역시 북구 태전동,경상사고,0,0,3,0,차대차 - 측면충돌,교차로운행방법위반,건조,맑음,교차로 - 교차로안,승용,여,57세,상해없음,승용,여,34세,경상
2020050800100343,2020년 5월 8일 15시,금요일,대구광역시 수성구 파동,경상사고,0,0,1,0,차대차 - 기타,안전운전불이행,건조,맑음,기타 - 기타,승용,여,35세,상해없음,자전거,여,59세,경상
2020050800100344,2020년 5월 8일 15시,금요일,대구광역시 북구 태전동,경상사고,0,0,1,0,차대차 - 측면충돌,안전운전불이행,건조,맑음,단일로 - 기타,승용,남,22세,상해없음,이륜,남,37세,경상
2020050800100345,2020년 5월 8일 15시,금요일,대구광역시 북구 읍내동,중상사고,0,1,0,0,차대차 - 기타,안전운전불이행,건조,맑음,단일로 - 기타,기타불명,기타불명,미분류,기타불명,자전거,남,83세,중상
2020050800100377,2020년 5월 8일 16시,금요일,대구광역시 달서구 진천동,중상사고,0,2,0,0,차대차 - 기타,안전운전불이행,건조,맑음,교차로 - 교차로안,승용,여,51세,중상,이륜,남,34세,중상
2020050800100378,2020년 5월 8일 16시,금요일,대구광역시 달서구 두류동,중상사고,0,1,0,1,차대사람 - 기타,안전운전불이행,건조,맑음,교차로 - 교차로부근,이륜,남,45세,부상신고,보행자,남,76세,중상
2020050800100379,2020년 5월 8일 16시,금요일,대구광역시 북구 태전동,부상신고사고,0,0,0,1,차대차 - 기타,안전운전불이행,건조,맑음,교차로 - 교차로부근,승용,여,28세,상해없음,승용,남,52세,상해없음
2020050800100423,2020년 5월 8일 17시,금요일,대구광역시 남구 대명동,경상사고,0,0,1,0,차대차 - 측면충돌,안전거리미확보,건조,맑음,단일로 - 기타,화물,남,66세,상해없음,승용,남,46세,경상
2020050800100464,2020년 5월 8일 18시,금요일,대구광역시 북구 태전동,중상사고,0,1,1,0,차대차 - 측면충돌,신호위반,건조,맑음,교차로 - 교차로횡단보도내,이륜,남,18세,경상,자전거,여,51세,중상
2020050800100465,2020년 5월 8일 18시,금요일,대구광역시 북구 서변동,경상사고,0,0,1,0,차대차 - 기타,안전운전불이행,건조,맑음,단일로 - 기타,승용,남,70세,상해없음,승용,남,36세,상해없음
2020050800100524,2020년 5월 8일 19시,금요일,대구광역시 달서구 장동,경상사고,0,0,1,0,차대차 - 기타,안전운전불이행,건조,맑음,단일로 - 기타,승용,남,60세,상해없음,승합,남,39세,경상
2020050800100525,2020년 5월 8일 19시,금요일,대구광역시 달성군 화원읍,사망사고,1,0,0,0,차대사람 - 기타,안전운전불이행,건조,맑음,단일로 - 기타,이륜,남,28세,상해없음,보행자,여,84세,사망
2020050800100526,2020년 5월 8일 19시,금요일,대구광역시 중구 태평로1가,경상사고,0,0,1,1,차량단독 - 기타,안전운전불이행,건조,맑음,단일로 - 기타,승합,남,55세,상해없음,,,,
2020050800100605,2020년 5월 8일 20시,금요일,대구광역시 동구 입석동,중상사고,0,2,0,0,차대차 - 추돌,안전운전불이행,건조,맑음,단일로 - 기타,화물,남,51세,상해없음,승용,남,31세,중상
2020050800100606,2020년 5월 8일 20시,금요일,대구광역시 수성구 범어동,부상신고사고,0,0,0,1,차대차 - 측면충돌,신호위반,건조,맑음,교차로 - 교차로부근,이륜,남,19세,부상신고,승용,남,51세,상해없음
2020050800100607,2020년 5월 8일 20시,금요일,대구광역시 북구 칠성동2가,중상사고,0,1,0,0,차대차 - 기타,안전운전불이행,젖음/습기,흐림,교차로 - 교차로부근,승용,남,75세,상해없음,이륜,남,31세,중상
2020050800100608,2020년 5월 8일 20시,금요일,대구광역시 서구 내당동,경상사고,0,0,2,0,차대차 - 측면충돌,안전운전불이행,건조,맑음,단일로 - 기타,승용,남,60세,상해없음,승용,남,21세,경상
2020050800100609,2020년 5월 8일 20시,금요일,대구광역시 서구 비산동,경상사고,0,0,2,0,차대차 - 측면충돌,직진우회전진행방해,건조,맑음,교차로 - 교차로안,이륜,남,25세,경상,승용,남,70세,경상
2020050800100665,2020년 5월 8일 21시,금요일,대구광역시 수성구 만촌동,경상사고,0,0,2,0,차대차 - 추돌,안전운전불이행,건조,맑음,단일로 - 터널,승용,남,54세,상해없음,승용,남,41세,경상
2020050800100708,2020년 5월 8일 22시,금요일,대구광역시 북구 침산동,중상사고,0,1,0,0,차대차 - 측면충돌,신호위반,젖음/습기,비,교차로 - 교차로횡단보도내,승용,남,60세,상해없음,이륜,남,50세,중상
2020050800100709,2020년 5월 8일 22시,금요일,대구광역시 북구 동천동,경상사고,0,0,1,0,차대차 - 측면충돌,안전거리미확보,젖음/습기,비,교차로 - 교차로부근,승용,남,28세,상해없음,원동기,남,16세,경상
2020050800100710,2020년 5월 8일 22시,금요일,대구광역시 북구 사수동,부상신고사고,0,0,0,1,차대차 - 기타,안전운전불이행,젖음/습기,비,교차로 - 교차로안,기타불명,기타불명,미분류,기타불명,이륜,남,36세,부상신고
2020050800100748,2020년 5월 8일 23시,금요일,대구광역시 달성군 화원읍,경상사고,0,0,1,0,차대차 - 기타,신호위반,젖음/습기,비,교차로 - 교차로안,이륜,남,37세,상해없음,승용,남,28세,상해없음
2020050800100749,2020년 5월 8일 23시,금요일,대구광역시 달서구 본리동,부상신고사고,0,0,0,1,차대차 - 기타,신호위반,젖음/습기,비,교차로 - 교차로안,이륜,남,38세,상해없음,승용,남,60세,부상신고
2020050900100027,2020년 5월 9일 00시,토요일,대구광역시 달성군 현풍읍,중상사고,0,1,0,0,차대차 - 추돌,신호위반,젖음/습기,비,교차로 - 교차로안,승용,남,72세,상해없음,승용,남,32세,상해없음
2020050900100051,2020년 5월 9일 01시,토요일,대구광역시 서구 내당동,경상사고,0,0,3,0,차대차 - 측면충돌,신호위반,건조,맑음,교차로 - 교차로안,승용,남,56세,상해없음,화물,남,46세,경상
2020050900100052,2020년 5월 9일 01시,토요일,대구광역시 달서구 감삼동,경상사고,0,0,1,0,차대차 - 측면충돌,차로위반,건조,맑음,기타 - 기타,승용,남,56세,상해없음,이륜,남,35세,경상
2020050900100105,2020년 5월 9일 06시,토요일,대구광역시 서구 평리동,경상사고,0,0,1,0,차대차 - 후진중충돌,안전운전불이행,건조,맑음,단일로 - 기타,화물,남,50세,상해없음,승용,남,27세,경상
2020050900100135,2020년 5월 9일 08시,토요일,대구광역시 달성군 옥포읍,경상사고,0,0,1,0,차대차 - 측면충돌,안전운전불이행,건조,맑음,교차로 - 교차로안,승용,남,62세,상해없음,승용,남,23세,상해없음
2020050900100136,2020년 5월 9일 08시,토요일,대구광역시 북구 산격동,경상사고,0,0,2,0,차대차 - 측면충돌,중앙선침범,젖음/습기,흐림,단일로 - 기타,화물,남,32세,상해없음,승용,남,47세,경상
2020050900100155,2020년 5월 9일 09시,토요일,대구광역시 동구 율하동,경상사고,0,0,1,0,차대차 - 추돌,안전운전불이행,젖음/습기,비,단일로 - 기타,승합,남,48세,상해없음,승용,남,50세,경상
2020050900100182,2020년 5월 9일 10시,토요일,대구광역시 중구 대봉동,경상사고,0,0,1,0,차대사람 - 기타,안전운전불이행,건조,맑음,단일로 - 기타,승용,여,49세,상해없음,보행자,남,25세,경상
2020050900100212,2020년 5월 9일 11시,토요일,대구광역시 수성구 성동,경상사고,0,0,1,0,차량단독 - 공작물충돌,안전운전불이행,젖음/습기,비,단일로 - 기타,승용,여,22세,경상,,,,
2020050900100213,2020년 5월 9일 11시,토요일,대구광역시 달성군 다사읍,경상사고,0,0,2,0,차대차 - 추돌,안전운전불이행,건조,맑음,단일로 - 기타,승용,남,25세,기타불명,승용,남,27세,경상
2020050900100214,2020년 5월 9일 11시,토요일,대구광역시 달성군 현풍읍,경상사고,0,0,1,0,차대차 - 추돌,안전운전불이행,건조,맑음,단일로 - 기타,승용,남,41세,상해없음,승용,여,47세,경상
2020050900100281,2020년 5월 9일 13시,토요일,대구광역시 수성구 만촌동,경상사고,0,0,1,0,차대차 - 기타,안전운전불이행,젖음/습기,비,단일로 - 기타,승용,여,42세,상해없음,승용,여,47세,상해없음
2020050900100282,2020년 5월 9일 13시,토요일,대구광역시 달서구 이곡동,부상신고사고,0,0,0,1,차대차 - 기타,교차로운행방법위반,젖음/습기,비,교차로 - 교차로안,이륜,남,28세,부상신고,승용,남,74세,상해없음
2020050900100343,2020년 5월 9일 15시,토요일,대구광역시 수성구 만촌동,중상사고,0,1,1,0,차대차 - 측면충돌,기타,건조,맑음,교차로 - 교차로안,승용,여,51세,상해없음,승용,여,61세,중상
2020050900100344,2020년 5월 9일 15시,토요일,대구광역시 서구 평리동,경상사고,0,0,1,0,차대차 - 측면충돌,안전운전불이행,건조,맑음,교차로 - 교차로부근,화물,남,51세,상해없음,승용,남,63세,경상
2020050900100379,2020년 5월 9일 16시,토요일,대구광역시 수성구 범물동,경상사고,0,0,1,0,차대사람 - 횡단중,안전운전불이행,젖음/습기,비,단일로 - 기타,승용,남,57세,상해없음,보행자,남,65세,경상
2020050900100380,2020년 5월 9일 16시,토요일,대구광역시 서구 중리동,부상신고사고,0,0,0,1,차대차 - 기타,안전운전불이행,건조,맑음,단일로 - 기타,승용,여,47세,부상신고,화물,남,67세,상해없음
2020050900100408,2020년 5월 9일 17시,토요일,대구광역시 수성구 황금동,경상사고,0,0,3,0,차대차 - 측면충돌,안전운전불이행,건조,맑음,교차로 - 교차로부근,승용,남,27세,경상,승용,남,57세,경상
2020050900100445,2020년 5월 9일 18시,토요일,대구광역시 달서구 장기동,경상사고,0,0,2,0,차대차 - 추돌,안전운전불이행,건조,맑음,단일로 - 기타,승용,남,68세,상해없음,승용,여,61세,경상
2020050900100446,2020년 5월 9일 18시,토요일,대구광역시 달서구 이곡동,중상사고,0,1,0,0,차대차 - 추돌,안전거리미확보,건조,맑음,단일로 - 기타,이륜,남,29세,상해없음,승용,남,55세,중상
2020050900100482,2020년 5월 9일 19시,토요일,대구광역시 남구 대명동,경상사고,0,0,4,0,차대차 - 기타,안전운전불이행,건조,맑음,단일로 - 기타,승용,남,51세,상해없음,승용,남,30세,경상
2020050900100483,2020년 5월 9일 19시,토요일,대구광역시 달성군 화원읍,경상사고,0,0,1,0,차대차 - 기타,안전거리미확보,건조,맑음,단일로 - 기타,승용,남,31세,상해없음,승용,남,62세,경상
2020050900100484,2020년 5월 9일 19시,토요일,대구광역시 북구 복현동,경상사고,0,0,1,0,차대사람 - 기타,안전운전불이행,건조,맑음,단일로 - 기타,승용,남,41세,상해없음,보행자,남,32세,경상
2020050900100485,2020년 5월 9일 19시,토요일,대구광역시 북구 산격동,경상사고,0,0,1,0,차대차 - 측면충돌,안전운전불이행,건조,맑음,교차로 - 교차로부근,승용,남,41세,상해없음,승용,남,48세,상해없음
2020050900100486,2020년 5월 9일 19시,토요일,대구광역시 서구 중리동,중상사고,0,1,0,0,차대차 - 측면충돌,신호위반,건조,맑음,교차로 - 교차로부근,이륜,남,37세,중상,승용,남,78세,상해없음
2020050900100517,2020년 5월 9일 20시,토요일,대구광역시 달서구 이곡동,경상사고,0,0,2,0,차대차 - 기타,교차로운행방법위반,건조,맑음,교차로 - 교차로횡단보도내,승용,여,55세,경상,이륜,남,32세,경상
2020050900100547,2020년 5월 9일 21시,토요일,대구광역시 동구 용계동,경상사고,0,0,1,0,차대차 - 측면충돌,중앙선침범,건조,맑음,단일로 - 기타,승용,남,67세,상해없음,이륜,남,59세,경상
2020050900100548,2020년 5월 9일 21시,토요일,대구광역시 동구 신천동,경상사고,0,0,1,0,차량단독 - 기타,안전운전불이행,건조,맑음,교차로 - 교차로부근,승용,남,49세,상해없음,,,,
2020050900100583,2020년 5월 9일 22시,토요일,대구광역시 달서구 상인동,중상사고,0,1,0,0,차대사람 - 기타,안전운전불이행,건조,맑음,기타 - 기타,이륜,남,23세,상해없음,보행자,남,58세,중상
2020051000100053,2020년 5월 10일 03시,일요일,대구광역시 북구 산격동,부상신고사고,0,0,0,1,차량단독 - 기타,안전운전불이행,건조,맑음,단일로 - 기타,이륜,남,28세,부상신고,,,,
2020051000100054,2020년 5월 10일 03시,일요일,대구광역시 중구 삼덕동1가,경상사고,0,0,1,0,차대사람 - 기타,안전운전불이행,건조,맑음,단일로 - 기타,승용,남,18세,상해없음,보행자,남,26세,경상
2020051000100074,2020년 5월 10일 05시,일요일,대구광역시 달서구 본동,경상사고,0,0,1,0,차대차 - 측면충돌,안전운전불이행,건조,맑음,단일로 - 기타,개인형이동수단(PM),남,45세,경상,승용,남,17세,상해없음
2020051000100096,2020년 5월 10일 08시,일요일,대구광역시 동구 불로동,경상사고,0,0,2,0,차대차 - 기타,안전거리미확보,건조,맑음,단일로 - 기타,승용,남,60세,상해없음,승용,남,27세,경상
2020051000100103,2020년 5월 10일 09시,일요일,대구광역시 남구 대명동,부상신고사고,0,0,0,1,차대사람 - 기타,안전운전불이행,건조,맑음,교차로 - 교차로부근,승용,남,79세,상해없음,보행자,여,66세,부상신고
2020051000100132,2020년 5월 10일 11시,일요일,대구광역시 달서구 상인동,중상사고,0,1,0,0,차대사람 - 보도통행중,신호위반,건조,맑음,단일로 - 기타,원동기,남,17세,상해없음,보행자,여,3세,중상
2020051000100151,2020년 5월 10일 12시,일요일,대구광역시 동구 봉무동,경상사고,0,0,1,0,차대사람 - 기타,안전운전불이행,건조,맑음,기타 - 기타,승용,남,39세,상해없음,보행자,남,3세,경상
2020051000100152,2020년 5월 10일 12시,일요일,대구광역시 동구 봉무동,경상사고,0,0,4,0,차대차 - 추돌,안전거리미확보,건조,맑음,단일로 - 기타,승용,여,32세,경상,승용,남,35세,경상