사고번호,사고일시,요일,시군구,사고내용,사망자수,중상자수,경상자수,부상신고자수,사고유형,법규위반,노면상태,기상상태,도로형태,가해운전자 차종,가해운전자 성별,가해운전자 연령,가해운전자 상해정도,피해운전자 차종,피해운전자 성별,피해운전자 연령,피해운전자 상해정도
2020051000100153,2020년 5월 10일 12시,일요일,대구광역시 북구 고성동2가,경상사고,0,0,5,0,차대차 - 측면충돌,교차로운행방법위반,건조,맑음,교차로 - 교차로부근,이륜,여,58세,경상,승용,남,42세,경상
2020051000100224,2020년 5월 10일 15시,일요일,대구광역시 동구 사복동,경상사고,0,0,1,0,차대차 - 기타,차로위반,건조,맑음,단일로 - 기타,승용,남,28세,상해없음,승용,남,62세,경상
2020051000100225,2020년 5월 10일 15시,일요일,대구광역시 수성구 범어동,경상사고,0,0,1,0,차대차 - 측면충돌,안전운전불이행,건조,맑음,단일로 - 기타,승용,남,67세,상해없음,이륜,남,19세,경상
2020051000100257,2020년 5월 10일 16시,일요일,대구광역시 동구 신천동,경상사고,0,0,2,0,차대차 - 측면충돌,안전운전불이행,건조,맑음,단일로 - 기타,승용,남,73세,상해없음,승용,남,32세,경상
2020051000100258,2020년 5월 10일 16시,일요일,대구광역시 수성구 성동,경상사고,0,0,1,0,차량단독 - 기타,안전운전불이행,건조,맑음,기타 - 기타,자전거,남,75세,경상,,,,
2020051000100259,2020년 5월 10일 16시,일요일,대구광역시 수성구 수성동4가,경상사고,0,0,2,0,차대차 - 측면충돌,안전거리미확보,건조,맑음,교차로 - 교차로안,이륜,남,43세,상해없음,승용,여,21세,경상
2020051000100260,2020년 5월 10일 16시,일요일,대구광역시 달서구 진천동,경상사고,0,0,5,0,차대차 - 정면충돌,안전거리미확보,건조,맑음,단일로 - 기타,승용,남,55세,상해없음,승용,남,18세,경상
2020051000100261,2020년 5월 10일 16시,일요일,대구광역시 달성군 화원읍,경상사고,0,0,2,0,차대차 - 기타,안전운전불이행,건조,맑음,교차로 - 교차로부근,승용,여,51세,기타불명,승용,남,32세,경상
2020051000100292,2020년 5월 10일 17시,일요일,대구광역시 달성군 논공읍,중상사고,0,1,0,0,차대사람 - 횡단중,안전운전불이행,건조,맑음,단일로 - 기타,이륜,남,37세,상해없음,보행자,남,5세,중상
2020051000100310,2020년 5월 10일 18시,일요일,대구광역시 달서구 본리동,경상사고,0,0,1,0,차대사람 - 기타,안전운전불이행,건조,맑음,교차로 - 교차로안,승용,남,35세,상해없음,보행자,여,54세,경상
2020051100100007,2020년 5월 11일 00시,월요일,대구광역시 수성구 범어동,경상사고,0,0,1,0,차대사람 - 보도통행중,보행자보호의무위반,건조,맑음,교차로 - 교차로부근,승용,남,45세,상해없음,보행자,남,21세,경상
2020051100100046,2020년 5월 11일 05시,월요일,대구광역시 달성군 유가읍,경상사고,0,0,3,0,차대차 - 기타,안전거리미확보,건조,맑음,단일로 - 기타,승용,여,30세,경상,승용,남,42세,경상
2020051100100061,2020년 5월 11일 06시,월요일,대구광역시 수성구 황금동,경상사고,0,0,1,0,차대차 - 기타,안전운전불이행,건조,맑음,교차로 - 교차로안,승용,남,23세,상해없음,승용,남,32세,경상
2020051100100062,2020년 5월 11일 06시,월요일,대구광역시 북구 서변동,경상사고,0,0,1,0,차대차 - 측면충돌,직진우회전진행방해,건조,맑음,교차로 - 교차로부근,승용,남,56세,상해없음,이륜,남,14세,경상
2020051100100063,2020년 5월 11일 06시,월요일,대구광역시 북구 팔달동,경상사고,0,0,2,0,차대차 - 측면충돌,안전운전불이행,건조,맑음,교차로 - 교차로부근,화물,남,64세,상해없음,승용,남,38세,경상
2020051100100088,2020년 5월 11일 07시,월요일,대구광역시 남구 이천동,경상사고,0,0,1,0,차대차 - 측면충돌,안전운전불이행,건조,맑음,단일로 - 터널,기타불명,기타불명,미분류,기타불명,승용,남,57세,경상
2020051100100089,2020년 5월 11일 07시,월요일,대구광역시 서구 이현동,경상사고,0,0,2,0,차대차 - 측면충돌,안전운전불이행,건조,맑음,교차로 - 교차로부근,승용,남,67세,상해없음,승용,남,39세,경상
2020051100100090,2020년 5월 11일 07시,월요일,대구광역시 서구 상리동,경상사고,0,0,1,1,차대차 - 기타,안전운전불이행,건조,맑음,교차로 - 교차로안,승용,남,24세,부상신고,승용,남,44세,경상
2020051100100091,2020년 5월 11일 07시,월요일,대구광역시 북구 매천동,경상사고,0,0,1,0,차대차 - 측면충돌,안전운전불이행,건조,맑음,기타 - 기타,이륜,남,29세,상해없음,이륜,남,53세,경상
2020051100100164,2020년 5월 11일 09시,월요일,대구광역시 남구 봉덕동,경상사고,0,0,1,0,차대사람 - 길가장자리구역통행중,안전운전불이행,건조,맑음,단일로 - 기타,승용,여,85세,상해없음,보행자,여,50세,경상
2020051100100165,2020년 5월 11일 09시,월요일,대구광역시 수성구 두산동,경상사고,0,0,2,0,차대차 - 측면충돌,신호위반,건조,맑음,교차로 - 교차로안,승용,여,55세,경상,승용,여,61세,경상
2020051100100166,2020년 5월 11일 09시,월요일,대구광역시 북구 산격동,경상사고,0,0,1,0,차대차 - 기타,차로위반,건조,맑음,단일로 - 기타,이륜,남,69세,경상,승용,남,47세,상해없음
2020051100100209,2020년 5월 11일 10시,월요일,대구광역시 동구 괴전동,경상사고,0,0,1,0,차대차 - 추돌,안전운전불이행,건조,맑음,교차로 - 교차로부근,화물,남,78세,상해없음,승용,남,48세,경상
2020051100100210,2020년 5월 11일 10시,월요일,대구광역시 동구 신암동,중상사고,0,1,0,0,차대사람 - 횡단중,보행자보호의무위반,건조,맑음,단일로 - 기타,화물,남,34세,상해없음,보행자,여,80세,중상
2020051100100211,2020년 5월 11일 10시,월요일,대구광역시 수성구 수성동1가,중상사고,0,1,0,0,차대차 - 측면충돌,안전운전불이행,건조,맑음,교차로 - 교차로부근,승용,여,53세,상해없음,자전거,여,75세,중상
2020051100100212,2020년 5월 11일 10시,월요일,대구광역시 달서구 신당동,경상사고,0,0,2,0,차대차 - 추돌,안전운전불이행,건조,맑음,교차로 - 교차로부근,승용,여,54세,상해없음,화물,남,37세,경상
2020051100100256,2020년 5월 11일 11시,월요일,대구광역시 달서구 상인동,중상사고,0,1,0,0,차대사람 - 횡단중,기타,건조,맑음,교차로 - 교차로횡단보도내,기타불명,기타불명,미분류,기타불명,보행자,남,75세,중상
2020051100100257,2020년 5월 11일 11시,월요일,대구광역시 달서구 용산동,경상사고,0,0,2,0,차대차 - 추돌,차로위반,건조,맑음,단일로 - 기타,승용,남,35세,상해없음,화물,남,59세,경상
2020051100100288,2020년 5월 11일 12시,월요일,대구광역시 북구 태전동,경상사고,0,0,4,1,차대차 - 측면충돌,교차로운행방법위반,건조,맑음,교차로 - 교차로안,승용,여,54세,부상신고,승용,남,18세,경상
2020051100100325,2020년 5월 11일 13시,월요일,대구광역시 남구 대명동,경상사고,0,0,1,0,차대차 - 기타,안전운전불이행,건조,맑음,교차로 - 교차로부근,승용,여,50세,상해없음,자전거,남,59세,경상
2020051100100326,2020년 5월 11일 13시,월요일,대구광역시 동구 능성동,경상사고,0,0,1,1,차대차 - 기타,교차로운행방법위반,건조,맑음,교차로 - 교차로부근,승용,여,60세,부상신고,승용,남,21세,경상
2020051100100327,2020년 5월 11일 13시,월요일,대구광역시 북구 산격동,경상사고,0,0,1,0,차대차 - 측면충돌,기타,기타,맑음,교차로 - 교차로안,기타불명,기타불명,미분류,기타불명,승용,남,46세,상해없음
2020051100100328,2020년 5월 11일 13시,월요일,대구광역시 달서구 죽전동,경상사고,0,0,1,0,차대차 - 후진중충돌,안전운전불이행,건조,맑음,교차로 - 교차로부근,승용,여,63세,상해없음,승용,여,67세,경상
2020051100100369,2020년 5월 11일 14시,월요일,대구광역시 수성구 시지동,부상신고사고,0,0,0,1,차대차 - 측면충돌,안전운전불이행,건조,맑음,단일로 - 기타,승용,남,69세,부상신고,승용,남,71세,상해없음
2020051100100370,2020년 5월 11일 14시,월요일,대구광역시 수성구 범어동,경상사고,0,0,1,0,차대차 - 기타,직진우회전진행방해,건조,맑음,교차로 - 교차로안,승용,여,63세,상해없음,이륜,남,35세,경상
2020051100100415,2020년 5월 11일 15시,월요일,대구광역시 동구 지묘동,경상사고,0,0,1,0,차대사람 - 기타,보행자보호의무위반,건조,맑음,교차로 - 교차로횡단보도내,건설기계,남,48세,상해없음,보행자,여,38세,경상
2020051100100457,2020년 5월 11일 16시,월요일,대구광역시 달서구 신당동,중상사고,0,1,0,0,차대사람 - 보도통행중,기타,건조,맑음,단일로 - 기타,화물,남,52세,상해없음,보행자,남,59세,중상
2020051100100492,2020년 5월 11일 17시,월요일,대구광역시 동구 서호동,경상사고,0,0,4,0,차대차 - 기타,신호위반,건조,맑음,단일로 - 기타,원동기,남,17세,경상,승용,여,45세,상해없음
2020051100100493,2020년 5월 11일 17시,월요일,대구광역시 수성구 수성동3가,부상신고사고,0,0,0,1,차대차 - 추돌,안전운전불이행,건조,맑음,단일로 - 기타,승용,남,51세,상해없음,이륜,남,24세,부상신고
2020051100100526,2020년 5월 11일 18시,월요일,대구광역시 수성구 범어동,경상사고,0,0,1,0,차대차 - 기타,안전운전불이행,건조,맑음,교차로 - 교차로안,승용,남,63세,상해없음,이륜,남,38세,경상
2020051100100527,2020년 5월 11일 18시,월요일,대구광역시 달서구 감삼동,중상사고,0,1,0,0,차대차 - 측면충돌,안전운전불이행,건조,맑음,교차로 - 교차로안,승용,남,62세,상해없음,자전거,여,61세,중상
2020051100100591,2020년 5월 11일 20시,월요일,대구광역시 동구 신암동,중상사고,0,1,3,0,차대차 - 기타,교차로운행방법위반,건조,맑음,교차로 - 교차로부근,승용,여,27세,경상,승용,여,20세,중상
2020051100100592,2020년 5월 11일 20시,월요일,대구광역시 북구 산격동,경상사고,0,0,1,0,차대사람 - 횡단중,보행자보호의무위반,건조,맑음,교차로 - 교차로횡단보도내,승용,여,47세,상해없음,보행자,여,38세,경상
2020051100100622,2020년 5월 11일 21시,월요일,대구광역시 동구 동호동,경상사고,0,0,3,0,차대차 - 측면충돌,안전운전불이행,건조,맑음,단일로 - 기타,승용,남,42세,상해없음,승용,남,30세,경상
2020051100100644,2020년 5월 11일 22시,월요일,대구광역시 남구 대명동,경상사고,0,0,4,0,차대차 - 추돌,안전운전불이행,건조,맑음,단일로 - 기타,승용,남,42세,상해없음,승용,여,51세,경상
2020051100100645,2020년 5월 11일 22시,월요일,대구광역시 동구 봉무동,경상사고,0,0,1,0,차량단독 - 기타,안전운전불이행,건조,맑음,단일로 - 기타,이륜,남,16세,경상,,,,
2020051100100646,2020년 5월 11일 22시,월요일,대구광역시 수성구 상동,중상사고,0,1,1,0,차대차 - 추돌,안전운전불이행,건조,맑음,단일로 - 기타,승용,남,63세,상해없음,승용,남,48세,경상
2020051100100647,2020년 5월 11일 22시,월요일,대구광역시 달성군 옥포읍,중상사고,0,1,0,0,차대차 - 기타,신호위반,건조,맑음,교차로 - 교차로안,승용,남,23세,상해없음,승용,여,30세,중상
2020051100100648,2020년 5월 11일 22시,월요일,대구광역시 서구 내당동,중상사고,0,1,4,0,차대차 - 기타,교차로운행방법위반,건조,맑음,교차로 - 교차로부근,승용,남,31세,경상,승용,남,21세,중상
2020051100100676,2020년 5월 11일 23시,월요일,대구광역시 남구 대명동,경상사고,0,0,2,0,차대차 - 추돌,안전운전불이행,건조,맑음,단일로 - 기타,승용,남,29세,상해없음,이륜,남,18세,경상
2020051200100025,2020년 5월 12일 01시,화요일,대구광역시 달서구 신당동,경상사고,0,0,1,0,차대차 - 측면충돌,차로위반,건조,맑음,단일로 - 기타,승용,여,59세,상해없음,승용,여,38세,경상
2020051200100033,2020년 5월 12일 02시,화요일,대구광역시 중구 삼덕동1가,경상사고,0,0,2,0,차대사람 - 길가장자리구역통행중,안전운전불이행,건조,맑음,단일로 - 기타,승용,남,23세,상해없음,보행자,남,32세,경상
2020051200100041,2020년 5월 12일 03시,화요일,대구광역시 동구 용수동,경상사고,0,0,1,0,차량단독 - 공작물충돌,안전운전불이행,건조,흐림,단일로 - 기타,승용,남,27세,경상,,,,
2020051200100042,2020년 5월 12일 03시,화요일,대구광역시 동구 신무동,부상신고사고,0,0,0,1,차량단독 - 공작물충돌,안전운전불이행,건조,맑음,교차로 - 교차로부근,승용,남,20세,부상신고,,,,
2020051200100048,2020년 5월 12일 04시,화요일,대구광역시 남구 대명동,경상사고,0,0,1,0,차대차 - 측면충돌,기타,건조,맑음,단일로 - 지하차도(도로)내,화물,남,33세,상해없음,이륜,남,28세,경상
2020051200100070,2020년 5월 12일 06시,화요일,대구광역시 달서구 본동,경상사고,0,0,1,0,차대차 - 측면충돌,안전운전불이행,건조,맑음,단일로 - 기타,승용,남,62세,상해없음,자전거,남,58세,경상
2020051200100095,2020년 5월 12일 07시,화요일,대구광역시 서구 중리동,부상신고사고,0,0,0,1,차대사람 - 보도통행중,안전운전불이행,건조,맑음,단일로 - 기타,기타불명,기타불명,미분류,기타불명,보행자,여,53세,부상신고
2020051200100096,2020년 5월 12일 07시,화요일,대구광역시 달서구 용산동,경상사고,0,0,1,0,차대차 - 측면충돌,직진우회전진행방해,건조,맑음,교차로 - 교차로안,승용,여,49세,상해없음,승용,남,22세,경상
2020051200100161,2020년 5월 12일 09시,화요일,대구광역시 남구 대명동,경상사고,0,0,1,0,차대차 - 측면충돌,직진우회전진행방해,건조,맑음,교차로 - 교차로안,승용,남,55세,상해없음,자전거,남,40세,경상
2020051200100162,2020년 5월 12일 09시,화요일,대구광역시 북구 매천동,경상사고,0,0,1,0,차대사람 - 기타,안전운전불이행,건조,맑음,교차로 - 교차로안,기타불명,기타불명,미분류,기타불명,보행자,여,25세,경상
2020051200100196,2020년 5월 12일 10시,화요일,대구광역시 수성구 지산동,중상사고,0,1,0,0,차대사람 - 보도통행중,기타,건조,맑음,단일로 - 기타,화물,남,49세,상해없음,보행자,남,73세,중상
2020051200100197,2020년 5월 12일 10시,화요일,대구광역시 달서구 월성동,경상사고,0,0,1,0,차대차 - 기타,중앙선침범,건조,맑음,단일로 - 기타,화물,남,53세,상해없음,승용,남,68세,경상
2020051200100198,2020년 5월 12일 10시,화요일,대구광역시 서구 비산동,경상사고,0,0,1,0,차대차 - 기타,안전운전불이행,건조,맑음,교차로 - 교차로안,이륜,남,68세,기타불명,이륜,남,64세,경상
2020051200100231,2020년 5월 12일 11시,화요일,대구광역시 서구 내당동,중상사고,0,1,0,0,차대차 - 기타,안전운전불이행,건조,맑음,교차로 - 교차로부근,승용,여,58세,상해없음,자전거,남,49세,중상
2020051200100232,2020년 5월 12일 11시,화요일,대구광역시 북구 구암동,중상사고,0,1,1,0,차대차 - 정면충돌,중앙선침범,건조,맑음,교차로 - 교차로횡단보도내,이륜,남,56세,중상,승용,남,31세,경상
2020051200100257,2020년 5월 12일 12시,화요일,대구광역시 남구 봉덕동,경상사고,0,0,1,0,차대차 - 후진중충돌,안전운전불이행,건조,맑음,단일로 - 기타,승용,남,36세,상해없음,자전거,남,75세,경상
2020051200100258,2020년 5월 12일 12시,화요일,대구광역시 동구 신기동,중상사고,0,1,0,0,차대차 - 측면충돌,안전운전불이행,건조,맑음,단일로 - 기타,이륜,남,43세,중상,승용,남,27세,상해없음
2020051200100259,2020년 5월 12일 12시,화요일,대구광역시 북구 칠성동1가,경상사고,0,0,1,0,차대차 - 기타,기타,건조,맑음,단일로 - 기타,승용,남,65세,상해없음,개인형이동수단(PM),남,24세,경상
2020051200100345,2020년 5월 12일 15시,화요일,대구광역시 수성구 수성동4가,중상사고,0,1,1,0,차대차 - 측면충돌,안전운전불이행,건조,맑음,단일로 - 기타,승용,여,42세,상해없음,이륜,남,17세,경상
2020051200100346,2020년 5월 12일 15시,화요일,대구광역시 달서구 대곡동,중상사고,0,1,0,0,차대차 - 측면충돌,신호위반,건조,맑음,단일로 - 기타,승용,여,55세,상해없음,자전거,여,68세,중상
2020051200100378,2020년 5월 12일 16시,화요일,대구광역시 북구 산격동,부상신고사고,0,0,0,1,차대차 - 추돌,안전거리미확보,건조,맑음,교차로 - 교차로안,화물,남,59세,상해없음,화물,남,66세,부상신고
2020051200100379,2020년 5월 12일 16시,화요일,대구광역시 서구 내당동,경상사고,0,0,1,0,차대차 - 측면충돌,안전운전불이행,건조,맑음,단일로 - 기타,승용,남,60세,상해없음,승용,남,29세,상해없음
2020051200100431,2020년 5월 12일 17시,화요일,대구광역시 동구 동호동,경상사고,0,0,2,0,차대차 - 기타,안전거리미확보,건조,맑음,교차로 - 교차로안,승용,여,54세,상해없음,승합,남,52세,상해없음
2020051200100432,2020년 5월 12일 17시,화요일,대구광역시 동구 지저동,경상사고,0,0,2,0,차대차 - 추돌,안전운전불이행,건조,맑음,단일로 - 기타,화물,남,35세,상해없음,승용,남,22세,경상
2020051200100433,2020년 5월 12일 17시,화요일,대구광역시 달서구 장동,경상사고,0,0,1,0,차대차 - 측면충돌,안전운전불이행,건조,맑음,교차로 - 교차로횡단보도내,승용,남,29세,상해없음,자전거,남,65세,경상
2020051200100434,2020년 5월 12일 17시,화요일,대구광역시 서구 내당동,중상사고,0,1,0,0,차대차 - 측면충돌,직진우회전진행방해,건조,맑음,교차로 - 교차로안,승합,남,60세,상해없음,이륜,남,24세,중상
2020051200100479,2020년 5월 12일 18시,화요일,대구광역시 남구 대명동,경상사고,0,0,2,3,차대차 - 측면충돌,안전운전불이행,건조,맑음,단일로 - 기타,승용,남,46세,기타불명,승용,남,64세,경상
2020051200100480,2020년 5월 12일 18시,화요일,대구광역시 남구 대명동,경상사고,0,0,1,0,차대차 - 측면충돌,직진우회전진행방해,건조,맑음,교차로 - 교차로안,원동기,남,29세,상해없음,승용,여,46세,경상
2020051200100481,2020년 5월 12일 18시,화요일,대구광역시 달성군 현풍읍,경상사고,0,0,1,0,차대사람 - 횡단중,안전운전불이행,건조,맑음,단일로 - 기타,승용,여,44세,상해없음,보행자,남,10세,경상
2020051200100482,2020년 5월 12일 18시,화요일,대구광역시 북구 칠성동2가,경상사고,0,0,2,0,차대차 - 측면충돌,안전운전불이행,건조,맑음,단일로 - 기타,이륜,남,43세,경상,승용,남,68세,경상
2020051200100539,2020년 5월 12일 20시,화요일,대구광역시 동구 방촌동,경상사고,0,0,2,0,차대차 - 측면충돌,안전운전불이행,건조,맑음,교차로 - 교차로안,승용,남,67세,상해없음,이륜,남,18세,경상
2020051200100540,2020년 5월 12일 20시,화요일,대구광역시 달서구 장기동,경상사고,0,0,1,0,차대차 - 측면충돌,차로위반,건조,맑음,단일로 - 기타,승용,남,64세,상해없음,승용,남,25세,경상
2020051200100557,2020년 5월 12일 21시,화요일,대구광역시 달서구 용산동,경상사고,0,0,1,0,차대차 - 기타,안전운전불이행,건조,맑음,단일로 - 기타,화물,남,62세,상해없음,이륜,남,39세,경상
2020051200100577,2020년 5월 12일 22시,화요일,대구광역시 달서구 본동,경상사고,0,0,3,0,차대차 - 추돌,안전운전불이행,건조,맑음,교차로 - 교차로부근,승용,남,49세,상해없음,승용,남,46세,경상
2020051200100578,2020년 5월 12일 22시,화요일,대구광역시 달서구 용산동,경상사고,0,0,2,0,차대차 - 측면충돌,교차로운행방법위반,건조,맑음,교차로 - 교차로안,승용,여,56세,상해없음,승용,남,47세,경상
2020051200100597,2020년 5월 12일 23시,화요일,대구광역시 동구 신암동,사망사고,1,0,1,0,차대차 - 측면충돌,안전거리미확보,건조,맑음,단일로 - 기타,이륜,남,71세,사망,승용,남,74세,상해없음
2020051200100598,2020년 5월 12일 23시,화요일,대구광역시 수성구 수성동3가,중상사고,0,1,0,0,차대차 - 추돌,안전운전불이행,건조,맑음,교차로 - 교차로부근,승용,남,29세,상해없음,이륜,여,24세,중상
2020051300100010,2020년 5월 13일 00시,수요일,대구광역시 중구 대신동,경상사고,0,0,1,1,차대차 - 측면충돌,안전운전불이행,건조,맑음,교차로 - 교차로부근,이륜,남,28세,부상신고,승용,남,26세,경상
2020051300100028,2020년 5월 13일 01시,수요일,대구광역시 달서구 두류동,중상사고,0,1,0,0,차대차 - 기타,안전운전불이행,건조,맑음,단일로 - 기타,승용,남,51세,상해없음,이륜,남,24세,중상
2020051300100029,2020년 5월 13일 01시,수요일,대구광역시 달서구 파호동,경상사고,0,0,4,0,차대차 - 기타,교차로운행방법위반,건조,맑음,교차로 - 교차로부근,승용,남,19세,경상,승용,남,38세,상해없음
2020051300100030,2020년 5월 13일 01시,수요일,대구광역시 북구 팔달동,경상사고,0,0,1,0,차대차 - 기타,안전운전불이행,건조,맑음,단일로 - 기타,승용,여,57세,상해없음,승용,여,25세,경상
2020051300100074,2020년 5월 13일 06시,수요일,대구광역시 남구 봉덕동,중상사고,0,1,2,0,차대차 - 측면충돌,과속,건조,맑음,단일로 - 기타,승용,남,28세,경상,화물,남,55세,중상
2020051300100075,2020년 5월 13일 06시,수요일,대구광역시 달서구 상인동,경상사고,0,0,1,0,차대차 - 추돌,안전거리미확보,건조,맑음,교차로 - 교차로부근,승용,남,45세,상해없음,승용,남,41세,경상
2020051300100076,2020년 5월 13일 06시,수요일,대구광역시 달성군 논공읍,경상사고,0,0,1,0,차대차 - 기타,교차로운행방법위반,건조,맑음,교차로 - 교차로안,화물,남,59세,상해없음,승용,남,55세,경상
2020051300100099,2020년 5월 13일 07시,수요일,대구광역시 수성구 노변동,경상사고,0,0,2,0,차대차 - 측면충돌,안전운전불이행,건조,맑음,교차로 - 교차로부근,건설기계,남,60세,경상,승용,남,54세,경상
2020051300100131,2020년 5월 13일 08시,수요일,대구광역시 동구 지묘동,경상사고,0,0,1,0,차대차 - 측면충돌,차로위반,건조,맑음,교차로 - 교차로횡단보도내,화물,남,47세,상해없음,승용,남,63세,경상
2020051300100132,2020년 5월 13일 08시,수요일,대구광역시 북구 산격동,경상사고,0,0,1,0,차대차 - 추돌,안전거리미확보,건조,맑음,단일로 - 기타,승용,여,43세,상해없음,승용,남,52세,경상
2020051300100161,2020년 5월 13일 09시,수요일,대구광역시 수성구 신매동,경상사고,0,0,1,0,차대사람 - 기타,안전운전불이행,건조,맑음,단일로 - 기타,승용,남,80세,상해없음,보행자,여,76세,경상
2020051300100162,2020년 5월 13일 09시,수요일,대구광역시 달성군 다사읍,경상사고,0,0,1,0,차대차 - 기타,안전운전불이행,건조,맑음,단일로 - 기타,화물,남,30세,상해없음,승합,남,53세,상해없음
2020051300100163,2020년 5월 13일 09시,수요일,대구광역시 중구 대신동,경상사고,0,0,1,0,차대사람 - 기타,안전운전불이행,건조,맑음,단일로 - 기타,승용,남,70세,상해없음,보행자,남,30세,경상
2020051300100196,2020년 5월 13일 10시,수요일,대구광역시 수성구 범물동,부상신고사고,0,0,0,1,차대차 - 기타,안전운전불이행,건조,맑음,단일로 - 기타,자전거,남,19세,부상신고,승용,남,63세,상해없음
2020051300100197,2020년 5월 13일 10시,수요일,대구광역시 수성구 범어동,경상사고,0,0,1,0,차대차 - 기타,안전운전불이행,건조,맑음,기타 - 기타,승용,남,78세,상해없음,이륜,남,40세,경상
2020051300100198,2020년 5월 13일 10시,수요일,대구광역시 수성구 범어동,경상사고,0,0,1,0,차대차 - 측면충돌,안전거리미확보,건조,맑음,단일로 - 기타,기타불명,기타불명,미분류,기타불명,승용,여,44세,경상
2020051300100199,2020년 5월 13일 10시,수요일,대구광역시 북구 침산동,경상사고,0,0,1,0,차대사람 - 횡단중,안전운전불이행,건조,맑음,단일로 - 기타,승용,남,39세,상해없음,보행자,여,31세,경상
2020051300100200,2020년 5월 13일 10시,수요일,대구광역시 서구 비산동,경상사고,0,0,1,0,차대차 - 측면충돌,안전운전불이행,건조,맑음,교차로 - 교차로부근,승용,남,66세,상해없음,자전거,여,64세,경상
2020051300100236,2020년 5월 13일 11시,수요일,대구광역시 달서구 대천동,경상사고,0,0,1,0,차대차 - 측면충돌,안전운전불이행,건조,맑음,교차로 - 교차로안,화물,남,70세,상해없음,화물,남,57세,경상
2020051300100237,2020년 5월 13일 11시,수요일,대구광역시 달서구 본동,중상사고,0,1,0,0,차대차 - 측면충돌,안전거리미확보,건조,맑음,단일로 - 기타,승용,남,69세,상해없음,이륜,남,61세,중상
2020051300100377,2020년 5월 13일 15시,수요일,대구광역시 수성구 두산동,중상사고,0,1,0,1,차대차 - 기타,신호위반,건조,맑음,교차로 - 교차로안,승용,여,62세,부상신고,승용,여,41세,중상
2020051300100378,2020년 5월 13일 15시,수요일,대구광역시 수성구 시지동,경상사고,0,0,1,0,차대차 - 추돌,교차로운행방법위반,건조,맑음,교차로 - 교차로부근,승용,남,78세,기타불명,이륜,남,25세,경상
2020051300100379,2020년 5월 13일 15시,수요일,대구광역시 북구 산격동,중상사고,0,2,0,0,차대차 - 측면충돌,안전운전불이행,건조,맑음,교차로 - 교차로안,승용,여,33세,상해없음,승용,남,58세,중상
2020051300100380,2020년 5월 13일 15시,수요일,대구광역시 서구 비산동,경상사고,0,0,1,0,차대차 - 측면충돌,안전운전불이행,건조,맑음,단일로 - 기타,승용,여,49세,상해없음,화물,남,38세,경상
2020051300100381,2020년 5월 13일 15시,수요일,대구광역시 서구 이현동,중상사고,0,1,0,0,차대차 - 측면충돌,안전운전불이행,건조,맑음,단일로 - 기타,승용,여,46세,상해없음,승용,남,56세,중상
2020051300100421,2020년 5월 13일 16시,수요일,대구광역시 동구 신암동,경상사고,0,0,1,0,차대차 - 기타,안전운전불이행,건조,맑음,교차로 - 교차로안,승용,여,43세,상해없음,자전거,남,60세,경상
2020051300100422,2020년 5월 13일 16시,수요일,대구광역시 달서구 진천동,경상사고,0,0,1,0,차대차 - 정면충돌,안전운전불이행,건조,맑음,교차로 - 교차로안,승용,남,43세,상해없음,승용,여,35세,경상
2020051300100423,2020년 5월 13일 16시,수요일,대구광역시 서구 내당동,경상사고,0,0,1,0,차대차 - 측면충돌,안전거리미확보,건조,맑음,단일로 - 기타,승용,남,24세,상해없음,승용,남,61세,경상
2020051300100468,2020년 5월 13일 17시,수요일,대구광역시 수성구 매호동,경상사고,0,0,2,0,차대차 - 측면충돌,안전운전불이행,건조,맑음,교차로 - 교차로부근,이륜,남,35세,경상,승용,남,25세,경상
2020051300100469,2020년 5월 13일 17시,수요일,대구광역시 달서구 송현동,경상사고,0,0,1,0,차대차 - 측면충돌,직진우회전진행방해,건조,맑음,교차로 - 교차로안,이륜,남,18세,상해없음,승용,남,63세,상해없음
2020051300100470,2020년 5월 13일 17시,수요일,대구광역시 달서구 상인동,경상사고,0,0,1,0,차대사람 - 기타,안전운전불이행,건조,맑음,교차로 - 교차로부근,승용,여,44세,상해없음,보행자,남,50세,경상
2020051300100471,2020년 5월 13일 17시,수요일,대구광역시 달서구 상인동,경상사고,0,0,1,0,차대차 - 측면충돌,안전운전불이행,건조,맑음,교차로 - 교차로횡단보도내,이륜,남,16세,상해없음,이륜,남,23세,경상
2020051300100472,2020년 5월 13일 17시,수요일,대구광역시 달서구 월성동,경상사고,0,0,3,0,차대차 - 추돌,안전운전불이행,건조,맑음,단일로 - 기타,승용,여,37세,상해없음,승용,남,52세,경상
2020051300100473,2020년 5월 13일 17시,수요일,대구광역시 달성군 다사읍,경상사고,0,0,1,0,차대차 - 기타,안전운전불이행,건조,맑음,교차로 - 교차로부근,승용,여,27세,기타불명,승합,남,36세,상해없음
2020051300100474,2020년 5월 13일 17시,수요일,대구광역시 달서구 성당동,경상사고,0,0,1,0,차대차 - 측면충돌,안전운전불이행,건조,맑음,단일로 - 기타,승용,남,64세,상해없음,이륜,남,41세,경상
2020051300100475,2020년 5월 13일 17시,수요일,대구광역시 북구 국우동,경상사고,0,0,1,0,차대차 - 측면충돌,직진우회전진행방해,건조,맑음,교차로 - 교차로횡단보도내,승용,남,70세,상해없음,자전거,남,12세,경상