사고번호,사고일시,요일,시군구,사고내용,사망자수,중상자수,경상자수,부상신고자수,사고유형,법규위반,노면상태,기상상태,도로형태,가해운전자 차종,가해운전자 성별,가해운전자 연령,가해운전자 상해정도,피해운전자 차종,피해운전자 성별,피해운전자 연령,피해운전자 상해정도
2020051600100449,2020년 5월 16일 19시,토요일,대구광역시 북구 태전동,부상신고사고,0,0,0,1,차대차 - 측면충돌,안전운전불이행,건조,맑음,교차로 - 교차로부근,승용,남,24세,상해없음,승용,여,26세,부상신고
2020051600100469,2020년 5월 16일 20시,토요일,대구광역시 수성구 범어동,경상사고,0,0,1,0,차대차 - 측면충돌,안전운전불이행,건조,맑음,단일로 - 기타,승용,남,62세,상해없음,이륜,남,26세,경상
2020051600100470,2020년 5월 16일 20시,토요일,대구광역시 중구 남산동,경상사고,0,0,1,0,차대차 - 기타,직진우회전진행방해,건조,맑음,교차로 - 교차로안,승용,남,46세,상해없음,이륜,남,59세,경상
2020051600100493,2020년 5월 16일 21시,토요일,대구광역시 동구 신천동,부상신고사고,0,0,0,1,차대차 - 측면충돌,안전운전불이행,건조,맑음,교차로 - 교차로부근,승용,여,20세,부상신고,승합,남,56세,상해없음
2020051600100522,2020년 5월 16일 22시,토요일,대구광역시 달서구 두류동,경상사고,0,0,1,0,차대사람 - 차도통행중,안전운전불이행,건조,맑음,단일로 - 기타,승합,여,63세,상해없음,보행자,남,50세,경상
2020051700100013,2020년 5월 17일 00시,일요일,대구광역시 수성구 상동,중상사고,0,1,1,0,차대차 - 추돌,신호위반,건조,맑음,교차로 - 교차로안,승용,남,51세,경상,승용,남,45세,중상
2020051700100014,2020년 5월 17일 00시,일요일,대구광역시 북구 복현동,경상사고,0,0,2,0,차대차 - 추돌,안전운전불이행,건조,맑음,교차로 - 교차로부근,승용,남,34세,상해없음,승용,여,26세,경상
2020051700100042,2020년 5월 17일 02시,일요일,대구광역시 동구 신천동,경상사고,0,0,4,0,차대차 - 기타,교차로운행방법위반,건조,맑음,교차로 - 교차로안,승용,여,20세,상해없음,승용,남,26세,경상
2020051700100050,2020년 5월 17일 03시,일요일,대구광역시 수성구 지산동,경상사고,0,0,3,0,차대차 - 추돌,안전운전불이행,건조,맑음,교차로 - 교차로안,승용,남,64세,경상,승용,남,22세,경상
2020051700100103,2020년 5월 17일 09시,일요일,대구광역시 달서구 송현동,경상사고,0,0,2,0,차대차 - 측면충돌,교차로운행방법위반,건조,맑음,교차로 - 교차로안,승용,남,23세,상해없음,이륜,남,57세,경상
2020051700100119,2020년 5월 17일 10시,일요일,대구광역시 서구 비산동,경상사고,0,0,1,0,차대차 - 측면충돌,교차로운행방법위반,건조,맑음,교차로 - 교차로안,승용,남,71세,경상,승용,남,31세,상해없음
2020051700100120,2020년 5월 17일 10시,일요일,대구광역시 달서구 성당동,경상사고,0,0,2,0,차대차 - 추돌,안전운전불이행,건조,맑음,기타 - 기타,이륜,남,43세,상해없음,승용,남,30세,경상
2020051700100146,2020년 5월 17일 11시,일요일,대구광역시 동구 진인동,경상사고,0,0,1,0,차대차 - 기타,안전운전불이행,건조,맑음,단일로 - 기타,승용,남,35세,상해없음,승용,여,28세,경상
2020051700100150,2020년 5월 17일 11시,일요일,대구광역시 달성군 다사읍,경상사고,0,0,1,0,차대차 - 기타,안전거리미확보,건조,맑음,교차로 - 교차로부근,승용,여,52세,상해없음,이륜,남,47세,경상
2020051700100199,2020년 5월 17일 13시,일요일,대구광역시 동구 효목동,경상사고,0,0,1,0,차대사람 - 길가장자리구역통행중,안전운전불이행,건조,맑음,단일로 - 기타,승용,남,64세,상해없음,보행자,남,20세,경상
2020051700100200,2020년 5월 17일 13시,일요일,대구광역시 달성군 가창면,중상사고,0,2,2,0,차대차 - 기타,안전운전불이행,건조,맑음,단일로 - 기타,건설기계,남,62세,상해없음,승용,남,49세,중상
2020051700100201,2020년 5월 17일 13시,일요일,대구광역시 북구 칠성동2가,경상사고,0,0,2,2,차대차 - 기타,불법유턴,건조,맑음,기타 - 기타,승용,남,36세,부상신고,승용,남,29세,경상
2020051700100202,2020년 5월 17일 13시,일요일,대구광역시 서구 내당동,경상사고,0,0,2,0,차대차 - 기타,안전거리미확보,건조,맑음,교차로 - 교차로부근,승용,남,32세,상해없음,승용,남,26세,경상
2020051700100233,2020년 5월 17일 14시,일요일,대구광역시 수성구 상동,경상사고,0,0,1,0,차대차 - 측면충돌,안전거리미확보,건조,맑음,단일로 - 기타,승용,남,34세,상해없음,이륜,남,27세,경상
2020051700100234,2020년 5월 17일 14시,일요일,대구광역시 서구 중리동,중상사고,0,1,0,0,차량단독 - 기타,안전운전불이행,건조,맑음,기타 - 기타,화물,남,53세,상해없음,,,,
2020051700100261,2020년 5월 17일 15시,일요일,대구광역시 동구 미대동,부상신고사고,0,0,0,1,차량단독 - 기타,안전운전불이행,건조,맑음,단일로 - 터널,이륜,남,16세,부상신고,,,,
2020051700100262,2020년 5월 17일 15시,일요일,대구광역시 달성군 논공읍,중상사고,0,1,0,0,차대차 - 기타,안전운전불이행,건조,맑음,교차로 - 교차로부근,이륜,남,83세,중상,승용,남,57세,상해없음
2020051700100290,2020년 5월 17일 16시,일요일,대구광역시 수성구 두산동,경상사고,0,0,1,0,차대차 - 기타,교차로운행방법위반,건조,맑음,교차로 - 교차로안,승용,여,61세,상해없음,승용,여,22세,경상
2020051700100291,2020년 5월 17일 16시,일요일,대구광역시 북구 산격동,부상신고사고,0,0,0,1,차대사람 - 보도통행중,안전운전불이행,건조,맑음,기타 - 기타,자전거,남,42세,상해없음,보행자,남,15세,부상신고
2020051700100292,2020년 5월 17일 16시,일요일,대구광역시 북구 태전동,경상사고,0,0,1,0,차대차 - 기타,안전운전불이행,건조,맑음,기타 - 기타,승용,남,43세,상해없음,자전거,남,42세,경상
2020051700100328,2020년 5월 17일 17시,일요일,대구광역시 동구 방촌동,중상사고,0,1,0,0,차대사람 - 차도통행중,안전운전불이행,건조,맑음,단일로 - 기타,승용,여,43세,상해없음,보행자,남,42세,중상
2020051700100329,2020년 5월 17일 17시,일요일,대구광역시 수성구 황금동,경상사고,0,0,1,0,차대차 - 기타,안전운전불이행,건조,맑음,교차로 - 교차로부근,자전거,남,12세,경상,승용,남,29세,상해없음
2020051700100357,2020년 5월 17일 18시,일요일,대구광역시 북구 서변동,중상사고,0,1,0,0,차대차 - 기타,안전운전불이행,건조,맑음,기타 - 기타,승용,남,33세,상해없음,이륜,남,29세,중상
2020051700100377,2020년 5월 17일 19시,일요일,대구광역시 남구 봉덕동,중상사고,0,1,0,0,차량단독 - 기타,안전운전불이행,건조,맑음,단일로 - 기타,자전거,남,17세,중상,,,,
2020051700100379,2020년 5월 17일 19시,일요일,대구광역시 북구 읍내동,경상사고,0,0,1,0,차대차 - 기타,안전운전불이행,건조,맑음,단일로 - 기타,승용,남,66세,상해없음,승용,여,36세,경상
2020051700100413,2020년 5월 17일 20시,일요일,대구광역시 북구 대현동,부상신고사고,0,0,0,1,차대차 - 측면충돌,안전거리미확보,건조,맑음,교차로 - 교차로안,이륜,남,23세,부상신고,승용,남,45세,상해없음
2020051700100444,2020년 5월 17일 21시,일요일,대구광역시 서구 내당동,경상사고,0,0,2,0,차대차 - 기타,안전운전불이행,건조,맑음,단일로 - 기타,승용,남,77세,상해없음,승용,남,42세,경상
2020051700100466,2020년 5월 17일 22시,일요일,대구광역시 수성구 두산동,경상사고,0,0,2,0,차대차 - 추돌,안전운전불이행,건조,맑음,단일로 - 기타,승합,남,57세,상해없음,승용,남,27세,경상
2020051800100054,2020년 5월 18일 06시,월요일,대구광역시 달성군 다사읍,중상사고,0,1,1,0,차대차 - 기타,안전운전불이행,건조,맑음,교차로 - 교차로안,승용,여,23세,경상,승용,여,58세,중상
2020051800100066,2020년 5월 18일 07시,월요일,대구광역시 달서구 용산동,경상사고,0,0,5,0,차대차 - 측면충돌,안전거리미확보,건조,맑음,단일로 - 기타,승용,여,45세,경상,화물,남,56세,경상
2020051800100085,2020년 5월 18일 08시,월요일,대구광역시 남구 대명동,경상사고,0,0,2,0,차대차 - 측면충돌,교차로운행방법위반,건조,맑음,교차로 - 교차로횡단보도내,승용,여,34세,경상,자전거,남,51세,경상
2020051800100086,2020년 5월 18일 08시,월요일,대구광역시 서구 평리동,경상사고,0,0,1,0,차대차 - 측면충돌,차로위반,건조,맑음,단일로 - 기타,승용,남,51세,상해없음,승용,여,29세,경상
2020051800100120,2020년 5월 18일 09시,월요일,대구광역시 달서구 상인동,중상사고,0,1,0,0,차대차 - 측면충돌,안전운전불이행,건조,맑음,단일로 - 기타,승용,여,33세,상해없음,자전거,남,62세,중상
2020051800100121,2020년 5월 18일 09시,월요일,대구광역시 달서구 감삼동,경상사고,0,0,1,0,차대차 - 기타,안전거리미확보,건조,맑음,교차로 - 교차로부근,승용,남,70세,상해없음,승합,남,51세,상해없음
2020051800100153,2020년 5월 18일 10시,월요일,대구광역시 수성구 범어동,경상사고,0,0,1,0,차대사람 - 횡단중,안전운전불이행,건조,맑음,교차로 - 교차로부근,승용,남,70세,상해없음,보행자,여,65세,경상
2020051800100154,2020년 5월 18일 10시,월요일,대구광역시 북구 대현동,경상사고,0,0,1,0,차대차 - 후진중충돌,안전운전불이행,건조,맑음,단일로 - 기타,승용,남,65세,상해없음,승용,남,54세,경상
2020051800100155,2020년 5월 18일 10시,월요일,대구광역시 달서구 두류동,경상사고,0,0,1,0,차대차 - 후진중충돌,안전운전불이행,건조,맑음,단일로 - 기타,화물,남,63세,상해없음,이륜,남,24세,경상
2020051800100156,2020년 5월 18일 10시,월요일,대구광역시 달서구 감삼동,경상사고,0,0,1,0,차대차 - 추돌,안전운전불이행,건조,맑음,단일로 - 기타,승용,남,78세,상해없음,승용,남,33세,경상
2020051800100187,2020년 5월 18일 11시,월요일,대구광역시 서구 평리동,경상사고,0,0,1,0,차대차 - 측면충돌,안전운전불이행,건조,맑음,교차로 - 교차로안,자전거,여,60세,경상,승용,남,62세,상해없음
2020051800100188,2020년 5월 18일 11시,월요일,대구광역시 달서구 이곡동,경상사고,0,0,1,0,차대차 - 측면충돌,안전운전불이행,건조,맑음,기타 - 기타,이륜,여,31세,경상,승용,남,68세,상해없음
2020051800100224,2020년 5월 18일 12시,월요일,대구광역시 북구 관음동,경상사고,0,0,1,0,차대차 - 기타,안전운전불이행,건조,맑음,교차로 - 교차로안,승합,남,50세,상해없음,기타불명,남,71세,경상
2020051800100266,2020년 5월 18일 13시,월요일,대구광역시 동구 신암동,중상사고,0,1,0,0,차대차 - 측면충돌,신호위반,건조,맑음,단일로 - 기타,승용,여,47세,상해없음,이륜,남,57세,중상
2020051800100267,2020년 5월 18일 13시,월요일,대구광역시 수성구 만촌동,경상사고,0,0,1,0,차대차 - 측면충돌,신호위반,건조,맑음,교차로 - 교차로안,승용,남,59세,상해없음,승용,남,25세,경상
2020051800100308,2020년 5월 18일 14시,월요일,대구광역시 달성군 다사읍,경상사고,0,0,1,0,차대사람 - 기타,신호위반,건조,맑음,교차로 - 교차로안,이륜,남,20세,상해없음,보행자,여,37세,경상
2020051800100309,2020년 5월 18일 14시,월요일,대구광역시 서구 평리동,부상신고사고,0,0,0,1,차대차 - 기타,안전운전불이행,건조,맑음,기타 - 기타,자전거,여,60세,부상신고,승용,남,30세,상해없음
2020051800100310,2020년 5월 18일 14시,월요일,대구광역시 북구 태전동,경상사고,0,0,2,0,차대차 - 측면충돌,차로위반,건조,맑음,단일로 - 기타,승용,남,54세,상해없음,승용,남,57세,경상
2020051800100347,2020년 5월 18일 15시,월요일,대구광역시 남구 봉덕동,경상사고,0,0,1,0,차대사람 - 기타,안전운전불이행,건조,맑음,단일로 - 기타,화물,남,62세,상해없음,보행자,남,45세,경상
2020051800100348,2020년 5월 18일 15시,월요일,대구광역시 동구 신천동,중상사고,0,1,3,0,차대차 - 정면충돌,안전운전불이행,건조,맑음,교차로 - 교차로안,승용,여,38세,경상,승용,여,34세,중상
2020051800100349,2020년 5월 18일 15시,월요일,대구광역시 달서구 유천동,경상사고,0,0,2,0,차대차 - 측면충돌,교차로운행방법위반,건조,맑음,교차로 - 교차로부근,승용,남,49세,상해없음,승용,남,25세,경상
2020051800100350,2020년 5월 18일 15시,월요일,대구광역시 북구 복현동,경상사고,0,0,1,0,차대차 - 측면충돌,안전운전불이행,건조,맑음,교차로 - 교차로횡단보도내,승용,여,20세,상해없음,자전거,여,58세,경상
2020051800100446,2020년 5월 18일 17시,월요일,대구광역시 달서구 대곡동,경상사고,0,0,1,0,차대차 - 후진중충돌,안전운전불이행,건조,맑음,단일로 - 기타,화물,남,65세,상해없음,승용,여,26세,경상
2020051800100447,2020년 5월 18일 17시,월요일,대구광역시 서구 비산동,경상사고,0,0,1,1,차대차 - 측면충돌,안전운전불이행,건조,맑음,단일로 - 기타,승용,남,61세,부상신고,이륜,남,23세,경상
2020051800100448,2020년 5월 18일 17시,월요일,대구광역시 서구 평리동,경상사고,0,0,3,0,차대차 - 측면충돌,안전거리미확보,건조,맑음,단일로 - 기타,승용,여,53세,상해없음,승용,남,52세,경상
2020051800100449,2020년 5월 18일 17시,월요일,대구광역시 달서구 성당동,경상사고,0,0,1,0,차대차 - 추돌,안전운전불이행,건조,맑음,단일로 - 기타,승용,남,21세,상해없음,승용,여,42세,경상
2020051800100492,2020년 5월 18일 18시,월요일,대구광역시 달서구 감삼동,중상사고,0,1,0,0,차대사람 - 차도통행중,안전운전불이행,건조,흐림,단일로 - 기타,화물,남,76세,상해없음,보행자,여,85세,중상
2020051800100529,2020년 5월 18일 19시,월요일,대구광역시 동구 신암동,경상사고,0,0,1,0,차대차 - 측면충돌,안전거리미확보,건조,맑음,단일로 - 기타,승용,여,55세,상해없음,원동기,남,18세,경상
2020051800100570,2020년 5월 18일 20시,월요일,대구광역시 달서구 상인동,경상사고,0,0,1,0,차대차 - 측면충돌,안전운전불이행,건조,맑음,교차로 - 교차로부근,승용,남,43세,상해없음,승용,여,31세,경상
2020051800100571,2020년 5월 18일 20시,월요일,대구광역시 달서구 신당동,경상사고,0,0,1,0,차대차 - 측면충돌,차로위반,건조,맑음,기타 - 기타,승용,남,54세,상해없음,이륜,남,50세,경상
2020051800100603,2020년 5월 18일 21시,월요일,대구광역시 달서구 대천동,부상신고사고,0,0,0,1,차대차 - 기타,신호위반,건조,맑음,교차로 - 교차로안,기타불명,기타불명,미분류,기타불명,승용,남,30세,부상신고
2020051800100604,2020년 5월 18일 21시,월요일,대구광역시 달서구 송현동,중상사고,0,1,0,0,차대사람 - 횡단중,보행자보호의무위반,젖음/습기,비,교차로 - 교차로횡단보도내,승용,남,52세,상해없음,보행자,남,52세,중상
2020051800100605,2020년 5월 18일 21시,월요일,대구광역시 달서구 유천동,경상사고,0,0,2,0,차대차 - 기타,안전거리미확보,건조,맑음,단일로 - 기타,승용,여,51세,상해없음,승용,남,25세,경상
2020051800100606,2020년 5월 18일 21시,월요일,대구광역시 북구 복현동,중상사고,0,1,0,0,차대사람 - 길가장자리구역통행중,안전운전불이행,건조,맑음,단일로 - 기타,화물,남,44세,상해없음,보행자,여,27세,중상
2020051800100607,2020년 5월 18일 21시,월요일,대구광역시 달서구 갈산동,경상사고,0,0,1,0,차대차 - 측면충돌,신호위반,건조,맑음,교차로 - 교차로안,승용,여,54세,상해없음,화물,남,61세,경상
2020051800100608,2020년 5월 18일 21시,월요일,대구광역시 북구 구암동,경상사고,0,0,2,0,차대차 - 추돌,안전운전불이행,건조,맑음,교차로 - 교차로부근,승용,남,51세,상해없음,승용,여,30세,경상
2020051800100629,2020년 5월 18일 22시,월요일,대구광역시 달서구 신당동,경상사고,0,0,1,0,차대차 - 기타,안전운전불이행,젖음/습기,비,단일로 - 기타,기타불명,기타불명,미분류,기타불명,승용,여,54세,경상
2020051900100013,2020년 5월 19일 00시,화요일,대구광역시 남구 대명동,경상사고,0,0,2,0,차대차 - 추돌,안전운전불이행,젖음/습기,비,단일로 - 기타,승합,남,57세,상해없음,승용,여,61세,경상
2020051900100014,2020년 5월 19일 00시,화요일,대구광역시 북구 침산동,경상사고,0,0,1,0,차대사람 - 횡단중,신호위반,젖음/습기,비,교차로 - 교차로횡단보도내,승용,남,30세,상해없음,보행자,남,60세,경상
2020051900100124,2020년 5월 19일 09시,화요일,대구광역시 남구 봉덕동,중상사고,0,1,0,1,차대차 - 측면충돌,안전거리미확보,건조,맑음,단일로 - 기타,승용,남,75세,부상신고,승용,여,56세,중상
2020051900100175,2020년 5월 19일 11시,화요일,대구광역시 북구 고성동3가,경상사고,0,0,1,1,차대차 - 측면충돌,안전운전불이행,건조,맑음,단일로 - 기타,승용,남,40세,부상신고,승용,여,52세,경상
2020051900100213,2020년 5월 19일 12시,화요일,대구광역시 북구 침산동,경상사고,0,0,1,0,차대차 - 측면충돌,안전운전불이행,젖음/습기,흐림,교차로 - 교차로횡단보도내,승용,여,39세,상해없음,자전거,여,43세,경상
2020051900100215,2020년 5월 19일 12시,화요일,대구광역시 북구 대현동,경상사고,0,0,2,0,차대차 - 측면충돌,안전거리미확보,건조,맑음,교차로 - 교차로안,승용,남,37세,상해없음,승용,남,19세,경상
2020051900100245,2020년 5월 19일 13시,화요일,대구광역시 남구 대명동,경상사고,0,0,1,0,차대차 - 측면충돌,안전운전불이행,젖음/습기,비,교차로 - 교차로안,이륜,남,62세,경상,승용,여,29세,상해없음
2020051900100246,2020년 5월 19일 13시,화요일,대구광역시 수성구 황금동,경상사고,0,0,1,0,차대차 - 측면충돌,교차로운행방법위반,젖음/습기,흐림,교차로 - 교차로안,승용,남,49세,상해없음,승용,남,65세,경상
2020051900100247,2020년 5월 19일 13시,화요일,대구광역시 중구 대신동,경상사고,0,0,1,0,차대차 - 기타,안전거리미확보,젖음/습기,비,교차로 - 교차로부근,승용,여,54세,상해없음,이륜,남,24세,경상
2020051900100248,2020년 5월 19일 13시,화요일,대구광역시 달서구 용산동,경상사고,0,0,1,0,차대차 - 추돌,안전운전불이행,건조,맑음,단일로 - 기타,승용,남,58세,상해없음,승용,여,59세,경상
2020051900100249,2020년 5월 19일 13시,화요일,대구광역시 북구 구암동,경상사고,0,0,2,0,차대차 - 측면충돌,안전운전불이행,건조,맑음,교차로 - 교차로부근,승용,남,22세,상해없음,승용,남,36세,경상
2020051900100270,2020년 5월 19일 14시,화요일,대구광역시 남구 대명동,경상사고,0,0,1,0,차대차 - 후진중충돌,안전운전불이행,건조,맑음,단일로 - 기타,승용,남,53세,상해없음,이륜,남,30세,경상
2020051900100271,2020년 5월 19일 14시,화요일,대구광역시 수성구 범어동,중상사고,0,1,1,0,차대차 - 측면충돌,안전거리미확보,건조,맑음,단일로 - 기타,승용,남,64세,상해없음,승용,남,29세,중상
2020051900100272,2020년 5월 19일 14시,화요일,대구광역시 수성구 수성동1가,경상사고,0,0,1,0,차대차 - 후진중충돌,안전운전불이행,건조,맑음,단일로 - 기타,승용,여,39세,상해없음,승용,남,32세,경상
2020051900100312,2020년 5월 19일 15시,화요일,대구광역시 달서구 호림동,경상사고,0,0,1,0,차대차 - 측면충돌,직진우회전진행방해,건조,맑음,교차로 - 교차로안,승용,남,30세,기타불명,승용,여,26세,경상
2020051900100345,2020년 5월 19일 16시,화요일,대구광역시 수성구 상동,경상사고,0,0,1,0,차대차 - 추돌,안전운전불이행,건조,맑음,교차로 - 교차로부근,승용,여,63세,상해없음,승용,남,24세,경상
2020051900100346,2020년 5월 19일 16시,화요일,대구광역시 달서구 송현동,경상사고,0,0,1,0,차대차 - 측면충돌,교차로운행방법위반,건조,맑음,교차로 - 교차로안,화물,남,70세,상해없음,승용,여,42세,경상
2020051900100347,2020년 5월 19일 16시,화요일,대구광역시 달서구 진천동,부상신고사고,0,0,0,1,차대차 - 측면충돌,안전운전불이행,젖음/습기,비,단일로 - 기타,이륜,남,25세,부상신고,승용,남,37세,상해없음
2020051900100348,2020년 5월 19일 16시,화요일,대구광역시 서구 비산동,경상사고,0,0,1,0,차대사람 - 기타,안전운전불이행,건조,맑음,단일로 - 기타,화물,남,59세,상해없음,보행자,남,70세,경상
2020051900100349,2020년 5월 19일 16시,화요일,대구광역시 달서구 이곡동,경상사고,0,0,1,0,차대사람 - 기타,안전운전불이행,건조,맑음,단일로 - 기타,승용,남,61세,상해없음,보행자,남,19세,경상
2020051900100396,2020년 5월 19일 17시,화요일,대구광역시 달서구 송현동,경상사고,0,0,1,0,차대차 - 측면충돌,교차로운행방법위반,건조,맑음,교차로 - 교차로안,승용,남,25세,상해없음,승용,남,37세,경상
2020051900100397,2020년 5월 19일 17시,화요일,대구광역시 북구 침산동,경상사고,0,0,1,0,차대차 - 측면충돌,안전운전불이행,건조,맑음,기타 - 기타,화물,남,40세,상해없음,승용,남,36세,경상
2020051900100431,2020년 5월 19일 18시,화요일,대구광역시 달서구 상인동,부상신고사고,0,0,0,1,차대차 - 측면충돌,교차로운행방법위반,건조,맑음,교차로 - 교차로안,이륜,남,28세,부상신고,승합,남,69세,상해없음
2020051900100433,2020년 5월 19일 18시,화요일,대구광역시 달성군 화원읍,경상사고,0,0,1,0,차대차 - 기타,안전운전불이행,건조,맑음,기타 - 기타,승용,남,52세,상해없음,이륜,남,18세,경상
2020051900100459,2020년 5월 19일 19시,화요일,대구광역시 북구 칠성동2가,경상사고,0,0,1,0,차대차 - 정면충돌,신호위반,건조,맑음,교차로 - 교차로안,승용,남,67세,상해없음,승용,여,41세,경상
2020051900100492,2020년 5월 19일 20시,화요일,대구광역시 달서구 죽전동,경상사고,0,0,3,0,차대차 - 측면충돌,안전거리미확보,건조,맑음,단일로 - 기타,승용,여,59세,상해없음,승용,남,31세,경상
2020051900100520,2020년 5월 19일 21시,화요일,대구광역시 수성구 신매동,경상사고,0,0,2,0,차대차 - 후진중충돌,안전운전불이행,건조,맑음,기타 - 기타,승용,남,26세,상해없음,승용,남,26세,경상
2020051900100521,2020년 5월 19일 21시,화요일,대구광역시 서구 내당동,부상신고사고,0,0,0,2,차대차 - 측면충돌,안전운전불이행,건조,맑음,단일로 - 기타,승용,남,39세,상해없음,이륜,남,25세,부상신고
2020051900100551,2020년 5월 19일 22시,화요일,대구광역시 수성구 수성동1가,경상사고,0,0,1,0,차대차 - 기타,안전운전불이행,건조,맑음,교차로 - 교차로부근,승용,여,56세,상해없음,이륜,남,26세,경상
2020052000100006,2020년 5월 20일 00시,수요일,대구광역시 달서구 호산동,중상사고,0,1,2,0,차대차 - 측면충돌,과속,건조,맑음,교차로 - 교차로안,승용,남,36세,중상,승용,남,59세,경상
2020052000100007,2020년 5월 20일 00시,수요일,대구광역시 북구 태전동,부상신고사고,0,0,0,1,차대사람 - 기타,안전운전불이행,건조,맑음,단일로 - 기타,기타불명,기타불명,미분류,기타불명,보행자,남,25세,부상신고
2020052000100018,2020년 5월 20일 01시,수요일,대구광역시 수성구 중동,경상사고,0,0,1,0,차대사람 - 길가장자리구역통행중,안전운전불이행,건조,맑음,단일로 - 기타,승용,여,40세,상해없음,보행자,남,33세,경상
2020052000100019,2020년 5월 20일 01시,수요일,대구광역시 북구 산격동,중상사고,0,1,0,0,차대차 - 정면충돌,신호위반,건조,맑음,교차로 - 교차로안,이륜,남,18세,상해없음,승용,남,62세,상해없음
2020052000100041,2020년 5월 20일 03시,수요일,대구광역시 달서구 본리동,경상사고,0,0,1,0,차량단독 - 기타,안전운전불이행,건조,맑음,교차로 - 교차로부근,이륜,남,50세,경상,,,,
2020052000100042,2020년 5월 20일 03시,수요일,대구광역시 북구 동천동,경상사고,0,0,2,0,차대차 - 측면충돌,안전운전불이행,건조,맑음,단일로 - 기타,승용,남,22세,기타불명,승용,남,24세,경상
2020052000100072,2020년 5월 20일 06시,수요일,대구광역시 북구 산격동,중상사고,0,1,0,0,차대차 - 기타,안전운전불이행,건조,맑음,교차로 - 교차로횡단보도내,자전거,남,86세,중상,화물,남,27세,상해없음
2020052000100085,2020년 5월 20일 07시,수요일,대구광역시 남구 대명동,경상사고,0,0,1,0,차대차 - 측면충돌,안전거리미확보,건조,맑음,단일로 - 지하차도(도로)내,승합,남,66세,상해없음,승용,남,59세,상해없음
2020052000100086,2020년 5월 20일 07시,수요일,대구광역시 동구 효목동,경상사고,0,0,1,0,차대차 - 기타,안전운전불이행,건조,맑음,교차로 - 교차로횡단보도내,승용,남,30세,상해없음,자전거,여,56세,경상
2020052000100123,2020년 5월 20일 08시,수요일,대구광역시 남구 대명동,경상사고,0,0,2,0,차대차 - 기타,안전운전불이행,건조,맑음,단일로 - 기타,승용,남,42세,경상,승용,남,38세,경상
2020052000100124,2020년 5월 20일 08시,수요일,대구광역시 동구 신암동,경상사고,0,0,1,0,차대차 - 측면충돌,안전운전불이행,건조,맑음,단일로 - 기타,승용,여,40세,상해없음,승용,여,57세,경상
2020052000100125,2020년 5월 20일 08시,수요일,대구광역시 달서구 유천동,중상사고,0,1,0,0,차대사람 - 횡단중,안전운전불이행,건조,맑음,교차로 - 교차로부근,승용,여,48세,상해없음,보행자,여,52세,중상
2020052000100162,2020년 5월 20일 09시,수요일,대구광역시 북구 국우동,중상사고,0,2,2,0,차대차 - 측면충돌,신호위반,건조,맑음,교차로 - 교차로안,화물,남,59세,중상,승용,남,64세,경상
2020052000100193,2020년 5월 20일 10시,수요일,대구광역시 수성구 황금동,중상사고,0,1,0,0,차대사람 - 기타,안전운전불이행,건조,맑음,단일로 - 기타,승합,남,48세,상해없음,보행자,여,67세,중상
2020052000100194,2020년 5월 20일 10시,수요일,대구광역시 달서구 송현동,중상사고,0,1,0,0,차대사람 - 횡단중,보행자보호의무위반,건조,맑음,교차로 - 교차로횡단보도내,승용,여,52세,상해없음,보행자,여,75세,중상
2020052000100195,2020년 5월 20일 10시,수요일,대구광역시 달성군 다사읍,경상사고,0,0,1,0,차대사람 - 기타,안전운전불이행,건조,맑음,주차장 - 주차장,승용,여,37세,상해없음,보행자,남,40세,경상
2020052000100196,2020년 5월 20일 10시,수요일,대구광역시 중구 대봉동,경상사고,0,0,1,0,차대차 - 측면충돌,안전운전불이행,건조,맑음,단일로 - 기타,승용,남,75세,상해없음,승용,여,35세,경상
2020052000100197,2020년 5월 20일 10시,수요일,대구광역시 중구 대신동,경상사고,0,0,1,0,차대차 - 측면충돌,안전운전불이행,건조,맑음,단일로 - 기타,이륜,여,69세,경상,승용,여,58세,상해없음
2020052000100240,2020년 5월 20일 11시,수요일,대구광역시 북구 대현동,부상신고사고,0,0,0,1,차대사람 - 기타,안전운전불이행,건조,맑음,주차장 - 주차장,이륜,남,66세,상해없음,보행자,여,60세,부상신고
2020052000100241,2020년 5월 20일 11시,수요일,대구광역시 북구 연경동,경상사고,0,0,1,0,차대차 - 측면충돌,안전운전불이행,건조,맑음,단일로 - 기타,승용,여,75세,상해없음,승용,여,59세,경상
2020052000100286,2020년 5월 20일 12시,수요일,대구광역시 동구 신서동,중상사고,0,1,0,0,차대차 - 측면충돌,신호위반,건조,맑음,교차로 - 교차로부근,이륜,남,18세,중상,화물,남,46세,기타불명
2020052000100287,2020년 5월 20일 12시,수요일,대구광역시 달서구 송현동,중상사고,0,1,0,0,차대차 - 측면충돌,안전거리미확보,건조,맑음,교차로 - 교차로부근,승용,여,41세,상해없음,승용,남,40세,중상
2020052000100288,2020년 5월 20일 12시,수요일,대구광역시 북구 구암동,부상신고사고,0,0,0,1,차대차 - 기타,안전운전불이행,건조,맑음,교차로 - 교차로안,이륜,남,24세,부상신고,화물,남,35세,상해없음
2020052000100320,2020년 5월 20일 13시,수요일,대구광역시 북구 침산동,경상사고,0,0,1,0,차대차 - 추돌,안전운전불이행,건조,맑음,단일로 - 기타,이륜,여,56세,경상,승용,남,31세,상해없음