사고번호,사고일시,요일,시군구,사고내용,사망자수,중상자수,경상자수,부상신고자수,사고유형,법규위반,노면상태,기상상태,도로형태,가해운전자 차종,가해운전자 성별,가해운전자 연령,가해운전자 상해정도,피해운전자 차종,피해운전자 성별,피해운전자 연령,피해운전자 상해정도
2020052000100321,2020년 5월 20일 13시,수요일,대구광역시 서구 내당동,중상사고,0,1,0,0,차대차 - 측면충돌,불법유턴,건조,맑음,교차로 - 교차로안,자전거,남,73세,중상,승용,남,47세,상해없음
2020052000100357,2020년 5월 20일 14시,수요일,대구광역시 수성구 만촌동,경상사고,0,0,1,0,차대차 - 측면충돌,안전운전불이행,건조,맑음,교차로 - 교차로안,승용,남,38세,상해없음,승용,여,54세,경상
2020052000100358,2020년 5월 20일 14시,수요일,대구광역시 달서구 월성동,경상사고,0,0,1,0,차대차 - 측면충돌,안전거리미확보,건조,맑음,교차로 - 교차로부근,승용,여,53세,상해없음,승용,여,54세,경상
2020052000100359,2020년 5월 20일 14시,수요일,대구광역시 북구 칠성동1가,경상사고,0,0,1,0,차대사람 - 기타,기타,건조,맑음,교차로 - 교차로횡단보도내,승용,남,73세,상해없음,보행자,여,62세,경상
2020052000100360,2020년 5월 20일 14시,수요일,대구광역시 서구 평리동,경상사고,0,0,2,0,차대차 - 측면충돌,신호위반,건조,맑음,교차로 - 교차로안,승용,남,78세,경상,이륜,남,37세,경상
2020052000100399,2020년 5월 20일 15시,수요일,대구광역시 북구 침산동,경상사고,0,0,1,0,차대차 - 측면충돌,안전운전불이행,건조,맑음,기타 - 기타,승용,남,52세,상해없음,자전거,여,53세,경상
2020052000100400,2020년 5월 20일 15시,수요일,대구광역시 북구 태전동,중상사고,0,1,1,0,차대차 - 기타,중앙선침범,건조,맑음,단일로 - 기타,자전거,남,59세,중상,승용,여,52세,경상
2020052000100446,2020년 5월 20일 16시,수요일,대구광역시 남구 대명동,경상사고,0,0,1,0,차대차 - 기타,안전운전불이행,건조,맑음,단일로 - 기타,승용,남,52세,상해없음,원동기,남,39세,경상
2020052000100447,2020년 5월 20일 16시,수요일,대구광역시 수성구 두산동,중상사고,0,1,0,0,차대사람 - 횡단중,보행자보호의무위반,건조,맑음,단일로 - 기타,승용,여,49세,상해없음,보행자,남,4세,중상
2020052000100497,2020년 5월 20일 17시,수요일,대구광역시 달서구 월성동,경상사고,0,0,1,0,차대차 - 측면충돌,안전운전불이행,건조,맑음,단일로 - 기타,자전거,남,24세,상해없음,자전거,남,73세,경상
2020052000100498,2020년 5월 20일 17시,수요일,대구광역시 달서구 송현동,부상신고사고,0,0,0,1,차대차 - 측면충돌,직진우회전진행방해,건조,맑음,교차로 - 교차로안,승용,남,39세,상해없음,자전거,남,53세,부상신고
2020052000100584,2020년 5월 20일 19시,수요일,대구광역시 북구 복현동,경상사고,0,0,1,0,차대차 - 측면충돌,교차로운행방법위반,건조,맑음,교차로 - 교차로안,승용,남,60세,상해없음,화물,남,53세,상해없음
2020052000100585,2020년 5월 20일 19시,수요일,대구광역시 달서구 신당동,경상사고,0,0,1,0,차대사람 - 기타,안전운전불이행,건조,맑음,단일로 - 기타,승용,여,30세,상해없음,보행자,남,33세,경상
2020052000100616,2020년 5월 20일 20시,수요일,대구광역시 달성군 다사읍,경상사고,0,0,1,0,차대차 - 기타,안전운전불이행,건조,맑음,교차로 - 교차로부근,승용,여,43세,상해없음,이륜,남,58세,경상
2020052000100617,2020년 5월 20일 20시,수요일,대구광역시 달서구 장동,경상사고,0,0,2,0,차대차 - 측면충돌,안전운전불이행,건조,맑음,교차로 - 교차로안,승용,남,49세,상해없음,승용,남,25세,경상
2020052000100638,2020년 5월 20일 21시,수요일,대구광역시 달성군 논공읍,부상신고사고,0,0,0,1,차대사람 - 기타,안전운전불이행,건조,맑음,기타 - 기타,승용,남,36세,상해없음,보행자,남,미분류,부상신고
2020052000100667,2020년 5월 20일 22시,수요일,대구광역시 수성구 두산동,경상사고,0,0,1,0,차대사람 - 기타,안전운전불이행,건조,맑음,단일로 - 기타,승용,남,64세,상해없음,보행자,남,49세,경상
2020052000100668,2020년 5월 20일 22시,수요일,대구광역시 수성구 상동,경상사고,0,0,2,0,차대차 - 측면충돌,차로위반,건조,맑음,교차로 - 교차로안,승용,남,48세,상해없음,승용,여,42세,경상
2020052100100012,2020년 5월 21일 01시,목요일,대구광역시 달서구 두류동,부상신고사고,0,0,0,1,차대차 - 기타,안전거리미확보,건조,맑음,기타 - 기타,승용,남,20세,상해없음,승용,남,20세,부상신고
2020052100100020,2020년 5월 21일 03시,목요일,대구광역시 달서구 감삼동,경상사고,0,0,2,0,차대차 - 측면충돌,안전운전불이행,건조,맑음,교차로 - 교차로부근,승용,여,47세,경상,이륜,남,35세,경상
2020052100100036,2020년 5월 21일 05시,목요일,대구광역시 달서구 본동,중상사고,0,2,0,0,차대차 - 측면충돌,신호위반,건조,맑음,교차로 - 교차로안,승용,여,65세,중상,승합,남,46세,중상
2020052100100037,2020년 5월 21일 05시,목요일,대구광역시 중구 삼덕동2가,중상사고,0,1,0,0,차대차 - 측면충돌,안전거리미확보,건조,맑음,단일로 - 기타,승용,남,70세,상해없음,이륜,남,26세,중상
2020052100100112,2020년 5월 21일 08시,목요일,대구광역시 수성구 두산동,중상사고,0,1,0,0,차대사람 - 기타,안전운전불이행,건조,맑음,단일로 - 기타,기타불명,기타불명,미분류,기타불명,보행자,여,55세,중상
2020052100100113,2020년 5월 21일 08시,목요일,대구광역시 북구 산격동,중상사고,0,1,1,0,차대차 - 기타,안전거리미확보,건조,맑음,단일로 - 기타,승용,남,40세,중상,승용,남,42세,경상
2020052100100146,2020년 5월 21일 09시,목요일,대구광역시 달서구 상인동,경상사고,0,0,1,0,차대차 - 후진중충돌,안전운전불이행,건조,맑음,기타 - 기타,화물,남,55세,상해없음,승용,여,62세,경상
2020052100100176,2020년 5월 21일 10시,목요일,대구광역시 남구 봉덕동,경상사고,0,0,1,1,차대차 - 측면충돌,안전거리미확보,건조,맑음,단일로 - 기타,이륜,남,50세,부상신고,승용,남,67세,경상
2020052100100177,2020년 5월 21일 10시,목요일,대구광역시 북구 침산동,중상사고,0,1,0,0,차대차 - 측면충돌,안전운전불이행,건조,맑음,교차로 - 교차로부근,승용,여,46세,상해없음,자전거,여,70세,중상
2020052100100178,2020년 5월 21일 10시,목요일,대구광역시 중구 대봉동,부상신고사고,0,0,0,2,차대차 - 측면충돌,안전운전불이행,건조,맑음,단일로 - 기타,승용,여,53세,부상신고,승용,여,67세,상해없음
2020052100100218,2020년 5월 21일 11시,목요일,대구광역시 남구 봉덕동,경상사고,0,0,1,0,차대사람 - 기타,안전운전불이행,건조,맑음,기타 - 기타,건설기계,남,62세,상해없음,보행자,여,51세,경상
2020052100100219,2020년 5월 21일 11시,목요일,대구광역시 달성군 다사읍,경상사고,0,0,1,0,차대차 - 기타,안전운전불이행,건조,맑음,기타 - 기타,자전거,남,53세,상해없음,자전거,남,35세,경상
2020052100100220,2020년 5월 21일 11시,목요일,대구광역시 북구 구암동,경상사고,0,0,3,0,차대차 - 측면충돌,교차로운행방법위반,건조,맑음,교차로 - 교차로부근,승용,여,23세,상해없음,승용,남,22세,경상
2020052100100255,2020년 5월 21일 12시,목요일,대구광역시 수성구 신매동,경상사고,0,0,1,0,차대차 - 측면충돌,안전운전불이행,건조,맑음,교차로 - 교차로안,승용,남,23세,상해없음,자전거,여,65세,경상
2020052100100256,2020년 5월 21일 12시,목요일,대구광역시 북구 침산동,경상사고,0,0,1,0,차대차 - 측면충돌,안전운전불이행,건조,맑음,기타 - 기타,승용,여,50세,상해없음,자전거,남,77세,경상
2020052100100257,2020년 5월 21일 12시,목요일,대구광역시 달서구 용산동,경상사고,0,0,2,0,차대차 - 측면충돌,차로위반,건조,맑음,기타 - 기타,승용,남,78세,상해없음,이륜,남,17세,경상
2020052100100258,2020년 5월 21일 12시,목요일,대구광역시 달서구 용산동,중상사고,0,1,1,0,차대차 - 기타,신호위반,건조,맑음,교차로 - 교차로안,화물,남,60세,상해없음,승용,여,59세,중상
2020052100100289,2020년 5월 21일 13시,목요일,대구광역시 수성구 범어동,경상사고,0,0,1,0,차대차 - 기타,안전운전불이행,건조,맑음,교차로 - 교차로안,기타불명,기타불명,미분류,기타불명,이륜,남,23세,경상
2020052100100290,2020년 5월 21일 13시,목요일,대구광역시 수성구 사월동,경상사고,0,0,1,0,차대차 - 추돌,안전운전불이행,건조,맑음,단일로 - 기타,화물,남,62세,상해없음,승용,여,57세,경상
2020052100100291,2020년 5월 21일 13시,목요일,대구광역시 수성구 황금동,부상신고사고,0,0,0,1,차대사람 - 차도통행중,안전운전불이행,건조,맑음,단일로 - 기타,승용,남,39세,상해없음,보행자,여,57세,부상신고
2020052100100325,2020년 5월 21일 14시,목요일,대구광역시 달서구 죽전동,부상신고사고,0,0,0,1,차대차 - 기타,안전운전불이행,건조,맑음,기타 - 기타,기타불명,기타불명,미분류,기타불명,자전거,남,73세,부상신고
2020052100100367,2020년 5월 21일 15시,목요일,대구광역시 남구 대명동,중상사고,0,1,0,0,차대차 - 기타,신호위반,건조,맑음,교차로 - 교차로횡단보도내,이륜,남,28세,상해없음,이륜,남,54세,중상
2020052100100368,2020년 5월 21일 15시,목요일,대구광역시 수성구 중동,중상사고,0,1,0,0,차대사람 - 기타,안전운전불이행,건조,맑음,기타 - 기타,자전거,남,35세,상해없음,보행자,남,52세,중상
2020052100100369,2020년 5월 21일 15시,목요일,대구광역시 달성군 화원읍,경상사고,0,0,1,0,차대차 - 기타,안전운전불이행,건조,맑음,기타 - 기타,승용,남,61세,상해없음,이륜,남,20세,경상
2020052100100370,2020년 5월 21일 15시,목요일,대구광역시 달서구 두류동,경상사고,0,0,1,0,차대차 - 측면충돌,신호위반,건조,맑음,단일로 - 기타,승용,남,74세,상해없음,자전거,남,69세,경상
2020052100100398,2020년 5월 21일 16시,목요일,대구광역시 수성구 만촌동,경상사고,0,0,2,0,차대차 - 정면충돌,안전운전불이행,건조,맑음,단일로 - 기타,승용,여,22세,상해없음,승용,여,38세,경상
2020052100100399,2020년 5월 21일 16시,목요일,대구광역시 중구 태평로2가,경상사고,0,0,1,1,차대차 - 측면충돌,안전거리미확보,건조,맑음,단일로 - 기타,이륜,남,17세,부상신고,승용,남,26세,경상
2020052100100449,2020년 5월 21일 17시,목요일,대구광역시 달성군 화원읍,경상사고,0,0,4,0,차대차 - 기타,안전운전불이행,건조,맑음,단일로 - 기타,화물,남,30세,기타불명,승용,여,66세,경상
2020052100100456,2020년 5월 21일 17시,목요일,대구광역시 동구 각산동,중상사고,0,1,0,0,차대차 - 기타,안전운전불이행,건조,맑음,기타 - 기타,승용,남,50세,상해없음,자전거,남,11세,중상
2020052100100457,2020년 5월 21일 17시,목요일,대구광역시 수성구 범물동,경상사고,0,0,1,0,차대차 - 측면충돌,안전운전불이행,건조,맑음,단일로 - 기타,승용,남,60세,상해없음,승용,남,62세,경상
2020052100100458,2020년 5월 21일 17시,목요일,대구광역시 수성구 만촌동,중상사고,0,1,0,0,차대사람 - 차도통행중,안전운전불이행,건조,맑음,단일로 - 기타,승용,여,37세,상해없음,보행자,남,5세,중상
2020052100100459,2020년 5월 21일 17시,목요일,대구광역시 수성구 범어동,경상사고,0,0,1,0,차대사람 - 기타,기타,건조,맑음,단일로 - 기타,기타불명,기타불명,미분류,기타불명,보행자,여,22세,경상
2020052100100460,2020년 5월 21일 17시,목요일,대구광역시 달성군 옥포읍,경상사고,0,0,1,0,차대차 - 기타,신호위반,건조,맑음,교차로 - 교차로안,화물,남,59세,상해없음,자전거,남,8세,경상
2020052100100507,2020년 5월 21일 18시,목요일,대구광역시 수성구 수성동1가,중상사고,0,1,0,0,차대차 - 정면충돌,안전운전불이행,건조,맑음,단일로 - 기타,자전거,남,10세,상해없음,자전거,여,56세,중상
2020052100100508,2020년 5월 21일 18시,목요일,대구광역시 달성군 화원읍,경상사고,0,0,1,0,차대차 - 추돌,안전운전불이행,건조,맑음,단일로 - 기타,이륜,남,22세,상해없음,승용,남,62세,경상
2020052100100509,2020년 5월 21일 18시,목요일,대구광역시 달서구 호산동,경상사고,0,0,1,0,차대차 - 기타,안전거리미확보,건조,맑음,교차로 - 교차로부근,승용,남,26세,상해없음,승용,남,40세,경상
2020052100100510,2020년 5월 21일 18시,목요일,대구광역시 북구 서변동,경상사고,0,0,3,0,차대차 - 측면충돌,차로위반,건조,맑음,교차로 - 교차로부근,승용,남,56세,경상,승용,여,49세,경상
2020052100100566,2020년 5월 21일 20시,목요일,대구광역시 동구 입석동,경상사고,0,0,1,0,차대차 - 정면충돌,안전운전불이행,건조,맑음,단일로 - 기타,승용,여,50세,상해없음,이륜,남,25세,경상
2020052100100591,2020년 5월 21일 21시,목요일,대구광역시 달서구 상인동,경상사고,0,0,2,0,차대차 - 측면충돌,안전거리미확보,건조,맑음,단일로 - 기타,승용,남,50세,상해없음,승합,남,51세,경상
2020052100100592,2020년 5월 21일 21시,목요일,대구광역시 서구 이현동,경상사고,0,0,1,0,차대차 - 기타,기타,건조,맑음,단일로 - 기타,기타불명,기타불명,미분류,기타불명,승용,남,69세,상해없음
2020052100100625,2020년 5월 21일 23시,목요일,대구광역시 달서구 상인동,경상사고,0,0,1,0,차대차 - 추돌,안전운전불이행,건조,맑음,교차로 - 교차로부근,승용,남,36세,상해없음,이륜,남,41세,경상
2020052100100626,2020년 5월 21일 23시,목요일,대구광역시 서구 내당동,경상사고,0,0,1,0,차대차 - 측면충돌,신호위반,건조,맑음,교차로 - 교차로안,승용,남,27세,상해없음,이륜,남,26세,경상
2020052200100021,2020년 5월 22일 01시,금요일,대구광역시 동구 효목동,중상사고,0,1,0,0,차대차 - 측면충돌,신호위반,건조,맑음,교차로 - 교차로안,승용,여,56세,상해없음,승용,여,53세,중상
2020052200100022,2020년 5월 22일 01시,금요일,대구광역시 서구 내당동,경상사고,0,0,1,0,차대차 - 기타,안전거리미확보,건조,맑음,단일로 - 기타,승용,남,60세,상해없음,승용,남,59세,상해없음
2020052200100031,2020년 5월 22일 03시,금요일,대구광역시 남구 대명동,경상사고,0,0,4,0,차대차 - 측면충돌,안전운전불이행,건조,맑음,단일로 - 기타,승용,남,28세,상해없음,이륜,남,37세,경상
2020052200100059,2020년 5월 22일 06시,금요일,대구광역시 북구 검단동,경상사고,0,0,1,0,차대차 - 측면충돌,신호위반,건조,맑음,교차로 - 교차로안,화물,남,56세,상해없음,승용,남,68세,경상
2020052200100113,2020년 5월 22일 08시,금요일,대구광역시 달서구 월성동,경상사고,0,0,1,0,차대차 - 측면충돌,안전운전불이행,건조,맑음,교차로 - 교차로안,승용,여,36세,상해없음,화물,남,47세,경상
2020052200100115,2020년 5월 22일 08시,금요일,대구광역시 북구 칠성동2가,사망사고,1,0,0,0,차대차 - 측면충돌,안전거리미확보,건조,맑음,단일로 - 기타,화물,남,29세,상해없음,승용,남,29세,상해없음
2020052200100145,2020년 5월 22일 09시,금요일,대구광역시 서구 내당동,중상사고,0,1,2,0,차대차 - 추돌,안전거리미확보,건조,맑음,단일로 - 기타,승용,여,65세,상해없음,승용,여,27세,경상
2020052200100168,2020년 5월 22일 10시,금요일,대구광역시 수성구 범어동,경상사고,0,0,2,0,차대차 - 기타,안전운전불이행,건조,맑음,교차로 - 교차로부근,승용,남,49세,상해없음,이륜,남,18세,경상
2020052200100169,2020년 5월 22일 10시,금요일,대구광역시 서구 평리동,경상사고,0,0,1,0,차대사람 - 길가장자리구역통행중,안전운전불이행,건조,맑음,교차로 - 교차로안,승용,여,55세,상해없음,보행자,여,59세,경상
2020052200100211,2020년 5월 22일 11시,금요일,대구광역시 서구 이현동,중상사고,0,2,0,0,차대차 - 기타,안전운전불이행,건조,맑음,단일로 - 기타,승용,여,40세,상해없음,승용,여,34세,중상
2020052200100252,2020년 5월 22일 12시,금요일,대구광역시 동구 용수동,중상사고,0,3,1,0,차대차 - 정면충돌,안전운전불이행,건조,맑음,교차로 - 교차로안,승용,여,21세,상해없음,승용,남,27세,중상
2020052200100283,2020년 5월 22일 13시,금요일,대구광역시 수성구 범어동,중상사고,0,2,0,1,차대차 - 측면충돌,신호위반,건조,맑음,교차로 - 교차로안,특수,남,41세,부상신고,승용,여,52세,중상
2020052200100284,2020년 5월 22일 13시,금요일,대구광역시 달서구 용산동,경상사고,0,0,1,0,차대차 - 측면충돌,안전거리미확보,건조,맑음,단일로 - 기타,승용,남,29세,상해없음,화물,남,73세,상해없음
2020052200100285,2020년 5월 22일 13시,금요일,대구광역시 달서구 용산동,중상사고,0,1,1,0,차대차 - 기타,교차로운행방법위반,건조,맑음,교차로 - 교차로안,승용,여,29세,경상,승용,여,46세,중상
2020052200100286,2020년 5월 22일 13시,금요일,대구광역시 북구 국우동,경상사고,0,0,1,0,차대차 - 기타,안전거리미확보,건조,맑음,교차로 - 교차로부근,승용,남,81세,상해없음,승용,여,56세,경상
2020052200100287,2020년 5월 22일 13시,금요일,대구광역시 북구 노곡동,경상사고,0,0,1,0,차대차 - 추돌,안전거리미확보,건조,맑음,단일로 - 기타,화물,남,62세,상해없음,이륜,남,71세,경상
2020052200100337,2020년 5월 22일 14시,금요일,대구광역시 중구 삼덕동2가,부상신고사고,0,0,0,1,차대차 - 기타,중앙선침범,건조,맑음,단일로 - 기타,자전거,여,24세,부상신고,승용,남,38세,상해없음
2020052200100366,2020년 5월 22일 15시,금요일,대구광역시 북구 서변동,경상사고,0,0,1,0,차대차 - 측면충돌,안전운전불이행,건조,맑음,단일로 - 기타,승용,남,42세,상해없음,승용,여,42세,경상
2020052200100372,2020년 5월 22일 15시,금요일,대구광역시 북구 복현동,중상사고,0,1,1,0,차대차 - 측면충돌,안전운전불이행,건조,맑음,교차로 - 교차로안,승용,여,43세,중상,승용,남,22세,경상
2020052200100373,2020년 5월 22일 15시,금요일,대구광역시 북구 산격동,경상사고,0,0,1,0,차대사람 - 기타,안전운전불이행,건조,맑음,단일로 - 기타,승합,남,59세,기타불명,보행자,남,25세,경상
2020052200100414,2020년 5월 22일 16시,금요일,대구광역시 남구 대명동,중상사고,0,1,0,0,차대차 - 측면충돌,직진우회전진행방해,건조,맑음,교차로 - 교차로안,이륜,남,21세,상해없음,승용,여,28세,중상
2020052200100415,2020년 5월 22일 16시,금요일,대구광역시 북구 노원동3가,중상사고,0,1,1,1,차대차 - 측면충돌,안전거리미확보,건조,맑음,단일로 - 기타,승용,남,73세,중상,승용,남,38세,경상
2020052200100466,2020년 5월 22일 17시,금요일,대구광역시 수성구 수성동4가,경상사고,0,0,1,0,차대차 - 추돌,안전거리미확보,건조,맑음,단일로 - 기타,승용,남,30세,상해없음,화물,남,39세,경상
2020052200100522,2020년 5월 22일 18시,금요일,대구광역시 수성구 상동,경상사고,0,0,1,0,차대사람 - 횡단중,안전운전불이행,건조,맑음,기타 - 기타,승용,남,48세,상해없음,보행자,남,48세,경상
2020052200100523,2020년 5월 22일 18시,금요일,대구광역시 수성구 상동,경상사고,0,0,1,0,차대차 - 측면충돌,안전운전불이행,건조,맑음,교차로 - 교차로부근,승용,남,38세,경상,승용,여,54세,상해없음
2020052200100524,2020년 5월 22일 18시,금요일,대구광역시 수성구 상동,부상신고사고,0,0,0,1,차대차 - 측면충돌,안전거리미확보,건조,맑음,교차로 - 교차로부근,승용,남,29세,상해없음,승용,남,33세,상해없음
2020052200100525,2020년 5월 22일 18시,금요일,대구광역시 수성구 수성동4가,경상사고,0,0,1,0,차대차 - 측면충돌,기타,건조,맑음,단일로 - 기타,승용,여,48세,상해없음,이륜,남,34세,경상
2020052200100526,2020년 5월 22일 18시,금요일,대구광역시 북구 노원동3가,경상사고,0,0,1,0,차대사람 - 횡단중,보행자보호의무위반,건조,맑음,교차로 - 교차로횡단보도내,자전거,남,60세,상해없음,보행자,여,53세,경상
2020052200100569,2020년 5월 22일 19시,금요일,대구광역시 달성군 현풍읍,경상사고,0,0,1,0,차대사람 - 횡단중,안전운전불이행,건조,맑음,단일로 - 기타,기타불명,기타불명,미분류,기타불명,보행자,남,71세,경상
2020052200100570,2020년 5월 22일 19시,금요일,대구광역시 북구 산격동,경상사고,0,0,1,0,차대차 - 측면충돌,안전거리미확보,건조,맑음,단일로 - 기타,승용,남,23세,상해없음,이륜,남,30세,경상
2020052200100571,2020년 5월 22일 19시,금요일,대구광역시 북구 동변동,경상사고,0,0,1,0,차대차 - 기타,안전운전불이행,건조,맑음,교차로 - 교차로안,승용,여,48세,기타불명,자전거,남,12세,경상
2020052200100572,2020년 5월 22일 19시,금요일,대구광역시 북구 읍내동,부상신고사고,0,0,0,1,차대차 - 측면충돌,안전운전불이행,건조,맑음,단일로 - 기타,자전거,여,10세,상해없음,자전거,여,63세,부상신고
2020052200100612,2020년 5월 22일 20시,금요일,대구광역시 달성군 현풍읍,경상사고,0,0,1,0,차대차 - 기타,안전운전불이행,건조,맑음,교차로 - 교차로부근,승용,남,34세,상해없음,승용,남,38세,경상
2020052200100613,2020년 5월 22일 20시,금요일,대구광역시 달서구 용산동,부상신고사고,0,0,0,1,차대사람 - 기타,안전운전불이행,건조,맑음,단일로 - 기타,자전거,남,63세,상해없음,보행자,남,34세,부상신고
2020052200100645,2020년 5월 22일 21시,금요일,대구광역시 중구 대봉동,경상사고,0,0,1,0,차대차 - 측면충돌,신호위반,건조,맑음,교차로 - 교차로횡단보도내,승용,남,43세,상해없음,자전거,남,24세,경상
2020052200100646,2020년 5월 22일 21시,금요일,대구광역시 수성구 수성동1가,경상사고,0,0,1,0,차대차 - 측면충돌,안전거리미확보,건조,맑음,단일로 - 기타,화물,남,71세,상해없음,승용,여,45세,경상
2020052200100647,2020년 5월 22일 21시,금요일,대구광역시 서구 원대동3가,중상사고,0,1,0,0,차대사람 - 횡단중,과속,건조,맑음,교차로 - 교차로안,이륜,남,34세,상해없음,보행자,남,53세,중상
2020052200100697,2020년 5월 22일 23시,금요일,대구광역시 남구 봉덕동,경상사고,0,0,2,0,차대차 - 추돌,안전운전불이행,건조,맑음,기타 - 기타,승용,남,29세,상해없음,화물,남,52세,경상
2020052300100011,2020년 5월 23일 00시,토요일,대구광역시 남구 봉덕동,경상사고,0,0,1,0,차대차 - 추돌,안전운전불이행,건조,맑음,단일로 - 기타,승용,남,33세,상해없음,이륜,남,19세,경상
2020052300100012,2020년 5월 23일 00시,토요일,대구광역시 수성구 이천동,경상사고,0,0,1,0,차대차 - 추돌,안전운전불이행,건조,맑음,기타 - 기타,승용,남,22세,상해없음,승용,여,49세,경상
2020052300100037,2020년 5월 23일 02시,토요일,대구광역시 동구 지저동,경상사고,0,0,2,0,차대사람 - 횡단중,안전운전불이행,건조,맑음,단일로 - 기타,기타불명,기타불명,미분류,기타불명,보행자,남,23세,경상
2020052300100055,2020년 5월 23일 04시,토요일,대구광역시 수성구 만촌동,중상사고,0,1,0,0,차대차 - 기타,중앙선침범,건조,맑음,단일로 - 기타,화물,남,51세,상해없음,자전거,남,79세,중상
2020052300100056,2020년 5월 23일 04시,토요일,대구광역시 달서구 본리동,경상사고,0,0,2,0,차대차 - 측면충돌,안전운전불이행,건조,맑음,기타 - 기타,승용,남,39세,상해없음,승용,남,47세,경상
2020052300100095,2020년 5월 23일 08시,토요일,대구광역시 달성군 하빈면,사망사고,1,1,1,0,차대차 - 기타,안전운전불이행,건조,맑음,교차로 - 교차로안,화물,남,68세,경상,농기계,남,68세,중상
2020052300100096,2020년 5월 23일 08시,토요일,대구광역시 달서구 두류동,경상사고,0,0,2,0,차대차 - 측면충돌,안전거리미확보,건조,맑음,단일로 - 기타,건설기계,남,65세,상해없음,승용,남,57세,경상
2020052300100151,2020년 5월 23일 10시,토요일,대구광역시 남구 대명동,경상사고,0,0,1,0,차대차 - 측면충돌,안전운전불이행,건조,맑음,교차로 - 교차로부근,승용,남,53세,상해없음,이륜,남,18세,경상
2020052300100152,2020년 5월 23일 10시,토요일,대구광역시 동구 신천동,중상사고,0,1,0,0,차대차 - 측면충돌,기타,건조,맑음,교차로 - 교차로횡단보도내,승용,남,30세,상해없음,승용,남,65세,중상
2020052300100153,2020년 5월 23일 10시,토요일,대구광역시 달서구 진천동,경상사고,0,0,4,0,차대차 - 측면충돌,안전운전불이행,건조,맑음,교차로 - 교차로안,승용,남,28세,상해없음,승용,남,39세,경상
2020052300100154,2020년 5월 23일 10시,토요일,대구광역시 달서구 용산동,경상사고,0,0,1,0,차대차 - 추돌,안전거리미확보,건조,맑음,단일로 - 기타,화물,남,54세,상해없음,승용,남,48세,경상
2020052300100198,2020년 5월 23일 11시,토요일,대구광역시 수성구 상동,경상사고,0,0,3,0,차대차 - 추돌,신호위반,건조,맑음,교차로 - 교차로부근,승용,남,59세,상해없음,승용,남,43세,경상
2020052300100199,2020년 5월 23일 11시,토요일,대구광역시 수성구 황금동,경상사고,0,0,1,0,차대사람 - 차도통행중,안전운전불이행,건조,맑음,교차로 - 교차로부근,승용,남,32세,상해없음,보행자,여,26세,경상
2020052300100201,2020년 5월 23일 11시,토요일,대구광역시 북구 산격동,부상신고사고,0,0,0,1,차대차 - 후진중충돌,중앙선침범,건조,맑음,단일로 - 기타,자전거,남,41세,부상신고,승용,남,53세,상해없음
2020052300100202,2020년 5월 23일 11시,토요일,대구광역시 서구 원대동3가,중상사고,0,1,2,0,차대차 - 측면충돌,안전운전불이행,건조,맑음,교차로 - 교차로안,승용,남,64세,상해없음,이륜,남,66세,중상
2020052300100246,2020년 5월 23일 12시,토요일,대구광역시 동구 검사동,부상신고사고,0,0,0,1,차대차 - 기타,기타,건조,맑음,단일로 - 기타,승용,남,20세,기타불명,이륜,남,42세,부상신고
2020052300100247,2020년 5월 23일 12시,토요일,대구광역시 달서구 상인동,사망사고,1,0,0,0,차대사람 - 횡단중,보행자보호의무위반,건조,맑음,교차로 - 교차로안,화물,남,48세,상해없음,보행자,여,54세,사망
2020052300100248,2020년 5월 23일 12시,토요일,대구광역시 북구 침산동,경상사고,0,0,1,0,차대차 - 측면충돌,불법유턴,건조,맑음,교차로 - 교차로안,이륜,남,78세,경상,승용,남,37세,상해없음
2020052300100294,2020년 5월 23일 13시,토요일,대구광역시 남구 봉덕동,경상사고,0,0,1,1,차대차 - 측면충돌,신호위반,건조,맑음,교차로 - 교차로안,승용,남,60세,상해없음,승용,남,58세,경상
2020052300100295,2020년 5월 23일 13시,토요일,대구광역시 남구 봉덕동,중상사고,0,1,1,0,차대차 - 측면충돌,안전운전불이행,건조,맑음,교차로 - 교차로부근,이륜,남,39세,중상,승용,여,73세,경상
2020052300100296,2020년 5월 23일 13시,토요일,대구광역시 동구 송정동,경상사고,0,0,2,1,차대차 - 추돌,안전운전불이행,건조,맑음,단일로 - 기타,원동기,남,52세,부상신고,승용,남,73세,경상
2020052300100297,2020년 5월 23일 13시,토요일,대구광역시 북구 연경동,부상신고사고,0,0,0,3,차대차 - 측면충돌,교차로운행방법위반,건조,맑음,교차로 - 교차로안,승용,여,39세,부상신고,승합,남,50세,상해없음
2020052300100366,2020년 5월 23일 15시,토요일,대구광역시 북구 복현동,경상사고,0,0,8,0,차대차 - 측면충돌,안전운전불이행,건조,맑음,단일로 - 기타,승용,남,59세,경상,승용,여,31세,경상
2020052300100406,2020년 5월 23일 16시,토요일,대구광역시 동구 효목동,경상사고,0,0,1,0,차대차 - 정면충돌,중앙선침범,건조,맑음,단일로 - 기타,승용,남,26세,상해없음,승용,남,55세,경상
2020052300100407,2020년 5월 23일 16시,토요일,대구광역시 달서구 두류동,중상사고,0,1,0,0,차대차 - 측면충돌,안전운전불이행,건조,맑음,교차로 - 교차로부근,승용,남,71세,상해없음,이륜,남,66세,중상