사고번호,사고일시,요일,시군구,사고내용,사망자수,중상자수,경상자수,부상신고자수,사고유형,법규위반,노면상태,기상상태,도로형태,가해운전자 차종,가해운전자 성별,가해운전자 연령,가해운전자 상해정도,피해운전자 차종,피해운전자 성별,피해운전자 연령,피해운전자 상해정도
2020052300100408,2020년 5월 23일 16시,토요일,대구광역시 북구 태전동,경상사고,0,0,1,0,차대차 - 측면충돌,안전운전불이행,건조,맑음,단일로 - 기타,승용,여,49세,상해없음,원동기,남,23세,경상
2020052300100452,2020년 5월 23일 17시,토요일,대구광역시 남구 봉덕동,경상사고,0,0,2,0,차대차 - 추돌,안전거리미확보,건조,맑음,단일로 - 터널,승합,남,50세,상해없음,승용,여,31세,경상
2020052300100453,2020년 5월 23일 17시,토요일,대구광역시 동구 방촌동,중상사고,0,1,0,0,차대차 - 측면충돌,안전운전불이행,건조,맑음,단일로 - 기타,승합,남,61세,기타불명,승용,남,26세,중상
2020052300100454,2020년 5월 23일 17시,토요일,대구광역시 달서구 대천동,경상사고,0,0,1,0,차대차 - 측면충돌,안전거리미확보,건조,맑음,단일로 - 기타,승용,남,44세,상해없음,승용,여,56세,경상
2020052300100455,2020년 5월 23일 17시,토요일,대구광역시 달성군 화원읍,중상사고,0,1,0,0,차량단독 - 기타,안전운전불이행,건조,맑음,단일로 - 기타,자전거,남,47세,중상,,,,
2020052300100456,2020년 5월 23일 17시,토요일,대구광역시 북구 산격동,경상사고,0,0,1,0,차대사람 - 횡단중,안전운전불이행,건조,맑음,단일로 - 기타,화물,남,62세,상해없음,보행자,남,24세,경상
2020052300100457,2020년 5월 23일 17시,토요일,대구광역시 달서구 신당동,중상사고,0,1,0,0,차대차 - 측면충돌,차로위반,건조,맑음,단일로 - 기타,승용,남,21세,상해없음,이륜,남,28세,중상
2020052300100458,2020년 5월 23일 17시,토요일,대구광역시 달서구 성당동,중상사고,0,1,0,1,차대차 - 추돌,안전거리미확보,건조,흐림,단일로 - 기타,화물,남,63세,상해없음,화물,남,57세,부상신고
2020052300100485,2020년 5월 23일 18시,토요일,대구광역시 동구 신천동,경상사고,0,0,1,0,차대사람 - 기타,보행자보호의무위반,건조,맑음,단일로 - 기타,승용,여,37세,상해없음,보행자,여,43세,경상
2020052300100486,2020년 5월 23일 18시,토요일,대구광역시 수성구 만촌동,경상사고,0,0,1,0,차대사람 - 기타,안전운전불이행,건조,맑음,주차장 - 주차장,승용,남,56세,상해없음,보행자,남,71세,경상
2020052300100487,2020년 5월 23일 18시,토요일,대구광역시 달성군 다사읍,중상사고,0,1,0,0,차대차 - 기타,안전운전불이행,건조,맑음,교차로 - 교차로부근,자전거,남,12세,상해없음,자전거,남,52세,중상
2020052300100514,2020년 5월 23일 19시,토요일,대구광역시 서구 내당동,경상사고,0,0,2,0,차대차 - 측면충돌,교차로운행방법위반,건조,맑음,교차로 - 교차로안,승용,남,29세,상해없음,이륜,남,18세,경상
2020052300100542,2020년 5월 23일 20시,토요일,대구광역시 동구 신천동,경상사고,0,0,4,0,차대차 - 측면충돌,차로위반,건조,맑음,교차로 - 교차로부근,승용,남,37세,상해없음,승용,남,21세,경상
2020052300100543,2020년 5월 23일 20시,토요일,대구광역시 달성군 다사읍,경상사고,0,0,2,1,차대차 - 측면충돌,안전운전불이행,건조,맑음,단일로 - 기타,승용,여,32세,부상신고,승용,여,49세,경상
2020052300100567,2020년 5월 23일 21시,토요일,대구광역시 달서구 대천동,경상사고,0,0,1,0,차대차 - 측면충돌,안전거리미확보,건조,맑음,교차로 - 교차로부근,승용,남,32세,상해없음,원동기,남,34세,경상
2020052300100590,2020년 5월 23일 22시,토요일,대구광역시 서구 내당동,중상사고,0,1,2,0,차대차 - 측면충돌,안전거리미확보,건조,맑음,단일로 - 기타,기타불명,기타불명,미분류,기타불명,승용,남,56세,경상
2020052400100052,2020년 5월 24일 02시,일요일,대구광역시 수성구 두산동,경상사고,0,0,1,0,차대사람 - 길가장자리구역통행중,안전운전불이행,건조,맑음,단일로 - 기타,승용,여,31세,상해없음,보행자,남,43세,경상
2020052400100053,2020년 5월 24일 02시,일요일,대구광역시 북구 산격동,경상사고,0,0,1,0,차대사람 - 기타,안전운전불이행,건조,맑음,단일로 - 기타,승용,남,28세,상해없음,보행자,남,27세,경상
2020052400100075,2020년 5월 24일 04시,일요일,대구광역시 달서구 두류동,경상사고,0,0,1,0,차대사람 - 기타,안전운전불이행,건조,맑음,기타 - 기타,승용,남,23세,상해없음,보행자,남,32세,경상
2020052400100078,2020년 5월 24일 05시,일요일,대구광역시 북구 학정동,중상사고,0,1,1,0,차대차 - 기타,안전운전불이행,건조,맑음,교차로 - 교차로부근,이륜,남,16세,중상,이륜,남,16세,경상
2020052400100089,2020년 5월 24일 06시,일요일,대구광역시 달서구 두류동,경상사고,0,0,1,0,차대차 - 측면충돌,안전거리미확보,건조,맑음,단일로 - 기타,승용,남,23세,상해없음,승용,남,59세,경상
2020052400100104,2020년 5월 24일 07시,일요일,대구광역시 수성구 지산동,경상사고,0,0,1,0,차대차 - 기타,안전운전불이행,건조,맑음,단일로 - 기타,승용,여,56세,기타불명,승용,여,57세,경상
2020052400100114,2020년 5월 24일 08시,일요일,대구광역시 달서구 송현동,경상사고,0,0,1,0,차대차 - 추돌,안전거리미확보,건조,맑음,단일로 - 기타,승합,남,55세,상해없음,승용,여,39세,경상
2020052400100126,2020년 5월 24일 09시,일요일,대구광역시 남구 대명동,중상사고,0,1,0,0,차대사람 - 기타,기타,건조,맑음,단일로 - 기타,승합,남,62세,상해없음,보행자,여,85세,중상
2020052400100140,2020년 5월 24일 10시,일요일,대구광역시 북구 산격동,중상사고,0,1,0,0,차대차 - 정면충돌,신호위반,건조,맑음,교차로 - 교차로안,승용,남,61세,상해없음,승합,남,66세,중상
2020052400100141,2020년 5월 24일 10시,일요일,대구광역시 달서구 감삼동,경상사고,0,0,4,0,차대차 - 기타,교차로운행방법위반,건조,맑음,교차로 - 교차로부근,승용,남,67세,경상,승용,남,54세,경상
2020052400100216,2020년 5월 24일 13시,일요일,대구광역시 달성군 다사읍,경상사고,0,0,1,0,차대차 - 기타,신호위반,건조,맑음,교차로 - 교차로안,승용,남,68세,상해없음,이륜,남,24세,경상
2020052400100217,2020년 5월 24일 13시,일요일,대구광역시 달성군 다사읍,경상사고,0,0,1,0,차대차 - 기타,안전운전불이행,건조,맑음,교차로 - 교차로안,승용,남,63세,상해없음,자전거,남,12세,경상
2020052400100250,2020년 5월 24일 14시,일요일,대구광역시 달서구 도원동,중상사고,0,1,0,0,차대차 - 기타,안전운전불이행,건조,맑음,단일로 - 기타,이륜,남,42세,상해없음,자전거,남,55세,중상
2020052400100251,2020년 5월 24일 14시,일요일,대구광역시 달서구 두류동,경상사고,0,0,1,0,차대사람 - 기타,안전운전불이행,건조,맑음,기타 - 기타,승용,남,59세,상해없음,보행자,여,63세,경상
2020052400100368,2020년 5월 24일 18시,일요일,대구광역시 북구 동천동,중상사고,0,1,0,0,차대차 - 기타,기타,건조,맑음,단일로 - 기타,승용,남,65세,상해없음,자전거,남,17세,중상
2020052400100390,2020년 5월 24일 19시,일요일,대구광역시 동구 불로동,경상사고,0,0,1,0,차대차 - 측면충돌,안전운전불이행,건조,맑음,교차로 - 교차로안,승용,남,63세,상해없음,승용,남,25세,상해없음
2020052400100391,2020년 5월 24일 19시,일요일,대구광역시 달서구 상인동,경상사고,0,0,1,0,차대차 - 측면충돌,안전거리미확보,건조,맑음,단일로 - 기타,승용,남,38세,상해없음,이륜,남,31세,경상
2020052400100392,2020년 5월 24일 19시,일요일,대구광역시 북구 복현동,부상신고사고,0,0,0,1,차대차 - 측면충돌,안전거리미확보,건조,맑음,단일로 - 기타,승용,남,47세,상해없음,이륜,남,16세,부상신고
2020052400100416,2020년 5월 24일 20시,일요일,대구광역시 남구 대명동,경상사고,0,0,1,0,차대차 - 추돌,안전운전불이행,건조,맑음,단일로 - 기타,승용,남,56세,상해없음,승용,여,32세,경상
2020052400100417,2020년 5월 24일 20시,일요일,대구광역시 북구 노원동1가,사망사고,1,0,0,0,차대사람 - 차도통행중,과속,건조,맑음,단일로 - 기타,이륜,남,28세,상해없음,보행자,여,75세,사망
2020052400100418,2020년 5월 24일 20시,일요일,대구광역시 중구 동산동,중상사고,0,1,0,1,차대차 - 측면충돌,차로위반,건조,맑음,교차로 - 교차로안,승용,남,41세,부상신고,승용,남,27세,중상
2020052400100419,2020년 5월 24일 20시,일요일,대구광역시 달서구 본리동,경상사고,0,0,2,0,차대차 - 추돌,안전운전불이행,건조,맑음,교차로 - 교차로부근,승용,남,57세,상해없음,승용,남,43세,경상
2020052400100446,2020년 5월 24일 21시,일요일,대구광역시 달성군 다사읍,중상사고,0,1,0,0,차대차 - 기타,안전운전불이행,건조,맑음,교차로 - 교차로부근,승용,남,39세,상해없음,이륜,남,56세,중상
2020052400100447,2020년 5월 24일 21시,일요일,대구광역시 달성군 다사읍,경상사고,0,0,7,0,차대차 - 기타,신호위반,건조,맑음,교차로 - 교차로부근,승용,남,18세,상해없음,승용,남,63세,경상
2020052400100448,2020년 5월 24일 21시,일요일,대구광역시 북구 태전동,경상사고,0,0,1,0,차대사람 - 차도통행중,안전운전불이행,건조,맑음,단일로 - 기타,승용,남,65세,상해없음,보행자,남,65세,경상
2020052400100462,2020년 5월 24일 22시,일요일,대구광역시 수성구 지산동,중상사고,0,1,0,0,차대차 - 측면충돌,안전운전불이행,건조,맑음,단일로 - 기타,승용,남,19세,상해없음,이륜,남,26세,중상
2020052400100475,2020년 5월 24일 23시,일요일,대구광역시 달서구 성당동,중상사고,0,1,0,0,차대차 - 기타,안전거리미확보,건조,맑음,교차로 - 교차로안,승용,남,69세,상해없음,이륜,여,26세,중상
2020052500100013,2020년 5월 25일 01시,월요일,대구광역시 달서구 장기동,경상사고,0,0,1,0,차대차 - 측면충돌,안전운전불이행,건조,맑음,단일로 - 기타,승용,남,34세,상해없음,승용,남,21세,경상
2020052500100065,2020년 5월 25일 07시,월요일,대구광역시 달서구 월성동,경상사고,0,0,2,0,차대차 - 측면충돌,안전거리미확보,건조,맑음,단일로 - 기타,승용,여,35세,경상,승용,남,35세,경상
2020052500100066,2020년 5월 25일 07시,월요일,대구광역시 달성군 유가읍,경상사고,0,0,1,0,차대차 - 측면충돌,안전운전불이행,건조,맑음,교차로 - 교차로안,승용,남,56세,기타불명,승용,남,69세,경상
2020052500100102,2020년 5월 25일 08시,월요일,대구광역시 수성구 신매동,경상사고,0,0,1,0,차대차 - 추돌,안전운전불이행,건조,맑음,단일로 - 기타,승용,남,25세,상해없음,승용,남,36세,경상
2020052500100103,2020년 5월 25일 08시,월요일,대구광역시 달서구 도원동,경상사고,0,0,1,0,차대차 - 측면충돌,안전거리미확보,건조,맑음,단일로 - 기타,승용,남,37세,상해없음,승용,여,40세,경상
2020052500100104,2020년 5월 25일 08시,월요일,대구광역시 북구 산격동,중상사고,0,1,0,0,차대차 - 측면충돌,기타,건조,맑음,단일로 - 기타,승용,남,51세,상해없음,자전거,남,29세,중상
2020052500100137,2020년 5월 25일 09시,월요일,대구광역시 달서구 두류동,경상사고,0,0,1,0,차대차 - 후진중충돌,안전운전불이행,건조,맑음,주차장 - 주차장,승용,여,60세,상해없음,승용,남,71세,경상
2020052500100202,2020년 5월 25일 11시,월요일,대구광역시 달서구 상인동,경상사고,0,0,1,0,차대차 - 측면충돌,안전운전불이행,건조,맑음,교차로 - 교차로안,승용,남,53세,상해없음,승용,남,60세,경상
2020052500100203,2020년 5월 25일 11시,월요일,대구광역시 서구 내당동,경상사고,0,0,1,0,차대사람 - 기타,신호위반,건조,맑음,단일로 - 기타,이륜,남,83세,상해없음,보행자,여,73세,경상
2020052500100204,2020년 5월 25일 11시,월요일,대구광역시 서구 내당동,경상사고,0,0,1,0,차대차 - 기타,차로위반,건조,맑음,단일로 - 기타,승용,여,52세,상해없음,화물,남,62세,상해없음
2020052500100205,2020년 5월 25일 11시,월요일,대구광역시 중구 삼덕동2가,중상사고,0,1,0,0,차대사람 - 기타,안전운전불이행,건조,맑음,단일로 - 기타,화물,남,29세,상해없음,보행자,여,77세,중상
2020052500100236,2020년 5월 25일 12시,월요일,대구광역시 달성군 옥포읍,부상신고사고,0,0,0,1,차대사람 - 기타,안전운전불이행,건조,맑음,기타 - 기타,승용,남,34세,상해없음,보행자,남,54세,부상신고
2020052500100237,2020년 5월 25일 12시,월요일,대구광역시 서구 내당동,경상사고,0,0,1,0,차대사람 - 기타,안전운전불이행,건조,맑음,교차로 - 교차로안,승용,남,81세,상해없음,보행자,남,67세,경상
2020052500100272,2020년 5월 25일 13시,월요일,대구광역시 동구 신천동,경상사고,0,0,1,0,차대차 - 기타,안전운전불이행,건조,맑음,교차로 - 교차로안,승용,남,56세,상해없음,승용,남,28세,경상
2020052500100308,2020년 5월 25일 14시,월요일,대구광역시 수성구 수성동2가,중상사고,0,1,1,0,차대차 - 추돌,안전운전불이행,건조,맑음,단일로 - 기타,건설기계,남,28세,상해없음,승용,여,44세,중상
2020052500100309,2020년 5월 25일 14시,월요일,대구광역시 서구 중리동,경상사고,0,0,1,0,차대차 - 측면충돌,신호위반,건조,맑음,교차로 - 교차로안,승용,여,44세,상해없음,승용,여,59세,경상
2020052500100344,2020년 5월 25일 15시,월요일,대구광역시 서구 내당동,경상사고,0,0,2,1,차대차 - 측면충돌,안전운전불이행,건조,맑음,단일로 - 기타,승용,남,48세,부상신고,승합,남,58세,경상
2020052500100416,2020년 5월 25일 17시,월요일,대구광역시 수성구 만촌동,경상사고,0,0,3,2,차대차 - 기타,안전운전불이행,건조,맑음,단일로 - 기타,승합,남,75세,부상신고,승합,남,45세,경상
2020052500100417,2020년 5월 25일 17시,월요일,대구광역시 달서구 상인동,경상사고,0,0,1,0,차대차 - 측면충돌,안전운전불이행,건조,맑음,단일로 - 기타,승용,여,65세,상해없음,자전거,남,23세,경상
2020052500100418,2020년 5월 25일 17시,월요일,대구광역시 달성군 현풍읍,경상사고,0,0,1,0,차대차 - 기타,안전운전불이행,건조,맑음,기타 - 기타,승용,남,41세,상해없음,승용,여,42세,경상
2020052500100419,2020년 5월 25일 17시,월요일,대구광역시 서구 중리동,중상사고,0,1,0,0,차대사람 - 횡단중,안전운전불이행,건조,맑음,단일로 - 기타,승용,여,38세,상해없음,보행자,여,58세,중상
2020052500100420,2020년 5월 25일 17시,월요일,대구광역시 북구 읍내동,중상사고,0,1,0,0,차대차 - 기타,안전운전불이행,건조,맑음,교차로 - 교차로안,화물,남,48세,상해없음,이륜,남,59세,중상
2020052500100421,2020년 5월 25일 17시,월요일,대구광역시 북구 태전동,중상사고,0,1,0,0,차대사람 - 횡단중,보행자보호의무위반,건조,맑음,교차로 - 교차로횡단보도내,승용,남,60세,상해없음,보행자,남,80세,중상
2020052500100463,2020년 5월 25일 18시,월요일,대구광역시 동구 불로동,경상사고,0,0,2,0,차대차 - 측면충돌,안전운전불이행,건조,맑음,교차로 - 교차로부근,승합,여,69세,상해없음,이륜,남,15세,경상
2020052500100464,2020년 5월 25일 18시,월요일,대구광역시 수성구 대흥동,경상사고,0,0,1,0,차대차 - 측면충돌,안전운전불이행,건조,맑음,교차로 - 교차로횡단보도내,이륜,남,18세,경상,승용,남,27세,상해없음
2020052500100465,2020년 5월 25일 18시,월요일,대구광역시 달서구 호산동,중상사고,0,1,0,0,차대차 - 기타,직진우회전진행방해,건조,맑음,교차로 - 교차로안,승용,남,49세,기타불명,승용,남,48세,중상
2020052500100530,2020년 5월 25일 20시,월요일,대구광역시 달성군 구지면,중상사고,0,1,1,0,차대차 - 측면충돌,신호위반,건조,맑음,교차로 - 교차로안,승용,남,44세,경상,승용,남,50세,중상
2020052500100531,2020년 5월 25일 20시,월요일,대구광역시 달서구 이곡동,경상사고,0,0,1,0,차대사람 - 보도통행중,기타,건조,맑음,단일로 - 기타,이륜,남,20세,상해없음,보행자,남,66세,경상
2020052500100558,2020년 5월 25일 21시,월요일,대구광역시 달성군 구지면,경상사고,0,0,1,0,차대차 - 기타,신호위반,건조,맑음,교차로 - 교차로안,승용,남,43세,상해없음,승용,남,28세,경상
2020052500100578,2020년 5월 25일 22시,월요일,대구광역시 달성군 현풍읍,경상사고,0,0,1,0,차대차 - 측면충돌,안전운전불이행,건조,맑음,단일로 - 기타,화물,남,64세,상해없음,승용,여,52세,경상
2020052500100600,2020년 5월 25일 23시,월요일,대구광역시 동구 용계동,경상사고,0,0,3,0,차대차 - 추돌,안전운전불이행,건조,맑음,교차로 - 교차로부근,승용,남,31세,상해없음,승용,남,26세,경상
2020052600100022,2020년 5월 26일 01시,화요일,대구광역시 달서구 송현동,중상사고,0,1,0,0,차대차 - 추돌,안전운전불이행,건조,맑음,교차로 - 교차로부근,승용,남,32세,상해없음,승용,남,57세,상해없음
2020052600100023,2020년 5월 26일 01시,화요일,대구광역시 서구 내당동,중상사고,0,1,0,0,차량단독 - 공작물충돌,안전운전불이행,건조,맑음,교차로 - 교차로부근,이륜,남,21세,기타불명,,,,
2020052600100048,2020년 5월 26일 05시,화요일,대구광역시 수성구 만촌동,경상사고,0,0,1,0,차대차 - 측면충돌,차로위반,건조,맑음,단일로 - 기타,승용,남,68세,상해없음,승용,남,76세,경상
2020052600100085,2020년 5월 26일 07시,화요일,대구광역시 중구 봉산동,중상사고,0,1,0,0,차대차 - 측면충돌,차로위반,건조,맑음,단일로 - 기타,승용,여,67세,상해없음,승용,남,29세,중상
2020052600100117,2020년 5월 26일 08시,화요일,대구광역시 동구 신서동,경상사고,0,0,1,0,차대차 - 측면충돌,안전거리미확보,건조,맑음,단일로 - 기타,승용,남,32세,상해없음,승용,여,58세,경상
2020052600100118,2020년 5월 26일 08시,화요일,대구광역시 중구 공평동,경상사고,0,0,2,0,차대차 - 측면충돌,안전운전불이행,건조,맑음,교차로 - 교차로안,승용,남,26세,상해없음,승용,남,47세,경상
2020052600100173,2020년 5월 26일 10시,화요일,대구광역시 동구 방촌동,중상사고,0,1,0,0,차대사람 - 횡단중,보행자보호의무위반,건조,맑음,교차로 - 교차로안,화물,여,58세,상해없음,보행자,여,76세,중상
2020052600100174,2020년 5월 26일 10시,화요일,대구광역시 동구 효목동,경상사고,0,0,1,0,차대차 - 기타,안전운전불이행,건조,맑음,교차로 - 교차로안,자전거,남,52세,경상,승용,여,51세,상해없음
2020052600100175,2020년 5월 26일 10시,화요일,대구광역시 달서구 월성동,경상사고,0,0,1,0,차대차 - 측면충돌,안전운전불이행,건조,맑음,단일로 - 기타,기타불명,기타불명,미분류,기타불명,자전거,남,48세,경상
2020052600100211,2020년 5월 26일 11시,화요일,대구광역시 수성구 시지동,경상사고,0,0,1,0,차대차 - 추돌,안전운전불이행,건조,맑음,단일로 - 기타,승용,남,67세,상해없음,화물,남,53세,경상
2020052600100212,2020년 5월 26일 11시,화요일,대구광역시 수성구 두산동,경상사고,0,0,1,0,차대차 - 측면충돌,중앙선침범,건조,맑음,교차로 - 교차로부근,승용,여,76세,상해없음,승용,남,48세,경상
2020052600100244,2020년 5월 26일 12시,화요일,대구광역시 달서구 상인동,경상사고,0,0,1,0,차대차 - 측면충돌,안전거리미확보,건조,맑음,단일로 - 기타,승용,남,62세,상해없음,이륜,남,26세,경상
2020052600100245,2020년 5월 26일 12시,화요일,대구광역시 달서구 성당동,경상사고,0,0,1,0,차대차 - 측면충돌,직진우회전진행방해,건조,맑음,교차로 - 교차로안,이륜,남,26세,경상,승용,남,57세,상해없음
2020052600100319,2020년 5월 26일 14시,화요일,대구광역시 동구 지저동,경상사고,0,0,1,0,차대차 - 추돌,안전운전불이행,건조,맑음,단일로 - 기타,화물,남,55세,상해없음,승용,남,34세,경상
2020052600100320,2020년 5월 26일 14시,화요일,대구광역시 수성구 만촌동,경상사고,0,0,2,0,차대차 - 측면충돌,안전운전불이행,건조,맑음,교차로 - 교차로부근,승용,남,50세,경상,승용,남,79세,경상
2020052600100321,2020년 5월 26일 14시,화요일,대구광역시 북구 태전동,경상사고,0,0,1,0,차대차 - 기타,신호위반,건조,맑음,단일로 - 기타,이륜,남,38세,상해없음,자전거,여,55세,경상
2020052600100356,2020년 5월 26일 15시,화요일,대구광역시 수성구 시지동,경상사고,0,0,1,0,차대차 - 추돌,안전운전불이행,건조,맑음,기타 - 기타,승용,여,36세,경상,승용,남,40세,상해없음
2020052600100357,2020년 5월 26일 15시,화요일,대구광역시 달서구 송현동,경상사고,0,0,2,0,차대차 - 측면충돌,안전운전불이행,건조,맑음,단일로 - 기타,승용,여,50세,상해없음,승용,여,27세,상해없음
2020052600100358,2020년 5월 26일 15시,화요일,대구광역시 달서구 신당동,중상사고,0,2,0,0,차대차 - 추돌,안전운전불이행,건조,맑음,단일로 - 기타,승용,남,40세,상해없음,승용,남,26세,중상
2020052600100389,2020년 5월 26일 16시,화요일,대구광역시 동구 신암동,경상사고,0,0,1,0,차대차 - 기타,안전운전불이행,건조,맑음,교차로 - 교차로부근,승용,남,38세,상해없음,자전거,남,65세,경상
2020052600100390,2020년 5월 26일 16시,화요일,대구광역시 동구 신천동,부상신고사고,0,0,0,1,차대차 - 정면충돌,안전운전불이행,건조,맑음,단일로 - 기타,화물,남,53세,부상신고,승용,남,30세,상해없음
2020052600100391,2020년 5월 26일 16시,화요일,대구광역시 수성구 범어동,경상사고,0,0,2,0,차대차 - 측면충돌,안전운전불이행,건조,맑음,교차로 - 교차로부근,이륜,남,23세,경상,승용,여,42세,경상
2020052600100429,2020년 5월 26일 17시,화요일,대구광역시 달서구 월성동,경상사고,0,0,1,0,차대차 - 측면충돌,안전운전불이행,건조,맑음,주차장 - 주차장,승용,여,50세,상해없음,승용,여,63세,경상
2020052600100430,2020년 5월 26일 17시,화요일,대구광역시 달성군 현풍읍,경상사고,0,0,1,0,차대사람 - 횡단중,보행자보호의무위반,건조,맑음,교차로 - 교차로부근,승용,여,49세,상해없음,보행자,남,46세,경상
2020052600100431,2020년 5월 26일 17시,화요일,대구광역시 서구 평리동,부상신고사고,0,0,0,1,차대차 - 기타,안전운전불이행,건조,맑음,단일로 - 기타,이륜,남,54세,부상신고,승용,여,43세,상해없음
2020052600100432,2020년 5월 26일 17시,화요일,대구광역시 북구 동천동,경상사고,0,0,1,0,차대차 - 추돌,안전거리미확보,건조,맑음,교차로 - 교차로부근,승용,남,37세,상해없음,승용,여,36세,경상
2020052600100462,2020년 5월 26일 18시,화요일,대구광역시 동구 신천동,중상사고,0,1,2,0,차대차 - 측면충돌,신호위반,건조,맑음,교차로 - 교차로안,승용,남,25세,경상,승용,여,25세,경상
2020052600100463,2020년 5월 26일 18시,화요일,대구광역시 수성구 만촌동,경상사고,0,0,1,0,차대차 - 기타,안전운전불이행,건조,맑음,교차로 - 교차로안,이륜,남,22세,상해없음,승용,남,36세,경상
2020052600100497,2020년 5월 26일 19시,화요일,대구광역시 남구 대명동,중상사고,0,1,0,0,차대사람 - 기타,안전운전불이행,건조,맑음,교차로 - 교차로부근,승용,여,29세,상해없음,보행자,여,60세,중상
2020052600100498,2020년 5월 26일 19시,화요일,대구광역시 달서구 상인동,부상신고사고,0,0,0,1,차대차 - 후진중충돌,안전운전불이행,건조,맑음,단일로 - 기타,화물,남,60세,상해없음,이륜,남,28세,부상신고
2020052600100499,2020년 5월 26일 19시,화요일,대구광역시 달서구 신당동,부상신고사고,0,0,0,1,차대차 - 측면충돌,신호위반,건조,맑음,교차로 - 교차로안,이륜,여,39세,부상신고,승용,여,50세,상해없음
2020052600100524,2020년 5월 26일 20시,화요일,대구광역시 달성군 논공읍,경상사고,0,0,1,0,차대차 - 기타,신호위반,건조,맑음,교차로 - 교차로안,승용,남,57세,기타불명,승용,남,43세,경상
2020052600100525,2020년 5월 26일 20시,화요일,대구광역시 달서구 호산동,경상사고,0,0,1,0,차대차 - 측면충돌,차로위반,건조,맑음,기타 - 기타,원동기,남,26세,기타불명,이륜,남,25세,경상
2020052600100552,2020년 5월 26일 21시,화요일,대구광역시 동구 효목동,부상신고사고,0,0,0,1,차대차 - 기타,안전운전불이행,건조,맑음,단일로 - 기타,원동기,남,22세,부상신고,승용,여,59세,상해없음
2020052600100553,2020년 5월 26일 21시,화요일,대구광역시 달성군 현풍읍,경상사고,0,0,1,0,차대차 - 기타,안전운전불이행,건조,맑음,단일로 - 기타,자전거,남,38세,경상,승용,남,43세,상해없음
2020052600100554,2020년 5월 26일 21시,화요일,대구광역시 서구 비산동,중상사고,0,2,0,0,차대차 - 측면충돌,신호위반,건조,맑음,교차로 - 교차로안,승합,남,58세,상해없음,승용,남,24세,중상
2020052600100578,2020년 5월 26일 22시,화요일,대구광역시 달서구 두류동,경상사고,0,0,3,0,차대차 - 측면충돌,안전거리미확보,건조,맑음,단일로 - 기타,승용,남,54세,상해없음,승용,남,22세,경상
2020052600100579,2020년 5월 26일 22시,화요일,대구광역시 달서구 용산동,경상사고,0,0,1,0,차대차 - 기타,과속,건조,맑음,단일로 - 기타,승용,남,65세,상해없음,기타불명,기타불명,미분류,기타불명
2020052600100604,2020년 5월 26일 23시,화요일,대구광역시 남구 대명동,경상사고,0,0,1,0,차대차 - 추돌,안전운전불이행,건조,맑음,교차로 - 교차로부근,승용,여,45세,상해없음,승용,여,48세,경상
2020052600100605,2020년 5월 26일 23시,화요일,대구광역시 달서구 감삼동,경상사고,0,0,1,0,차량단독 - 기타,안전운전불이행,건조,맑음,교차로 - 교차로부근,이륜,남,16세,경상,,,,
2020052700100009,2020년 5월 27일 00시,수요일,대구광역시 달서구 용산동,부상신고사고,0,0,0,1,차대차 - 측면충돌,안전운전불이행,건조,맑음,단일로 - 기타,승용,여,44세,상해없음,화물,남,45세,부상신고
2020052700100013,2020년 5월 27일 01시,수요일,대구광역시 달서구 본리동,중상사고,0,1,2,0,차대차 - 정면충돌,중앙선침범,건조,맑음,교차로 - 교차로부근,승용,남,56세,상해없음,승용,남,64세,중상
2020052700100027,2020년 5월 27일 03시,수요일,대구광역시 남구 이천동,경상사고,0,0,2,0,차대차 - 추돌,안전운전불이행,건조,맑음,단일로 - 기타,승용,남,28세,상해없음,화물,남,61세,경상
2020052700100030,2020년 5월 27일 04시,수요일,대구광역시 수성구 만촌동,경상사고,0,0,1,0,차대차 - 추돌,안전운전불이행,건조,맑음,단일로 - 기타,승용,남,64세,상해없음,승합,남,63세,경상
2020052700100031,2020년 5월 27일 04시,수요일,대구광역시 중구 시장북로,중상사고,0,2,0,0,차대차 - 측면충돌,안전운전불이행,건조,맑음,교차로 - 교차로부근,승용,남,30세,상해없음,승용,남,60세,중상
2020052700100043,2020년 5월 27일 05시,수요일,대구광역시 수성구 범어동,경상사고,0,0,3,0,차대차 - 측면충돌,교차로운행방법위반,건조,맑음,교차로 - 교차로안,승용,여,40세,경상,승용,남,28세,경상
2020052700100081,2020년 5월 27일 07시,수요일,대구광역시 서구 상리동,중상사고,0,1,0,0,차대차 - 측면충돌,안전거리미확보,건조,맑음,단일로 - 기타,화물,남,46세,상해없음,승용,남,35세,중상
2020052700100084,2020년 5월 27일 07시,수요일,대구광역시 북구 노원동3가,중상사고,0,1,0,1,차대차 - 측면충돌,안전운전불이행,건조,맑음,단일로 - 터널,이륜,남,43세,부상신고,이륜,남,23세,중상
2020052700100115,2020년 5월 27일 08시,수요일,대구광역시 동구 입석동,경상사고,0,0,1,0,차대차 - 기타,안전운전불이행,건조,맑음,교차로 - 교차로부근,승용,남,43세,기타불명,승용,여,42세,경상
2020052700100116,2020년 5월 27일 08시,수요일,대구광역시 달서구 송현동,경상사고,0,0,2,0,차대차 - 측면충돌,안전거리미확보,건조,맑음,단일로 - 기타,승용,남,33세,상해없음,승용,남,25세,경상