사고번호,사고일시,요일,시군구,사고내용,사망자수,중상자수,경상자수,부상신고자수,사고유형,법규위반,노면상태,기상상태,도로형태,가해운전자 차종,가해운전자 성별,가해운전자 연령,가해운전자 상해정도,피해운전자 차종,피해운전자 성별,피해운전자 연령,피해운전자 상해정도
2020060500100536,2020년 6월 5일 18시,금요일,대구광역시 수성구 사월동,중상사고,0,1,0,0,차대차 - 기타,안전운전불이행,건조,맑음,단일로 - 기타,승용,여,25세,상해없음,승용,남,46세,상해없음
2020060500100537,2020년 6월 5일 18시,금요일,대구광역시 수성구 매호동,경상사고,0,0,1,0,차대차 - 측면충돌,교차로운행방법위반,건조,맑음,교차로 - 교차로안,승용,남,49세,상해없음,승용,여,32세,경상
2020060500100538,2020년 6월 5일 18시,금요일,대구광역시 북구 칠성동1가,경상사고,0,0,2,0,차대차 - 추돌,안전운전불이행,건조,맑음,단일로 - 기타,승용,남,66세,상해없음,승용,남,48세,경상
2020060500100539,2020년 6월 5일 18시,금요일,대구광역시 남구 대명동,경상사고,0,0,1,0,차대차 - 측면충돌,차로위반,건조,맑음,교차로 - 교차로안,특수,남,41세,상해없음,승용,남,39세,경상
2020060500100576,2020년 6월 5일 19시,금요일,대구광역시 중구 동인동4가,경상사고,0,0,4,0,차대차 - 추돌,안전거리미확보,건조,맑음,교차로 - 교차로부근,승용,남,50세,상해없음,승용,남,29세,경상
2020060500100577,2020년 6월 5일 19시,금요일,대구광역시 북구 서변동,경상사고,0,0,2,0,차대차 - 추돌,차로위반,건조,맑음,단일로 - 지하차도(도로)내,승용,남,58세,상해없음,화물,남,29세,경상
2020060500100622,2020년 6월 5일 20시,금요일,대구광역시 달성군 화원읍,경상사고,0,0,2,0,차대차 - 기타,안전운전불이행,건조,맑음,교차로 - 교차로부근,이륜,남,18세,경상,승용,여,62세,경상
2020060500100623,2020년 6월 5일 20시,금요일,대구광역시 달서구 성당동,경상사고,0,0,1,0,차대차 - 기타,교차로운행방법위반,건조,맑음,교차로 - 교차로안,자전거,남,60세,경상,승용,남,54세,상해없음
2020060500100668,2020년 6월 5일 21시,금요일,대구광역시 수성구 대흥동,경상사고,0,0,3,0,차대차 - 추돌,안전운전불이행,건조,맑음,단일로 - 기타,이륜,남,57세,상해없음,승용,여,81세,경상
2020060500100669,2020년 6월 5일 21시,금요일,대구광역시 중구 도원동,중상사고,0,1,0,0,차대차 - 측면충돌,안전거리미확보,건조,맑음,교차로 - 교차로안,승용,남,60세,상해없음,이륜,남,68세,중상
2020060500100690,2020년 6월 5일 22시,금요일,대구광역시 달서구 대천동,부상신고사고,0,0,0,1,차대사람 - 기타,안전운전불이행,건조,맑음,단일로 - 기타,기타불명,기타불명,미분류,기타불명,보행자,남,40세,부상신고
2020060500100691,2020년 6월 5일 22시,금요일,대구광역시 북구 고성동1가,중상사고,0,1,0,0,차량단독 - 공작물충돌,안전운전불이행,건조,맑음,단일로 - 기타,자전거,남,48세,중상,,,,
2020060500100722,2020년 6월 5일 23시,금요일,대구광역시 남구 대명동,중상사고,0,1,0,0,차대차 - 기타,교차로운행방법위반,건조,맑음,교차로 - 교차로안,화물,남,56세,상해없음,이륜,남,69세,중상
2020060500100723,2020년 6월 5일 23시,금요일,대구광역시 동구 효목동,중상사고,0,1,0,0,차대차 - 측면충돌,차로위반,건조,맑음,교차로 - 교차로안,승용,남,42세,상해없음,승용,남,36세,중상
2020060600100013,2020년 6월 6일 00시,토요일,대구광역시 서구 비산동,경상사고,0,0,1,0,차대사람 - 횡단중,안전운전불이행,건조,맑음,교차로 - 교차로안,승용,여,59세,상해없음,보행자,여,18세,경상
2020060600100014,2020년 6월 6일 00시,토요일,대구광역시 달서구 신당동,경상사고,0,0,4,0,차대차 - 추돌,안전운전불이행,건조,맑음,단일로 - 기타,승용,남,54세,상해없음,승용,남,43세,경상
2020060600100015,2020년 6월 6일 00시,토요일,대구광역시 달서구 본리동,부상신고사고,0,0,0,1,차대차 - 기타,차로위반,건조,맑음,단일로 - 기타,이륜,남,27세,부상신고,승용,남,50세,상해없음
2020060600100046,2020년 6월 6일 02시,토요일,대구광역시 달서구 두류동,경상사고,0,0,1,0,차대차 - 추돌,안전운전불이행,건조,맑음,단일로 - 기타,승용,남,38세,상해없음,승용,남,40세,경상
2020060600100061,2020년 6월 6일 03시,토요일,대구광역시 수성구 상동,중상사고,0,1,1,0,차대차 - 측면충돌,신호위반,건조,맑음,교차로 - 교차로안,승용,남,19세,상해없음,승용,남,73세,중상
2020060600100072,2020년 6월 6일 04시,토요일,대구광역시 달성군 다사읍,중상사고,0,1,0,0,차대사람 - 기타,안전운전불이행,건조,맑음,기타 - 기타,승용,남,27세,상해없음,보행자,여,73세,중상
2020060600100106,2020년 6월 6일 08시,토요일,대구광역시 달성군 논공읍,중상사고,0,1,1,0,차대차 - 기타,안전운전불이행,건조,맑음,단일로 - 기타,이륜,여,70세,중상,승용,남,35세,경상
2020060600100132,2020년 6월 6일 09시,토요일,대구광역시 중구 태평로3가,경상사고,0,0,1,0,차대차 - 추돌,안전운전불이행,건조,맑음,교차로 - 교차로부근,승용,남,32세,상해없음,승용,남,39세,경상
2020060600100199,2020년 6월 6일 11시,토요일,대구광역시 남구 이천동,경상사고,0,0,1,0,차대차 - 기타,안전운전불이행,건조,맑음,교차로 - 교차로횡단보도내,자전거,남,70세,경상,승용,남,52세,상해없음
2020060600100200,2020년 6월 6일 11시,토요일,대구광역시 북구 대현동,중상사고,0,2,0,1,차대차 - 측면충돌,안전거리미확보,건조,맑음,단일로 - 기타,승용,남,71세,부상신고,승용,남,39세,중상
2020060600100201,2020년 6월 6일 11시,토요일,대구광역시 서구 중리동,중상사고,0,1,0,0,차대차 - 측면충돌,안전거리미확보,건조,맑음,단일로 - 기타,승용,남,64세,상해없음,승용,남,64세,중상
2020060600100202,2020년 6월 6일 11시,토요일,대구광역시 서구 비산동,경상사고,0,0,1,0,차대차 - 측면충돌,안전운전불이행,건조,맑음,단일로 - 기타,승용,남,54세,상해없음,승용,남,32세,경상
2020060600100203,2020년 6월 6일 11시,토요일,대구광역시 달서구 용산동,중상사고,0,1,2,0,차대차 - 기타,직진우회전진행방해,건조,맑음,교차로 - 교차로안,화물,남,47세,경상,승용,여,50세,중상
2020060600100273,2020년 6월 6일 13시,토요일,대구광역시 수성구 범어동,경상사고,0,0,1,0,차대차 - 측면충돌,불법유턴,건조,맑음,단일로 - 기타,승용,남,79세,상해없음,이륜,남,43세,경상
2020060600100274,2020년 6월 6일 13시,토요일,대구광역시 달서구 감삼동,경상사고,0,0,2,2,차대차 - 추돌,안전운전불이행,건조,맑음,기타 - 기타,승용,남,71세,기타불명,승용,남,45세,경상
2020060600100275,2020년 6월 6일 13시,토요일,대구광역시 달서구 두류동,경상사고,0,0,1,0,차대차 - 기타,안전운전불이행,건조,맑음,단일로 - 기타,승용,남,57세,상해없음,자전거,남,25세,경상
2020060600100311,2020년 6월 6일 14시,토요일,대구광역시 서구 내당동,경상사고,0,0,2,0,차대차 - 측면충돌,안전거리미확보,건조,맑음,단일로 - 기타,승용,여,61세,상해없음,승용,남,38세,경상
2020060600100349,2020년 6월 6일 15시,토요일,대구광역시 달성군 다사읍,경상사고,0,0,1,0,차대차 - 기타,안전운전불이행,건조,맑음,기타 - 기타,승용,여,50세,기타불명,승용,남,35세,경상
2020060600100350,2020년 6월 6일 15시,토요일,대구광역시 서구 평리동,경상사고,0,0,1,0,차대사람 - 길가장자리구역통행중,안전운전불이행,건조,맑음,단일로 - 기타,승용,남,43세,상해없음,보행자,남,6세,경상
2020060600100392,2020년 6월 6일 16시,토요일,대구광역시 수성구 수성동3가,경상사고,0,0,1,0,차대차 - 추돌,안전운전불이행,건조,맑음,단일로 - 기타,승용,남,54세,상해없음,승용,여,39세,경상
2020060600100436,2020년 6월 6일 17시,토요일,대구광역시 동구 중대동,중상사고,0,2,0,0,차대차 - 측면충돌,신호위반,건조,맑음,교차로 - 교차로부근,승용,남,56세,상해없음,이륜,남,50세,중상
2020060600100437,2020년 6월 6일 17시,토요일,대구광역시 달서구 진천동,부상신고사고,0,0,0,1,차대사람 - 기타,안전운전불이행,건조,맑음,기타 - 기타,기타불명,여,66세,상해없음,보행자,여,64세,부상신고
2020060600100438,2020년 6월 6일 17시,토요일,대구광역시 북구 산격동,경상사고,0,0,4,0,차대차 - 기타,직진우회전진행방해,건조,맑음,교차로 - 교차로부근,승용,남,36세,상해없음,화물,남,41세,경상
2020060600100473,2020년 6월 6일 18시,토요일,대구광역시 동구 용계동,중상사고,0,1,0,0,차대차 - 추돌,안전거리미확보,건조,맑음,단일로 - 기타,승용,여,61세,상해없음,이륜,남,25세,중상
2020060600100474,2020년 6월 6일 18시,토요일,대구광역시 동구 신암동,경상사고,0,0,1,0,차대차 - 측면충돌,안전운전불이행,건조,맑음,단일로 - 기타,승용,여,65세,상해없음,원동기,남,26세,경상
2020060600100501,2020년 6월 6일 19시,토요일,대구광역시 달서구 본동,경상사고,0,0,1,0,차대차 - 기타,교차로운행방법위반,건조,맑음,교차로 - 교차로안,이륜,남,31세,상해없음,승용,남,69세,경상
2020060600100502,2020년 6월 6일 19시,토요일,대구광역시 북구 산격동,경상사고,0,0,1,1,차대차 - 측면충돌,신호위반,건조,맑음,단일로 - 기타,이륜,남,33세,부상신고,이륜,여,50세,경상
2020060600100503,2020년 6월 6일 19시,토요일,대구광역시 북구 관음동,부상신고사고,0,0,0,1,차대차 - 기타,안전운전불이행,건조,맑음,단일로 - 기타,승용,남,59세,상해없음,자전거,남,12세,부상신고
2020060600100533,2020년 6월 6일 20시,토요일,대구광역시 수성구 상동,중상사고,0,1,1,0,차대사람 - 기타,안전운전불이행,건조,맑음,교차로 - 교차로안,승용,남,54세,상해없음,보행자,여,54세,중상
2020060600100534,2020년 6월 6일 20시,토요일,대구광역시 북구 산격동,부상신고사고,0,0,0,1,차대차 - 기타,안전운전불이행,건조,맑음,교차로 - 교차로안,기타불명,기타불명,미분류,기타불명,자전거,남,63세,부상신고
2020060700100029,2020년 6월 7일 01시,일요일,대구광역시 서구 내당동,경상사고,0,0,1,0,차대차 - 추돌,안전운전불이행,건조,맑음,교차로 - 교차로부근,승용,남,36세,상해없음,승용,남,59세,경상
2020060700100030,2020년 6월 7일 01시,일요일,대구광역시 달서구 두류동,경상사고,0,0,1,0,차대사람 - 기타,안전운전불이행,건조,맑음,단일로 - 기타,승용,남,22세,상해없음,보행자,여,22세,경상
2020060700100056,2020년 6월 7일 03시,일요일,대구광역시 수성구 범물동,경상사고,0,0,1,0,차대사람 - 차도통행중,안전운전불이행,건조,맑음,교차로 - 교차로안,승용,남,69세,상해없음,보행자,남,23세,경상
2020060700100057,2020년 6월 7일 03시,일요일,대구광역시 수성구 황금동,경상사고,0,0,2,0,차대차 - 기타,안전운전불이행,건조,맑음,교차로 - 교차로부근,승용,남,48세,상해없음,승용,여,28세,경상
2020060700100058,2020년 6월 7일 03시,일요일,대구광역시 중구 삼덕동3가,경상사고,0,0,2,0,차대차 - 기타,안전거리미확보,건조,맑음,단일로 - 기타,승용,남,22세,상해없음,승용,남,57세,경상
2020060700100087,2020년 6월 7일 07시,일요일,대구광역시 중구 인교동,중상사고,0,1,0,0,차대차 - 측면충돌,안전운전불이행,건조,맑음,교차로 - 교차로안,화물,남,54세,상해없음,이륜,남,70세,중상
2020060700100104,2020년 6월 7일 08시,일요일,대구광역시 달서구 월성동,중상사고,0,1,0,0,차대차 - 기타,안전운전불이행,기타,맑음,교차로 - 교차로부근,승용,남,63세,상해없음,승용,여,45세,중상
2020060700100122,2020년 6월 7일 09시,일요일,대구광역시 수성구 신매동,경상사고,0,0,1,1,차대차 - 측면충돌,직진우회전진행방해,건조,맑음,교차로 - 교차로안,승용,여,46세,부상신고,승용,여,33세,경상
2020060700100163,2020년 6월 7일 11시,일요일,대구광역시 동구 신암동,경상사고,0,0,1,0,차대차 - 측면충돌,안전운전불이행,건조,맑음,단일로 - 기타,이륜,남,28세,경상,승용,여,21세,상해없음
2020060700100164,2020년 6월 7일 11시,일요일,대구광역시 수성구 두산동,경상사고,0,0,1,1,차대차 - 정면충돌,안전운전불이행,건조,맑음,교차로 - 교차로부근,승용,남,49세,부상신고,이륜,남,23세,경상
2020060700100193,2020년 6월 7일 12시,일요일,대구광역시 남구 대명동,중상사고,0,1,0,0,차대차 - 측면충돌,기타,건조,맑음,단일로 - 기타,승용,여,64세,상해없음,이륜,남,61세,중상
2020060700100194,2020년 6월 7일 12시,일요일,대구광역시 동구 불로동,경상사고,0,0,2,0,차대차 - 측면충돌,차로위반,건조,맑음,단일로 - 지하차도(도로)내,승용,여,51세,상해없음,승용,남,37세,경상
2020060700100195,2020년 6월 7일 12시,일요일,대구광역시 달서구 도원동,중상사고,0,1,0,0,차대사람 - 횡단중,안전운전불이행,건조,맑음,단일로 - 기타,승용,여,31세,상해없음,보행자,남,53세,중상
2020060700100196,2020년 6월 7일 12시,일요일,대구광역시 북구 복현동,경상사고,0,0,1,0,차대차 - 기타,신호위반,건조,맑음,교차로 - 교차로안,이륜,남,43세,경상,승용,남,49세,상해없음
2020060700100197,2020년 6월 7일 12시,일요일,대구광역시 북구 관음동,중상사고,0,1,0,0,차량단독 - 기타,안전운전불이행,건조,맑음,단일로 - 기타,승용,남,51세,상해없음,,,,
2020060700100227,2020년 6월 7일 13시,일요일,대구광역시 북구 칠성동1가,중상사고,0,1,1,0,차대차 - 후진중충돌,안전운전불이행,건조,맑음,기타 - 기타,화물,남,64세,상해없음,승용,남,58세,기타불명
2020060700100228,2020년 6월 7일 13시,일요일,대구광역시 북구 칠성동1가,경상사고,0,0,1,0,차대차 - 정면충돌,안전운전불이행,건조,맑음,단일로 - 기타,자전거,남,71세,상해없음,자전거,남,56세,경상
2020060700100229,2020년 6월 7일 13시,일요일,대구광역시 서구 평리동,중상사고,0,1,0,0,차대사람 - 차도통행중,안전운전불이행,건조,맑음,단일로 - 기타,이륜,남,52세,상해없음,보행자,남,57세,중상
2020060700100270,2020년 6월 7일 14시,일요일,대구광역시 달서구 송현동,중상사고,0,1,1,0,차대차 - 측면충돌,직진우회전진행방해,건조,맑음,교차로 - 교차로안,승용,남,69세,경상,이륜,남,39세,중상
2020060700100271,2020년 6월 7일 14시,일요일,대구광역시 달서구 장기동,부상신고사고,0,0,0,1,차대차 - 측면충돌,안전운전불이행,건조,맑음,단일로 - 기타,이륜,남,14세,부상신고,승용,남,36세,상해없음
2020060700100301,2020년 6월 7일 15시,일요일,대구광역시 북구 읍내동,경상사고,0,0,1,0,차대차 - 기타,기타,건조,맑음,교차로 - 교차로부근,승용,남,58세,상해없음,자전거,남,9세,경상
2020060700100337,2020년 6월 7일 16시,일요일,대구광역시 동구 숙천동,경상사고,0,0,2,0,차대차 - 추돌,안전거리미확보,건조,맑음,교차로 - 교차로안,승용,남,27세,상해없음,승용,남,54세,경상
2020060700100338,2020년 6월 7일 16시,일요일,대구광역시 달성군 화원읍,경상사고,0,0,2,3,차대차 - 기타,안전운전불이행,건조,맑음,교차로 - 교차로부근,승용,남,65세,상해없음,화물,남,38세,경상
2020060700100339,2020년 6월 7일 16시,일요일,대구광역시 중구 북성로2가,경상사고,0,0,1,0,차대차 - 기타,직진우회전진행방해,건조,맑음,교차로 - 교차로안,승용,남,69세,상해없음,이륜,남,82세,경상
2020060700100379,2020년 6월 7일 17시,일요일,대구광역시 중구 봉산동,경상사고,0,0,2,0,차대차 - 기타,안전거리미확보,건조,맑음,교차로 - 교차로부근,승용,남,33세,상해없음,승용,남,55세,경상
2020060700100414,2020년 6월 7일 18시,일요일,대구광역시 동구 동호동,경상사고,0,0,1,0,차대차 - 측면충돌,교차로운행방법위반,건조,맑음,교차로 - 교차로안,승용,남,39세,기타불명,승용,남,36세,경상
2020060700100415,2020년 6월 7일 18시,일요일,대구광역시 달서구 상인동,경상사고,0,0,1,0,차대차 - 측면충돌,기타,건조,맑음,단일로 - 기타,승용,여,54세,상해없음,승용,여,63세,경상
2020060700100441,2020년 6월 7일 19시,일요일,대구광역시 달서구 감삼동,경상사고,0,0,1,0,차대사람 - 보도통행중,기타,건조,맑음,단일로 - 기타,이륜,남,44세,상해없음,보행자,남,47세,경상
2020060700100502,2020년 6월 7일 22시,일요일,대구광역시 수성구 수성동1가,중상사고,0,1,1,0,차대차 - 추돌,안전운전불이행,건조,맑음,단일로 - 기타,승용,여,24세,상해없음,승용,남,74세,중상
2020060700100503,2020년 6월 7일 22시,일요일,대구광역시 중구 대봉동,경상사고,0,0,2,0,차대차 - 측면충돌,안전운전불이행,건조,맑음,단일로 - 기타,승용,남,49세,경상,이륜,남,21세,경상
2020060700100504,2020년 6월 7일 22시,일요일,대구광역시 달서구 죽전동,경상사고,0,0,1,0,차대차 - 측면충돌,교차로운행방법위반,건조,맑음,교차로 - 교차로안,승용,남,43세,상해없음,승용,남,39세,경상
2020060700100522,2020년 6월 7일 23시,일요일,대구광역시 달서구 감삼동,중상사고,0,1,1,0,차대차 - 측면충돌,차로위반,건조,맑음,기타 - 기타,승용,남,53세,상해없음,승용,남,47세,경상
2020060800100007,2020년 6월 8일 00시,월요일,대구광역시 남구 봉덕동,경상사고,0,0,3,0,차대차 - 추돌,안전운전불이행,건조,맑음,단일로 - 기타,화물,남,45세,상해없음,승용,여,19세,경상
2020060800100018,2020년 6월 8일 02시,월요일,대구광역시 수성구 범어동,중상사고,0,1,1,0,차대차 - 측면충돌,신호위반,건조,맑음,교차로 - 교차로안,승용,남,32세,상해없음,승용,남,54세,경상
2020060800100058,2020년 6월 8일 06시,월요일,대구광역시 수성구 가천동,사망사고,1,0,0,0,차대사람 - 기타,안전운전불이행,건조,맑음,교차로 - 교차로횡단보도내,승용,남,65세,상해없음,보행자,여,85세,사망
2020060800100094,2020년 6월 8일 07시,월요일,대구광역시 달서구 용산동,중상사고,0,1,6,0,차대차 - 측면충돌,안전운전불이행,건조,맑음,단일로 - 기타,승용,남,58세,상해없음,승합,남,52세,중상
2020060800100141,2020년 6월 8일 08시,월요일,대구광역시 동구 신암동,부상신고사고,0,0,0,1,차대차 - 추돌,안전운전불이행,건조,맑음,단일로 - 기타,승용,남,58세,기타불명,승용,남,62세,부상신고
2020060800100142,2020년 6월 8일 08시,월요일,대구광역시 달서구 상인동,경상사고,0,0,1,1,차대차 - 측면충돌,안전운전불이행,건조,맑음,교차로 - 교차로안,승용,여,43세,부상신고,승용,여,55세,경상
2020060800100143,2020년 6월 8일 08시,월요일,대구광역시 북구 팔달동,경상사고,0,0,1,0,차대차 - 측면충돌,안전거리미확보,건조,맑음,단일로 - 기타,승용,남,60세,상해없음,승용,남,56세,상해없음
2020060800100183,2020년 6월 8일 09시,월요일,대구광역시 수성구 만촌동,중상사고,0,1,0,0,차대사람 - 횡단중,안전운전불이행,건조,맑음,단일로 - 기타,승용,여,51세,상해없음,보행자,여,83세,중상
2020060800100184,2020년 6월 8일 09시,월요일,대구광역시 북구 서변동,경상사고,0,0,1,0,차대차 - 측면충돌,차로위반,건조,맑음,단일로 - 기타,승용,남,29세,기타불명,승용,여,51세,경상
2020060800100211,2020년 6월 8일 10시,월요일,대구광역시 동구 신천동,경상사고,0,0,2,0,차대차 - 기타,안전거리미확보,건조,맑음,단일로 - 기타,특수,남,63세,상해없음,승용,남,61세,경상
2020060800100212,2020년 6월 8일 10시,월요일,대구광역시 동구 율하동,부상신고사고,0,0,0,1,차대차 - 측면충돌,안전운전불이행,건조,맑음,기타 - 기타,승용,여,36세,부상신고,화물,남,33세,기타불명
2020060800100213,2020년 6월 8일 10시,월요일,대구광역시 달서구 감삼동,경상사고,0,0,1,0,차대차 - 기타,교차로운행방법위반,건조,맑음,교차로 - 교차로안,승용,남,66세,상해없음,이륜,남,48세,경상
2020060800100214,2020년 6월 8일 10시,월요일,대구광역시 달서구 장기동,경상사고,0,0,1,0,차대사람 - 기타,기타,건조,맑음,단일로 - 기타,화물,남,52세,상해없음,보행자,여,61세,경상
2020060800100250,2020년 6월 8일 11시,월요일,대구광역시 남구 대명동,중상사고,0,1,0,0,차대사람 - 기타,안전운전불이행,건조,맑음,단일로 - 기타,승용,여,55세,상해없음,보행자,여,74세,중상
2020060800100251,2020년 6월 8일 11시,월요일,대구광역시 수성구 범어동,경상사고,0,0,1,0,차대차 - 측면충돌,안전거리미확보,건조,맑음,교차로 - 교차로부근,승용,남,76세,상해없음,승합,남,57세,경상
2020060800100252,2020년 6월 8일 11시,월요일,대구광역시 수성구 신매동,중상사고,0,1,0,0,차대차 - 측면충돌,안전거리미확보,건조,맑음,단일로 - 기타,승용,남,48세,상해없음,이륜,남,65세,중상
2020060800100253,2020년 6월 8일 11시,월요일,대구광역시 수성구 욱수동,경상사고,0,0,1,0,차대차 - 측면충돌,차로위반,건조,맑음,단일로 - 기타,화물,남,40세,상해없음,승용,여,51세,경상
2020060800100254,2020년 6월 8일 11시,월요일,대구광역시 달서구 유천동,경상사고,0,0,4,0,차대차 - 측면충돌,안전거리미확보,건조,맑음,단일로 - 기타,승용,남,72세,경상,승용,남,38세,경상
2020060800100255,2020년 6월 8일 11시,월요일,대구광역시 서구 내당동,경상사고,0,0,1,0,차대차 - 기타,안전운전불이행,건조,맑음,교차로 - 교차로안,승용,여,48세,상해없음,이륜,남,65세,경상
2020060800100298,2020년 6월 8일 12시,월요일,대구광역시 남구 대명동,경상사고,0,0,1,0,차대차 - 기타,안전운전불이행,건조,맑음,단일로 - 기타,화물,남,38세,상해없음,이륜,남,54세,경상
2020060800100299,2020년 6월 8일 12시,월요일,대구광역시 달성군 다사읍,경상사고,0,0,2,0,차대차 - 기타,안전운전불이행,건조,맑음,단일로 - 기타,기타불명,여,19세,상해없음,기타불명,남,28세,경상
2020060800100343,2020년 6월 8일 13시,월요일,대구광역시 수성구 상동,경상사고,0,0,1,0,차대사람 - 길가장자리구역통행중,안전운전불이행,건조,맑음,단일로 - 기타,승용,남,73세,상해없음,보행자,여,20세,경상
2020060800100344,2020년 6월 8일 13시,월요일,대구광역시 달서구 호산동,경상사고,0,0,2,0,차대차 - 측면충돌,안전거리미확보,건조,맑음,단일로 - 기타,화물,남,40세,상해없음,승합,남,33세,경상
2020060800100345,2020년 6월 8일 13시,월요일,대구광역시 달서구 이곡동,경상사고,0,0,1,0,차대차 - 추돌,안전운전불이행,건조,맑음,교차로 - 교차로부근,화물,남,32세,상해없음,승용,남,39세,경상
2020060800100375,2020년 6월 8일 14시,월요일,대구광역시 수성구 신매동,중상사고,0,1,1,0,차대차 - 측면충돌,교차로운행방법위반,건조,맑음,교차로 - 교차로안,승용,남,63세,상해없음,승용,여,44세,중상
2020060800100376,2020년 6월 8일 14시,월요일,대구광역시 북구 복현동,경상사고,0,0,2,0,차대차 - 측면충돌,안전운전불이행,건조,맑음,교차로 - 교차로부근,자전거,남,64세,경상,승용,남,57세,상해없음
2020060800100418,2020년 6월 8일 15시,월요일,대구광역시 동구 효목동,경상사고,0,0,1,0,차대차 - 측면충돌,안전거리미확보,건조,맑음,단일로 - 기타,화물,남,58세,상해없음,승용,남,38세,경상
2020060800100420,2020년 6월 8일 15시,월요일,대구광역시 서구 이현동,부상신고사고,0,0,0,1,차대차 - 측면충돌,안전운전불이행,건조,맑음,단일로 - 기타,자전거,남,23세,부상신고,승합,남,38세,상해없음
2020060800100465,2020년 6월 8일 16시,월요일,대구광역시 수성구 만촌동,경상사고,0,0,1,0,차대차 - 기타,차로위반,건조,맑음,단일로 - 기타,승용,여,67세,상해없음,승합,남,45세,상해없음
2020060800100466,2020년 6월 8일 16시,월요일,대구광역시 달성군 하빈면,경상사고,0,0,1,0,차대차 - 기타,안전운전불이행,건조,맑음,교차로 - 교차로부근,승용,남,65세,상해없음,화물,남,31세,경상
2020060800100467,2020년 6월 8일 16시,월요일,대구광역시 서구 평리동,부상신고사고,0,0,0,2,차대차 - 추돌,안전운전불이행,건조,맑음,단일로 - 기타,이륜,남,52세,상해없음,승용,남,31세,상해없음
2020060800100468,2020년 6월 8일 16시,월요일,대구광역시 달서구 신당동,경상사고,0,0,1,0,차대차 - 추돌,안전거리미확보,건조,맑음,단일로 - 기타,화물,남,45세,상해없음,승용,남,68세,경상
2020060800100469,2020년 6월 8일 16시,월요일,대구광역시 달서구 신당동,경상사고,0,0,2,0,차대차 - 기타,교차로운행방법위반,건조,맑음,교차로 - 교차로안,승용,여,22세,상해없음,승합,남,47세,경상
2020060800100513,2020년 6월 8일 17시,월요일,대구광역시 북구 노원동3가,부상신고사고,0,0,0,1,차대차 - 측면충돌,중앙선침범,건조,맑음,교차로 - 교차로횡단보도내,이륜,남,79세,부상신고,건설기계,남,67세,상해없음
2020060800100514,2020년 6월 8일 17시,월요일,대구광역시 달서구 신당동,경상사고,0,0,1,0,차대차 - 기타,안전운전불이행,건조,맑음,교차로 - 교차로부근,원동기,남,54세,상해없음,승용,여,49세,경상
2020060800100566,2020년 6월 8일 18시,월요일,대구광역시 동구 봉무동,부상신고사고,0,0,0,1,차대차 - 기타,안전운전불이행,건조,맑음,단일로 - 기타,자전거,여,57세,부상신고,승용,남,38세,상해없음
2020060800100567,2020년 6월 8일 18시,월요일,대구광역시 동구 불로동,경상사고,0,0,2,0,차대차 - 측면충돌,교차로운행방법위반,건조,맑음,교차로 - 교차로안,승용,남,39세,경상,승용,남,47세,경상
2020060800100568,2020년 6월 8일 18시,월요일,대구광역시 수성구 수성동1가,경상사고,0,0,1,0,차대차 - 추돌,안전운전불이행,건조,맑음,단일로 - 기타,승용,남,76세,상해없음,이륜,남,34세,경상
2020060800100569,2020년 6월 8일 18시,월요일,대구광역시 서구 내당동,경상사고,0,0,1,0,차대차 - 측면충돌,교차로운행방법위반,건조,맑음,교차로 - 교차로안,승용,남,54세,상해없음,이륜,남,42세,경상
2020060800100600,2020년 6월 8일 19시,월요일,대구광역시 달서구 상인동,경상사고,0,0,1,0,차대차 - 기타,안전운전불이행,건조,맑음,단일로 - 기타,원동기,남,29세,경상,승용,남,38세,상해없음
2020060800100638,2020년 6월 8일 20시,월요일,대구광역시 중구 삼덕동1가,경상사고,0,0,1,1,차대차 - 측면충돌,안전거리미확보,건조,맑음,단일로 - 기타,승용,여,45세,기타불명,승용,남,66세,경상
2020060800100668,2020년 6월 8일 21시,월요일,대구광역시 달서구 감삼동,경상사고,0,0,1,0,차대차 - 측면충돌,안전거리미확보,건조,맑음,단일로 - 기타,승용,남,75세,상해없음,승용,남,23세,경상
2020060800100693,2020년 6월 8일 22시,월요일,대구광역시 달서구 진천동,중상사고,0,1,0,0,차대차 - 측면충돌,신호위반,건조,맑음,교차로 - 교차로부근,승용,남,48세,상해없음,원동기,남,30세,중상
2020060900100018,2020년 6월 9일 01시,화요일,대구광역시 중구 동인동2가,경상사고,0,0,2,0,차대차 - 측면충돌,안전운전불이행,건조,맑음,교차로 - 교차로부근,승용,여,38세,상해없음,승용,남,64세,경상
2020060900100040,2020년 6월 9일 05시,화요일,대구광역시 서구 비산동,경상사고,0,0,1,0,차대차 - 측면충돌,기타,건조,맑음,단일로 - 기타,승용,남,68세,상해없음,이륜,남,58세,경상
2020060900100041,2020년 6월 9일 05시,화요일,대구광역시 달서구 신당동,경상사고,0,0,1,0,차대차 - 측면충돌,안전거리미확보,건조,맑음,단일로 - 기타,승용,남,79세,상해없음,승용,남,52세,경상
2020060900100049,2020년 6월 9일 06시,화요일,대구광역시 동구 용계동,경상사고,0,0,1,0,차대차 - 측면충돌,신호위반,건조,맑음,교차로 - 교차로안,화물,남,54세,상해없음,승용,남,20세,경상
2020060900100083,2020년 6월 9일 07시,화요일,대구광역시 서구 상리동,경상사고,0,0,2,0,차대차 - 측면충돌,안전운전불이행,건조,맑음,단일로 - 기타,건설기계,남,41세,상해없음,승용,남,51세,경상