사고번호,사고일시,요일,시군구,사고내용,사망자수,중상자수,경상자수,부상신고자수,사고유형,법규위반,노면상태,기상상태,도로형태,가해운전자 차종,가해운전자 성별,가해운전자 연령,가해운전자 상해정도,피해운전자 차종,피해운전자 성별,피해운전자 연령,피해운전자 상해정도
2020060900100129,2020년 6월 9일 08시,화요일,대구광역시 북구 칠성동1가,중상사고,0,1,0,0,차대사람 - 횡단중,보행자보호의무위반,건조,맑음,교차로 - 교차로횡단보도내,승용,여,51세,상해없음,보행자,여,71세,중상
2020060900100130,2020년 6월 9일 08시,화요일,대구광역시 동구 사복동,경상사고,0,0,1,1,차대차 - 측면충돌,차로위반,건조,맑음,단일로 - 기타,화물,남,68세,부상신고,승용,남,25세,경상
2020060900100131,2020년 6월 9일 08시,화요일,대구광역시 동구 신천동,경상사고,0,0,2,0,차대차 - 기타,교차로운행방법위반,건조,맑음,교차로 - 교차로부근,승용,남,69세,경상,승용,남,26세,경상
2020060900100132,2020년 6월 9일 08시,화요일,대구광역시 달서구 송현동,경상사고,0,0,1,0,차대차 - 측면충돌,중앙선침범,건조,맑음,단일로 - 기타,이륜,남,17세,경상,승합,남,67세,상해없음
2020060900100133,2020년 6월 9일 08시,화요일,대구광역시 달성군 화원읍,경상사고,0,0,1,0,차대사람 - 기타,안전운전불이행,건조,맑음,기타 - 기타,자전거,남,54세,상해없음,보행자,남,66세,경상
2020060900100172,2020년 6월 9일 09시,화요일,대구광역시 서구 평리동,경상사고,0,0,1,0,차대차 - 추돌,안전운전불이행,건조,맑음,단일로 - 기타,승용,여,49세,상해없음,승용,남,30세,경상
2020060900100211,2020년 6월 9일 10시,화요일,대구광역시 북구 읍내동,경상사고,0,0,1,0,차대차 - 측면충돌,안전운전불이행,건조,맑음,단일로 - 기타,승용,남,79세,상해없음,원동기,남,47세,경상
2020060900100247,2020년 6월 9일 11시,화요일,대구광역시 달성군 가창면,경상사고,0,0,2,0,차대차 - 기타,중앙선침범,건조,맑음,단일로 - 기타,승용,남,62세,상해없음,승용,남,51세,경상
2020060900100290,2020년 6월 9일 12시,화요일,대구광역시 남구 대명동,경상사고,0,0,2,0,차대차 - 추돌,안전운전불이행,건조,맑음,기타 - 기타,화물,남,72세,상해없음,원동기,남,78세,경상
2020060900100291,2020년 6월 9일 12시,화요일,대구광역시 달서구 송현동,경상사고,0,0,1,0,차대차 - 기타,교차로운행방법위반,건조,맑음,교차로 - 교차로안,이륜,남,56세,경상,승용,남,63세,상해없음
2020060900100292,2020년 6월 9일 12시,화요일,대구광역시 달성군 다사읍,경상사고,0,0,3,0,차대차 - 추돌,안전운전불이행,건조,맑음,단일로 - 기타,승용,남,47세,상해없음,승용,남,60세,경상
2020060900100293,2020년 6월 9일 12시,화요일,대구광역시 남구 대명동,경상사고,0,0,1,0,차대차 - 기타,안전운전불이행,건조,맑음,단일로 - 기타,승용,남,63세,상해없음,이륜,남,48세,경상
2020060900100321,2020년 6월 9일 13시,화요일,대구광역시 달서구 유천동,경상사고,0,0,1,0,차대사람 - 기타,안전운전불이행,건조,맑음,단일로 - 기타,승용,여,44세,상해없음,보행자,남,4세,경상
2020060900100363,2020년 6월 9일 14시,화요일,대구광역시 수성구 신매동,부상신고사고,0,0,0,1,차대차 - 측면충돌,안전거리미확보,건조,맑음,단일로 - 기타,이륜,남,26세,부상신고,승용,여,71세,상해없음
2020060900100364,2020년 6월 9일 14시,화요일,대구광역시 달서구 상인동,경상사고,0,0,2,0,차대차 - 측면충돌,안전거리미확보,건조,맑음,단일로 - 기타,원동기,남,15세,상해없음,승용,여,33세,경상
2020060900100404,2020년 6월 9일 15시,화요일,대구광역시 동구 효목동,경상사고,0,0,1,0,차대차 - 측면충돌,안전운전불이행,건조,맑음,단일로 - 기타,승용,여,54세,상해없음,이륜,여,51세,경상
2020060900100405,2020년 6월 9일 15시,화요일,대구광역시 동구 지저동,경상사고,0,0,1,0,차대차 - 측면충돌,안전운전불이행,건조,맑음,단일로 - 기타,승합,남,60세,기타불명,승용,여,45세,경상
2020060900100406,2020년 6월 9일 15시,화요일,대구광역시 서구 내당동,경상사고,0,0,2,0,차대차 - 측면충돌,안전거리미확보,건조,맑음,단일로 - 기타,승용,남,33세,상해없음,이륜,남,22세,경상
2020060900100456,2020년 6월 9일 16시,화요일,대구광역시 수성구 수성동4가,부상신고사고,0,0,0,1,차대차 - 기타,기타,건조,맑음,기타 - 기타,기타불명,기타불명,미분류,기타불명,자전거,남,13세,부상신고
2020060900100457,2020년 6월 9일 16시,화요일,대구광역시 서구 이현동,경상사고,0,0,5,0,차대차 - 측면충돌,안전운전불이행,건조,맑음,교차로 - 교차로안,화물,남,44세,경상,화물,남,50세,경상
2020060900100458,2020년 6월 9일 16시,화요일,대구광역시 서구 비산동,경상사고,0,0,1,0,차대차 - 측면충돌,안전거리미확보,건조,맑음,단일로 - 기타,승용,여,47세,상해없음,화물,남,56세,경상
2020060900100459,2020년 6월 9일 16시,화요일,대구광역시 중구 포정동,중상사고,0,1,0,0,차대사람 - 횡단중,안전운전불이행,건조,맑음,단일로 - 기타,화물,남,42세,상해없음,보행자,여,68세,중상
2020060900100460,2020년 6월 9일 16시,화요일,대구광역시 중구 덕산동,경상사고,0,0,1,0,차대차 - 측면충돌,안전운전불이행,건조,맑음,단일로 - 기타,승용,남,67세,상해없음,승용,여,53세,경상
2020060900100461,2020년 6월 9일 16시,화요일,대구광역시 북구 관음동,경상사고,0,0,1,0,차대차 - 측면충돌,교차로운행방법위반,건조,맑음,교차로 - 교차로안,화물,남,38세,상해없음,승용,여,49세,경상
2020060900100496,2020년 6월 9일 17시,화요일,대구광역시 달서구 송현동,경상사고,0,0,3,0,차대차 - 기타,안전운전불이행,건조,맑음,단일로 - 기타,화물,남,76세,상해없음,승용,남,77세,경상
2020060900100497,2020년 6월 9일 17시,화요일,대구광역시 달서구 상인동,경상사고,0,0,1,0,차대차 - 후진중충돌,안전운전불이행,건조,맑음,주차장 - 주차장,승용,여,31세,상해없음,승용,남,35세,경상
2020060900100498,2020년 6월 9일 17시,화요일,대구광역시 북구 칠성동1가,경상사고,0,0,1,0,차대사람 - 기타,안전운전불이행,건조,맑음,기타 - 기타,화물,남,63세,상해없음,보행자,남,83세,경상
2020060900100499,2020년 6월 9일 17시,화요일,대구광역시 남구 대명동,경상사고,0,0,1,0,차대차 - 기타,안전운전불이행,건조,맑음,단일로 - 기타,승용,남,19세,상해없음,승용,남,71세,경상
2020060900100500,2020년 6월 9일 17시,화요일,대구광역시 북구 학정동,경상사고,0,0,1,0,차대차 - 측면충돌,교차로운행방법위반,건조,맑음,교차로 - 교차로안,승용,여,63세,상해없음,승용,남,24세,경상
2020060900100562,2020년 6월 9일 18시,화요일,대구광역시 북구 서변동,경상사고,0,0,1,0,차대사람 - 기타,안전운전불이행,건조,맑음,주차장 - 주차장,화물,남,35세,상해없음,보행자,남,55세,경상
2020060900100605,2020년 6월 9일 19시,화요일,대구광역시 동구 신암동,경상사고,0,0,2,0,차대차 - 측면충돌,교차로운행방법위반,건조,맑음,교차로 - 교차로안,원동기,남,25세,경상,승용,여,50세,경상
2020060900100606,2020년 6월 9일 19시,화요일,대구광역시 수성구 범물동,경상사고,0,0,1,0,차대차 - 추돌,안전운전불이행,건조,맑음,교차로 - 교차로안,승용,남,53세,기타불명,이륜,남,45세,경상
2020060900100607,2020년 6월 9일 19시,화요일,대구광역시 수성구 범어동,경상사고,0,0,2,0,차대차 - 측면충돌,안전거리미확보,건조,맑음,단일로 - 기타,승용,남,68세,상해없음,승용,남,21세,경상
2020060900100632,2020년 6월 9일 20시,화요일,대구광역시 동구 방촌동,중상사고,0,1,1,0,차대사람 - 기타,안전운전불이행,건조,맑음,교차로 - 교차로안,이륜,남,38세,경상,보행자,남,69세,중상
2020060900100633,2020년 6월 9일 20시,화요일,대구광역시 중구 동인동1가,경상사고,0,0,1,0,차량단독 - 기타,안전운전불이행,건조,맑음,단일로 - 기타,승합,남,49세,상해없음,,,,
2020060900100663,2020년 6월 9일 21시,화요일,대구광역시 동구 신천동,경상사고,0,0,1,0,차대사람 - 기타,안전운전불이행,건조,맑음,단일로 - 기타,기타불명,기타불명,미분류,기타불명,보행자,남,76세,경상
2020060900100664,2020년 6월 9일 21시,화요일,대구광역시 북구 침산동,경상사고,0,0,2,0,차대차 - 추돌,안전운전불이행,건조,맑음,단일로 - 기타,승용,남,53세,상해없음,승용,남,26세,경상
2020060900100693,2020년 6월 9일 22시,화요일,대구광역시 동구 신천동,경상사고,0,0,1,0,차대차 - 추돌,안전운전불이행,건조,맑음,단일로 - 기타,승용,남,38세,상해없음,승용,남,64세,경상
2020060900100705,2020년 6월 9일 23시,화요일,대구광역시 서구 내당동,경상사고,0,0,2,0,차대차 - 측면충돌,안전운전불이행,건조,맑음,교차로 - 교차로부근,승용,남,23세,경상,승용,여,54세,경상
2020061000100008,2020년 6월 10일 00시,수요일,대구광역시 서구 중리동,중상사고,0,1,0,0,차대차 - 측면충돌,신호위반,건조,맑음,교차로 - 교차로안,승용,남,24세,상해없음,이륜,남,28세,중상
2020061000100029,2020년 6월 10일 04시,수요일,대구광역시 수성구 파동,경상사고,0,0,1,0,차대차 - 측면충돌,신호위반,건조,맑음,교차로 - 교차로안,승합,남,67세,상해없음,승용,남,55세,경상
2020061000100057,2020년 6월 10일 06시,수요일,대구광역시 달서구 대곡동,중상사고,0,1,0,0,차대차 - 추돌,안전운전불이행,건조,맑음,단일로 - 기타,승용,남,37세,상해없음,승합,남,59세,중상
2020061000100058,2020년 6월 10일 06시,수요일,대구광역시 북구 노원동2가,경상사고,0,0,1,0,차대차 - 기타,안전운전불이행,건조,맑음,교차로 - 교차로안,승용,남,52세,상해없음,자전거,여,71세,경상
2020061000100059,2020년 6월 10일 06시,수요일,대구광역시 중구 시장북로,경상사고,0,0,1,1,차대차 - 측면충돌,안전운전불이행,건조,맑음,교차로 - 교차로안,승용,남,72세,부상신고,승용,남,68세,경상
2020061000100085,2020년 6월 10일 07시,수요일,대구광역시 남구 대명동,중상사고,0,1,0,0,차대사람 - 보도통행중,기타,건조,맑음,단일로 - 기타,자전거,남,46세,상해없음,보행자,여,79세,중상
2020061000100131,2020년 6월 10일 08시,수요일,대구광역시 수성구 범어동,경상사고,0,0,1,0,차대차 - 측면충돌,안전거리미확보,건조,맑음,단일로 - 기타,화물,남,64세,상해없음,승용,여,59세,경상
2020061000100132,2020년 6월 10일 08시,수요일,대구광역시 달서구 도원동,경상사고,0,0,1,0,차대차 - 측면충돌,안전거리미확보,건조,맑음,단일로 - 기타,화물,남,45세,상해없음,승용,여,45세,경상
2020061000100133,2020년 6월 10일 08시,수요일,대구광역시 달서구 장동,경상사고,0,0,1,0,차대차 - 기타,신호위반,건조,맑음,교차로 - 교차로안,이륜,남,29세,기타불명,승용,여,36세,경상
2020061000100134,2020년 6월 10일 08시,수요일,대구광역시 북구 구암동,경상사고,0,0,1,0,차대차 - 추돌,안전거리미확보,건조,맑음,기타 - 기타,승용,여,60세,상해없음,승용,여,46세,경상
2020061000100168,2020년 6월 10일 09시,수요일,대구광역시 달성군 옥포읍,중상사고,0,1,2,0,차대차 - 기타,안전거리미확보,건조,맑음,기타 - 기타,화물,남,52세,기타불명,화물,남,32세,경상
2020061000100169,2020년 6월 10일 09시,수요일,대구광역시 북구 태전동,경상사고,0,0,2,0,차대차 - 측면충돌,안전운전불이행,건조,맑음,단일로 - 기타,승용,여,54세,경상,화물,남,42세,경상
2020061000100205,2020년 6월 10일 10시,수요일,대구광역시 서구 내당동,경상사고,0,0,1,0,차대차 - 측면충돌,안전거리미확보,건조,맑음,단일로 - 기타,승용,남,51세,상해없음,화물,남,58세,상해없음
2020061000100238,2020년 6월 10일 11시,수요일,대구광역시 남구 봉덕동,경상사고,0,0,1,0,차대차 - 측면충돌,안전운전불이행,건조,맑음,교차로 - 교차로부근,승용,여,43세,상해없음,승용,여,31세,경상
2020061000100239,2020년 6월 10일 11시,수요일,대구광역시 북구 산격동,경상사고,0,0,1,0,차대차 - 추돌,안전운전불이행,건조,맑음,교차로 - 교차로부근,승용,여,27세,상해없음,승용,남,28세,경상
2020061000100240,2020년 6월 10일 11시,수요일,대구광역시 북구 침산동,경상사고,0,0,1,0,차대차 - 기타,안전운전불이행,건조,맑음,교차로 - 교차로안,원동기,남,58세,경상,화물,남,57세,상해없음
2020061000100241,2020년 6월 10일 11시,수요일,대구광역시 북구 읍내동,경상사고,0,0,1,0,차대차 - 측면충돌,교차로운행방법위반,건조,맑음,교차로 - 교차로부근,승용,남,60세,상해없음,자전거,여,62세,경상
2020061000100262,2020년 6월 10일 12시,수요일,대구광역시 달서구 송현동,경상사고,0,0,1,0,차대차 - 후진중충돌,안전운전불이행,건조,맑음,단일로 - 기타,승용,여,39세,상해없음,이륜,남,23세,경상
2020061000100263,2020년 6월 10일 12시,수요일,대구광역시 중구 동인동1가,부상신고사고,0,0,0,1,차대차 - 측면충돌,신호위반,건조,맑음,교차로 - 교차로안,이륜,남,74세,부상신고,화물,남,52세,상해없음
2020061000100302,2020년 6월 10일 13시,수요일,대구광역시 중구 태평로2가,중상사고,0,1,0,0,차대차 - 기타,안전운전불이행,젖음/습기,맑음,단일로 - 기타,승용,여,58세,상해없음,이륜,남,68세,중상
2020061000100329,2020년 6월 10일 14시,수요일,대구광역시 남구 대명동,경상사고,0,0,1,0,차대사람 - 기타,안전운전불이행,건조,맑음,단일로 - 기타,승용,남,58세,상해없음,보행자,여,29세,경상
2020061000100330,2020년 6월 10일 14시,수요일,대구광역시 수성구 상동,경상사고,0,0,4,0,차대차 - 측면충돌,안전거리미확보,건조,맑음,단일로 - 기타,승용,여,65세,기타불명,승용,여,53세,경상
2020061000100331,2020년 6월 10일 14시,수요일,대구광역시 달서구 도원동,경상사고,0,0,1,0,차대차 - 측면충돌,교차로운행방법위반,건조,맑음,교차로 - 교차로안,이륜,남,32세,상해없음,승용,여,53세,경상
2020061000100332,2020년 6월 10일 14시,수요일,대구광역시 북구 노원동1가,경상사고,0,0,1,0,차대차 - 추돌,안전거리미확보,건조,맑음,단일로 - 기타,승용,남,77세,상해없음,원동기,남,71세,경상
2020061000100413,2020년 6월 10일 16시,수요일,대구광역시 동구 신암동,중상사고,0,1,0,0,차대사람 - 횡단중,보행자보호의무위반,건조,맑음,단일로 - 기타,승용,남,52세,상해없음,보행자,여,64세,중상
2020061000100414,2020년 6월 10일 16시,수요일,대구광역시 달서구 두류동,경상사고,0,0,2,1,차대차 - 측면충돌,안전운전불이행,건조,맑음,교차로 - 교차로부근,승용,여,60세,부상신고,승용,여,57세,경상
2020061000100415,2020년 6월 10일 16시,수요일,대구광역시 달서구 장기동,경상사고,0,0,1,0,차대차 - 기타,교차로운행방법위반,건조,맑음,기타 - 기타,승용,남,61세,상해없음,이륜,남,17세,경상
2020061000100473,2020년 6월 10일 17시,수요일,대구광역시 남구 대명동,부상신고사고,0,0,0,1,차대사람 - 기타,보행자보호의무위반,건조,맑음,단일로 - 기타,승용,남,47세,상해없음,보행자,남,17세,부상신고
2020061000100474,2020년 6월 10일 17시,수요일,대구광역시 동구 신기동,경상사고,0,0,1,0,차대차 - 측면충돌,교차로운행방법위반,건조,맑음,교차로 - 교차로안,승용,남,48세,상해없음,자전거,남,17세,경상
2020061000100476,2020년 6월 10일 17시,수요일,대구광역시 달성군 구지면,경상사고,0,0,1,0,차대사람 - 기타,안전운전불이행,건조,맑음,단일로 - 기타,화물,남,48세,상해없음,보행자,여,78세,경상
2020061000100477,2020년 6월 10일 17시,수요일,대구광역시 서구 비산동,경상사고,0,0,1,0,차대차 - 측면충돌,안전운전불이행,건조,맑음,교차로 - 교차로부근,자전거,남,56세,경상,화물,기타불명,미분류,기타불명
2020061000100521,2020년 6월 10일 18시,수요일,대구광역시 동구 효목동,경상사고,0,0,1,0,차대사람 - 길가장자리구역통행중,안전운전불이행,건조,맑음,단일로 - 기타,기타불명,기타불명,미분류,기타불명,보행자,여,40세,경상
2020061000100522,2020년 6월 10일 18시,수요일,대구광역시 수성구 가천동,중상사고,0,1,0,2,차대차 - 추돌,안전운전불이행,건조,맑음,단일로 - 기타,화물,남,42세,상해없음,승용,남,34세,중상
2020061000100524,2020년 6월 10일 18시,수요일,대구광역시 수성구 신매동,중상사고,0,1,0,0,차대사람 - 보도통행중,기타,건조,맑음,단일로 - 기타,자전거,여,45세,상해없음,보행자,여,62세,중상
2020061000100525,2020년 6월 10일 18시,수요일,대구광역시 달서구 진천동,중상사고,0,1,0,0,차대차 - 측면충돌,안전운전불이행,건조,맑음,교차로 - 교차로안,승용,남,67세,상해없음,이륜,남,41세,중상
2020061000100526,2020년 6월 10일 18시,수요일,대구광역시 달서구 대곡동,경상사고,0,0,3,1,차대차 - 측면충돌,안전거리미확보,건조,맑음,단일로 - 기타,승용,남,60세,경상,승용,남,20세,경상
2020061000100527,2020년 6월 10일 18시,수요일,대구광역시 달서구 진천동,경상사고,0,0,1,0,차대차 - 측면충돌,교차로운행방법위반,건조,맑음,교차로 - 교차로안,화물,남,34세,상해없음,이륜,남,25세,경상
2020061000100528,2020년 6월 10일 18시,수요일,대구광역시 달서구 송현동,경상사고,0,0,2,0,차대차 - 기타,안전운전불이행,건조,맑음,단일로 - 기타,승용,남,59세,경상,승용,남,50세,경상
2020061000100530,2020년 6월 10일 18시,수요일,대구광역시 달서구 성당동,경상사고,0,0,5,0,차대차 - 측면충돌,교차로운행방법위반,건조,맑음,교차로 - 교차로안,승용,남,51세,경상,승용,남,57세,경상
2020061000100531,2020년 6월 10일 18시,수요일,대구광역시 북구 태전동,경상사고,0,0,1,0,차대차 - 측면충돌,차로위반,건조,맑음,단일로 - 기타,승용,남,23세,상해없음,화물,남,41세,경상
2020061000100623,2020년 6월 10일 20시,수요일,대구광역시 동구 신천동,경상사고,0,0,2,0,차대차 - 측면충돌,안전운전불이행,건조,맑음,교차로 - 교차로횡단보도내,승용,여,50세,상해없음,자전거,여,16세,경상
2020061000100677,2020년 6월 10일 21시,수요일,대구광역시 수성구 상동,부상신고사고,0,0,0,1,차대차 - 측면충돌,신호위반,건조,맑음,교차로 - 교차로안,이륜,남,22세,부상신고,화물,남,49세,상해없음
2020061000100731,2020년 6월 10일 22시,수요일,대구광역시 중구 남산동,부상신고사고,0,0,0,3,차대차 - 기타,교차로운행방법위반,건조,맑음,교차로 - 교차로부근,승용,남,50세,상해없음,승용,남,20세,부상신고
2020061000100755,2020년 6월 10일 23시,수요일,대구광역시 수성구 두산동,경상사고,0,0,4,0,차대차 - 측면충돌,안전운전불이행,건조,맑음,단일로 - 기타,승용,남,28세,상해없음,승용,남,29세,경상
2020061100100017,2020년 6월 11일 00시,목요일,대구광역시 북구 복현동,경상사고,0,0,2,0,차대차 - 측면충돌,교차로운행방법위반,젖음/습기,비,교차로 - 교차로안,기타불명,기타불명,미분류,기타불명,승용,남,33세,상해없음
2020061100100018,2020년 6월 11일 00시,목요일,대구광역시 서구 비산동,중상사고,0,1,1,0,차대차 - 정면충돌,신호위반,젖음/습기,비,교차로 - 교차로안,승용,여,36세,기타불명,승용,남,57세,경상
2020061100100036,2020년 6월 11일 01시,목요일,대구광역시 북구 고성동3가,중상사고,0,1,0,0,차대사람 - 횡단중,안전운전불이행,건조,맑음,단일로 - 기타,승용,남,65세,상해없음,보행자,여,49세,중상
2020061100100037,2020년 6월 11일 01시,목요일,대구광역시 북구 산격동,경상사고,0,0,3,0,차대차 - 정면충돌,안전운전불이행,젖음/습기,비,교차로 - 교차로안,승용,남,63세,경상,승용,남,26세,경상
2020061100100047,2020년 6월 11일 02시,목요일,대구광역시 수성구 시지동,경상사고,0,0,3,0,차대차 - 추돌,안전운전불이행,건조,맑음,교차로 - 교차로부근,승용,남,26세,상해없음,승용,여,22세,경상
2020061100100048,2020년 6월 11일 02시,목요일,대구광역시 달서구 용산동,중상사고,0,1,2,1,차대차 - 추돌,과속,젖음/습기,비,교차로 - 교차로부근,승용,여,54세,상해없음,이륜,남,20세,경상
2020061100100061,2020년 6월 11일 04시,목요일,대구광역시 남구 대명동,중상사고,0,3,1,0,차대차 - 측면충돌,중앙선침범,젖음/습기,비,단일로 - 기타,승용,남,32세,중상,승용,남,18세,경상
2020061100100071,2020년 6월 11일 05시,목요일,대구광역시 중구 계산동2가,중상사고,0,1,1,0,차대차 - 정면충돌,신호위반,건조,맑음,교차로 - 교차로안,승용,여,57세,상해없음,승용,남,59세,중상
2020061100100082,2020년 6월 11일 06시,목요일,대구광역시 달서구 상인동,경상사고,0,0,1,0,차대차 - 측면충돌,교차로운행방법위반,건조,맑음,교차로 - 교차로안,승용,남,25세,경상,승용,남,25세,상해없음
2020061100100083,2020년 6월 11일 06시,목요일,대구광역시 달성군 유가읍,중상사고,0,1,0,0,차대차 - 측면충돌,안전운전불이행,건조,맑음,교차로 - 교차로안,화물,남,41세,상해없음,승용,여,48세,중상
2020061100100106,2020년 6월 11일 07시,목요일,대구광역시 달서구 신당동,중상사고,0,1,0,0,차대사람 - 기타,안전운전불이행,젖음/습기,흐림,기타 - 기타,건설기계,남,56세,상해없음,보행자,여,20세,중상
2020061100100135,2020년 6월 11일 08시,목요일,대구광역시 남구 대명동,경상사고,0,0,1,0,차대차 - 측면충돌,신호위반,건조,맑음,교차로 - 교차로안,승용,남,24세,상해없음,승용,여,60세,경상
2020061100100136,2020년 6월 11일 08시,목요일,대구광역시 동구 방촌동,중상사고,0,1,1,0,차대차 - 측면충돌,신호위반,젖음/습기,비,교차로 - 교차로안,승용,여,55세,경상,승용,남,24세,중상
2020061100100163,2020년 6월 11일 09시,목요일,대구광역시 서구 비산동,중상사고,0,1,0,0,차대사람 - 횡단중,신호위반,건조,맑음,단일로 - 기타,승용,여,64세,상해없음,보행자,여,76세,중상
2020061100100195,2020년 6월 11일 10시,목요일,대구광역시 수성구 매호동,경상사고,0,0,2,0,차대차 - 측면충돌,안전운전불이행,건조,맑음,단일로 - 기타,승용,남,64세,상해없음,승용,남,35세,경상
2020061100100196,2020년 6월 11일 10시,목요일,대구광역시 북구 칠성동1가,경상사고,0,0,1,0,차대차 - 측면충돌,안전운전불이행,건조,맑음,교차로 - 교차로부근,이륜,남,15세,경상,승용,남,64세,상해없음
2020061100100197,2020년 6월 11일 10시,목요일,대구광역시 북구 고성동3가,경상사고,0,0,1,0,차대사람 - 기타,안전운전불이행,건조,맑음,단일로 - 기타,승용,남,46세,상해없음,보행자,남,52세,경상
2020061100100198,2020년 6월 11일 10시,목요일,대구광역시 서구 내당동,중상사고,0,1,0,0,차대차 - 측면충돌,신호위반,건조,맑음,교차로 - 교차로안,승합,남,25세,상해없음,이륜,남,62세,중상
2020061100100199,2020년 6월 11일 10시,목요일,대구광역시 북구 읍내동,중상사고,0,1,1,0,차대차 - 측면충돌,안전거리미확보,건조,맑음,단일로 - 기타,이륜,남,87세,중상,승용,남,71세,경상
2020061100100226,2020년 6월 11일 11시,목요일,대구광역시 달서구 진천동,부상신고사고,0,0,0,1,차대차 - 측면충돌,안전운전불이행,건조,맑음,교차로 - 교차로안,기타불명,기타불명,미분류,기타불명,자전거,남,23세,부상신고
2020061100100227,2020년 6월 11일 11시,목요일,대구광역시 달서구 월성동,경상사고,0,0,3,0,차대차 - 측면충돌,안전거리미확보,건조,맑음,단일로 - 기타,승용,남,63세,경상,화물,남,59세,경상
2020061100100228,2020년 6월 11일 11시,목요일,대구광역시 서구 비산동,경상사고,0,0,1,0,차대차 - 측면충돌,안전운전불이행,건조,맑음,단일로 - 기타,승용,남,66세,상해없음,승용,남,37세,경상
2020061100100229,2020년 6월 11일 11시,목요일,대구광역시 달서구 이곡동,중상사고,0,1,2,0,차대차 - 측면충돌,직진우회전진행방해,건조,맑음,교차로 - 교차로안,승용,남,69세,중상,승용,남,65세,경상
2020061100100304,2020년 6월 11일 13시,목요일,대구광역시 동구 지묘동,중상사고,0,1,0,0,차대차 - 기타,안전거리미확보,건조,맑음,단일로 - 기타,승용,여,33세,상해없음,이륜,남,77세,중상
2020061100100305,2020년 6월 11일 13시,목요일,대구광역시 수성구 황금동,경상사고,0,0,1,0,차대차 - 측면충돌,안전운전불이행,건조,맑음,교차로 - 교차로안,승용,남,37세,상해없음,자전거,남,63세,경상
2020061100100306,2020년 6월 11일 13시,목요일,대구광역시 달서구 장동,경상사고,0,0,1,0,차대차 - 측면충돌,차로위반,건조,맑음,단일로 - 기타,화물,남,50세,상해없음,화물,남,52세,경상
2020061100100307,2020년 6월 11일 13시,목요일,대구광역시 달서구 도원동,경상사고,0,0,2,0,차대차 - 추돌,안전거리미확보,건조,맑음,단일로 - 기타,승용,남,70세,상해없음,승용,남,57세,경상
2020061100100308,2020년 6월 11일 13시,목요일,대구광역시 서구 비산동,경상사고,0,0,2,1,차대차 - 기타,중앙선침범,건조,맑음,교차로 - 교차로부근,이륜,남,79세,경상,승용,남,65세,경상
2020061100100309,2020년 6월 11일 13시,목요일,대구광역시 달서구 이곡동,경상사고,0,0,2,0,차대차 - 정면충돌,안전운전불이행,건조,맑음,교차로 - 교차로부근,화물,남,60세,경상,승용,여,50세,경상
2020061100100338,2020년 6월 11일 14시,목요일,대구광역시 수성구 시지동,경상사고,0,0,2,0,차대차 - 기타,안전운전불이행,건조,맑음,단일로 - 기타,화물,남,36세,상해없음,승용,여,55세,경상
2020061100100342,2020년 6월 11일 14시,목요일,대구광역시 수성구 수성동4가,경상사고,0,0,1,0,차대차 - 측면충돌,교차로운행방법위반,건조,맑음,교차로 - 교차로안,승용,남,58세,상해없음,승용,여,60세,경상
2020061100100343,2020년 6월 11일 14시,목요일,대구광역시 달서구 대천동,경상사고,0,0,1,0,차대차 - 측면충돌,안전운전불이행,건조,맑음,단일로 - 기타,화물,남,53세,상해없음,화물,남,55세,경상
2020061100100344,2020년 6월 11일 14시,목요일,대구광역시 달서구 감삼동,경상사고,0,0,1,0,차대차 - 기타,안전운전불이행,건조,맑음,단일로 - 기타,건설기계,남,58세,상해없음,승용,여,48세,경상
2020061100100372,2020년 6월 11일 15시,목요일,대구광역시 동구 신암동,중상사고,0,1,0,0,차대사람 - 차도통행중,안전운전불이행,건조,맑음,단일로 - 기타,승용,여,54세,상해없음,보행자,여,76세,중상
2020061100100409,2020년 6월 11일 16시,목요일,대구광역시 수성구 만촌동,경상사고,0,0,1,0,차대차 - 기타,안전거리미확보,건조,맑음,단일로 - 기타,승용,남,69세,상해없음,승용,여,45세,경상
2020061100100410,2020년 6월 11일 16시,목요일,대구광역시 달성군 화원읍,경상사고,0,0,1,0,차대사람 - 기타,안전운전불이행,건조,맑음,단일로 - 기타,승용,남,75세,상해없음,보행자,남,25세,경상
2020061100100411,2020년 6월 11일 16시,목요일,대구광역시 중구 동인동4가,경상사고,0,0,4,0,차대차 - 측면충돌,안전운전불이행,건조,맑음,교차로 - 교차로안,화물,남,61세,상해없음,승용,여,39세,경상
2020061100100412,2020년 6월 11일 16시,목요일,대구광역시 북구 태전동,경상사고,0,0,1,0,차대차 - 측면충돌,교차로운행방법위반,건조,맑음,교차로 - 교차로안,승용,여,56세,상해없음,승용,남,38세,경상
2020061100100460,2020년 6월 11일 17시,목요일,대구광역시 수성구 범어동,경상사고,0,0,1,0,차대차 - 측면충돌,안전운전불이행,건조,맑음,교차로 - 교차로안,승용,남,48세,상해없음,승용,남,71세,경상
2020061100100507,2020년 6월 11일 18시,목요일,대구광역시 달서구 호산동,경상사고,0,0,1,0,차대차 - 측면충돌,안전운전불이행,건조,맑음,단일로 - 기타,원동기,남,19세,경상,승용,남,52세,상해없음