사고번호,사고일시,요일,시군구,사고내용,사망자수,중상자수,경상자수,부상신고자수,사고유형,법규위반,노면상태,기상상태,도로형태,가해운전자 차종,가해운전자 성별,가해운전자 연령,가해운전자 상해정도,피해운전자 차종,피해운전자 성별,피해운전자 연령,피해운전자 상해정도
2020061100100533,2020년 6월 11일 19시,목요일,대구광역시 달서구 감삼동,경상사고,0,0,2,0,차대차 - 기타,안전운전불이행,건조,맑음,단일로 - 기타,승용,여,45세,상해없음,승용,여,37세,상해없음
2020061100100563,2020년 6월 11일 20시,목요일,대구광역시 남구 대명동,부상신고사고,0,0,0,1,차대사람 - 기타,기타,건조,맑음,단일로 - 기타,승용,남,77세,상해없음,보행자,남,42세,부상신고
2020061100100564,2020년 6월 11일 20시,목요일,대구광역시 달서구 용산동,중상사고,0,2,0,0,차대차 - 기타,안전거리미확보,건조,맑음,단일로 - 기타,승용,남,22세,상해없음,이륜,남,19세,중상
2020061100100565,2020년 6월 11일 20시,목요일,대구광역시 북구 태전동,중상사고,0,1,0,0,차대차 - 기타,교차로운행방법위반,건조,맑음,교차로 - 교차로안,승용,남,65세,상해없음,이륜,남,24세,중상
2020061100100601,2020년 6월 11일 21시,목요일,대구광역시 서구 평리동,중상사고,0,1,0,0,차대사람 - 보도통행중,기타,건조,맑음,단일로 - 기타,원동기,여,23세,상해없음,보행자,여,56세,중상
2020061100100602,2020년 6월 11일 21시,목요일,대구광역시 달서구 이곡동,중상사고,0,1,0,0,차대사람 - 차도통행중,안전운전불이행,건조,흐림,단일로 - 기타,화물,남,56세,상해없음,보행자,여,59세,중상
2020061100100650,2020년 6월 11일 23시,목요일,대구광역시 중구 남산동,부상신고사고,0,0,0,1,차대사람 - 기타,안전운전불이행,건조,맑음,단일로 - 기타,승용,남,28세,상해없음,보행자,여,70세,부상신고
2020061200100010,2020년 6월 12일 00시,금요일,대구광역시 중구 남산동,사망사고,1,0,1,0,차대사람 - 차도통행중,중앙선침범,건조,맑음,단일로 - 기타,승용,남,37세,상해없음,보행자,여,81세,사망
2020061200100011,2020년 6월 12일 00시,금요일,대구광역시 달서구 장동,경상사고,0,0,1,0,차대차 - 측면충돌,차로위반,건조,맑음,기타 - 기타,화물,남,50세,상해없음,승용,남,22세,경상
2020061200100076,2020년 6월 12일 07시,금요일,대구광역시 수성구 황금동,경상사고,0,0,1,0,차대차 - 추돌,안전운전불이행,건조,맑음,단일로 - 기타,승용,남,26세,상해없음,승용,남,51세,경상
2020061200100154,2020년 6월 12일 09시,금요일,대구광역시 달서구 감삼동,경상사고,0,0,2,0,차대차 - 측면충돌,안전운전불이행,건조,맑음,단일로 - 기타,화물,남,57세,상해없음,승용,여,30세,상해없음
2020061200100204,2020년 6월 12일 10시,금요일,대구광역시 달성군 논공읍,중상사고,0,1,0,0,차대차 - 기타,안전운전불이행,건조,맑음,교차로 - 교차로안,화물,남,36세,상해없음,개인형이동수단(PM),남,81세,중상
2020061200100205,2020년 6월 12일 10시,금요일,대구광역시 중구 서성로2가,경상사고,0,0,1,0,차대차 - 측면충돌,안전운전불이행,건조,맑음,교차로 - 교차로부근,화물,남,38세,상해없음,승용,남,29세,경상
2020061200100206,2020년 6월 12일 10시,금요일,대구광역시 달서구 본리동,경상사고,0,0,1,0,차대사람 - 기타,안전운전불이행,건조,맑음,단일로 - 기타,승용,남,34세,상해없음,보행자,남,39세,경상
2020061200100237,2020년 6월 12일 11시,금요일,대구광역시 서구 상리동,중상사고,0,1,0,0,차대차 - 측면충돌,안전운전불이행,건조,맑음,단일로 - 기타,승용,남,49세,상해없음,특수,남,43세,중상
2020061200100280,2020년 6월 12일 12시,금요일,대구광역시 남구 봉덕동,경상사고,0,0,4,1,차대차 - 측면충돌,신호위반,건조,맑음,교차로 - 교차로안,화물,여,64세,부상신고,승용,여,62세,경상
2020061200100281,2020년 6월 12일 12시,금요일,대구광역시 수성구 연호동,중상사고,0,1,0,0,차대차 - 측면충돌,안전거리미확보,건조,맑음,단일로 - 기타,승용,여,51세,상해없음,이륜,여,53세,중상
2020061200100282,2020년 6월 12일 12시,금요일,대구광역시 수성구 두산동,경상사고,0,0,1,0,차대차 - 측면충돌,교차로운행방법위반,건조,맑음,교차로 - 교차로안,승용,여,49세,상해없음,승용,여,55세,경상
2020061200100311,2020년 6월 12일 13시,금요일,대구광역시 달성군 화원읍,경상사고,0,0,2,0,차대차 - 기타,안전운전불이행,건조,맑음,기타 - 기타,승용,남,58세,기타불명,원동기,남,18세,경상
2020061200100347,2020년 6월 12일 14시,금요일,대구광역시 동구 신암동,경상사고,0,0,1,0,차대차 - 측면충돌,안전운전불이행,건조,맑음,단일로 - 기타,승용,남,68세,상해없음,승용,여,26세,경상
2020061200100348,2020년 6월 12일 14시,금요일,대구광역시 수성구 범어동,중상사고,0,1,0,0,차대차 - 측면충돌,안전운전불이행,건조,맑음,교차로 - 교차로안,이륜,남,57세,중상,승용,남,52세,상해없음
2020061200100349,2020년 6월 12일 14시,금요일,대구광역시 수성구 지산동,중상사고,0,1,0,0,차대사람 - 차도통행중,안전운전불이행,건조,맑음,단일로 - 기타,자전거,남,15세,중상,보행자,남,14세,상해없음
2020061200100350,2020년 6월 12일 14시,금요일,대구광역시 북구 검단동,중상사고,0,1,0,0,차대차 - 기타,안전운전불이행,건조,맑음,교차로 - 교차로부근,승용,여,47세,상해없음,자전거,남,63세,중상
2020061200100351,2020년 6월 12일 14시,금요일,대구광역시 북구 구암동,경상사고,0,0,2,0,차대차 - 기타,안전운전불이행,건조,맑음,교차로 - 교차로안,승용,남,28세,경상,이륜,남,29세,경상
2020061200100382,2020년 6월 12일 15시,금요일,대구광역시 달성군 하빈면,경상사고,0,0,1,0,차대차 - 기타,안전운전불이행,건조,맑음,기타 - 기타,화물,남,66세,상해없음,승용,여,46세,경상
2020061200100383,2020년 6월 12일 15시,금요일,대구광역시 북구 노원동3가,중상사고,0,1,0,0,차대차 - 측면충돌,안전운전불이행,건조,맑음,단일로 - 기타,건설기계,남,62세,상해없음,승용,남,42세,중상
2020061200100384,2020년 6월 12일 15시,금요일,대구광역시 달서구 장동,경상사고,0,0,2,0,차대차 - 측면충돌,교차로운행방법위반,건조,맑음,교차로 - 교차로부근,승용,남,72세,상해없음,승용,남,33세,경상
2020061200100424,2020년 6월 12일 16시,금요일,대구광역시 남구 봉덕동,경상사고,0,0,1,0,차대차 - 기타,기타,건조,맑음,기타 - 기타,승용,남,71세,상해없음,자전거,여,67세,경상
2020061200100425,2020년 6월 12일 16시,금요일,대구광역시 달서구 성당동,경상사고,0,0,1,0,차대차 - 측면충돌,안전거리미확보,건조,맑음,교차로 - 교차로안,승용,여,60세,상해없음,승용,남,53세,경상
2020061200100426,2020년 6월 12일 16시,금요일,대구광역시 달서구 본리동,경상사고,0,0,2,0,차대차 - 측면충돌,안전운전불이행,건조,맑음,기타 - 기타,승용,남,60세,상해없음,화물,남,23세,경상
2020061200100427,2020년 6월 12일 16시,금요일,대구광역시 북구 읍내동,중상사고,0,1,0,0,차대사람 - 기타,안전운전불이행,건조,맑음,단일로 - 기타,화물,남,26세,상해없음,보행자,남,80세,중상
2020061200100479,2020년 6월 12일 17시,금요일,대구광역시 달서구 대천동,경상사고,0,0,1,0,차대차 - 측면충돌,안전운전불이행,건조,맑음,기타 - 기타,승용,남,67세,상해없음,개인형이동수단(PM),남,32세,경상
2020061200100527,2020년 6월 12일 18시,금요일,대구광역시 서구 평리동,경상사고,0,0,1,0,차대차 - 측면충돌,안전운전불이행,건조,맑음,단일로 - 기타,승용,남,69세,상해없음,승용,남,19세,경상
2020061200100528,2020년 6월 12일 18시,금요일,대구광역시 서구 내당동,경상사고,0,0,2,0,차대차 - 측면충돌,교차로운행방법위반,젖음/습기,비,교차로 - 교차로안,이륜,남,27세,기타불명,승용,여,40세,경상
2020061200100529,2020년 6월 12일 18시,금요일,대구광역시 서구 내당동,중상사고,0,1,1,0,차대차 - 측면충돌,안전거리미확보,젖음/습기,비,단일로 - 기타,승용,남,56세,경상,승용,남,63세,중상
2020061200100530,2020년 6월 12일 18시,금요일,대구광역시 중구 덕산동,경상사고,0,0,1,0,차대차 - 정면충돌,안전운전불이행,건조,맑음,교차로 - 교차로안,이륜,남,38세,상해없음,이륜,남,41세,경상
2020061200100579,2020년 6월 12일 19시,금요일,대구광역시 동구 효목동,경상사고,0,0,1,0,차대차 - 기타,중앙선침범,젖음/습기,비,단일로 - 기타,이륜,남,26세,상해없음,이륜,남,37세,경상
2020061200100580,2020년 6월 12일 19시,금요일,대구광역시 달서구 상인동,경상사고,0,0,1,0,차대사람 - 길가장자리구역통행중,안전운전불이행,젖음/습기,비,단일로 - 기타,승용,남,58세,상해없음,보행자,남,49세,경상
2020061200100581,2020년 6월 12일 19시,금요일,대구광역시 중구 대신동,중상사고,0,1,0,0,차대사람 - 횡단중,안전운전불이행,젖음/습기,비,단일로 - 기타,승용,남,74세,상해없음,보행자,여,77세,중상
2020061200100582,2020년 6월 12일 19시,금요일,대구광역시 중구 동인동1가,경상사고,0,0,1,1,차대차 - 추돌,안전운전불이행,젖음/습기,비,교차로 - 교차로안,화물,남,27세,상해없음,화물,남,38세,경상
2020061200100622,2020년 6월 12일 20시,금요일,대구광역시 동구 동호동,경상사고,0,0,1,0,차대차 - 측면충돌,안전운전불이행,젖음/습기,비,단일로 - 기타,승용,남,46세,상해없음,승용,여,37세,경상
2020061200100623,2020년 6월 12일 20시,금요일,대구광역시 달서구 월성동,경상사고,0,0,1,0,차대차 - 측면충돌,안전거리미확보,젖음/습기,비,단일로 - 기타,승용,남,32세,상해없음,승용,여,37세,경상
2020061200100624,2020년 6월 12일 20시,금요일,대구광역시 달성군 다사읍,경상사고,0,0,1,0,차대사람 - 횡단중,신호위반,젖음/습기,비,교차로 - 교차로부근,이륜,남,24세,상해없음,보행자,남,62세,경상
2020061200100652,2020년 6월 12일 21시,금요일,대구광역시 수성구 범어동,경상사고,0,0,1,0,차대사람 - 횡단중,보행자보호의무위반,젖음/습기,비,교차로 - 교차로부근,승용,여,46세,상해없음,보행자,남,53세,경상
2020061200100653,2020년 6월 12일 21시,금요일,대구광역시 북구 침산동,경상사고,0,0,1,0,차대차 - 정면충돌,신호위반,젖음/습기,비,교차로 - 교차로안,이륜,남,26세,경상,승용,남,39세,상해없음
2020061200100654,2020년 6월 12일 21시,금요일,대구광역시 중구 포정동,경상사고,0,0,1,0,차대차 - 측면충돌,신호위반,젖음/습기,비,단일로 - 기타,승용,남,61세,상해없음,승용,남,62세,경상
2020061200100655,2020년 6월 12일 21시,금요일,대구광역시 달서구 죽전동,경상사고,0,0,2,0,차대차 - 측면충돌,차로위반,건조,맑음,기타 - 기타,화물,남,23세,경상,승용,남,22세,경상
2020061200100656,2020년 6월 12일 21시,금요일,대구광역시 북구 구암동,부상신고사고,0,0,0,1,차대사람 - 횡단중,안전운전불이행,젖음/습기,맑음,교차로 - 교차로부근,기타불명,기타불명,미분류,기타불명,보행자,남,15세,부상신고
2020061200100702,2020년 6월 12일 22시,금요일,대구광역시 남구 대명동,경상사고,0,0,2,0,차대차 - 측면충돌,안전운전불이행,젖음/습기,비,교차로 - 교차로안,원동기,남,38세,상해없음,승용,여,27세,경상
2020061200100703,2020년 6월 12일 22시,금요일,대구광역시 수성구 신매동,경상사고,0,0,1,0,차대차 - 추돌,안전운전불이행,젖음/습기,맑음,교차로 - 교차로부근,화물,남,38세,상해없음,승용,여,36세,경상
2020061200100704,2020년 6월 12일 22시,금요일,대구광역시 서구 평리동,경상사고,0,0,1,0,차량단독 - 기타,안전운전불이행,젖음/습기,비,단일로 - 기타,승용,남,72세,상해없음,,,,
2020061200100705,2020년 6월 12일 22시,금요일,대구광역시 달서구 성당동,경상사고,0,0,1,0,차대차 - 기타,안전운전불이행,젖음/습기,비,단일로 - 기타,화물,남,49세,상해없음,이륜,남,38세,경상
2020061200100746,2020년 6월 12일 23시,금요일,대구광역시 동구 신암동,경상사고,0,0,2,0,차대차 - 측면충돌,신호위반,젖음/습기,비,단일로 - 기타,승용,남,57세,경상,승용,남,39세,경상
2020061200100747,2020년 6월 12일 23시,금요일,대구광역시 수성구 가천동,경상사고,0,0,1,0,차대차 - 추돌,안전운전불이행,젖음/습기,비,기타 - 기타,승용,남,22세,상해없음,승용,남,66세,경상
2020061300100022,2020년 6월 13일 00시,토요일,대구광역시 달서구 이곡동,경상사고,0,0,1,0,차대차 - 측면충돌,안전운전불이행,젖음/습기,비,교차로 - 교차로안,승용,남,68세,상해없음,승용,여,26세,경상
2020061300100023,2020년 6월 13일 00시,토요일,대구광역시 북구 구암동,중상사고,0,1,1,0,차대차 - 측면충돌,안전거리미확보,젖음/습기,비,단일로 - 기타,승용,남,59세,상해없음,승용,남,65세,중상
2020061300100065,2020년 6월 13일 02시,토요일,대구광역시 북구 노원동3가,중상사고,0,1,0,0,차량단독 - 기타,안전운전불이행,젖음/습기,비,단일로 - 기타,이륜,남,68세,중상,,,,
2020061300100087,2020년 6월 13일 04시,토요일,대구광역시 북구 산격동,중상사고,0,1,0,0,차량단독 - 공작물충돌,안전운전불이행,젖음/습기,비,단일로 - 기타,승용,남,63세,중상,,,,
2020061300100095,2020년 6월 13일 05시,토요일,대구광역시 달서구 송현동,경상사고,0,0,1,0,차대차 - 측면충돌,신호위반,젖음/습기,비,교차로 - 교차로안,승용,남,32세,상해없음,화물,남,38세,경상
2020061300100165,2020년 6월 13일 09시,토요일,대구광역시 달서구 장동,경상사고,0,0,1,0,차대차 - 기타,안전거리미확보,건조,맑음,기타 - 기타,승용,남,38세,상해없음,승용,여,53세,경상
2020061300100194,2020년 6월 13일 10시,토요일,대구광역시 동구 방촌동,경상사고,0,0,2,0,차대차 - 측면충돌,안전운전불이행,건조,맑음,단일로 - 기타,승합,남,60세,기타불명,승용,남,40세,경상
2020061300100195,2020년 6월 13일 10시,토요일,대구광역시 달서구 상인동,경상사고,0,0,1,0,차대사람 - 횡단중,보행자보호의무위반,건조,맑음,교차로 - 교차로횡단보도내,승용,남,41세,상해없음,보행자,여,48세,경상
2020061300100196,2020년 6월 13일 10시,토요일,대구광역시 달서구 상인동,사망사고,1,0,0,0,차대사람 - 횡단중,안전운전불이행,건조,맑음,교차로 - 교차로안,승용,여,48세,상해없음,보행자,여,65세,사망
2020061300100197,2020년 6월 13일 10시,토요일,대구광역시 달서구 본동,경상사고,0,0,3,0,차대차 - 측면충돌,안전거리미확보,건조,맑음,교차로 - 교차로횡단보도내,승용,여,44세,경상,승용,남,25세,경상
2020061300100226,2020년 6월 13일 11시,토요일,대구광역시 북구 산격동,경상사고,0,0,1,0,차대차 - 추돌,안전운전불이행,건조,맑음,단일로 - 기타,승용,남,49세,상해없음,원동기,남,31세,경상
2020061300100269,2020년 6월 13일 12시,토요일,대구광역시 동구 효목동,경상사고,0,0,2,0,차대차 - 측면충돌,안전거리미확보,건조,맑음,단일로 - 기타,화물,남,74세,경상,승용,남,66세,상해없음
2020061300100270,2020년 6월 13일 12시,토요일,대구광역시 달성군 화원읍,경상사고,0,0,1,0,차대차 - 기타,안전운전불이행,건조,맑음,기타 - 기타,승용,여,55세,상해없음,이륜,남,28세,경상
2020061300100315,2020년 6월 13일 13시,토요일,대구광역시 달서구 도원동,경상사고,0,0,1,0,차대차 - 측면충돌,안전거리미확보,건조,맑음,교차로 - 교차로부근,승용,여,37세,기타불명,승용,여,26세,경상
2020061300100316,2020년 6월 13일 13시,토요일,대구광역시 서구 비산동,부상신고사고,0,0,0,1,차대차 - 측면충돌,신호위반,건조,맑음,단일로 - 기타,이륜,남,41세,부상신고,화물,남,26세,상해없음
2020061300100317,2020년 6월 13일 13시,토요일,대구광역시 중구 동인동2가,중상사고,0,1,5,0,차대차 - 측면충돌,신호위반,건조,맑음,교차로 - 교차로안,승용,남,27세,경상,승용,남,66세,중상
2020061300100344,2020년 6월 13일 14시,토요일,대구광역시 수성구 수성동1가,경상사고,0,0,2,0,차대차 - 측면충돌,안전운전불이행,건조,맑음,교차로 - 교차로부근,승용,남,47세,경상,승용,여,40세,상해없음
2020061300100345,2020년 6월 13일 14시,토요일,대구광역시 달성군 다사읍,경상사고,0,0,1,0,차대차 - 기타,안전운전불이행,건조,맑음,교차로 - 교차로안,승용,남,51세,상해없음,승용,여,56세,경상
2020061300100346,2020년 6월 13일 14시,토요일,대구광역시 달서구 두류동,경상사고,0,0,1,0,차대차 - 기타,안전운전불이행,건조,맑음,단일로 - 기타,승용,남,23세,상해없음,이륜,남,25세,경상
2020061300100385,2020년 6월 13일 15시,토요일,대구광역시 달서구 진천동,경상사고,0,0,4,0,차대차 - 측면충돌,안전거리미확보,건조,맑음,단일로 - 기타,승용,남,73세,경상,승용,남,39세,경상
2020061300100386,2020년 6월 13일 15시,토요일,대구광역시 북구 칠성동2가,중상사고,0,2,0,0,차대차 - 측면충돌,교차로운행방법위반,건조,맑음,교차로 - 교차로안,승용,남,73세,상해없음,승용,여,28세,중상
2020061300100471,2020년 6월 13일 17시,토요일,대구광역시 동구 신천동,중상사고,0,1,0,0,차대차 - 측면충돌,신호위반,건조,맑음,교차로 - 교차로안,승용,남,45세,상해없음,승용,남,60세,중상
2020061300100472,2020년 6월 13일 17시,토요일,대구광역시 달서구 유천동,경상사고,0,0,1,0,차대차 - 후진중충돌,안전운전불이행,건조,맑음,주차장 - 주차장,승용,여,43세,상해없음,승용,여,33세,경상
2020061300100473,2020년 6월 13일 17시,토요일,대구광역시 서구 평리동,경상사고,0,0,1,0,차대차 - 측면충돌,안전거리미확보,건조,흐림,단일로 - 기타,승용,남,34세,상해없음,승용,남,39세,경상
2020061300100511,2020년 6월 13일 18시,토요일,대구광역시 동구 효목동,경상사고,0,0,2,0,차대차 - 추돌,안전운전불이행,건조,맑음,단일로 - 기타,승용,남,64세,상해없음,승용,남,32세,경상
2020061300100512,2020년 6월 13일 18시,토요일,대구광역시 수성구 두산동,경상사고,0,0,4,0,차대차 - 정면충돌,안전운전불이행,건조,흐림,기타 - 기타,승용,여,48세,경상,승용,남,25세,경상
2020061300100513,2020년 6월 13일 18시,토요일,대구광역시 북구 복현동,경상사고,0,0,1,0,차대사람 - 길가장자리구역통행중,안전운전불이행,건조,맑음,단일로 - 기타,승용,여,47세,상해없음,보행자,남,55세,경상
2020061300100538,2020년 6월 13일 19시,토요일,대구광역시 남구 대명동,경상사고,0,0,3,0,차대차 - 추돌,신호위반,건조,맑음,교차로 - 교차로부근,이륜,남,34세,경상,승용,남,37세,경상
2020061300100539,2020년 6월 13일 19시,토요일,대구광역시 달서구 감삼동,경상사고,0,0,3,0,차대차 - 기타,교차로운행방법위반,건조,맑음,교차로 - 교차로안,승용,여,46세,상해없음,승용,남,25세,경상
2020061300100582,2020년 6월 13일 20시,토요일,대구광역시 북구 칠성동2가,경상사고,0,0,2,0,차대차 - 측면충돌,안전운전불이행,건조,맑음,교차로 - 교차로부근,승용,남,40세,상해없음,승용,남,20세,경상
2020061300100583,2020년 6월 13일 20시,토요일,대구광역시 북구 서변동,중상사고,0,1,0,0,차대차 - 측면충돌,직진우회전진행방해,건조,맑음,교차로 - 교차로안,승용,남,43세,상해없음,승합,여,45세,중상
2020061300100647,2020년 6월 13일 22시,토요일,대구광역시 달서구 송현동,경상사고,0,0,2,0,차대차 - 측면충돌,안전거리미확보,젖음/습기,비,단일로 - 기타,승용,남,37세,상해없음,승용,남,59세,경상
2020061400100034,2020년 6월 14일 01시,일요일,대구광역시 달서구 송현동,경상사고,0,0,1,0,차대차 - 측면충돌,차로위반,젖음/습기,비,단일로 - 기타,승용,남,26세,상해없음,승용,남,34세,경상
2020061400100035,2020년 6월 14일 01시,일요일,대구광역시 북구 복현동,부상신고사고,0,0,0,1,차대사람 - 길가장자리구역통행중,안전운전불이행,건조,맑음,단일로 - 기타,승용,남,33세,상해없음,보행자,남,34세,부상신고
2020061400100054,2020년 6월 14일 02시,일요일,대구광역시 수성구 수성동4가,경상사고,0,0,1,0,차대차 - 추돌,안전운전불이행,젖음/습기,비,교차로 - 교차로부근,승용,남,32세,상해없음,승용,남,33세,기타불명
2020061400100064,2020년 6월 14일 03시,일요일,대구광역시 수성구 수성동1가,경상사고,0,0,4,0,차대차 - 추돌,안전운전불이행,젖음/습기,비,교차로 - 교차로부근,승용,남,60세,상해없음,승용,여,59세,경상
2020061400100065,2020년 6월 14일 03시,일요일,대구광역시 북구 대현동,중상사고,0,1,0,0,차량단독 - 기타,안전운전불이행,젖음/습기,비,교차로 - 교차로부근,이륜,남,21세,중상,,,,
2020061400100103,2020년 6월 14일 08시,일요일,대구광역시 북구 국우동,중상사고,0,1,0,0,차량단독 - 공작물충돌,안전운전불이행,건조,맑음,단일로 - 기타,승용,남,65세,중상,,,,
2020061400100134,2020년 6월 14일 10시,일요일,대구광역시 남구 대명동,경상사고,0,0,1,0,차대차 - 기타,신호위반,젖음/습기,비,교차로 - 교차로부근,승용,남,46세,상해없음,이륜,남,32세,경상
2020061400100135,2020년 6월 14일 10시,일요일,대구광역시 수성구 범물동,경상사고,0,0,1,0,차대차 - 측면충돌,안전운전불이행,젖음/습기,비,단일로 - 기타,화물,남,68세,상해없음,승용,남,32세,경상
2020061400100183,2020년 6월 14일 12시,일요일,대구광역시 달서구 이곡동,경상사고,0,0,1,0,차대차 - 측면충돌,안전운전불이행,건조,맑음,기타 - 기타,승용,여,40세,상해없음,승용,남,38세,경상
2020061400100210,2020년 6월 14일 13시,일요일,대구광역시 수성구 수성동2가,경상사고,0,0,2,0,차대차 - 추돌,안전운전불이행,건조,맑음,교차로 - 교차로횡단보도내,승용,남,49세,상해없음,승용,남,31세,경상
2020061400100211,2020년 6월 14일 13시,일요일,대구광역시 달성군 논공읍,경상사고,0,0,1,0,차대차 - 기타,안전운전불이행,건조,맑음,단일로 - 기타,승용,남,55세,상해없음,이륜,남,34세,경상
2020061400100250,2020년 6월 14일 14시,일요일,대구광역시 남구 봉덕동,경상사고,0,0,3,0,차대차 - 측면충돌,중앙선침범,건조,맑음,단일로 - 기타,이륜,남,69세,경상,승용,여,24세,경상
2020061400100251,2020년 6월 14일 14시,일요일,대구광역시 수성구 만촌동,경상사고,0,0,1,0,차대차 - 기타,차로위반,건조,맑음,교차로 - 교차로부근,승용,남,53세,상해없음,승용,남,45세,상해없음
2020061400100252,2020년 6월 14일 14시,일요일,대구광역시 달서구 감삼동,경상사고,0,0,1,0,차대차 - 측면충돌,교차로운행방법위반,건조,맑음,교차로 - 교차로안,화물,남,64세,상해없음,이륜,남,40세,경상
2020061400100253,2020년 6월 14일 14시,일요일,대구광역시 달서구 죽전동,경상사고,0,0,2,0,차대차 - 추돌,안전운전불이행,건조,맑음,기타 - 기타,승용,남,60세,상해없음,승용,여,53세,경상
2020061400100296,2020년 6월 14일 15시,일요일,대구광역시 동구 신암동,경상사고,0,0,3,0,차대차 - 측면충돌,안전운전불이행,건조,맑음,단일로 - 기타,승용,여,38세,상해없음,승용,남,51세,경상
2020061400100297,2020년 6월 14일 15시,일요일,대구광역시 동구 효목동,중상사고,0,1,5,0,차대차 - 기타,교차로운행방법위반,건조,맑음,교차로 - 교차로안,승용,남,57세,상해없음,승용,남,65세,경상
2020061400100323,2020년 6월 14일 16시,일요일,대구광역시 달서구 신당동,경상사고,0,0,1,0,차대차 - 기타,불법유턴,건조,맑음,교차로 - 교차로부근,승용,남,58세,상해없음,이륜,남,38세,경상
2020061400100353,2020년 6월 14일 17시,일요일,대구광역시 서구 비산동,경상사고,0,0,1,0,차대차 - 측면충돌,교차로운행방법위반,건조,맑음,교차로 - 교차로안,승용,남,56세,상해없음,이륜,남,60세,경상
2020061400100379,2020년 6월 14일 18시,일요일,대구광역시 동구 신암동,경상사고,0,0,2,0,차대차 - 측면충돌,안전운전불이행,건조,맑음,단일로 - 기타,이륜,남,43세,경상,승용,여,53세,경상
2020061400100380,2020년 6월 14일 18시,일요일,대구광역시 수성구 중동,경상사고,0,0,1,0,차대차 - 기타,신호위반,건조,맑음,단일로 - 기타,이륜,남,60세,경상,승용,남,50세,상해없음
2020061400100381,2020년 6월 14일 18시,일요일,대구광역시 달성군 현풍읍,경상사고,0,0,1,0,차대차 - 기타,안전운전불이행,건조,맑음,교차로 - 교차로안,이륜,남,52세,상해없음,자전거,남,13세,경상
2020061400100382,2020년 6월 14일 18시,일요일,대구광역시 달서구 신당동,경상사고,0,0,1,0,차대차 - 측면충돌,신호위반,건조,맑음,교차로 - 교차로안,승용,남,53세,상해없음,이륜,남,42세,경상
2020061400100419,2020년 6월 14일 19시,일요일,대구광역시 달서구 월암동,경상사고,0,0,5,0,차대차 - 측면충돌,교차로운행방법위반,건조,맑음,교차로 - 교차로안,승용,여,30세,경상,승용,남,22세,경상
2020061400100420,2020년 6월 14일 19시,일요일,대구광역시 달성군 하빈면,경상사고,0,0,1,0,차대차 - 기타,중앙선침범,건조,맑음,기타 - 기타,화물,남,51세,기타불명,자전거,남,36세,경상
2020061400100422,2020년 6월 14일 19시,일요일,대구광역시 북구 구암동,경상사고,0,0,1,0,차대차 - 추돌,안전운전불이행,건조,맑음,단일로 - 기타,승용,남,51세,상해없음,승용,남,25세,경상
2020061400100448,2020년 6월 14일 20시,일요일,대구광역시 서구 내당동,중상사고,0,1,0,0,차량단독 - 기타,기타,건조,맑음,단일로 - 기타,승합,남,54세,상해없음,,,,
2020061400100475,2020년 6월 14일 21시,일요일,대구광역시 남구 이천동,경상사고,0,0,1,0,차대차 - 추돌,안전운전불이행,건조,맑음,교차로 - 교차로부근,화물,남,60세,상해없음,승용,여,61세,경상
2020061400100476,2020년 6월 14일 21시,일요일,대구광역시 서구 평리동,경상사고,0,0,1,0,차대차 - 측면충돌,안전운전불이행,건조,맑음,단일로 - 기타,승용,여,21세,상해없음,이륜,남,20세,경상
2020061400100477,2020년 6월 14일 21시,일요일,대구광역시 달서구 감삼동,경상사고,0,0,4,1,차대차 - 기타,교차로운행방법위반,건조,맑음,교차로 - 교차로안,승용,남,61세,부상신고,승합,남,47세,경상
2020061400100478,2020년 6월 14일 21시,일요일,대구광역시 북구 구암동,경상사고,0,0,1,0,차대차 - 측면충돌,안전운전불이행,건조,맑음,교차로 - 교차로횡단보도내,승용,남,23세,상해없음,자전거,여,23세,경상
2020061400100479,2020년 6월 14일 21시,일요일,대구광역시 북구 구암동,경상사고,0,0,1,0,차대차 - 추돌,안전운전불이행,건조,맑음,교차로 - 교차로부근,승용,남,50세,상해없음,승용,여,47세,경상
2020061400100500,2020년 6월 14일 22시,일요일,대구광역시 수성구 수성동2가,경상사고,0,0,1,0,차대차 - 측면충돌,안전운전불이행,건조,맑음,단일로 - 기타,승용,남,61세,상해없음,승용,남,29세,경상
2020061400100514,2020년 6월 14일 23시,일요일,대구광역시 달서구 월성동,경상사고,0,0,2,0,차대차 - 추돌,안전운전불이행,건조,맑음,교차로 - 교차로부근,승용,남,26세,상해없음,승용,남,36세,경상
2020061400100515,2020년 6월 14일 23시,일요일,대구광역시 달서구 상인동,경상사고,0,0,2,0,차대차 - 후진중충돌,신호위반,건조,맑음,교차로 - 교차로안,승용,남,57세,상해없음,승용,남,34세,경상
2020061400100516,2020년 6월 14일 23시,일요일,대구광역시 달서구 용산동,중상사고,0,2,0,0,차대사람 - 횡단중,안전운전불이행,건조,맑음,단일로 - 기타,승용,남,41세,상해없음,보행자,여,18세,중상
2020061500100010,2020년 6월 15일 00시,월요일,대구광역시 수성구 두산동,경상사고,0,0,1,1,차대차 - 측면충돌,교차로운행방법위반,건조,맑음,교차로 - 교차로안,승용,남,63세,부상신고,승용,남,52세,상해없음