사고번호,사고일시,요일,시군구,사고내용,사망자수,중상자수,경상자수,부상신고자수,사고유형,법규위반,노면상태,기상상태,도로형태,가해운전자 차종,가해운전자 성별,가해운전자 연령,가해운전자 상해정도,피해운전자 차종,피해운전자 성별,피해운전자 연령,피해운전자 상해정도
2020061500100012,2020년 6월 15일 01시,월요일,대구광역시 동구 도학동,부상신고사고,0,0,0,1,차량단독 - 공작물충돌,안전운전불이행,건조,맑음,단일로 - 기타,이륜,남,15세,부상신고,,,,
2020061500100024,2020년 6월 15일 03시,월요일,대구광역시 달성군 하빈면,경상사고,0,0,1,0,차대차 - 기타,안전운전불이행,건조,맑음,단일로 - 기타,기타불명,기타불명,미분류,기타불명,이륜,남,16세,경상
2020061500100075,2020년 6월 15일 07시,월요일,대구광역시 동구 동호동,중상사고,0,1,1,0,차대차 - 기타,안전운전불이행,건조,맑음,교차로 - 교차로안,승용,남,60세,중상,화물,남,64세,상해없음
2020061500100165,2020년 6월 15일 09시,월요일,대구광역시 북구 노원동3가,경상사고,0,0,1,0,차대사람 - 보도통행중,기타,건조,맑음,단일로 - 기타,승용,남,58세,상해없음,보행자,남,55세,경상
2020061500100203,2020년 6월 15일 10시,월요일,대구광역시 남구 봉덕동,경상사고,0,0,1,0,차대사람 - 횡단중,보행자보호의무위반,건조,맑음,교차로 - 교차로횡단보도내,승합,남,47세,상해없음,보행자,남,52세,경상
2020061500100204,2020년 6월 15일 10시,월요일,대구광역시 남구 대명동,경상사고,0,0,1,0,차대차 - 추돌,안전운전불이행,건조,맑음,교차로 - 교차로부근,승용,여,71세,상해없음,화물,남,39세,경상
2020061500100205,2020년 6월 15일 10시,월요일,대구광역시 북구 침산동,부상신고사고,0,0,0,1,차대차 - 기타,안전운전불이행,건조,맑음,단일로 - 기타,승용,여,28세,상해없음,자전거,남,67세,부상신고
2020061500100241,2020년 6월 15일 11시,월요일,대구광역시 달서구 대곡동,경상사고,0,0,1,0,차대차 - 기타,신호위반,건조,맑음,기타 - 기타,이륜,남,32세,상해없음,개인형이동수단(PM),남,31세,경상
2020061500100275,2020년 6월 15일 12시,월요일,대구광역시 동구 검사동,경상사고,0,0,1,0,차대차 - 후진중충돌,안전운전불이행,건조,맑음,교차로 - 교차로안,승용,남,75세,상해없음,자전거,여,71세,경상
2020061500100309,2020년 6월 15일 13시,월요일,대구광역시 수성구 매호동,경상사고,0,0,4,1,차대차 - 측면충돌,직진우회전진행방해,건조,맑음,교차로 - 교차로안,승용,여,58세,부상신고,승용,남,34세,경상
2020061500100310,2020년 6월 15일 13시,월요일,대구광역시 달성군 다사읍,경상사고,0,0,1,0,차대차 - 기타,안전운전불이행,건조,맑음,기타 - 기타,승용,남,57세,상해없음,자전거,남,8세,경상
2020061500100349,2020년 6월 15일 14시,월요일,대구광역시 동구 신천동,경상사고,0,0,1,0,차대차 - 추돌,안전거리미확보,건조,맑음,교차로 - 교차로안,승용,남,56세,상해없음,승용,남,63세,경상
2020061500100350,2020년 6월 15일 14시,월요일,대구광역시 달서구 상인동,부상신고사고,0,0,0,1,차대차 - 측면충돌,안전운전불이행,건조,맑음,교차로 - 교차로횡단보도내,원동기,남,32세,상해없음,승용,남,61세,부상신고
2020061500100351,2020년 6월 15일 14시,월요일,대구광역시 달서구 송현동,중상사고,0,1,0,0,차대차 - 측면충돌,기타,건조,맑음,교차로 - 교차로횡단보도내,승용,남,58세,상해없음,자전거,여,9세,중상
2020061500100398,2020년 6월 15일 15시,월요일,대구광역시 수성구 두산동,경상사고,0,0,4,0,차대차 - 측면충돌,안전운전불이행,건조,맑음,교차로 - 교차로안,승용,여,28세,경상,승용,여,32세,경상
2020061500100399,2020년 6월 15일 15시,월요일,대구광역시 달성군 유가읍,경상사고,0,0,1,0,차대사람 - 기타,기타,건조,맑음,단일로 - 기타,승합,남,54세,상해없음,보행자,여,56세,경상
2020061500100445,2020년 6월 15일 16시,월요일,대구광역시 남구 봉덕동,경상사고,0,0,1,0,차대차 - 측면충돌,안전운전불이행,건조,맑음,단일로 - 기타,승용,여,60세,상해없음,화물,남,43세,경상
2020061500100446,2020년 6월 15일 16시,월요일,대구광역시 수성구 범어동,경상사고,0,0,1,0,차대차 - 측면충돌,안전거리미확보,건조,맑음,단일로 - 기타,승용,남,59세,상해없음,이륜,남,56세,경상
2020061500100447,2020년 6월 15일 16시,월요일,대구광역시 달서구 월성동,중상사고,0,1,1,0,차대차 - 측면충돌,안전운전불이행,건조,맑음,단일로 - 기타,승용,남,70세,상해없음,승용,여,25세,중상
2020061500100448,2020년 6월 15일 16시,월요일,대구광역시 북구 노원동3가,부상신고사고,0,0,0,1,차대차 - 기타,안전운전불이행,건조,맑음,교차로 - 교차로안,이륜,남,52세,부상신고,특수,남,51세,상해없음
2020061500100449,2020년 6월 15일 16시,월요일,대구광역시 북구 연경동,중상사고,0,1,1,0,차대차 - 기타,교차로운행방법위반,건조,맑음,교차로 - 교차로안,이륜,남,35세,중상,승용,남,39세,경상
2020061500100507,2020년 6월 15일 17시,월요일,대구광역시 달성군 다사읍,중상사고,0,1,0,0,차대차 - 측면충돌,안전운전불이행,건조,맑음,교차로 - 교차로부근,승용,남,57세,상해없음,이륜,남,57세,중상
2020061500100508,2020년 6월 15일 17시,월요일,대구광역시 북구 칠성동2가,경상사고,0,0,1,0,차대차 - 기타,안전운전불이행,건조,맑음,단일로 - 기타,자전거,남,71세,경상,화물,남,45세,상해없음
2020061500100509,2020년 6월 15일 17시,월요일,대구광역시 서구 내당동,경상사고,0,0,1,0,차대사람 - 차도통행중,안전운전불이행,건조,맑음,교차로 - 교차로부근,승용,남,64세,상해없음,보행자,남,50세,경상
2020061500100568,2020년 6월 15일 18시,월요일,대구광역시 달성군 다사읍,경상사고,0,0,1,0,차대차 - 기타,안전운전불이행,건조,맑음,교차로 - 교차로부근,승용,여,62세,상해없음,자전거,남,14세,경상
2020061500100569,2020년 6월 15일 18시,월요일,대구광역시 북구 칠성동2가,경상사고,0,0,1,0,차대차 - 측면충돌,신호위반,건조,맑음,교차로 - 교차로횡단보도내,승용,여,63세,상해없음,자전거,남,78세,경상
2020061500100601,2020년 6월 15일 19시,월요일,대구광역시 수성구 만촌동,경상사고,0,0,1,0,차대차 - 측면충돌,안전거리미확보,건조,맑음,기타 - 기타,승합,남,46세,상해없음,이륜,남,38세,경상
2020061500100602,2020년 6월 15일 19시,월요일,대구광역시 달서구 월암동,중상사고,0,1,0,0,차대차 - 추돌,안전운전불이행,건조,맑음,단일로 - 기타,이륜,여,30세,상해없음,승용,남,60세,상해없음
2020061500100603,2020년 6월 15일 19시,월요일,대구광역시 서구 평리동,경상사고,0,0,2,0,차대차 - 추돌,안전운전불이행,건조,맑음,단일로 - 기타,승합,남,61세,상해없음,화물,남,46세,경상
2020061500100604,2020년 6월 15일 19시,월요일,대구광역시 달서구 성당동,경상사고,0,0,1,0,차대차 - 기타,직진우회전진행방해,건조,맑음,교차로 - 교차로안,이륜,남,18세,기타불명,승용,남,47세,경상
2020061500100634,2020년 6월 15일 20시,월요일,대구광역시 달서구 대곡동,경상사고,0,0,3,1,차대차 - 측면충돌,차로위반,건조,맑음,단일로 - 기타,화물,남,57세,상해없음,승용,남,18세,경상
2020061500100658,2020년 6월 15일 21시,월요일,대구광역시 달서구 송현동,경상사고,0,0,1,0,차대사람 - 길가장자리구역통행중,안전운전불이행,건조,맑음,교차로 - 교차로안,승용,남,64세,상해없음,보행자,남,51세,경상
2020061500100681,2020년 6월 15일 22시,월요일,대구광역시 중구 삼덕동1가,경상사고,0,0,1,0,차대사람 - 차도통행중,안전운전불이행,건조,맑음,교차로 - 교차로안,승용,여,21세,상해없음,보행자,남,19세,경상
2020061500100682,2020년 6월 15일 22시,월요일,대구광역시 달서구 죽전동,경상사고,0,0,1,0,차대차 - 기타,안전운전불이행,건조,맑음,교차로 - 교차로부근,승용,남,50세,상해없음,이륜,남,45세,경상
2020061500100683,2020년 6월 15일 22시,월요일,대구광역시 달서구 감삼동,경상사고,0,0,1,1,차대차 - 측면충돌,신호위반,건조,흐림,단일로 - 기타,자전거,남,30세,부상신고,이륜,남,59세,경상
2020061500100699,2020년 6월 15일 23시,월요일,대구광역시 북구 읍내동,경상사고,0,0,1,0,차대차 - 측면충돌,신호위반,건조,맑음,교차로 - 교차로안,승용,여,52세,상해없음,승용,남,61세,경상
2020061600100015,2020년 6월 16일 01시,화요일,대구광역시 동구 불로동,사망사고,1,0,0,0,차량단독 - 기타,안전운전불이행,건조,맑음,단일로 - 기타,이륜,남,39세,사망,,,,
2020061600100027,2020년 6월 16일 03시,화요일,대구광역시 수성구 상동,경상사고,0,0,1,0,차대사람 - 기타,안전운전불이행,건조,맑음,기타 - 기타,승합,남,34세,상해없음,보행자,남,34세,경상
2020061600100041,2020년 6월 16일 05시,화요일,대구광역시 북구 팔달동,중상사고,0,1,4,0,차대차 - 추돌,안전거리미확보,건조,맑음,단일로 - 기타,승용,남,50세,상해없음,화물,남,70세,경상
2020061600100054,2020년 6월 16일 06시,화요일,대구광역시 남구 봉덕동,부상신고사고,0,0,0,1,차대차 - 측면충돌,안전운전불이행,건조,맑음,교차로 - 교차로부근,이륜,남,28세,부상신고,승용,남,57세,상해없음
2020061600100082,2020년 6월 16일 07시,화요일,대구광역시 수성구 범물동,중상사고,0,1,0,0,차대차 - 측면충돌,안전운전불이행,건조,맑음,단일로 - 기타,승용,여,55세,상해없음,자전거,남,58세,중상
2020061600100084,2020년 6월 16일 07시,화요일,대구광역시 달서구 성당동,경상사고,0,0,1,0,차대사람 - 횡단중,안전운전불이행,건조,맑음,교차로 - 교차로안,승용,남,49세,상해없음,보행자,여,18세,경상
2020061600100124,2020년 6월 16일 08시,화요일,대구광역시 달서구 월성동,중상사고,0,1,1,0,차대차 - 측면충돌,교차로운행방법위반,건조,맑음,교차로 - 교차로안,화물,남,73세,중상,승용,남,34세,경상
2020061600100125,2020년 6월 16일 08시,화요일,대구광역시 달서구 상인동,경상사고,0,0,1,3,차대차 - 측면충돌,안전거리미확보,건조,맑음,단일로 - 기타,승용,여,42세,부상신고,승용,남,38세,경상
2020061600100126,2020년 6월 16일 08시,화요일,대구광역시 북구 노원동1가,경상사고,0,0,1,0,차대차 - 기타,기타,건조,맑음,교차로 - 교차로안,승용,여,24세,상해없음,자전거,남,13세,경상
2020061600100127,2020년 6월 16일 08시,화요일,대구광역시 서구 비산동,중상사고,0,1,1,0,차대차 - 후진중충돌,안전운전불이행,건조,맑음,교차로 - 교차로부근,승용,남,78세,상해없음,승용,여,44세,중상
2020061600100128,2020년 6월 16일 08시,화요일,대구광역시 북구 태전동,부상신고사고,0,0,0,1,차대차 - 측면충돌,교차로운행방법위반,건조,맑음,교차로 - 교차로안,화물,남,67세,상해없음,승용,남,29세,부상신고
2020061600100162,2020년 6월 16일 09시,화요일,대구광역시 달성군 현풍읍,중상사고,0,1,0,0,차대차 - 기타,신호위반,건조,맑음,교차로 - 교차로안,화물,남,58세,상해없음,이륜,남,27세,중상
2020061600100163,2020년 6월 16일 09시,화요일,대구광역시 달성군 화원읍,경상사고,0,0,1,0,차대사람 - 횡단중,안전운전불이행,건조,맑음,교차로 - 교차로횡단보도내,화물,남,44세,상해없음,보행자,남,5세,경상
2020061600100196,2020년 6월 16일 10시,화요일,대구광역시 남구 대명동,경상사고,0,0,1,0,차대차 - 측면충돌,직진우회전진행방해,건조,맑음,교차로 - 교차로안,화물,남,26세,상해없음,화물,남,61세,경상
2020061600100197,2020년 6월 16일 10시,화요일,대구광역시 달성군 다사읍,경상사고,0,0,3,0,차대차 - 기타,안전운전불이행,건조,맑음,기타 - 기타,화물,남,49세,경상,화물,남,49세,경상
2020061600100198,2020년 6월 16일 10시,화요일,대구광역시 서구 이현동,부상신고사고,0,0,0,1,차대차 - 측면충돌,안전운전불이행,건조,맑음,단일로 - 기타,승용,여,32세,상해없음,이륜,남,53세,부상신고
2020061600100227,2020년 6월 16일 11시,화요일,대구광역시 동구 신천동,중상사고,0,1,0,0,차대차 - 기타,신호위반,건조,맑음,교차로 - 교차로안,승합,남,47세,상해없음,이륜,남,30세,중상
2020061600100228,2020년 6월 16일 11시,화요일,대구광역시 수성구 수성동1가,경상사고,0,0,1,0,차대차 - 추돌,안전운전불이행,건조,맑음,단일로 - 기타,승용,남,64세,상해없음,승용,남,30세,경상
2020061600100230,2020년 6월 16일 11시,화요일,대구광역시 서구 평리동,경상사고,0,0,1,0,차대차 - 측면충돌,안전운전불이행,건조,맑음,단일로 - 기타,건설기계,남,69세,기타불명,이륜,남,33세,경상
2020061600100264,2020년 6월 16일 12시,화요일,대구광역시 수성구 상동,중상사고,0,1,0,0,차대사람 - 기타,안전운전불이행,건조,맑음,단일로 - 기타,승용,여,50세,상해없음,보행자,여,69세,중상
2020061600100337,2020년 6월 16일 14시,화요일,대구광역시 남구 대명동,경상사고,0,0,1,0,차대차 - 측면충돌,안전운전불이행,건조,맑음,단일로 - 기타,승용,여,51세,상해없음,승용,남,72세,경상
2020061600100376,2020년 6월 16일 15시,화요일,대구광역시 남구 대명동,경상사고,0,0,5,0,차대차 - 측면충돌,안전운전불이행,건조,맑음,교차로 - 교차로부근,승용,여,41세,경상,승용,남,81세,경상
2020061600100377,2020년 6월 16일 15시,화요일,대구광역시 남구 대명동,경상사고,0,0,2,0,차대차 - 기타,차로위반,건조,맑음,교차로 - 교차로부근,승용,남,22세,상해없음,승용,남,42세,경상
2020061600100378,2020년 6월 16일 15시,화요일,대구광역시 수성구 시지동,경상사고,0,0,1,0,차대차 - 추돌,안전운전불이행,건조,맑음,단일로 - 기타,승용,남,72세,상해없음,승용,여,35세,경상
2020061600100379,2020년 6월 16일 15시,화요일,대구광역시 수성구 사월동,경상사고,0,0,1,0,차대차 - 기타,안전운전불이행,건조,맑음,단일로 - 기타,승용,여,29세,상해없음,승합,남,42세,경상
2020061600100380,2020년 6월 16일 15시,화요일,대구광역시 서구 비산동,중상사고,0,1,0,0,차대차 - 측면충돌,안전운전불이행,건조,맑음,단일로 - 기타,이륜,남,51세,상해없음,자전거,여,66세,중상
2020061600100381,2020년 6월 16일 15시,화요일,대구광역시 중구 동인동2가,중상사고,0,1,0,4,차대차 - 측면충돌,신호위반,건조,맑음,교차로 - 교차로부근,승합,남,65세,부상신고,승용,남,25세,중상
2020061600100428,2020년 6월 16일 16시,화요일,대구광역시 수성구 대흥동,경상사고,0,0,2,0,차대차 - 추돌,안전운전불이행,건조,맑음,기타 - 기타,화물,남,57세,상해없음,승용,남,42세,경상
2020061600100429,2020년 6월 16일 16시,화요일,대구광역시 중구 공평동,경상사고,0,0,5,0,차대차 - 측면충돌,신호위반,건조,맑음,교차로 - 교차로안,승용,남,73세,상해없음,승용,남,22세,경상
2020061600100474,2020년 6월 16일 17시,화요일,대구광역시 중구 동산동,부상신고사고,0,0,0,1,차대차 - 측면충돌,안전운전불이행,건조,맑음,단일로 - 기타,자전거,여,50세,부상신고,승용,남,28세,상해없음
2020061600100475,2020년 6월 16일 17시,화요일,대구광역시 달서구 이곡동,부상신고사고,0,0,0,1,차대차 - 기타,기타,건조,맑음,단일로 - 기타,이륜,남,30세,부상신고,승용,남,54세,상해없음
2020061600100525,2020년 6월 16일 18시,화요일,대구광역시 남구 대명동,경상사고,0,0,2,0,차대차 - 측면충돌,직진우회전진행방해,건조,맑음,교차로 - 교차로안,승용,남,21세,상해없음,원동기,남,31세,경상
2020061600100526,2020년 6월 16일 18시,화요일,대구광역시 달서구 월암동,경상사고,0,0,2,0,차대차 - 기타,교차로운행방법위반,건조,맑음,교차로 - 교차로안,승용,남,55세,상해없음,승용,여,58세,경상
2020061600100527,2020년 6월 16일 18시,화요일,대구광역시 달성군 다사읍,경상사고,0,0,1,0,차대차 - 기타,안전운전불이행,건조,맑음,단일로 - 기타,원동기,남,14세,상해없음,자전거,남,30세,경상
2020061600100528,2020년 6월 16일 18시,화요일,대구광역시 북구 복현동,경상사고,0,0,1,0,차대차 - 후진중충돌,안전운전불이행,건조,맑음,단일로 - 기타,화물,남,69세,상해없음,원동기,남,27세,경상
2020061600100603,2020년 6월 16일 20시,화요일,대구광역시 동구 신암동,중상사고,0,1,1,0,차대차 - 정면충돌,신호위반,건조,맑음,교차로 - 교차로안,승용,남,27세,상해없음,승용,남,66세,경상
2020061600100604,2020년 6월 16일 20시,화요일,대구광역시 수성구 매호동,중상사고,0,1,0,0,차대차 - 측면충돌,안전운전불이행,건조,맑음,교차로 - 교차로안,승용,남,65세,상해없음,개인형이동수단(PM),남,24세,중상
2020061600100605,2020년 6월 16일 20시,화요일,대구광역시 달서구 성당동,경상사고,0,0,1,0,차대사람 - 횡단중,안전운전불이행,건조,맑음,교차로 - 교차로부근,승용,남,66세,상해없음,보행자,남,47세,경상
2020061600100606,2020년 6월 16일 20시,화요일,대구광역시 달서구 대천동,경상사고,0,0,1,0,차대차 - 추돌,안전운전불이행,건조,맑음,단일로 - 기타,승용,남,26세,상해없음,이륜,남,19세,경상
2020061600100607,2020년 6월 16일 20시,화요일,대구광역시 서구 평리동,부상신고사고,0,0,0,1,차대사람 - 차도통행중,안전운전불이행,건조,맑음,단일로 - 기타,기타불명,기타불명,미분류,기타불명,보행자,여,23세,부상신고
2020061600100608,2020년 6월 16일 20시,화요일,대구광역시 북구 학정동,경상사고,0,0,1,1,차대차 - 추돌,안전거리미확보,건조,맑음,교차로 - 교차로부근,승용,남,47세,상해없음,승용,남,28세,상해없음
2020061600100650,2020년 6월 16일 22시,화요일,대구광역시 달서구 이곡동,부상신고사고,0,0,0,1,차대차 - 측면충돌,안전운전불이행,건조,맑음,단일로 - 기타,이륜,남,15세,부상신고,승용,남,42세,기타불명
2020061600100664,2020년 6월 16일 23시,화요일,대구광역시 북구 복현동,부상신고사고,0,0,0,1,차대사람 - 기타,안전운전불이행,건조,맑음,단일로 - 기타,승용,남,70세,상해없음,보행자,남,29세,부상신고
2020061700100010,2020년 6월 17일 00시,수요일,대구광역시 동구 효목동,경상사고,0,0,1,0,차대차 - 추돌,안전운전불이행,건조,맑음,교차로 - 교차로부근,승용,남,22세,상해없음,승용,남,49세,경상
2020061700100016,2020년 6월 17일 01시,수요일,대구광역시 수성구 신매동,경상사고,0,0,1,0,차대차 - 추돌,안전운전불이행,건조,맑음,교차로 - 교차로부근,화물,남,59세,상해없음,승용,남,63세,경상
2020061700100078,2020년 6월 17일 07시,수요일,대구광역시 달서구 용산동,중상사고,0,1,0,0,차대차 - 측면충돌,안전운전불이행,건조,맑음,단일로 - 기타,승용,여,56세,상해없음,자전거,남,55세,중상
2020061700100135,2020년 6월 17일 08시,수요일,대구광역시 중구 남산동,경상사고,0,0,1,0,차대차 - 추돌,안전운전불이행,건조,맑음,교차로 - 교차로부근,이륜,남,54세,상해없음,승용,남,46세,경상
2020061700100136,2020년 6월 17일 08시,수요일,대구광역시 달서구 감삼동,경상사고,0,0,1,0,차대차 - 추돌,안전운전불이행,건조,맑음,교차로 - 교차로부근,승용,여,44세,상해없음,승용,여,48세,경상
2020061700100137,2020년 6월 17일 08시,수요일,대구광역시 북구 관음동,경상사고,0,0,2,0,차대차 - 측면충돌,안전운전불이행,건조,맑음,단일로 - 기타,승용,남,71세,경상,승용,여,69세,경상
2020061700100162,2020년 6월 17일 09시,수요일,대구광역시 동구 입석동,중상사고,0,1,0,0,차대차 - 측면충돌,안전운전불이행,건조,맑음,단일로 - 기타,승용,남,44세,상해없음,자전거,여,50세,중상
2020061700100186,2020년 6월 17일 10시,수요일,대구광역시 북구 산격동,중상사고,0,1,2,0,차대차 - 측면충돌,직진우회전진행방해,건조,맑음,교차로 - 교차로안,승용,여,51세,상해없음,승용,남,66세,경상
2020061700100217,2020년 6월 17일 11시,수요일,대구광역시 달서구 감삼동,경상사고,0,0,1,0,차대차 - 측면충돌,안전운전불이행,건조,맑음,단일로 - 기타,승용,남,59세,상해없음,승용,남,27세,경상
2020061700100218,2020년 6월 17일 11시,수요일,대구광역시 달서구 죽전동,중상사고,0,1,0,0,차대사람 - 기타,기타,건조,맑음,단일로 - 기타,화물,남,44세,상해없음,보행자,남,24세,중상
2020061700100289,2020년 6월 17일 13시,수요일,대구광역시 수성구 두산동,경상사고,0,0,2,0,차대차 - 측면충돌,안전운전불이행,건조,맑음,단일로 - 기타,승용,여,66세,상해없음,승용,남,39세,경상
2020061700100290,2020년 6월 17일 13시,수요일,대구광역시 서구 비산동,경상사고,0,0,1,0,차대차 - 측면충돌,차로위반,건조,맑음,단일로 - 기타,원동기,남,56세,경상,승용,남,42세,상해없음
2020061700100291,2020년 6월 17일 13시,수요일,대구광역시 달서구 이곡동,경상사고,0,0,2,0,차대차 - 기타,안전운전불이행,건조,맑음,교차로 - 교차로안,이륜,남,24세,경상,승용,여,31세,경상
2020061700100292,2020년 6월 17일 13시,수요일,대구광역시 달서구 장기동,경상사고,0,0,2,0,차대차 - 측면충돌,신호위반,건조,흐림,단일로 - 기타,승용,남,72세,상해없음,승용,여,34세,경상
2020061700100336,2020년 6월 17일 14시,수요일,대구광역시 남구 대명동,경상사고,0,0,1,0,차대차 - 측면충돌,안전거리미확보,건조,맑음,교차로 - 교차로안,승용,여,51세,상해없음,승용,여,27세,경상
2020061700100337,2020년 6월 17일 14시,수요일,대구광역시 수성구 신매동,경상사고,0,0,1,0,차대차 - 기타,안전운전불이행,건조,맑음,단일로 - 기타,승용,남,22세,상해없음,자전거,여,11세,경상
2020061700100338,2020년 6월 17일 14시,수요일,대구광역시 달서구 월성동,경상사고,0,0,2,0,차대차 - 측면충돌,교차로운행방법위반,건조,맑음,교차로 - 교차로안,승용,여,63세,경상,승합,남,57세,상해없음
2020061700100371,2020년 6월 17일 15시,수요일,대구광역시 동구 신천동,경상사고,0,0,1,0,차대차 - 측면충돌,안전운전불이행,건조,맑음,단일로 - 기타,이륜,남,52세,상해없음,승용,여,32세,상해없음
2020061700100372,2020년 6월 17일 15시,수요일,대구광역시 북구 침산동,경상사고,0,0,1,0,차대차 - 측면충돌,신호위반,건조,맑음,교차로 - 교차로부근,승용,여,37세,상해없음,승용,남,35세,경상
2020061700100373,2020년 6월 17일 15시,수요일,대구광역시 서구 이현동,경상사고,0,0,2,0,차대차 - 측면충돌,신호위반,건조,맑음,교차로 - 교차로횡단보도내,승용,남,59세,상해없음,승용,남,27세,경상
2020061700100394,2020년 6월 17일 16시,수요일,대구광역시 달서구 송현동,경상사고,0,0,1,2,차대차 - 측면충돌,교차로운행방법위반,건조,맑음,교차로 - 교차로안,승용,남,66세,상해없음,이륜,남,36세,경상
2020061700100395,2020년 6월 17일 16시,수요일,대구광역시 달서구 도원동,경상사고,0,0,1,0,차대차 - 후진중충돌,안전운전불이행,건조,맑음,단일로 - 기타,승용,남,68세,상해없음,승용,남,41세,경상
2020061700100396,2020년 6월 17일 16시,수요일,대구광역시 북구 서변동,경상사고,0,0,2,0,차대차 - 측면충돌,교차로운행방법위반,건조,맑음,교차로 - 교차로안,승용,여,40세,경상,승용,여,53세,경상
2020061700100437,2020년 6월 17일 17시,수요일,대구광역시 동구 신암동,경상사고,0,0,1,0,차대사람 - 기타,안전운전불이행,건조,맑음,단일로 - 기타,승용,남,65세,상해없음,보행자,남,9세,경상
2020061700100438,2020년 6월 17일 17시,수요일,대구광역시 달성군 옥포읍,경상사고,0,0,1,0,차대차 - 기타,교차로운행방법위반,건조,맑음,교차로 - 교차로안,승용,여,33세,기타불명,승용,여,57세,경상
2020061700100439,2020년 6월 17일 17시,수요일,대구광역시 달성군 논공읍,경상사고,0,0,1,0,차대차 - 기타,안전운전불이행,건조,맑음,기타 - 기타,자전거,남,17세,상해없음,자전거,남,17세,경상
2020061700100440,2020년 6월 17일 17시,수요일,대구광역시 달서구 본리동,부상신고사고,0,0,0,1,차대사람 - 기타,안전운전불이행,건조,맑음,기타 - 기타,기타불명,기타불명,미분류,기타불명,보행자,남,20세,부상신고
2020061700100482,2020년 6월 17일 18시,수요일,대구광역시 동구 신기동,경상사고,0,0,1,0,차대차 - 측면충돌,안전운전불이행,건조,맑음,단일로 - 기타,승용,남,54세,상해없음,승용,남,57세,경상
2020061700100483,2020년 6월 17일 18시,수요일,대구광역시 북구 복현동,부상신고사고,0,0,0,1,차대차 - 측면충돌,신호위반,건조,맑음,단일로 - 기타,이륜,남,49세,부상신고,승용,남,53세,상해없음
2020061700100521,2020년 6월 17일 19시,수요일,대구광역시 수성구 범어동,경상사고,0,0,1,0,차대사람 - 기타,안전운전불이행,건조,맑음,단일로 - 기타,승용,남,81세,상해없음,보행자,남,55세,경상
2020061700100522,2020년 6월 17일 19시,수요일,대구광역시 달서구 상인동,중상사고,0,1,0,0,차대사람 - 횡단중,보행자보호의무위반,건조,맑음,교차로 - 교차로안,화물,남,49세,상해없음,보행자,남,65세,중상
2020061700100523,2020년 6월 17일 19시,수요일,대구광역시 북구 침산동,경상사고,0,0,2,0,차대차 - 기타,차로위반,건조,맑음,단일로 - 기타,승용,여,39세,기타불명,승용,남,54세,경상
2020061700100551,2020년 6월 17일 20시,수요일,대구광역시 달서구 두류동,중상사고,0,2,1,0,차대차 - 측면충돌,신호위반,건조,맑음,단일로 - 기타,이륜,남,48세,중상,이륜,여,61세,중상
2020061700100578,2020년 6월 17일 21시,수요일,대구광역시 중구 남산동,중상사고,0,1,0,0,차대사람 - 기타,안전운전불이행,건조,맑음,단일로 - 기타,승용,남,33세,상해없음,보행자,남,66세,중상
2020061700100613,2020년 6월 17일 22시,수요일,대구광역시 달서구 상인동,경상사고,0,0,3,0,차대차 - 추돌,안전운전불이행,건조,맑음,단일로 - 기타,승용,남,38세,상해없음,승용,여,21세,경상
2020061700100614,2020년 6월 17일 22시,수요일,대구광역시 중구 포정동,부상신고사고,0,0,0,1,차대차 - 측면충돌,신호위반,건조,맑음,교차로 - 교차로안,이륜,남,41세,부상신고,승용,남,58세,상해없음
2020061700100639,2020년 6월 17일 23시,수요일,대구광역시 달서구 본동,경상사고,0,0,2,0,차대사람 - 기타,안전운전불이행,젖음/습기,비,교차로 - 교차로부근,승용,남,35세,상해없음,보행자,여,29세,경상
2020061800100009,2020년 6월 18일 00시,목요일,대구광역시 수성구 범어동,중상사고,0,1,0,0,차대사람 - 기타,안전운전불이행,건조,맑음,교차로 - 교차로안,기타불명,기타불명,미분류,기타불명,보행자,남,46세,중상
2020061800100010,2020년 6월 18일 00시,목요일,대구광역시 북구 침산동,중상사고,0,1,1,0,차대차 - 측면충돌,신호위반,건조,맑음,교차로 - 교차로안,승용,남,27세,상해없음,승용,남,50세,중상
2020061800100023,2020년 6월 18일 01시,목요일,대구광역시 동구 효목동,경상사고,0,0,1,0,차대차 - 기타,안전거리미확보,건조,맑음,교차로 - 교차로안,승용,남,59세,상해없음,승용,남,23세,경상
2020061800100024,2020년 6월 18일 01시,목요일,대구광역시 서구 내당동,경상사고,0,0,3,0,차대차 - 추돌,안전운전불이행,건조,흐림,교차로 - 교차로부근,승용,남,24세,기타불명,승용,남,63세,경상
2020061800100057,2020년 6월 18일 04시,목요일,대구광역시 북구 팔달동,경상사고,0,0,1,0,차대차 - 추돌,안전운전불이행,젖음/습기,흐림,단일로 - 기타,승용,남,29세,경상,화물,기타불명,미분류,기타불명
2020061800100066,2020년 6월 18일 05시,목요일,대구광역시 동구 입석동,경상사고,0,0,4,0,차대차 - 기타,신호위반,건조,맑음,교차로 - 교차로안,승용,남,48세,경상,승용,남,60세,경상
2020061800100067,2020년 6월 18일 05시,목요일,대구광역시 달성군 다사읍,중상사고,0,1,0,0,차대차 - 기타,안전운전불이행,젖음/습기,비,단일로 - 기타,화물,남,51세,상해없음,이륜,남,35세,중상