사고번호,사고일시,요일,시군구,사고내용,사망자수,중상자수,경상자수,부상신고자수,사고유형,법규위반,노면상태,기상상태,도로형태,가해운전자 차종,가해운전자 성별,가해운전자 연령,가해운전자 상해정도,피해운전자 차종,피해운전자 성별,피해운전자 연령,피해운전자 상해정도
2020061800100106,2020년 6월 18일 07시,목요일,대구광역시 달서구 감삼동,중상사고,0,1,0,0,차대사람 - 횡단중,안전운전불이행,젖음/습기,비,교차로 - 교차로횡단보도내,승용,여,66세,상해없음,보행자,남,18세,중상
2020061800100149,2020년 6월 18일 08시,목요일,대구광역시 달서구 대천동,경상사고,0,0,2,0,차대차 - 정면충돌,신호위반,젖음/습기,비,교차로 - 교차로안,승용,남,49세,경상,화물,남,34세,경상
2020061800100150,2020년 6월 18일 08시,목요일,대구광역시 달서구 대천동,경상사고,0,0,1,0,차대차 - 추돌,안전운전불이행,젖음/습기,비,교차로 - 교차로부근,승용,남,38세,상해없음,승용,남,55세,경상
2020061800100151,2020년 6월 18일 08시,목요일,대구광역시 북구 서변동,경상사고,0,0,1,0,차대차 - 기타,교차로운행방법위반,젖음/습기,비,교차로 - 교차로안,승용,여,42세,경상,승용,여,37세,상해없음
2020061800100189,2020년 6월 18일 09시,목요일,대구광역시 수성구 황금동,중상사고,0,1,0,0,차대차 - 기타,안전운전불이행,젖음/습기,비,단일로 - 기타,승용,남,51세,상해없음,승용,여,30세,중상
2020061800100190,2020년 6월 18일 09시,목요일,대구광역시 달성군 다사읍,경상사고,0,0,1,0,차대차 - 추돌,안전운전불이행,건조,맑음,기타 - 기타,승용,여,62세,상해없음,승용,남,42세,경상
2020061800100191,2020년 6월 18일 09시,목요일,대구광역시 중구 동인동2가,경상사고,0,0,1,0,차대차 - 측면충돌,차로위반,건조,맑음,단일로 - 기타,승용,남,76세,상해없음,승용,여,31세,경상
2020061800100192,2020년 6월 18일 09시,목요일,대구광역시 달서구 용산동,경상사고,0,0,1,0,차대차 - 추돌,안전운전불이행,젖음/습기,비,단일로 - 기타,승용,여,29세,상해없음,승용,여,53세,경상
2020061800100217,2020년 6월 18일 10시,목요일,대구광역시 동구 신천동,중상사고,0,1,0,0,차대차 - 측면충돌,안전운전불이행,건조,맑음,단일로 - 기타,승용,남,68세,상해없음,승용,남,39세,중상
2020061800100218,2020년 6월 18일 10시,목요일,대구광역시 수성구 연호동,경상사고,0,0,1,0,차량단독 - 공작물충돌,안전운전불이행,젖음/습기,비,교차로 - 교차로안,승용,남,28세,경상,,,,
2020061800100219,2020년 6월 18일 10시,목요일,대구광역시 수성구 수성동3가,경상사고,0,0,1,0,차대차 - 기타,안전운전불이행,젖음/습기,비,단일로 - 기타,자전거,여,58세,경상,승용,남,31세,상해없음
2020061800100220,2020년 6월 18일 10시,목요일,대구광역시 북구 읍내동,경상사고,0,0,1,0,차대차 - 측면충돌,중앙선침범,젖음/습기,비,기타 - 기타,승용,남,37세,상해없음,승용,남,62세,경상
2020061800100259,2020년 6월 18일 11시,목요일,대구광역시 달서구 송현동,경상사고,0,0,1,0,차대차 - 추돌,안전운전불이행,건조,맑음,교차로 - 교차로부근,승용,남,60세,상해없음,승용,여,64세,경상
2020061800100260,2020년 6월 18일 11시,목요일,대구광역시 북구 복현동,중상사고,0,1,0,0,차대차 - 측면충돌,안전거리미확보,젖음/습기,비,단일로 - 기타,화물,남,25세,상해없음,원동기,남,40세,중상
2020061800100261,2020년 6월 18일 11시,목요일,대구광역시 북구 칠성동1가,경상사고,0,0,2,0,차대차 - 측면충돌,안전운전불이행,젖음/습기,비,단일로 - 기타,승용,남,62세,상해없음,승용,여,49세,경상
2020061800100262,2020년 6월 18일 11시,목요일,대구광역시 서구 내당동,경상사고,0,0,1,0,차대사람 - 차도통행중,기타,젖음/습기,비,단일로 - 기타,화물,남,53세,상해없음,보행자,남,58세,경상
2020061800100291,2020년 6월 18일 12시,목요일,대구광역시 달성군 유가읍,중상사고,0,1,2,1,차대차 - 추돌,안전운전불이행,젖음/습기,비,단일로 - 기타,승용,남,46세,부상신고,승용,남,60세,중상
2020061800100292,2020년 6월 18일 12시,목요일,대구광역시 북구 침산동,경상사고,0,0,1,0,차대차 - 추돌,안전운전불이행,건조,흐림,단일로 - 교량,승용,남,62세,상해없음,승용,여,49세,경상
2020061800100293,2020년 6월 18일 12시,목요일,대구광역시 달서구 본리동,경상사고,0,0,1,0,차대사람 - 기타,안전운전불이행,젖음/습기,비,단일로 - 기타,승용,여,51세,상해없음,보행자,여,42세,경상
2020061800100294,2020년 6월 18일 12시,목요일,대구광역시 달서구 용산동,중상사고,0,1,2,0,차대차 - 추돌,안전운전불이행,젖음/습기,비,단일로 - 기타,건설기계,남,52세,상해없음,화물,남,35세,경상
2020061800100295,2020년 6월 18일 12시,목요일,대구광역시 북구 태전동,경상사고,0,0,1,0,차대차 - 측면충돌,신호위반,젖음/습기,비,교차로 - 교차로안,승용,남,76세,상해없음,원동기,남,48세,경상
2020061800100324,2020년 6월 18일 13시,목요일,대구광역시 서구 비산동,중상사고,0,1,0,0,차대차 - 측면충돌,신호위반,젖음/습기,비,단일로 - 기타,승합,남,55세,상해없음,자전거,여,60세,중상
2020061800100352,2020년 6월 18일 14시,목요일,대구광역시 수성구 범어동,경상사고,0,0,1,0,차대차 - 추돌,안전운전불이행,젖음/습기,비,단일로 - 기타,승용,여,21세,상해없음,승합,남,53세,경상
2020061800100353,2020년 6월 18일 14시,목요일,대구광역시 서구 내당동,부상신고사고,0,0,0,1,차대차 - 측면충돌,안전운전불이행,젖음/습기,비,교차로 - 교차로안,자전거,남,78세,부상신고,승용,남,80세,상해없음
2020061800100354,2020년 6월 18일 14시,목요일,대구광역시 서구 내당동,경상사고,0,0,1,0,차대차 - 추돌,안전운전불이행,건조,맑음,단일로 - 기타,승용,남,63세,상해없음,승용,여,40세,경상
2020061800100355,2020년 6월 18일 14시,목요일,대구광역시 서구 비산동,경상사고,0,0,1,0,차대차 - 정면충돌,교차로운행방법위반,젖음/습기,비,교차로 - 교차로안,승용,남,21세,상해없음,화물,남,65세,경상
2020061800100356,2020년 6월 18일 14시,목요일,대구광역시 중구 동인동1가,부상신고사고,0,0,0,1,차량단독 - 기타,안전운전불이행,젖음/습기,비,단일로 - 기타,이륜,남,26세,부상신고,,,,
2020061800100383,2020년 6월 18일 15시,목요일,대구광역시 북구 태전동,경상사고,0,0,3,0,차대차 - 추돌,안전운전불이행,건조,맑음,교차로 - 교차로부근,승용,남,53세,상해없음,승용,남,42세,경상
2020061800100407,2020년 6월 18일 16시,목요일,대구광역시 북구 서변동,경상사고,0,0,1,0,차대차 - 측면충돌,안전운전불이행,젖음/습기,비,단일로 - 기타,기타불명,남,29세,상해없음,화물,남,41세,경상
2020061800100410,2020년 6월 18일 16시,목요일,대구광역시 서구 내당동,경상사고,0,0,2,0,차대차 - 추돌,안전운전불이행,젖음/습기,비,교차로 - 교차로부근,승용,남,45세,상해없음,승용,여,57세,경상
2020061800100443,2020년 6월 18일 17시,목요일,대구광역시 수성구 범물동,경상사고,0,0,1,0,차대차 - 측면충돌,안전운전불이행,젖음/습기,비,교차로 - 교차로안,승용,여,76세,경상,승용,여,64세,상해없음
2020061800100444,2020년 6월 18일 17시,목요일,대구광역시 달서구 이곡동,경상사고,0,0,1,0,차대차 - 측면충돌,안전거리미확보,젖음/습기,비,단일로 - 기타,승용,남,59세,상해없음,승용,여,67세,경상
2020061800100445,2020년 6월 18일 17시,목요일,대구광역시 북구 읍내동,경상사고,0,0,1,0,차대차 - 추돌,안전거리미확보,건조,맑음,단일로 - 기타,승용,남,63세,상해없음,승용,여,44세,경상
2020061800100481,2020년 6월 18일 18시,목요일,대구광역시 동구 지저동,경상사고,0,0,1,0,차대사람 - 기타,안전운전불이행,건조,맑음,단일로 - 기타,승용,여,26세,상해없음,보행자,남,30세,경상
2020061800100482,2020년 6월 18일 18시,목요일,대구광역시 달서구 상인동,경상사고,0,0,1,0,차대차 - 측면충돌,안전거리미확보,건조,맑음,단일로 - 기타,승용,여,34세,상해없음,승용,여,21세,경상
2020061800100517,2020년 6월 18일 19시,목요일,대구광역시 수성구 상동,경상사고,0,0,1,1,차대차 - 기타,안전거리미확보,젖음/습기,비,교차로 - 교차로부근,승용,여,47세,부상신고,승용,여,60세,경상
2020061800100518,2020년 6월 18일 19시,목요일,대구광역시 달서구 도원동,경상사고,0,0,1,0,차대차 - 측면충돌,안전운전불이행,젖음/습기,비,단일로 - 기타,승용,여,56세,상해없음,승용,남,32세,경상
2020061800100519,2020년 6월 18일 19시,목요일,대구광역시 북구 대현동,부상신고사고,0,0,0,1,차대차 - 측면충돌,안전운전불이행,젖음/습기,비,교차로 - 교차로안,자전거,남,7세,부상신고,승용,남,71세,상해없음
2020061800100520,2020년 6월 18일 19시,목요일,대구광역시 중구 서성로2가,부상신고사고,0,0,0,1,차대차 - 기타,안전운전불이행,건조,맑음,교차로 - 교차로안,기타불명,기타불명,미분류,기타불명,이륜,여,23세,부상신고
2020061800100549,2020년 6월 18일 20시,목요일,대구광역시 동구 효목동,부상신고사고,0,0,0,1,차대사람 - 횡단중,안전운전불이행,젖음/습기,비,단일로 - 기타,승합,남,61세,상해없음,보행자,남,45세,부상신고
2020061800100550,2020년 6월 18일 20시,목요일,대구광역시 북구 노원동3가,경상사고,0,0,1,0,차대사람 - 보도통행중,기타,젖음/습기,비,기타 - 기타,이륜,남,63세,상해없음,보행자,남,67세,경상
2020061800100551,2020년 6월 18일 20시,목요일,대구광역시 달서구 이곡동,경상사고,0,0,2,0,차대차 - 기타,안전거리미확보,젖음/습기,비,교차로 - 교차로부근,승용,여,53세,상해없음,이륜,남,20세,경상
2020061800100592,2020년 6월 18일 21시,목요일,대구광역시 중구 대봉동,경상사고,0,0,1,0,차대차 - 측면충돌,안전운전불이행,건조,맑음,교차로 - 교차로안,승용,여,39세,상해없음,승용,남,66세,경상
2020061800100593,2020년 6월 18일 21시,목요일,대구광역시 동구 신기동,경상사고,0,0,1,0,차대차 - 측면충돌,안전운전불이행,젖음/습기,비,단일로 - 기타,승용,남,34세,상해없음,이륜,남,26세,경상
2020061800100594,2020년 6월 18일 21시,목요일,대구광역시 달서구 상인동,경상사고,0,0,1,0,차대차 - 측면충돌,안전운전불이행,젖음/습기,비,단일로 - 기타,승용,남,56세,상해없음,승용,여,47세,경상
2020061800100616,2020년 6월 18일 22시,목요일,대구광역시 서구 내당동,경상사고,0,0,2,0,차대차 - 기타,기타,젖음/습기,비,단일로 - 기타,승용,남,63세,상해없음,승합,남,46세,경상
2020061800100617,2020년 6월 18일 22시,목요일,대구광역시 달서구 용산동,중상사고,0,1,0,0,차대차 - 기타,중앙선침범,젖음/습기,비,단일로 - 기타,화물,남,61세,상해없음,승용,남,62세,중상
2020061900100065,2020년 6월 19일 06시,금요일,대구광역시 수성구 만촌동,경상사고,0,0,2,0,차대차 - 추돌,안전운전불이행,건조,맑음,단일로 - 기타,화물,남,75세,기타불명,승용,남,58세,경상
2020061900100133,2020년 6월 19일 08시,금요일,대구광역시 중구 남산동,중상사고,0,1,0,0,차대차 - 기타,차로위반,건조,맑음,단일로 - 기타,승합,남,69세,상해없음,승용,여,58세,중상
2020061900100159,2020년 6월 19일 09시,금요일,대구광역시 수성구 황금동,중상사고,0,1,0,0,차대차 - 기타,안전운전불이행,건조,맑음,단일로 - 기타,승용,남,52세,기타불명,원동기,남,94세,중상
2020061900100160,2020년 6월 19일 09시,금요일,대구광역시 북구 산격동,중상사고,0,1,0,0,차대사람 - 기타,안전운전불이행,건조,맑음,교차로 - 교차로부근,화물,남,64세,상해없음,보행자,남,75세,중상
2020061900100196,2020년 6월 19일 10시,금요일,대구광역시 북구 태전동,사망사고,1,0,0,0,차대사람 - 기타,안전운전불이행,건조,맑음,단일로 - 기타,승용,남,37세,상해없음,보행자,남,81세,사망
2020061900100239,2020년 6월 19일 11시,금요일,대구광역시 달성군 논공읍,경상사고,0,0,1,0,차대차 - 추돌,안전운전불이행,건조,맑음,교차로 - 교차로부근,승용,남,20세,기타불명,승용,남,60세,경상
2020061900100285,2020년 6월 19일 12시,금요일,대구광역시 남구 대명동,중상사고,0,1,0,0,차대차 - 측면충돌,안전운전불이행,건조,맑음,단일로 - 기타,승용,남,45세,상해없음,기타불명,남,30세,중상
2020061900100286,2020년 6월 19일 12시,금요일,대구광역시 달서구 진천동,부상신고사고,0,0,0,1,차대사람 - 횡단중,보행자보호의무위반,건조,맑음,교차로 - 교차로횡단보도내,승용,여,38세,상해없음,보행자,여,44세,부상신고
2020061900100288,2020년 6월 19일 12시,금요일,대구광역시 서구 비산동,중상사고,0,1,0,0,차대사람 - 차도통행중,안전운전불이행,건조,맑음,교차로 - 교차로안,승용,여,56세,상해없음,보행자,여,74세,중상
2020061900100289,2020년 6월 19일 12시,금요일,대구광역시 북구 동천동,경상사고,0,0,1,0,차대차 - 측면충돌,안전거리미확보,건조,맑음,단일로 - 기타,승용,여,35세,상해없음,이륜,남,25세,경상
2020061900100323,2020년 6월 19일 13시,금요일,대구광역시 동구 신암동,경상사고,0,0,1,0,차대사람 - 보도통행중,기타,건조,맑음,기타 - 기타,이륜,여,30세,상해없음,보행자,여,32세,경상
2020061900100324,2020년 6월 19일 13시,금요일,대구광역시 달서구 월성동,경상사고,0,0,1,0,차대차 - 측면충돌,안전거리미확보,건조,맑음,단일로 - 기타,승용,남,21세,상해없음,승합,남,58세,경상
2020061900100325,2020년 6월 19일 13시,금요일,대구광역시 달서구 용산동,경상사고,0,0,1,2,차대차 - 측면충돌,안전운전불이행,건조,맑음,단일로 - 기타,이륜,남,19세,부상신고,승용,남,33세,경상
2020061900100353,2020년 6월 19일 14시,금요일,대구광역시 북구 침산동,중상사고,0,1,0,0,차대차 - 측면충돌,안전거리미확보,건조,맑음,교차로 - 교차로안,승용,남,39세,상해없음,승합,남,40세,중상
2020061900100407,2020년 6월 19일 15시,금요일,대구광역시 중구 상서동,중상사고,0,1,2,0,차대차 - 측면충돌,차로위반,건조,맑음,단일로 - 기타,화물,남,60세,상해없음,승용,남,19세,중상
2020061900100408,2020년 6월 19일 15시,금요일,대구광역시 중구 동인동2가,중상사고,0,2,0,0,차대차 - 측면충돌,안전운전불이행,건조,맑음,단일로 - 기타,승용,남,33세,기타불명,승용,남,28세,중상
2020061900100448,2020년 6월 19일 16시,금요일,대구광역시 남구 대명동,경상사고,0,0,1,0,차대차 - 측면충돌,안전거리미확보,건조,맑음,단일로 - 기타,승용,남,58세,기타불명,승용,남,22세,경상
2020061900100449,2020년 6월 19일 16시,금요일,대구광역시 달서구 성당동,경상사고,0,0,1,0,차대차 - 측면충돌,신호위반,건조,맑음,교차로 - 교차로횡단보도내,승용,남,49세,상해없음,자전거,여,64세,경상
2020061900100511,2020년 6월 19일 17시,금요일,대구광역시 동구 신천동,경상사고,0,0,1,0,차대차 - 측면충돌,안전운전불이행,건조,맑음,기타 - 기타,화물,남,57세,상해없음,승용,남,75세,경상
2020061900100512,2020년 6월 19일 17시,금요일,대구광역시 수성구 범물동,경상사고,0,0,2,0,차대차 - 측면충돌,안전운전불이행,건조,맑음,교차로 - 교차로안,승용,여,41세,경상,승용,여,50세,경상
2020061900100513,2020년 6월 19일 17시,금요일,대구광역시 수성구 두산동,경상사고,0,0,1,0,차대차 - 기타,안전운전불이행,건조,맑음,단일로 - 기타,승용,남,29세,상해없음,승용,남,45세,경상
2020061900100514,2020년 6월 19일 17시,금요일,대구광역시 북구 태전동,중상사고,0,1,0,0,차대사람 - 차도통행중,안전운전불이행,건조,맑음,교차로 - 교차로부근,승용,남,25세,기타불명,보행자,남,55세,중상
2020061900100567,2020년 6월 19일 18시,금요일,대구광역시 동구 지묘동,경상사고,0,0,2,0,차대차 - 추돌,안전운전불이행,건조,맑음,교차로 - 교차로안,승용,남,61세,상해없음,승용,남,81세,경상
2020061900100568,2020년 6월 19일 18시,금요일,대구광역시 달서구 월성동,경상사고,0,0,3,0,차대차 - 측면충돌,안전운전불이행,건조,맑음,교차로 - 교차로안,승용,여,58세,상해없음,승용,남,29세,경상
2020061900100569,2020년 6월 19일 18시,금요일,대구광역시 북구 동천동,중상사고,0,1,0,0,차대차 - 기타,교차로운행방법위반,건조,맑음,단일로 - 기타,이륜,남,25세,중상,승용,남,53세,상해없음
2020061900100615,2020년 6월 19일 19시,금요일,대구광역시 동구 율하동,경상사고,0,0,1,0,차대사람 - 차도통행중,안전운전불이행,건조,맑음,교차로 - 교차로안,승용,여,34세,상해없음,보행자,여,5세,경상
2020061900100616,2020년 6월 19일 19시,금요일,대구광역시 동구 율하동,경상사고,0,0,1,0,차대차 - 측면충돌,안전운전불이행,건조,맑음,단일로 - 기타,승용,남,63세,상해없음,화물,남,32세,경상
2020061900100617,2020년 6월 19일 19시,금요일,대구광역시 수성구 범어동,경상사고,0,0,4,0,차대차 - 측면충돌,안전거리미확보,건조,맑음,단일로 - 기타,승용,남,68세,상해없음,승용,남,22세,경상
2020061900100655,2020년 6월 19일 20시,금요일,대구광역시 서구 비산동,중상사고,0,1,0,0,차대차 - 측면충돌,신호위반,건조,맑음,교차로 - 교차로안,승용,남,37세,상해없음,이륜,남,27세,중상
2020061900100656,2020년 6월 19일 20시,금요일,대구광역시 서구 평리동,경상사고,0,0,1,0,차대차 - 측면충돌,안전거리미확보,건조,맑음,단일로 - 기타,승용,남,54세,상해없음,이륜,남,26세,경상
2020061900100695,2020년 6월 19일 21시,금요일,대구광역시 동구 신암동,경상사고,0,0,1,0,차대사람 - 횡단중,보행자보호의무위반,건조,맑음,단일로 - 기타,이륜,남,31세,상해없음,보행자,여,49세,경상
2020061900100696,2020년 6월 19일 21시,금요일,대구광역시 달성군 현풍읍,경상사고,0,0,2,0,차대차 - 정면충돌,안전운전불이행,건조,맑음,교차로 - 교차로안,이륜,남,40세,경상,승용,남,45세,경상
2020061900100721,2020년 6월 19일 22시,금요일,대구광역시 동구 신암동,경상사고,0,0,2,0,차대차 - 측면충돌,안전거리미확보,건조,맑음,교차로 - 교차로안,승용,여,20세,상해없음,승용,남,47세,경상
2020061900100722,2020년 6월 19일 22시,금요일,대구광역시 수성구 지산동,경상사고,0,0,1,0,차대차 - 측면충돌,신호위반,건조,맑음,교차로 - 교차로안,승용,여,56세,상해없음,승용,남,60세,경상
2020061900100746,2020년 6월 19일 23시,금요일,대구광역시 달서구 월성동,중상사고,0,1,1,0,차대차 - 추돌,안전운전불이행,건조,맑음,교차로 - 교차로부근,승용,여,44세,상해없음,승용,남,59세,중상
2020061900100747,2020년 6월 19일 23시,금요일,대구광역시 달서구 성당동,경상사고,0,0,2,0,차대사람 - 횡단중,안전운전불이행,건조,맑음,기타 - 기타,이륜,남,36세,경상,보행자,남,60세,경상
2020062000100032,2020년 6월 20일 01시,토요일,대구광역시 수성구 두산동,경상사고,0,0,1,0,차대사람 - 기타,안전운전불이행,건조,맑음,주차장 - 주차장,승용,남,55세,상해없음,보행자,남,45세,경상
2020062000100043,2020년 6월 20일 02시,토요일,대구광역시 북구 산격동,경상사고,0,0,1,0,차대사람 - 기타,안전운전불이행,건조,맑음,단일로 - 기타,승용,남,36세,상해없음,보행자,여,21세,경상
2020062000100078,2020년 6월 20일 06시,토요일,대구광역시 수성구 황금동,경상사고,0,0,1,0,차대차 - 기타,안전운전불이행,건조,맑음,기타 - 기타,화물,남,43세,상해없음,승용,여,27세,경상
2020062000100114,2020년 6월 20일 08시,토요일,대구광역시 남구 대명동,경상사고,0,0,1,0,차대차 - 추돌,안전운전불이행,건조,맑음,교차로 - 교차로부근,승용,남,58세,상해없음,승용,남,59세,경상
2020062000100186,2020년 6월 20일 10시,토요일,대구광역시 달서구 유천동,경상사고,0,0,7,0,차대차 - 기타,안전운전불이행,건조,맑음,단일로 - 기타,승용,남,23세,경상,승용,남,38세,경상
2020062000100219,2020년 6월 20일 11시,토요일,대구광역시 수성구 상동,경상사고,0,0,1,0,차대사람 - 기타,안전운전불이행,건조,맑음,단일로 - 기타,기타불명,기타불명,미분류,기타불명,보행자,남,27세,경상
2020062000100220,2020년 6월 20일 11시,토요일,대구광역시 달서구 송현동,경상사고,0,0,1,1,차대차 - 측면충돌,교차로운행방법위반,건조,맑음,교차로 - 교차로안,승용,남,67세,부상신고,승용,남,28세,경상
2020062000100221,2020년 6월 20일 11시,토요일,대구광역시 북구 산격동,경상사고,0,0,1,0,차대차 - 추돌,안전운전불이행,건조,맑음,단일로 - 기타,승용,남,75세,상해없음,승용,남,26세,경상
2020062000100279,2020년 6월 20일 12시,토요일,대구광역시 동구 방촌동,부상신고사고,0,0,0,1,차대차 - 기타,안전운전불이행,건조,맑음,교차로 - 교차로부근,기타불명,기타불명,미분류,기타불명,자전거,남,78세,부상신고
2020062000100280,2020년 6월 20일 12시,토요일,대구광역시 동구 신천동,경상사고,0,0,1,0,차대차 - 측면충돌,안전운전불이행,건조,맑음,단일로 - 기타,승용,여,25세,상해없음,승용,남,28세,경상
2020062000100281,2020년 6월 20일 12시,토요일,대구광역시 동구 율하동,경상사고,0,0,1,1,차대차 - 측면충돌,안전거리미확보,건조,맑음,단일로 - 기타,건설기계,남,55세,부상신고,승용,남,53세,경상
2020062000100282,2020년 6월 20일 12시,토요일,대구광역시 수성구 범물동,경상사고,0,0,1,0,차대차 - 후진중충돌,안전운전불이행,건조,맑음,교차로 - 교차로부근,승용,남,66세,상해없음,화물,남,39세,경상
2020062000100283,2020년 6월 20일 12시,토요일,대구광역시 달성군 다사읍,부상신고사고,0,0,0,1,차대차 - 기타,안전운전불이행,건조,맑음,단일로 - 기타,이륜,남,28세,부상신고,건설기계,남,66세,상해없음
2020062000100284,2020년 6월 20일 12시,토요일,대구광역시 북구 서변동,경상사고,0,0,1,0,차대차 - 측면충돌,기타,건조,맑음,단일로 - 기타,자전거,남,45세,경상,화물,남,45세,상해없음
2020062000100320,2020년 6월 20일 13시,토요일,대구광역시 수성구 두산동,경상사고,0,0,2,0,차대차 - 측면충돌,교차로운행방법위반,건조,맑음,교차로 - 교차로안,승용,남,29세,경상,승용,남,35세,경상
2020062000100321,2020년 6월 20일 13시,토요일,대구광역시 서구 내당동,중상사고,0,1,0,0,차대사람 - 횡단중,보행자보호의무위반,건조,맑음,교차로 - 교차로횡단보도내,승용,남,59세,상해없음,보행자,여,66세,중상
2020062000100322,2020년 6월 20일 13시,토요일,대구광역시 북구 사수동,중상사고,0,1,0,0,차대차 - 측면충돌,안전거리미확보,건조,맑음,단일로 - 기타,승용,남,29세,상해없음,원동기,남,58세,중상
2020062000100359,2020년 6월 20일 14시,토요일,대구광역시 달서구 진천동,중상사고,0,1,0,0,차대사람 - 길가장자리구역통행중,안전운전불이행,건조,맑음,단일로 - 기타,승용,남,85세,상해없음,보행자,여,81세,중상
2020062000100360,2020년 6월 20일 14시,토요일,대구광역시 서구 원대동3가,경상사고,0,0,1,0,차대차 - 기타,안전운전불이행,건조,맑음,단일로 - 기타,화물,남,43세,상해없음,개인형이동수단(PM),남,63세,경상
2020062000100361,2020년 6월 20일 14시,토요일,대구광역시 달서구 호산동,경상사고,0,0,1,0,차대차 - 기타,신호위반,건조,맑음,단일로 - 기타,승용,여,64세,상해없음,자전거,남,10세,경상
2020062000100401,2020년 6월 20일 15시,토요일,대구광역시 중구 남일동,중상사고,0,1,0,0,차대사람 - 기타,안전운전불이행,건조,맑음,단일로 - 기타,승용,남,65세,상해없음,보행자,여,26세,중상
2020062000100402,2020년 6월 20일 15시,토요일,대구광역시 북구 태전동,경상사고,0,0,1,0,차대차 - 추돌,안전운전불이행,건조,맑음,단일로 - 기타,승용,남,46세,상해없음,승용,남,61세,경상
2020062000100440,2020년 6월 20일 16시,토요일,대구광역시 동구 효목동,경상사고,0,0,1,0,차대차 - 측면충돌,안전거리미확보,건조,맑음,교차로 - 교차로안,화물,남,70세,상해없음,승용,여,59세,경상
2020062000100441,2020년 6월 20일 16시,토요일,대구광역시 달성군 다사읍,중상사고,0,2,0,1,차대차 - 측면충돌,신호위반,건조,맑음,교차로 - 교차로안,이륜,남,19세,부상신고,승용,여,62세,중상
2020062000100481,2020년 6월 20일 17시,토요일,대구광역시 남구 봉덕동,경상사고,0,0,1,0,차대차 - 정면충돌,직진우회전진행방해,건조,맑음,교차로 - 교차로안,승용,남,45세,상해없음,승용,남,43세,상해없음
2020062000100482,2020년 6월 20일 17시,토요일,대구광역시 남구 봉덕동,중상사고,0,1,2,2,차대사람 - 기타,안전운전불이행,건조,맑음,단일로 - 기타,승용,남,81세,부상신고,보행자,남,38세,경상
2020062000100483,2020년 6월 20일 17시,토요일,대구광역시 수성구 상동,경상사고,0,0,1,1,차대차 - 추돌,안전운전불이행,건조,맑음,단일로 - 기타,이륜,남,76세,부상신고,승용,남,31세,경상
2020062000100484,2020년 6월 20일 17시,토요일,대구광역시 중구 대신동,경상사고,0,0,3,0,차대차 - 기타,신호위반,건조,맑음,교차로 - 교차로안,이륜,남,56세,경상,승합,남,64세,상해없음
2020062000100520,2020년 6월 20일 18시,토요일,대구광역시 수성구 시지동,부상신고사고,0,0,0,1,차대차 - 측면충돌,안전거리미확보,건조,맑음,교차로 - 교차로부근,원동기,남,31세,부상신고,승용,남,57세,상해없음
2020062000100521,2020년 6월 20일 18시,토요일,대구광역시 달성군 다사읍,중상사고,0,1,0,0,차대차 - 정면충돌,안전운전불이행,건조,맑음,교차로 - 교차로부근,승용,남,34세,상해없음,이륜,남,20세,중상
2020062000100522,2020년 6월 20일 18시,토요일,대구광역시 중구 공평동,경상사고,0,0,1,0,차대사람 - 기타,안전운전불이행,건조,맑음,단일로 - 기타,승용,남,50세,상해없음,보행자,여,22세,경상
2020062000100523,2020년 6월 20일 18시,토요일,대구광역시 남구 대명동,경상사고,0,0,1,0,차대차 - 측면충돌,신호위반,건조,맑음,단일로 - 기타,이륜,남,26세,상해없음,이륜,남,60세,경상
2020062000100524,2020년 6월 20일 18시,토요일,대구광역시 북구 태전동,중상사고,0,2,0,0,차대차 - 측면충돌,신호위반,건조,맑음,교차로 - 교차로안,이륜,남,16세,중상,승용,남,29세,상해없음
2020062000100567,2020년 6월 20일 19시,토요일,대구광역시 서구 내당동,경상사고,0,0,1,0,차대차 - 기타,안전운전불이행,건조,맑음,단일로 - 기타,승용,남,36세,상해없음,승용,남,56세,경상
2020062000100597,2020년 6월 20일 20시,토요일,대구광역시 동구 효목동,경상사고,0,0,1,0,차대차 - 측면충돌,교차로운행방법위반,건조,맑음,교차로 - 교차로안,승용,남,63세,상해없음,승용,여,60세,경상
2020062000100598,2020년 6월 20일 20시,토요일,대구광역시 중구 삼덕동2가,경상사고,0,0,2,0,차대차 - 기타,중앙선침범,건조,맑음,단일로 - 기타,승용,남,23세,상해없음,승용,남,22세,경상
2020062000100656,2020년 6월 20일 22시,토요일,대구광역시 동구 방촌동,중상사고,0,1,0,0,차대차 - 기타,기타,건조,맑음,단일로 - 기타,승용,남,70세,상해없음,이륜,남,25세,중상
2020062100100058,2020년 6월 21일 03시,일요일,대구광역시 달서구 감삼동,경상사고,0,0,1,0,차대사람 - 기타,안전운전불이행,건조,맑음,단일로 - 기타,기타불명,기타불명,미분류,기타불명,보행자,남,47세,경상
2020062100100065,2020년 6월 21일 04시,일요일,대구광역시 남구 대명동,부상신고사고,0,0,0,1,차대사람 - 기타,안전운전불이행,건조,맑음,단일로 - 기타,승용,남,43세,상해없음,보행자,남,23세,부상신고
2020062100100066,2020년 6월 21일 04시,일요일,대구광역시 달성군 현풍읍,중상사고,0,1,0,0,차대차 - 기타,안전운전불이행,건조,맑음,기타 - 기타,승용,여,42세,기타불명,승용,남,44세,중상