사고번호,사고일시,요일,시군구,사고내용,사망자수,중상자수,경상자수,부상신고자수,사고유형,법규위반,노면상태,기상상태,도로형태,가해운전자 차종,가해운전자 성별,가해운전자 연령,가해운전자 상해정도,피해운전자 차종,피해운전자 성별,피해운전자 연령,피해운전자 상해정도
2020062100100086,2020년 6월 21일 06시,일요일,대구광역시 수성구 매호동,중상사고,0,1,0,0,차대사람 - 기타,안전운전불이행,건조,맑음,기타 - 기타,자전거,여,47세,상해없음,보행자,여,76세,중상
2020062100100087,2020년 6월 21일 06시,일요일,대구광역시 달서구 장기동,경상사고,0,0,2,0,차대차 - 측면충돌,직진우회전진행방해,건조,맑음,교차로 - 교차로안,승용,남,38세,상해없음,이륜,남,17세,경상
2020062100100112,2020년 6월 21일 08시,일요일,대구광역시 달서구 도원동,경상사고,0,0,1,0,차대차 - 기타,신호위반,건조,맑음,단일로 - 기타,승용,남,39세,상해없음,자전거,남,18세,경상
2020062100100152,2020년 6월 21일 10시,일요일,대구광역시 달성군 유가읍,경상사고,0,0,1,0,차량단독 - 기타,안전운전불이행,건조,맑음,기타 - 기타,자전거,남,46세,경상,,,,
2020062100100180,2020년 6월 21일 11시,일요일,대구광역시 동구 율하동,부상신고사고,0,0,0,1,차대사람 - 기타,안전운전불이행,건조,맑음,교차로 - 교차로안,이륜,남,40세,부상신고,보행자,여,60세,상해없음
2020062100100181,2020년 6월 21일 11시,일요일,대구광역시 달서구 장동,경상사고,0,0,5,0,차대차 - 기타,안전운전불이행,건조,맑음,교차로 - 교차로부근,화물,남,60세,경상,승용,남,18세,경상
2020062100100182,2020년 6월 21일 11시,일요일,대구광역시 달서구 성당동,경상사고,0,0,2,0,차대차 - 추돌,안전거리미확보,건조,맑음,기타 - 기타,승용,남,63세,경상,이륜,남,50세,경상
2020062100100208,2020년 6월 21일 12시,일요일,대구광역시 서구 이현동,경상사고,0,0,3,0,차대차 - 정면충돌,중앙선침범,건조,맑음,단일로 - 터널,승용,남,68세,상해없음,승용,남,39세,경상
2020062100100209,2020년 6월 21일 12시,일요일,대구광역시 북구 읍내동,부상신고사고,0,0,0,1,차대차 - 측면충돌,차로위반,건조,맑음,단일로 - 기타,이륜,남,84세,부상신고,화물,남,61세,상해없음
2020062100100229,2020년 6월 21일 13시,일요일,대구광역시 동구 백안동,경상사고,0,0,1,0,차대사람 - 기타,안전운전불이행,건조,맑음,기타 - 기타,승합,남,45세,상해없음,보행자,여,59세,경상
2020062100100230,2020년 6월 21일 13시,일요일,대구광역시 수성구 중동,경상사고,0,0,1,0,차대차 - 추돌,안전운전불이행,건조,맑음,단일로 - 기타,이륜,남,33세,경상,화물,남,64세,상해없음
2020062100100231,2020년 6월 21일 13시,일요일,대구광역시 수성구 만촌동,중상사고,0,1,1,0,차대차 - 측면충돌,안전운전불이행,건조,맑음,교차로 - 교차로안,이륜,남,57세,중상,이륜,남,63세,경상
2020062100100232,2020년 6월 21일 13시,일요일,대구광역시 수성구 두산동,부상신고사고,0,0,0,1,차대사람 - 횡단중,안전운전불이행,건조,맑음,주차장 - 주차장,기타불명,기타불명,미분류,기타불명,보행자,남,58세,부상신고
2020062100100262,2020년 6월 21일 14시,일요일,대구광역시 수성구 신매동,경상사고,0,0,6,0,차대차 - 추돌,안전운전불이행,건조,맑음,단일로 - 기타,승용,남,64세,상해없음,승용,남,54세,경상
2020062100100263,2020년 6월 21일 14시,일요일,대구광역시 북구 복현동,중상사고,0,1,0,0,차대차 - 측면충돌,중앙선침범,건조,맑음,교차로 - 교차로안,승용,남,71세,상해없음,이륜,남,32세,중상
2020062100100300,2020년 6월 21일 15시,일요일,대구광역시 달서구 상인동,중상사고,0,2,1,1,차대차 - 측면충돌,안전거리미확보,건조,맑음,단일로 - 기타,승용,남,40세,중상,승용,남,51세,중상
2020062100100331,2020년 6월 21일 16시,일요일,대구광역시 달서구 송현동,경상사고,0,0,1,4,차대차 - 측면충돌,차로위반,건조,맑음,교차로 - 교차로횡단보도내,승용,남,69세,상해없음,승용,남,18세,경상
2020062100100372,2020년 6월 21일 17시,일요일,대구광역시 수성구 두산동,경상사고,0,0,1,0,차대차 - 기타,안전운전불이행,건조,맑음,단일로 - 기타,기타불명,기타불명,미분류,기타불명,승용,남,65세,상해없음
2020062100100373,2020년 6월 21일 17시,일요일,대구광역시 서구 이현동,경상사고,0,0,2,0,차대차 - 추돌,안전운전불이행,건조,맑음,단일로 - 기타,승용,남,44세,상해없음,승용,남,60세,경상
2020062100100374,2020년 6월 21일 17시,일요일,대구광역시 북구 매천동,중상사고,0,1,0,0,차대차 - 기타,안전운전불이행,건조,맑음,교차로 - 교차로부근,이륜,남,48세,상해없음,자전거,남,42세,중상
2020062100100399,2020년 6월 21일 18시,일요일,대구광역시 동구 방촌동,경상사고,0,0,1,0,차대차 - 기타,안전운전불이행,건조,맑음,단일로 - 기타,화물,남,19세,상해없음,승용,여,27세,경상
2020062100100400,2020년 6월 21일 18시,일요일,대구광역시 북구 대현동,경상사고,0,0,1,0,차대사람 - 차도통행중,보행자보호의무위반,건조,맑음,교차로 - 교차로횡단보도내,승용,남,73세,상해없음,보행자,남,50세,경상
2020062100100499,2020년 6월 21일 22시,일요일,대구광역시 동구 신암동,경상사고,0,0,1,0,차대차 - 정면충돌,안전운전불이행,건조,맑음,교차로 - 교차로안,화물,남,70세,상해없음,승용,남,54세,경상
2020062200100016,2020년 6월 22일 01시,월요일,대구광역시 수성구 황금동,경상사고,0,0,2,0,차대차 - 측면충돌,안전운전불이행,건조,맑음,교차로 - 교차로안,승용,여,35세,상해없음,승용,남,65세,경상
2020062200100017,2020년 6월 22일 01시,월요일,대구광역시 달서구 송현동,사망사고,1,0,0,0,차량단독 - 공작물충돌,안전운전불이행,건조,맑음,단일로 - 기타,이륜,남,25세,사망,,,,
2020062200100018,2020년 6월 22일 01시,월요일,대구광역시 달서구 두류동,경상사고,0,0,3,0,차대차 - 추돌,안전운전불이행,건조,맑음,기타 - 기타,승용,여,16세,상해없음,승용,남,20세,경상
2020062200100026,2020년 6월 22일 02시,월요일,대구광역시 수성구 수성동4가,경상사고,0,0,1,0,차대차 - 측면충돌,안전운전불이행,건조,맑음,단일로 - 기타,승용,여,42세,상해없음,자전거,남,35세,경상
2020062200100027,2020년 6월 22일 02시,월요일,대구광역시 달서구 상인동,경상사고,0,0,1,0,차량단독 - 기타,안전운전불이행,건조,맑음,단일로 - 기타,승용,남,57세,상해없음,,,,
2020062200100034,2020년 6월 22일 03시,월요일,대구광역시 동구 신서동,중상사고,0,1,0,0,차대차 - 측면충돌,교차로운행방법위반,건조,맑음,교차로 - 교차로안,승합,남,72세,상해없음,이륜,남,49세,중상
2020062200100039,2020년 6월 22일 04시,월요일,대구광역시 남구 봉덕동,경상사고,0,0,1,0,차대차 - 기타,안전거리미확보,건조,맑음,단일로 - 기타,승용,남,65세,상해없음,승용,남,24세,상해없음
2020062200100131,2020년 6월 22일 08시,월요일,대구광역시 남구 대명동,부상신고사고,0,0,0,1,차량단독 - 전도전복 - 전도,안전운전불이행,건조,맑음,단일로 - 기타,자전거,남,56세,부상신고,,,,
2020062200100132,2020년 6월 22일 08시,월요일,대구광역시 동구 봉무동,경상사고,0,0,1,0,차대차 - 추돌,안전거리미확보,건조,맑음,교차로 - 교차로안,승용,남,40세,상해없음,승용,여,78세,경상
2020062200100133,2020년 6월 22일 08시,월요일,대구광역시 수성구 만촌동,경상사고,0,0,1,0,차대차 - 추돌,안전운전불이행,건조,맑음,교차로 - 교차로부근,승용,남,51세,상해없음,승용,여,47세,경상
2020062200100134,2020년 6월 22일 08시,월요일,대구광역시 서구 비산동,중상사고,0,1,0,0,차대차 - 측면충돌,안전운전불이행,건조,맑음,단일로 - 기타,화물,여,41세,상해없음,자전거,남,50세,중상
2020062200100135,2020년 6월 22일 08시,월요일,대구광역시 서구 평리동,경상사고,0,0,1,0,차대차 - 측면충돌,안전거리미확보,건조,맑음,단일로 - 기타,승용,남,39세,기타불명,승용,여,44세,경상
2020062200100136,2020년 6월 22일 08시,월요일,대구광역시 달서구 본리동,경상사고,0,0,1,0,차대차 - 기타,안전운전불이행,건조,맑음,기타 - 기타,승용,여,43세,상해없음,자전거,남,46세,경상
2020062200100171,2020년 6월 22일 09시,월요일,대구광역시 동구 지묘동,중상사고,0,1,0,0,차대차 - 측면충돌,안전운전불이행,건조,맑음,교차로 - 교차로안,승용,여,76세,상해없음,이륜,여,68세,중상
2020062200100172,2020년 6월 22일 09시,월요일,대구광역시 동구 중대동,경상사고,0,0,1,0,차량단독 - 공작물충돌,안전운전불이행,건조,맑음,단일로 - 기타,이륜,남,22세,경상,,,,
2020062200100173,2020년 6월 22일 09시,월요일,대구광역시 동구 방촌동,경상사고,0,0,1,0,차대사람 - 기타,안전운전불이행,건조,맑음,기타 - 기타,화물,남,73세,상해없음,보행자,남,59세,경상
2020062200100174,2020년 6월 22일 09시,월요일,대구광역시 달서구 본동,경상사고,0,0,1,0,차대차 - 측면충돌,안전운전불이행,건조,맑음,교차로 - 교차로안,화물,남,38세,상해없음,승용,남,41세,경상
2020062200100175,2020년 6월 22일 09시,월요일,대구광역시 북구 노원동3가,중상사고,0,2,3,0,차대차 - 추돌,안전운전불이행,건조,맑음,단일로 - 기타,승합,남,65세,상해없음,화물,남,49세,상해없음
2020062200100176,2020년 6월 22일 09시,월요일,대구광역시 서구 비산동,부상신고사고,0,0,0,1,차대차 - 측면충돌,안전운전불이행,건조,맑음,교차로 - 교차로안,자전거,여,71세,부상신고,승용,남,51세,상해없음
2020062200100177,2020년 6월 22일 09시,월요일,대구광역시 북구 서변동,경상사고,0,0,4,0,차대차 - 측면충돌,차로위반,건조,맑음,단일로 - 기타,승용,남,48세,경상,화물,남,47세,경상
2020062200100224,2020년 6월 22일 10시,월요일,대구광역시 수성구 사월동,경상사고,0,0,1,0,차대차 - 기타,교차로운행방법위반,건조,맑음,교차로 - 교차로안,승용,남,56세,상해없음,승용,남,30세,경상
2020062200100225,2020년 6월 22일 10시,월요일,대구광역시 중구 태평로3가,중상사고,0,1,0,0,차대차 - 측면충돌,신호위반,건조,맑음,단일로 - 기타,화물,남,54세,상해없음,이륜,남,56세,중상
2020062200100303,2020년 6월 22일 12시,월요일,대구광역시 수성구 범어동,경상사고,0,0,2,0,차대차 - 기타,안전운전불이행,건조,맑음,단일로 - 기타,승용,여,53세,경상,승용,남,60세,경상
2020062200100304,2020년 6월 22일 12시,월요일,대구광역시 달서구 본동,중상사고,0,1,0,0,차대사람 - 횡단중,보행자보호의무위반,건조,맑음,교차로 - 교차로횡단보도내,승용,여,63세,상해없음,보행자,남,53세,중상
2020062200100305,2020년 6월 22일 12시,월요일,대구광역시 서구 중리동,부상신고사고,0,0,0,1,차대차 - 측면충돌,안전운전불이행,건조,맑음,단일로 - 기타,자전거,남,25세,부상신고,승용,남,63세,상해없음
2020062200100386,2020년 6월 22일 14시,월요일,대구광역시 동구 신암동,경상사고,0,0,3,0,차대차 - 기타,교차로운행방법위반,건조,맑음,교차로 - 교차로안,이륜,남,31세,경상,승용,남,51세,경상
2020062200100387,2020년 6월 22일 14시,월요일,대구광역시 달성군 옥포읍,경상사고,0,0,1,0,차대차 - 기타,안전운전불이행,건조,맑음,교차로 - 교차로횡단보도내,승용,여,37세,상해없음,자전거,남,11세,경상
2020062200100388,2020년 6월 22일 14시,월요일,대구광역시 달서구 이곡동,경상사고,0,0,1,0,차대차 - 측면충돌,차로위반,건조,맑음,교차로 - 교차로안,승용,남,52세,상해없음,승용,여,59세,경상
2020062200100440,2020년 6월 22일 15시,월요일,대구광역시 달서구 감삼동,경상사고,0,0,2,0,차대차 - 측면충돌,안전거리미확보,건조,맑음,단일로 - 기타,승용,남,22세,기타불명,승용,남,40세,경상
2020062200100492,2020년 6월 22일 16시,월요일,대구광역시 수성구 범어동,경상사고,0,0,1,0,차대사람 - 보도통행중,기타,건조,맑음,단일로 - 기타,자전거,남,15세,상해없음,보행자,여,54세,경상
2020062200100493,2020년 6월 22일 16시,월요일,대구광역시 달서구 용산동,경상사고,0,0,1,0,차대차 - 기타,중앙선침범,건조,맑음,단일로 - 기타,승합,여,46세,상해없음,승용,여,32세,경상
2020062200100552,2020년 6월 22일 17시,월요일,대구광역시 달성군 화원읍,경상사고,0,0,1,0,차대차 - 기타,안전운전불이행,건조,맑음,단일로 - 기타,승용,남,18세,상해없음,승용,남,20세,상해없음
2020062200100553,2020년 6월 22일 17시,월요일,대구광역시 서구 중리동,중상사고,0,1,0,0,차대차 - 측면충돌,안전거리미확보,건조,맑음,교차로 - 교차로부근,화물,남,61세,상해없음,승용,남,68세,중상
2020062200100554,2020년 6월 22일 17시,월요일,대구광역시 달서구 감삼동,경상사고,0,0,1,0,차대차 - 기타,안전운전불이행,건조,맑음,교차로 - 교차로부근,승용,남,64세,상해없음,이륜,남,51세,경상
2020062200100594,2020년 6월 22일 18시,월요일,대구광역시 서구 평리동,부상신고사고,0,0,0,1,차대사람 - 기타,안전운전불이행,건조,맑음,단일로 - 기타,기타불명,기타불명,미분류,기타불명,보행자,여,48세,부상신고
2020062200100595,2020년 6월 22일 18시,월요일,대구광역시 서구 비산동,중상사고,0,1,0,0,차대사람 - 기타,안전운전불이행,건조,맑음,단일로 - 기타,승용,남,67세,상해없음,보행자,여,55세,중상
2020062200100638,2020년 6월 22일 19시,월요일,대구광역시 북구 검단동,경상사고,0,0,1,0,차대차 - 기타,기타,건조,맑음,단일로 - 기타,화물,남,56세,상해없음,이륜,남,24세,경상
2020062200100639,2020년 6월 22일 19시,월요일,대구광역시 달서구 용산동,경상사고,0,0,1,0,차대차 - 측면충돌,기타,건조,맑음,단일로 - 기타,승용,남,60세,상해없음,이륜,남,54세,경상
2020062200100663,2020년 6월 22일 20시,월요일,대구광역시 달서구 두류동,경상사고,0,0,2,0,차대차 - 측면충돌,직진우회전진행방해,건조,맑음,교차로 - 교차로안,승용,여,31세,경상,이륜,남,22세,경상
2020062200100695,2020년 6월 22일 21시,월요일,대구광역시 남구 대명동,경상사고,0,0,1,0,차대차 - 추돌,안전운전불이행,건조,맑음,단일로 - 지하차도(도로)내,승용,여,58세,상해없음,승용,남,58세,경상
2020062200100696,2020년 6월 22일 21시,월요일,대구광역시 동구 용수동,경상사고,0,0,1,0,차대사람 - 차도통행중,안전운전불이행,건조,맑음,단일로 - 기타,기타불명,기타불명,미분류,기타불명,보행자,남,28세,경상
2020062200100697,2020년 6월 22일 21시,월요일,대구광역시 동구 율하동,중상사고,0,1,1,1,차대사람 - 횡단중,안전운전불이행,건조,맑음,교차로 - 교차로부근,이륜,남,58세,부상신고,보행자,여,54세,중상
2020062200100698,2020년 6월 22일 21시,월요일,대구광역시 수성구 지산동,경상사고,0,0,1,0,차대차 - 측면충돌,안전거리미확보,건조,맑음,단일로 - 기타,승용,남,53세,상해없음,이륜,남,20세,경상
2020062200100699,2020년 6월 22일 21시,월요일,대구광역시 서구 내당동,경상사고,0,0,1,0,차대차 - 기타,기타,건조,맑음,교차로 - 교차로부근,승용,남,53세,상해없음,이륜,남,38세,경상
2020062200100738,2020년 6월 22일 23시,월요일,대구광역시 북구 산격동,경상사고,0,0,1,0,차대차 - 측면충돌,안전운전불이행,건조,맑음,교차로 - 교차로부근,승용,남,54세,상해없음,승용,여,37세,경상
2020062200100739,2020년 6월 22일 23시,월요일,대구광역시 북구 대현동,중상사고,0,1,0,0,차대차 - 후진중충돌,안전운전불이행,건조,맑음,단일로 - 기타,화물,남,55세,상해없음,승용,여,56세,중상
2020062300100013,2020년 6월 23일 00시,화요일,대구광역시 달서구 상인동,중상사고,0,1,0,0,차대차 - 기타,기타,건조,맑음,교차로 - 교차로안,승용,남,70세,상해없음,승용,남,26세,상해없음
2020062300100021,2020년 6월 23일 01시,화요일,대구광역시 수성구 신매동,중상사고,0,1,0,1,차대차 - 추돌,기타,건조,맑음,단일로 - 기타,기타불명,기타불명,미분류,기타불명,승용,남,67세,중상
2020062300100022,2020년 6월 23일 01시,화요일,대구광역시 달서구 월암동,경상사고,0,0,2,0,차대차 - 추돌,안전운전불이행,건조,맑음,교차로 - 교차로부근,승용,남,31세,상해없음,승용,남,23세,경상
2020062300100093,2020년 6월 23일 07시,화요일,대구광역시 달서구 상인동,경상사고,0,0,1,0,차대차 - 측면충돌,안전운전불이행,건조,맑음,단일로 - 기타,승용,남,49세,상해없음,화물,남,34세,경상
2020062300100140,2020년 6월 23일 08시,화요일,대구광역시 북구 산격동,중상사고,0,1,0,0,차대차 - 측면충돌,안전운전불이행,건조,맑음,교차로 - 교차로부근,승용,여,51세,상해없음,자전거,남,72세,중상
2020062300100141,2020년 6월 23일 08시,화요일,대구광역시 북구 관음동,경상사고,0,0,1,0,차대차 - 기타,교차로운행방법위반,건조,맑음,교차로 - 교차로안,승용,남,51세,상해없음,자전거,남,11세,경상
2020062300100142,2020년 6월 23일 08시,화요일,대구광역시 북구 읍내동,경상사고,0,0,1,0,차대차 - 측면충돌,안전운전불이행,건조,맑음,단일로 - 기타,승합,남,72세,상해없음,승용,남,72세,경상
2020062300100185,2020년 6월 23일 09시,화요일,대구광역시 남구 봉덕동,경상사고,0,0,1,0,차대차 - 측면충돌,신호위반,건조,맑음,교차로 - 교차로안,승용,여,58세,상해없음,승용,남,59세,경상
2020062300100186,2020년 6월 23일 09시,화요일,대구광역시 달서구 상인동,경상사고,0,0,2,0,차대사람 - 기타,신호위반,건조,맑음,교차로 - 교차로횡단보도내,자전거,여,27세,경상,보행자,여,56세,경상
2020062300100187,2020년 6월 23일 09시,화요일,대구광역시 북구 복현동,경상사고,0,0,1,0,차량단독 - 공작물충돌,기타,건조,맑음,기타 - 기타,자전거,남,53세,경상,,,,
2020062300100224,2020년 6월 23일 10시,화요일,대구광역시 수성구 범어동,경상사고,0,0,1,0,차대차 - 추돌,안전운전불이행,건조,맑음,단일로 - 기타,승용,남,42세,상해없음,승용,남,46세,경상
2020062300100225,2020년 6월 23일 10시,화요일,대구광역시 서구 평리동,중상사고,0,1,0,0,차대사람 - 기타,안전운전불이행,건조,맑음,단일로 - 기타,이륜,남,82세,상해없음,보행자,여,84세,중상
2020062300100274,2020년 6월 23일 11시,화요일,대구광역시 동구 신서동,경상사고,0,0,3,0,차대차 - 추돌,안전운전불이행,건조,맑음,교차로 - 교차로안,승용,남,62세,경상,승용,남,67세,경상
2020062300100309,2020년 6월 23일 12시,화요일,대구광역시 서구 내당동,경상사고,0,0,3,0,차대차 - 기타,안전거리미확보,건조,맑음,단일로 - 기타,승용,남,66세,상해없음,승용,남,28세,경상
2020062300100326,2020년 6월 23일 13시,화요일,대구광역시 남구 대명동,경상사고,0,0,1,0,차대차 - 후진중충돌,안전운전불이행,건조,맑음,단일로 - 기타,화물,남,60세,상해없음,승용,여,34세,경상
2020062300100327,2020년 6월 23일 13시,화요일,대구광역시 동구 신천동,중상사고,0,1,0,0,차대차 - 측면충돌,신호위반,건조,맑음,교차로 - 교차로안,승용,남,59세,상해없음,자전거,여,63세,중상
2020062300100328,2020년 6월 23일 13시,화요일,대구광역시 달성군 화원읍,중상사고,0,1,0,0,차대차 - 기타,안전운전불이행,건조,맑음,교차로 - 교차로안,승용,여,53세,상해없음,원동기,남,29세,중상
2020062300100329,2020년 6월 23일 13시,화요일,대구광역시 북구 대현동,중상사고,0,3,3,0,차대차 - 추돌,안전운전불이행,건조,맑음,단일로 - 기타,승용,남,36세,상해없음,승용,남,60세,중상
2020062300100330,2020년 6월 23일 13시,화요일,대구광역시 중구 봉산동,경상사고,0,0,1,0,차대사람 - 기타,안전운전불이행,건조,맑음,단일로 - 기타,승용,남,72세,상해없음,보행자,여,24세,경상
2020062300100331,2020년 6월 23일 13시,화요일,대구광역시 중구 동인동3가,경상사고,0,0,1,0,차대차 - 기타,안전운전불이행,건조,맑음,교차로 - 교차로부근,건설기계,남,39세,상해없음,승용,남,30세,경상
2020062300100431,2020년 6월 23일 16시,화요일,대구광역시 북구 복현동,경상사고,0,0,1,0,차대차 - 측면충돌,안전운전불이행,건조,맑음,단일로 - 기타,자전거,남,29세,경상,승용,남,65세,상해없음
2020062300100432,2020년 6월 23일 16시,화요일,대구광역시 중구 덕산동,경상사고,0,0,1,0,차대차 - 추돌,안전운전불이행,건조,맑음,단일로 - 기타,승용,여,47세,상해없음,승용,남,42세,경상
2020062300100433,2020년 6월 23일 16시,화요일,대구광역시 북구 동천동,중상사고,0,1,0,0,차대차 - 측면충돌,신호위반,건조,맑음,교차로 - 교차로횡단보도내,이륜,남,24세,상해없음,자전거,여,59세,중상
2020062300100476,2020년 6월 23일 17시,화요일,대구광역시 서구 상리동,경상사고,0,0,1,0,차대차 - 기타,안전운전불이행,건조,맑음,단일로 - 기타,승용,남,40세,상해없음,승용,여,31세,경상
2020062300100480,2020년 6월 23일 17시,화요일,대구광역시 동구 서호동,경상사고,0,0,1,1,차대차 - 기타,안전운전불이행,건조,맑음,교차로 - 교차로안,승용,남,27세,부상신고,화물,남,61세,경상
2020062300100481,2020년 6월 23일 17시,화요일,대구광역시 동구 신암동,경상사고,0,0,1,0,차대차 - 측면충돌,직진우회전진행방해,건조,맑음,교차로 - 교차로부근,화물,남,77세,상해없음,승용,남,62세,경상
2020062300100482,2020년 6월 23일 17시,화요일,대구광역시 북구 침산동,경상사고,0,0,1,0,차대차 - 측면충돌,안전운전불이행,건조,맑음,단일로 - 기타,화물,남,38세,상해없음,자전거,여,57세,경상
2020062300100533,2020년 6월 23일 18시,화요일,대구광역시 수성구 지산동,경상사고,0,0,1,0,차대차 - 추돌,안전거리미확보,건조,맑음,단일로 - 기타,이륜,남,20세,상해없음,승용,남,66세,경상
2020062300100535,2020년 6월 23일 18시,화요일,대구광역시 달성군 화원읍,경상사고,0,0,1,0,차대차 - 기타,안전운전불이행,건조,맑음,교차로 - 교차로부근,승용,남,44세,상해없음,이륜,남,18세,경상
2020062300100536,2020년 6월 23일 18시,화요일,대구광역시 서구 내당동,부상신고사고,0,0,0,1,차대차 - 측면충돌,안전운전불이행,건조,맑음,교차로 - 교차로횡단보도내,개인형이동수단(PM),남,24세,부상신고,화물,남,64세,상해없음
2020062300100573,2020년 6월 23일 19시,화요일,대구광역시 동구 신암동,부상신고사고,0,0,0,1,차대차 - 측면충돌,안전운전불이행,건조,맑음,교차로 - 교차로안,자전거,남,21세,부상신고,승용,남,59세,상해없음
2020062300100574,2020년 6월 23일 19시,화요일,대구광역시 수성구 만촌동,경상사고,0,0,2,0,차대차 - 측면충돌,안전운전불이행,건조,맑음,교차로 - 교차로안,화물,남,57세,경상,승용,남,40세,경상
2020062300100575,2020년 6월 23일 19시,화요일,대구광역시 수성구 지산동,경상사고,0,0,1,0,차대사람 - 횡단중,안전운전불이행,건조,맑음,단일로 - 기타,승합,남,62세,상해없음,보행자,남,29세,경상
2020062300100576,2020년 6월 23일 19시,화요일,대구광역시 달서구 상인동,부상신고사고,0,0,0,1,차대차 - 측면충돌,안전거리미확보,건조,맑음,단일로 - 기타,이륜,남,52세,부상신고,승용,남,62세,상해없음
2020062300100577,2020년 6월 23일 19시,화요일,대구광역시 북구 검단동,경상사고,0,0,1,0,차대사람 - 횡단중,안전운전불이행,건조,맑음,단일로 - 기타,승용,남,53세,상해없음,보행자,남,16세,경상
2020062300100612,2020년 6월 23일 20시,화요일,대구광역시 북구 침산동,경상사고,0,0,1,0,차대사람 - 길가장자리구역통행중,안전운전불이행,건조,맑음,단일로 - 기타,승용,여,56세,상해없음,보행자,남,49세,경상
2020062300100613,2020년 6월 23일 20시,화요일,대구광역시 달서구 신당동,중상사고,0,1,0,0,차대사람 - 기타,안전운전불이행,건조,맑음,기타 - 기타,화물,남,54세,상해없음,보행자,남,44세,중상
2020062300100649,2020년 6월 23일 21시,화요일,대구광역시 북구 노원동1가,경상사고,0,0,1,0,차대차 - 측면충돌,안전운전불이행,건조,맑음,교차로 - 교차로안,승용,여,36세,상해없음,승용,남,73세,경상
2020062300100672,2020년 6월 23일 22시,화요일,대구광역시 동구 신천동,경상사고,0,0,2,0,차대차 - 측면충돌,안전운전불이행,건조,맑음,교차로 - 교차로부근,승용,남,19세,상해없음,화물,남,61세,경상
2020062300100693,2020년 6월 23일 23시,화요일,대구광역시 달성군 다사읍,사망사고,1,1,0,0,차대차 - 기타,신호위반,건조,기타,교차로 - 교차로안,이륜,남,15세,중상,승용,여,71세,상해없음
2020062400100008,2020년 6월 24일 00시,수요일,대구광역시 동구 불로동,중상사고,0,1,1,0,차대차 - 측면충돌,교차로운행방법위반,건조,맑음,교차로 - 교차로안,승용,남,58세,경상,승용,남,61세,중상
2020062400100009,2020년 6월 24일 00시,수요일,대구광역시 중구 공평동,중상사고,0,1,0,1,차대차 - 측면충돌,차로위반,건조,맑음,단일로 - 기타,승용,남,59세,상해없음,승용,남,44세,중상
2020062400100021,2020년 6월 24일 01시,수요일,대구광역시 동구 신기동,경상사고,0,0,2,0,차대차 - 추돌,안전운전불이행,건조,맑음,단일로 - 기타,승용,남,25세,상해없음,승용,남,39세,경상
2020062400100030,2020년 6월 24일 02시,수요일,대구광역시 수성구 황금동,경상사고,0,0,1,0,차대차 - 추돌,불법유턴,건조,맑음,교차로 - 교차로안,승용,남,59세,상해없음,승용,남,22세,경상
2020062400100040,2020년 6월 24일 04시,수요일,대구광역시 달서구 대천동,중상사고,0,1,0,0,차량단독 - 공작물충돌,안전운전불이행,건조,맑음,단일로 - 기타,이륜,남,29세,중상,,,,
2020062400100052,2020년 6월 24일 05시,수요일,대구광역시 동구 신천동,중상사고,0,1,0,0,차대차 - 측면충돌,교차로운행방법위반,건조,맑음,교차로 - 교차로안,승용,남,20세,상해없음,이륜,남,74세,중상
2020062400100061,2020년 6월 24일 06시,수요일,대구광역시 달성군 화원읍,사망사고,1,0,0,0,차대차 - 기타,신호위반,건조,맑음,교차로 - 교차로안,화물,남,57세,상해없음,이륜,남,56세,사망
2020062400100082,2020년 6월 24일 07시,수요일,대구광역시 남구 이천동,경상사고,0,0,3,1,차대차 - 기타,안전운전불이행,건조,맑음,단일로 - 기타,승용,여,26세,상해없음,승용,남,57세,경상
2020062400100083,2020년 6월 24일 07시,수요일,대구광역시 달서구 상인동,경상사고,0,0,1,0,차량단독 - 전도전복 - 전도,안전운전불이행,건조,흐림,단일로 - 기타,이륜,남,49세,경상,,,,
2020062400100084,2020년 6월 24일 07시,수요일,대구광역시 달성군 다사읍,경상사고,0,0,1,0,차대차 - 기타,안전운전불이행,건조,맑음,단일로 - 터널,승용,남,25세,상해없음,승용,여,51세,경상
2020062400100085,2020년 6월 24일 07시,수요일,대구광역시 중구 대봉동,부상신고사고,0,0,0,1,차대차 - 추돌,안전운전불이행,건조,맑음,교차로 - 교차로안,승용,여,26세,상해없음,승용,남,43세,부상신고
2020062400100124,2020년 6월 24일 08시,수요일,대구광역시 수성구 만촌동,경상사고,0,0,1,0,차대차 - 측면충돌,안전거리미확보,건조,맑음,단일로 - 기타,승용,여,25세,상해없음,승용,남,38세,경상
2020062400100125,2020년 6월 24일 08시,수요일,대구광역시 달서구 상인동,경상사고,0,0,1,0,차대차 - 측면충돌,신호위반,건조,맑음,교차로 - 교차로안,승용,여,51세,상해없음,승용,여,37세,경상
2020062400100126,2020년 6월 24일 08시,수요일,대구광역시 달서구 송현동,경상사고,0,0,1,0,차대사람 - 기타,보행자보호의무위반,건조,맑음,교차로 - 교차로횡단보도내,승용,남,37세,기타불명,보행자,남,51세,경상
2020062400100127,2020년 6월 24일 08시,수요일,대구광역시 달서구 본동,경상사고,0,0,5,0,차대차 - 측면충돌,교차로운행방법위반,건조,맑음,교차로 - 교차로안,승용,여,28세,상해없음,승합,남,69세,경상