사고번호,사고일시,요일,시군구,사고내용,사망자수,중상자수,경상자수,부상신고자수,사고유형,법규위반,노면상태,기상상태,도로형태,가해운전자 차종,가해운전자 성별,가해운전자 연령,가해운전자 상해정도,피해운전자 차종,피해운전자 성별,피해운전자 연령,피해운전자 상해정도
2020062400100174,2020년 6월 24일 10시,수요일,대구광역시 동구 신천동,경상사고,0,0,1,0,차대차 - 정면충돌,안전운전불이행,건조,흐림,단일로 - 기타,승용,남,61세,상해없음,이륜,남,26세,경상
2020062400100175,2020년 6월 24일 10시,수요일,대구광역시 수성구 범어동,경상사고,0,0,1,0,차대차 - 기타,안전거리미확보,건조,맑음,단일로 - 기타,승용,여,32세,상해없음,승합,남,41세,경상
2020062400100176,2020년 6월 24일 10시,수요일,대구광역시 달서구 송현동,중상사고,0,1,0,0,차대사람 - 기타,기타,건조,맑음,기타 - 기타,이륜,남,47세,상해없음,보행자,여,82세,중상
2020062400100177,2020년 6월 24일 10시,수요일,대구광역시 달성군 다사읍,경상사고,0,0,1,0,차대차 - 추돌,안전운전불이행,젖음/습기,비,교차로 - 교차로부근,승용,남,75세,상해없음,승용,여,34세,경상
2020062400100206,2020년 6월 24일 11시,수요일,대구광역시 중구 남산동,중상사고,0,1,0,0,차대차 - 측면충돌,안전운전불이행,젖음/습기,비,교차로 - 교차로안,화물,남,54세,상해없음,이륜,남,47세,중상
2020062400100270,2020년 6월 24일 13시,수요일,대구광역시 달서구 호산동,중상사고,0,1,0,0,차대차 - 측면충돌,신호위반,젖음/습기,비,교차로 - 교차로안,승용,여,59세,상해없음,승용,남,49세,중상
2020062400100313,2020년 6월 24일 14시,수요일,대구광역시 동구 신천동,경상사고,0,0,1,0,차대차 - 추돌,안전거리미확보,건조,맑음,단일로 - 기타,승용,남,32세,상해없음,화물,남,62세,경상
2020062400100314,2020년 6월 24일 14시,수요일,대구광역시 동구 신서동,경상사고,0,0,1,0,차대차 - 기타,차로위반,건조,맑음,교차로 - 교차로안,이륜,남,78세,상해없음,승합,남,55세,상해없음
2020062400100315,2020년 6월 24일 14시,수요일,대구광역시 달성군 다사읍,경상사고,0,0,1,0,차대차 - 후진중충돌,안전운전불이행,건조,맑음,단일로 - 기타,승용,남,51세,기타불명,화물,남,47세,경상
2020062400100316,2020년 6월 24일 14시,수요일,대구광역시 달서구 성당동,부상신고사고,0,0,0,1,차대사람 - 기타,기타,건조,흐림,교차로 - 교차로부근,이륜,남,32세,상해없음,보행자,남,39세,부상신고
2020062400100357,2020년 6월 24일 15시,수요일,대구광역시 북구 복현동,경상사고,0,0,1,0,차대차 - 측면충돌,안전거리미확보,건조,맑음,단일로 - 기타,승용,남,49세,상해없음,승합,남,48세,경상
2020062400100358,2020년 6월 24일 15시,수요일,대구광역시 북구 읍내동,경상사고,0,0,5,0,차대차 - 측면충돌,안전운전불이행,젖음/습기,비,기타 - 기타,승용,여,53세,경상,승용,남,40세,경상
2020062400100394,2020년 6월 24일 16시,수요일,대구광역시 동구 각산동,경상사고,0,0,1,0,차대차 - 측면충돌,중앙선침범,건조,맑음,기타 - 기타,승용,남,50세,상해없음,이륜,남,46세,경상
2020062400100395,2020년 6월 24일 16시,수요일,대구광역시 동구 방촌동,중상사고,0,1,0,0,차대차 - 기타,안전운전불이행,건조,맑음,기타 - 기타,자전거,남,79세,중상,이륜,남,17세,상해없음
2020062400100396,2020년 6월 24일 16시,수요일,대구광역시 동구 신천동,경상사고,0,0,1,1,차대차 - 기타,안전거리미확보,건조,맑음,단일로 - 기타,승용,남,81세,부상신고,승용,남,61세,경상
2020062400100397,2020년 6월 24일 16시,수요일,대구광역시 수성구 시지동,경상사고,0,0,2,0,차대차 - 측면충돌,안전운전불이행,건조,맑음,교차로 - 교차로부근,승용,남,21세,상해없음,승용,남,53세,경상
2020062400100436,2020년 6월 24일 17시,수요일,대구광역시 서구 비산동,부상신고사고,0,0,0,1,차대차 - 기타,안전운전불이행,건조,맑음,교차로 - 교차로안,이륜,남,47세,부상신고,승용,여,42세,상해없음
2020062400100437,2020년 6월 24일 17시,수요일,대구광역시 서구 이현동,경상사고,0,0,1,0,차대차 - 측면충돌,신호위반,건조,맑음,교차로 - 교차로부근,승용,여,47세,상해없음,승용,남,30세,경상
2020062400100483,2020년 6월 24일 18시,수요일,대구광역시 달서구 월성동,경상사고,0,0,1,0,차대차 - 기타,안전운전불이행,건조,맑음,단일로 - 기타,승용,여,51세,상해없음,이륜,남,51세,경상
2020062400100484,2020년 6월 24일 18시,수요일,대구광역시 북구 침산동,경상사고,0,0,1,1,차대차 - 측면충돌,신호위반,젖음/습기,비,단일로 - 기타,이륜,남,36세,부상신고,승용,남,62세,경상
2020062400100578,2020년 6월 24일 20시,수요일,대구광역시 동구 방촌동,경상사고,0,0,3,0,차대차 - 추돌,안전운전불이행,건조,맑음,단일로 - 기타,승용,남,57세,상해없음,승용,여,39세,경상
2020062400100579,2020년 6월 24일 20시,수요일,대구광역시 달서구 송현동,경상사고,0,0,1,0,차대차 - 측면충돌,기타,건조,맑음,단일로 - 기타,승용,여,54세,상해없음,이륜,남,23세,경상
2020062400100616,2020년 6월 24일 21시,수요일,대구광역시 수성구 만촌동,경상사고,0,0,1,0,차대차 - 추돌,안전운전불이행,건조,맑음,교차로 - 교차로부근,승용,여,46세,상해없음,승용,여,42세,경상
2020062400100617,2020년 6월 24일 21시,수요일,대구광역시 수성구 범어동,부상신고사고,0,0,0,1,차대차 - 측면충돌,안전운전불이행,젖음/습기,비,교차로 - 교차로안,이륜,남,35세,부상신고,승용,여,46세,상해없음
2020062400100618,2020년 6월 24일 21시,수요일,대구광역시 서구 이현동,경상사고,0,0,1,0,차대차 - 측면충돌,안전운전불이행,젖음/습기,비,교차로 - 교차로안,승용,남,54세,상해없음,화물,남,45세,상해없음
2020062400100619,2020년 6월 24일 21시,수요일,대구광역시 서구 평리동,경상사고,0,0,5,0,차대차 - 측면충돌,안전운전불이행,건조,흐림,단일로 - 기타,승용,여,37세,상해없음,승용,남,48세,경상
2020062400100620,2020년 6월 24일 21시,수요일,대구광역시 북구 국우동,경상사고,0,0,2,0,차대사람 - 횡단중,안전운전불이행,젖음/습기,흐림,교차로 - 교차로안,승용,여,43세,상해없음,보행자,남,57세,경상
2020062400100663,2020년 6월 24일 22시,수요일,대구광역시 북구 산격동,경상사고,0,0,1,0,차대차 - 기타,안전거리미확보,젖음/습기,맑음,단일로 - 기타,기타불명,기타불명,미분류,기타불명,승용,남,59세,상해없음
2020062500100032,2020년 6월 25일 00시,목요일,대구광역시 북구 대현동,경상사고,0,0,1,0,차대사람 - 횡단중,안전운전불이행,젖음/습기,비,단일로 - 기타,승용,남,31세,상해없음,보행자,여,53세,경상
2020062500100044,2020년 6월 25일 01시,목요일,대구광역시 수성구 범물동,경상사고,0,0,2,0,차대차 - 기타,안전운전불이행,젖음/습기,비,교차로 - 교차로안,승용,남,25세,상해없음,승용,남,25세,경상
2020062500100054,2020년 6월 25일 02시,목요일,대구광역시 수성구 두산동,경상사고,0,0,1,0,차대차 - 기타,안전운전불이행,젖음/습기,흐림,교차로 - 교차로안,기타불명,기타불명,미분류,기타불명,이륜,남,30세,경상
2020062500100107,2020년 6월 25일 07시,목요일,대구광역시 남구 대명동,경상사고,0,0,1,0,차대차 - 측면충돌,안전운전불이행,건조,맑음,교차로 - 교차로안,승용,여,56세,경상,승용,남,26세,상해없음
2020062500100108,2020년 6월 25일 07시,목요일,대구광역시 수성구 범어동,중상사고,0,1,1,0,차대차 - 측면충돌,안전거리미확보,건조,맑음,단일로 - 기타,승용,남,45세,중상,승용,남,34세,경상
2020062500100109,2020년 6월 25일 07시,목요일,대구광역시 달서구 상인동,경상사고,0,0,1,0,차대사람 - 차도통행중,안전운전불이행,건조,맑음,단일로 - 기타,승용,남,20세,상해없음,보행자,남,47세,경상
2020062500100110,2020년 6월 25일 07시,목요일,대구광역시 서구 비산동,중상사고,0,1,0,0,차량단독 - 공작물충돌,안전운전불이행,건조,맑음,단일로 - 기타,자전거,여,61세,중상,,,,
2020062500100149,2020년 6월 25일 08시,목요일,대구광역시 동구 효목동,중상사고,0,1,1,0,차대차 - 측면충돌,교차로운행방법위반,건조,맑음,교차로 - 교차로안,승용,남,56세,상해없음,승용,남,70세,중상
2020062500100169,2020년 6월 25일 09시,목요일,대구광역시 수성구 만촌동,경상사고,0,0,4,0,차대차 - 추돌,안전거리미확보,젖음/습기,비,단일로 - 기타,화물,남,31세,상해없음,승용,여,50세,경상
2020062500100170,2020년 6월 25일 09시,목요일,대구광역시 서구 비산동,중상사고,0,1,0,1,차대차 - 추돌,직진우회전진행방해,건조,맑음,교차로 - 교차로안,화물,남,64세,부상신고,이륜,남,34세,중상
2020062500100236,2020년 6월 25일 11시,목요일,대구광역시 동구 신암동,경상사고,0,0,1,0,차대차 - 측면충돌,안전운전불이행,건조,맑음,단일로 - 기타,승용,남,26세,상해없음,승용,남,46세,경상
2020062500100237,2020년 6월 25일 11시,목요일,대구광역시 달성군 다사읍,경상사고,0,0,1,0,차대사람 - 보도통행중,안전운전불이행,건조,맑음,기타 - 기타,화물,남,46세,상해없음,보행자,여,15세,경상
2020062500100285,2020년 6월 25일 13시,목요일,대구광역시 수성구 지산동,경상사고,0,0,1,0,차대차 - 측면충돌,안전운전불이행,젖음/습기,비,교차로 - 교차로안,이륜,남,28세,경상,승용,남,50세,상해없음
2020062500100286,2020년 6월 25일 13시,목요일,대구광역시 달서구 대곡동,경상사고,0,0,1,0,차대차 - 추돌,안전운전불이행,젖음/습기,비,교차로 - 교차로부근,승용,남,63세,상해없음,승용,남,59세,경상
2020062500100287,2020년 6월 25일 13시,목요일,대구광역시 달서구 이곡동,경상사고,0,0,1,0,차대사람 - 기타,안전운전불이행,건조,맑음,주차장 - 주차장,승용,여,40세,상해없음,보행자,남,72세,경상
2020062500100319,2020년 6월 25일 14시,목요일,대구광역시 동구 동호동,경상사고,0,0,3,0,차대차 - 측면충돌,안전운전불이행,건조,맑음,단일로 - 기타,승용,여,46세,경상,승용,남,39세,경상
2020062500100320,2020년 6월 25일 14시,목요일,대구광역시 서구 평리동,경상사고,0,0,1,0,차대차 - 기타,직진우회전진행방해,건조,맑음,교차로 - 교차로안,이륜,남,44세,경상,승합,남,25세,상해없음
2020062500100321,2020년 6월 25일 14시,목요일,대구광역시 달서구 이곡동,중상사고,0,1,1,0,차대차 - 기타,안전운전불이행,건조,맑음,교차로 - 교차로안,승용,여,34세,경상,승용,남,51세,중상
2020062500100355,2020년 6월 25일 15시,목요일,대구광역시 북구 읍내동,경상사고,0,0,1,0,차대차 - 측면충돌,안전운전불이행,건조,맑음,단일로 - 기타,승용,남,39세,상해없음,화물,남,59세,경상
2020062500100419,2020년 6월 25일 17시,목요일,대구광역시 수성구 범어동,경상사고,0,0,3,0,차대차 - 추돌,안전운전불이행,건조,맑음,교차로 - 교차로부근,화물,남,41세,상해없음,승용,남,30세,경상
2020062500100449,2020년 6월 25일 18시,목요일,대구광역시 수성구 범어동,경상사고,0,0,1,0,차대차 - 측면충돌,안전운전불이행,건조,맑음,단일로 - 기타,승용,여,47세,상해없음,승용,남,25세,경상
2020062500100450,2020년 6월 25일 18시,목요일,대구광역시 북구 동천동,경상사고,0,0,3,0,차대차 - 측면충돌,안전운전불이행,건조,맑음,교차로 - 교차로부근,승용,남,56세,경상,승용,남,50세,상해없음
2020062500100451,2020년 6월 25일 18시,목요일,대구광역시 북구 구암동,경상사고,0,0,1,0,차대차 - 정면충돌,교차로운행방법위반,건조,맑음,교차로 - 교차로안,승용,남,32세,상해없음,이륜,남,39세,경상
2020062500100484,2020년 6월 25일 19시,목요일,대구광역시 수성구 대흥동,경상사고,0,0,1,0,차대차 - 추돌,신호위반,젖음/습기,흐림,교차로 - 교차로안,승용,여,43세,상해없음,승용,남,73세,경상
2020062500100515,2020년 6월 25일 20시,목요일,대구광역시 북구 대현동,경상사고,0,0,1,0,차대차 - 측면충돌,신호위반,젖음/습기,흐림,교차로 - 교차로안,이륜,남,30세,경상,승용,남,28세,상해없음
2020062500100516,2020년 6월 25일 20시,목요일,대구광역시 달서구 이곡동,경상사고,0,0,1,0,차대사람 - 보도통행중,기타,건조,맑음,단일로 - 기타,이륜,남,27세,상해없음,보행자,여,11세,경상
2020062500100517,2020년 6월 25일 20시,목요일,대구광역시 달서구 이곡동,중상사고,0,1,0,0,차대차 - 기타,기타,젖음/습기,흐림,단일로 - 기타,승용,남,61세,상해없음,이륜,남,35세,중상
2020062500100559,2020년 6월 25일 21시,목요일,대구광역시 수성구 중동,경상사고,0,0,1,0,차대차 - 추돌,안전운전불이행,건조,맑음,단일로 - 기타,승용,여,55세,경상,승용,남,66세,기타불명
2020062500100597,2020년 6월 25일 22시,목요일,대구광역시 달성군 구지면,사망사고,1,0,0,0,차대차 - 추돌,안전거리미확보,건조,맑음,단일로 - 기타,승용,남,45세,사망,특수,남,46세,상해없음
2020062500100598,2020년 6월 25일 22시,목요일,대구광역시 달서구 용산동,중상사고,0,2,0,0,차대차 - 측면충돌,불법유턴,건조,맑음,교차로 - 교차로부근,이륜,남,22세,중상,승용,남,64세,중상
2020062500100618,2020년 6월 25일 23시,목요일,대구광역시 중구 동인동2가,경상사고,0,0,1,0,차대차 - 추돌,안전운전불이행,건조,흐림,교차로 - 교차로부근,승용,남,49세,상해없음,승용,남,24세,경상
2020062600100020,2020년 6월 26일 00시,금요일,대구광역시 달서구 두류동,경상사고,0,0,3,0,차대차 - 추돌,안전운전불이행,건조,맑음,교차로 - 교차로부근,승용,남,67세,경상,승용,여,60세,경상
2020062600100063,2020년 6월 26일 04시,금요일,대구광역시 달서구 호산동,경상사고,0,0,1,0,차대차 - 기타,신호위반,건조,맑음,교차로 - 교차로안,기타불명,기타불명,미분류,기타불명,승용,남,65세,상해없음
2020062600100147,2020년 6월 26일 08시,금요일,대구광역시 서구 평리동,경상사고,0,0,1,0,차대사람 - 기타,안전운전불이행,건조,맑음,교차로 - 교차로안,화물,남,59세,상해없음,보행자,남,53세,경상
2020062600100184,2020년 6월 26일 09시,금요일,대구광역시 수성구 파동,경상사고,0,0,1,0,차대사람 - 기타,보행자보호의무위반,건조,맑음,단일로 - 기타,승용,여,46세,상해없음,보행자,남,48세,경상
2020062600100204,2020년 6월 26일 10시,금요일,대구광역시 달서구 도원동,경상사고,0,0,1,0,차대차 - 측면충돌,기타,건조,맑음,단일로 - 기타,승용,여,72세,상해없음,자전거,남,75세,경상
2020062600100205,2020년 6월 26일 10시,금요일,대구광역시 서구 평리동,경상사고,0,0,1,0,차대차 - 측면충돌,안전운전불이행,건조,맑음,단일로 - 기타,승용,여,51세,상해없음,화물,남,46세,경상
2020062600100206,2020년 6월 26일 10시,금요일,대구광역시 중구 동인동4가,경상사고,0,0,1,0,차대차 - 추돌,안전거리미확보,건조,맑음,단일로 - 기타,승용,남,38세,상해없음,승용,남,24세,경상
2020062600100232,2020년 6월 26일 11시,금요일,대구광역시 남구 대명동,경상사고,0,0,1,0,차대차 - 측면충돌,차로위반,건조,맑음,단일로 - 기타,승용,남,82세,상해없음,승용,여,31세,경상
2020062600100263,2020년 6월 26일 12시,금요일,대구광역시 서구 중리동,경상사고,0,0,1,0,차대사람 - 길가장자리구역통행중,안전운전불이행,건조,맑음,단일로 - 기타,승용,남,57세,상해없음,보행자,여,58세,경상
2020062600100264,2020년 6월 26일 12시,금요일,대구광역시 달서구 두류동,경상사고,0,0,1,0,차대차 - 기타,안전거리미확보,건조,맑음,단일로 - 기타,승용,여,64세,상해없음,승용,남,54세,경상
2020062600100265,2020년 6월 26일 12시,금요일,대구광역시 북구 동천동,경상사고,0,0,2,0,차대차 - 측면충돌,안전거리미확보,건조,맑음,단일로 - 기타,승용,남,42세,상해없음,원동기,남,18세,경상
2020062600100339,2020년 6월 26일 14시,금요일,대구광역시 남구 대명동,중상사고,0,1,0,0,차대사람 - 기타,보행자보호의무위반,건조,맑음,단일로 - 기타,승용,여,36세,상해없음,보행자,여,44세,중상
2020062600100377,2020년 6월 26일 15시,금요일,대구광역시 동구 도동,중상사고,0,1,0,0,차대차 - 측면충돌,안전운전불이행,건조,맑음,단일로 - 기타,승용,여,61세,상해없음,화물,남,59세,상해없음
2020062600100380,2020년 6월 26일 15시,금요일,대구광역시 남구 대명동,중상사고,0,1,0,0,차대사람 - 보도통행중,기타,건조,맑음,기타 - 기타,이륜,남,77세,기타불명,보행자,남,49세,중상
2020062600100381,2020년 6월 26일 15시,금요일,대구광역시 수성구 수성동3가,경상사고,0,0,1,0,차대차 - 추돌,안전운전불이행,건조,맑음,단일로 - 기타,승용,여,45세,상해없음,승용,여,30세,경상
2020062600100382,2020년 6월 26일 15시,금요일,대구광역시 달성군 다사읍,경상사고,0,0,1,0,차대차 - 기타,안전운전불이행,건조,맑음,단일로 - 기타,승용,남,70세,기타불명,화물,남,62세,경상
2020062600100383,2020년 6월 26일 15시,금요일,대구광역시 북구 침산동,경상사고,0,0,1,0,차대차 - 추돌,안전운전불이행,건조,맑음,단일로 - 기타,승용,여,43세,상해없음,승용,남,42세,경상
2020062600100384,2020년 6월 26일 15시,금요일,대구광역시 중구 대신동,경상사고,0,0,1,0,차대차 - 측면충돌,기타,건조,맑음,단일로 - 기타,승용,남,77세,상해없음,이륜,남,54세,경상
2020062600100428,2020년 6월 26일 16시,금요일,대구광역시 남구 대명동,경상사고,0,0,1,0,차대차 - 측면충돌,안전운전불이행,건조,맑음,교차로 - 교차로안,승용,남,56세,상해없음,자전거,남,14세,경상
2020062600100429,2020년 6월 26일 16시,금요일,대구광역시 달서구 상인동,부상신고사고,0,0,0,1,차대차 - 기타,중앙선침범,건조,맑음,단일로 - 기타,이륜,남,22세,상해없음,승용,남,49세,부상신고
2020062600100430,2020년 6월 26일 16시,금요일,대구광역시 북구 복현동,중상사고,0,1,1,0,차대차 - 추돌,안전운전불이행,건조,맑음,단일로 - 고가도로위,승용,여,57세,상해없음,화물,남,57세,경상
2020062600100431,2020년 6월 26일 16시,금요일,대구광역시 북구 관음동,경상사고,0,0,1,0,차대차 - 기타,안전운전불이행,건조,맑음,교차로 - 교차로안,승용,여,55세,상해없음,이륜,남,28세,경상
2020062600100432,2020년 6월 26일 16시,금요일,대구광역시 북구 서변동,경상사고,0,0,1,0,차대차 - 측면충돌,안전거리미확보,건조,맑음,단일로 - 기타,기타불명,기타불명,미분류,기타불명,승용,여,74세,경상
2020062600100433,2020년 6월 26일 16시,금요일,대구광역시 북구 구암동,경상사고,0,0,1,0,차대차 - 측면충돌,안전거리미확보,건조,맑음,단일로 - 기타,승용,여,31세,상해없음,승용,여,32세,경상
2020062600100494,2020년 6월 26일 17시,금요일,대구광역시 남구 봉덕동,경상사고,0,0,1,0,차대차 - 측면충돌,안전거리미확보,건조,맑음,기타 - 기타,승용,남,76세,상해없음,승용,여,28세,경상
2020062600100495,2020년 6월 26일 17시,금요일,대구광역시 수성구 만촌동,경상사고,0,0,1,0,차대차 - 측면충돌,차로위반,건조,맑음,단일로 - 기타,승합,남,53세,상해없음,승용,여,47세,경상
2020062600100496,2020년 6월 26일 17시,금요일,대구광역시 달서구 장동,부상신고사고,0,0,0,4,차대차 - 측면충돌,안전거리미확보,건조,맑음,단일로 - 기타,화물,남,69세,상해없음,승용,남,20세,부상신고
2020062600100497,2020년 6월 26일 17시,금요일,대구광역시 달서구 신당동,경상사고,0,0,1,0,차대차 - 측면충돌,안전운전불이행,건조,맑음,단일로 - 기타,승용,남,47세,경상,승용,남,43세,상해없음
2020062600100498,2020년 6월 26일 17시,금요일,대구광역시 북구 읍내동,경상사고,0,0,5,0,차대차 - 측면충돌,안전거리미확보,건조,맑음,단일로 - 기타,승용,남,59세,상해없음,승용,남,47세,경상
2020062600100537,2020년 6월 26일 18시,금요일,대구광역시 서구 상리동,경상사고,0,0,1,0,차대차 - 측면충돌,안전운전불이행,건조,맑음,단일로 - 기타,승용,남,68세,상해없음,승용,남,26세,경상
2020062600100542,2020년 6월 26일 18시,금요일,대구광역시 남구 대명동,중상사고,0,1,0,0,차대차 - 측면충돌,교차로운행방법위반,건조,맑음,교차로 - 교차로안,승용,남,34세,상해없음,이륜,남,33세,중상
2020062600100543,2020년 6월 26일 18시,금요일,대구광역시 수성구 수성동2가,경상사고,0,0,1,0,차대차 - 추돌,안전운전불이행,건조,맑음,단일로 - 기타,승용,여,54세,상해없음,승용,남,59세,경상
2020062600100544,2020년 6월 26일 18시,금요일,대구광역시 북구 산격동,경상사고,0,0,1,0,차대차 - 측면충돌,안전운전불이행,건조,맑음,교차로 - 교차로안,이륜,남,25세,경상,승용,남,57세,상해없음
2020062600100545,2020년 6월 26일 18시,금요일,대구광역시 달서구 두류동,부상신고사고,0,0,0,1,차대차 - 측면충돌,차로위반,건조,맑음,교차로 - 교차로안,이륜,남,19세,부상신고,승용,남,47세,상해없음
2020062600100582,2020년 6월 26일 19시,금요일,대구광역시 수성구 범어동,중상사고,0,1,0,0,차대차 - 정면충돌,안전운전불이행,건조,맑음,단일로 - 기타,이륜,남,55세,상해없음,이륜,남,22세,중상
2020062600100583,2020년 6월 26일 19시,금요일,대구광역시 수성구 황금동,경상사고,0,0,2,0,차대차 - 측면충돌,신호위반,건조,맑음,단일로 - 기타,승용,남,57세,상해없음,승용,남,51세,경상
2020062600100584,2020년 6월 26일 19시,금요일,대구광역시 달서구 대천동,경상사고,0,0,1,0,차대차 - 기타,안전운전불이행,건조,맑음,교차로 - 교차로부근,이륜,남,23세,상해없음,승용,남,32세,경상
2020062600100585,2020년 6월 26일 19시,금요일,대구광역시 달서구 진천동,경상사고,0,0,1,0,차대차 - 측면충돌,중앙선침범,건조,맑음,단일로 - 기타,승용,여,33세,상해없음,이륜,남,25세,경상
2020062600100586,2020년 6월 26일 19시,금요일,대구광역시 달성군 논공읍,중상사고,0,1,1,0,차대차 - 기타,안전운전불이행,건조,맑음,기타 - 기타,자전거,남,49세,중상,자전거,남,49세,경상
2020062600100618,2020년 6월 26일 20시,금요일,대구광역시 수성구 만촌동,경상사고,0,0,1,0,차대차 - 측면충돌,안전운전불이행,건조,맑음,단일로 - 기타,승용,남,59세,상해없음,이륜,남,49세,경상
2020062600100619,2020년 6월 26일 20시,금요일,대구광역시 수성구 매호동,경상사고,0,0,1,0,차대사람 - 기타,안전운전불이행,건조,맑음,단일로 - 기타,이륜,남,25세,상해없음,보행자,남,10세,경상
2020062600100620,2020년 6월 26일 20시,금요일,대구광역시 서구 내당동,중상사고,0,2,1,0,차대차 - 기타,교차로운행방법위반,건조,맑음,교차로 - 교차로부근,화물,남,45세,중상,승용,여,47세,경상
2020062600100621,2020년 6월 26일 20시,금요일,대구광역시 북구 태전동,경상사고,0,0,1,0,차대차 - 측면충돌,안전운전불이행,건조,맑음,단일로 - 기타,승용,여,51세,상해없음,원동기,남,23세,경상
2020062600100691,2020년 6월 26일 22시,금요일,대구광역시 서구 비산동,중상사고,0,1,0,0,차대사람 - 기타,안전운전불이행,건조,맑음,교차로 - 교차로안,기타불명,기타불명,미분류,기타불명,보행자,여,54세,중상
2020062600100722,2020년 6월 26일 23시,금요일,대구광역시 수성구 황금동,경상사고,0,0,1,0,차대차 - 측면충돌,신호위반,건조,맑음,단일로 - 기타,승용,남,51세,상해없음,개인형이동수단(PM),남,24세,경상
2020062600100723,2020년 6월 26일 23시,금요일,대구광역시 달서구 이곡동,경상사고,0,0,2,0,차대차 - 측면충돌,신호위반,건조,맑음,교차로 - 교차로안,이륜,남,20세,경상,승용,남,53세,경상
2020062700100013,2020년 6월 27일 00시,토요일,대구광역시 달서구 상인동,경상사고,0,0,2,0,차대차 - 추돌,안전운전불이행,건조,맑음,단일로 - 기타,승용,남,39세,상해없음,승용,남,59세,경상
2020062700100014,2020년 6월 27일 00시,토요일,대구광역시 달서구 상인동,경상사고,0,0,1,0,차대차 - 측면충돌,교차로운행방법위반,건조,맑음,교차로 - 교차로안,승용,남,28세,상해없음,승용,여,28세,경상
2020062700100015,2020년 6월 27일 00시,토요일,대구광역시 서구 평리동,경상사고,0,0,1,1,차대차 - 측면충돌,교차로운행방법위반,건조,맑음,교차로 - 교차로안,승용,남,57세,부상신고,승용,남,52세,경상
2020062700100016,2020년 6월 27일 00시,토요일,대구광역시 서구 비산동,경상사고,0,0,2,0,차대차 - 측면충돌,안전거리미확보,건조,맑음,교차로 - 교차로부근,승용,남,68세,경상,승용,남,55세,경상
2020062700100017,2020년 6월 27일 00시,토요일,대구광역시 중구 삼덕동1가,중상사고,0,1,0,0,차대사람 - 기타,안전운전불이행,건조,맑음,단일로 - 기타,승용,여,19세,상해없음,보행자,남,25세,중상
2020062700100054,2020년 6월 27일 02시,토요일,대구광역시 남구 대명동,경상사고,0,0,1,0,차대차 - 측면충돌,안전운전불이행,건조,맑음,단일로 - 기타,승용,남,69세,상해없음,승용,남,37세,기타불명
2020062700100055,2020년 6월 27일 02시,토요일,대구광역시 달서구 신당동,중상사고,0,2,0,0,차대차 - 기타,신호위반,건조,맑음,교차로 - 교차로안,승용,남,40세,상해없음,승용,남,25세,중상
2020062700100098,2020년 6월 27일 06시,토요일,대구광역시 달성군 화원읍,경상사고,0,0,1,0,차대차 - 기타,교차로운행방법위반,건조,맑음,교차로 - 교차로안,승용,여,57세,상해없음,자전거,여,53세,경상
2020062700100099,2020년 6월 27일 06시,토요일,대구광역시 달서구 호산동,경상사고,0,0,1,1,차대차 - 추돌,안전운전불이행,건조,맑음,단일로 - 기타,승용,여,54세,경상,승용,남,60세,상해없음
2020062700100144,2020년 6월 27일 09시,토요일,대구광역시 북구 산격동,경상사고,0,0,3,0,차대차 - 측면충돌,안전운전불이행,건조,맑음,단일로 - 기타,승용,여,53세,경상,승용,남,55세,경상
2020062700100177,2020년 6월 27일 10시,토요일,대구광역시 동구 효목동,경상사고,0,0,2,0,차대차 - 측면충돌,차로위반,건조,맑음,단일로 - 기타,승용,남,43세,상해없음,승용,여,67세,경상
2020062700100178,2020년 6월 27일 10시,토요일,대구광역시 달서구 용산동,경상사고,0,0,4,0,차대차 - 측면충돌,안전운전불이행,건조,맑음,교차로 - 교차로안,승용,여,37세,상해없음,승용,남,47세,경상
2020062700100246,2020년 6월 27일 12시,토요일,대구광역시 수성구 지산동,중상사고,0,1,1,0,차대차 - 측면충돌,교차로운행방법위반,건조,맑음,교차로 - 교차로안,승용,여,28세,중상,승용,남,75세,경상
2020062700100247,2020년 6월 27일 12시,토요일,대구광역시 서구 비산동,경상사고,0,0,3,1,차대차 - 추돌,안전운전불이행,건조,맑음,단일로 - 기타,승용,여,46세,부상신고,화물,남,61세,경상
2020062700100284,2020년 6월 27일 13시,토요일,대구광역시 동구 신암동,부상신고사고,0,0,0,1,차대차 - 측면충돌,교차로운행방법위반,건조,맑음,교차로 - 교차로안,승용,남,35세,상해없음,승용,남,29세,부상신고
2020062700100285,2020년 6월 27일 13시,토요일,대구광역시 동구 율하동,경상사고,0,0,2,0,차대차 - 측면충돌,안전운전불이행,건조,맑음,단일로 - 기타,승용,남,38세,경상,승용,남,73세,경상
2020062700100286,2020년 6월 27일 13시,토요일,대구광역시 달성군 옥포읍,경상사고,0,0,3,0,차대차 - 기타,안전운전불이행,건조,맑음,교차로 - 교차로부근,승용,남,29세,기타불명,승용,여,43세,경상
2020062700100287,2020년 6월 27일 13시,토요일,대구광역시 달서구 장동,경상사고,0,0,6,0,차대차 - 추돌,안전운전불이행,건조,맑음,단일로 - 기타,화물,남,53세,상해없음,승용,남,39세,경상