사고번호,사고일시,요일,시군구,사고내용,사망자수,중상자수,경상자수,부상신고자수,사고유형,법규위반,노면상태,기상상태,도로형태,가해운전자 차종,가해운전자 성별,가해운전자 연령,가해운전자 상해정도,피해운전자 차종,피해운전자 성별,피해운전자 연령,피해운전자 상해정도
2020070100100118,2020년 7월 1일 08시,수요일,대구광역시 수성구 만촌동,중상사고,0,1,0,0,차대차 - 추돌,안전운전불이행,건조,맑음,단일로 - 기타,승합,남,49세,상해없음,승용,남,54세,중상
2020070100100119,2020년 7월 1일 08시,수요일,대구광역시 북구 산격동,경상사고,0,0,1,0,차대차 - 측면충돌,안전거리미확보,건조,맑음,교차로 - 교차로안,승용,여,39세,상해없음,승용,남,51세,경상
2020070100100120,2020년 7월 1일 08시,수요일,대구광역시 달서구 두류동,경상사고,0,0,1,0,차대차 - 측면충돌,교차로운행방법위반,건조,맑음,교차로 - 교차로안,화물,남,61세,상해없음,자전거,여,70세,경상
2020070100100161,2020년 7월 1일 09시,수요일,대구광역시 수성구 범어동,경상사고,0,0,3,0,차대차 - 기타,안전운전불이행,건조,맑음,교차로 - 교차로부근,승용,여,35세,상해없음,승합,남,59세,상해없음
2020070100100162,2020년 7월 1일 09시,수요일,대구광역시 달서구 월성동,경상사고,0,0,1,0,차대차 - 측면충돌,교차로운행방법위반,건조,맑음,교차로 - 교차로안,승용,남,53세,상해없음,승용,여,53세,경상
2020070100100218,2020년 7월 1일 11시,수요일,대구광역시 중구 봉산동,경상사고,0,0,1,0,차대차 - 기타,안전거리미확보,건조,맑음,교차로 - 교차로부근,승용,여,50세,상해없음,승용,남,38세,경상
2020070100100272,2020년 7월 1일 13시,수요일,대구광역시 달서구 유천동,경상사고,0,0,1,0,차대차 - 기타,기타,건조,맑음,교차로 - 교차로횡단보도내,승용,남,61세,상해없음,자전거,남,8세,경상
2020070100100300,2020년 7월 1일 14시,수요일,대구광역시 달성군 구지면,경상사고,0,0,2,0,차대차 - 추돌,안전운전불이행,건조,맑음,단일로 - 기타,승용,남,41세,상해없음,승용,여,35세,경상
2020070100100301,2020년 7월 1일 14시,수요일,대구광역시 서구 평리동,경상사고,0,0,1,0,차대사람 - 차도통행중,안전운전불이행,건조,맑음,단일로 - 기타,승용,남,61세,상해없음,보행자,남,20세,경상
2020070100100326,2020년 7월 1일 15시,수요일,대구광역시 달성군 옥포읍,중상사고,0,1,0,0,차대사람 - 기타,기타,건조,맑음,교차로 - 교차로부근,승합,남,59세,상해없음,보행자,여,58세,중상
2020070100100327,2020년 7월 1일 15시,수요일,대구광역시 북구 산격동,경상사고,0,0,1,0,차대차 - 추돌,안전운전불이행,건조,맑음,단일로 - 교량,승용,남,34세,상해없음,승용,여,40세,경상
2020070100100359,2020년 7월 1일 16시,수요일,대구광역시 수성구 신매동,경상사고,0,0,1,0,차대사람 - 횡단중,안전운전불이행,건조,맑음,단일로 - 기타,승용,남,63세,상해없음,보행자,여,48세,경상
2020070100100391,2020년 7월 1일 17시,수요일,대구광역시 동구 각산동,경상사고,0,0,1,0,차대차 - 추돌,안전운전불이행,건조,맑음,단일로 - 기타,화물,남,62세,상해없음,승용,여,44세,경상
2020070100100392,2020년 7월 1일 17시,수요일,대구광역시 달서구 상인동,경상사고,0,0,1,0,차대사람 - 길가장자리구역통행중,안전운전불이행,건조,맑음,단일로 - 기타,승용,남,73세,상해없음,보행자,여,26세,경상
2020070100100393,2020년 7월 1일 17시,수요일,대구광역시 서구 비산동,부상신고사고,0,0,0,1,차대사람 - 기타,안전운전불이행,건조,맑음,단일로 - 기타,화물,남,49세,기타불명,보행자,남,51세,부상신고
2020070100100444,2020년 7월 1일 18시,수요일,대구광역시 남구 대명동,부상신고사고,0,0,0,1,차대사람 - 보도통행중,기타,건조,맑음,단일로 - 기타,이륜,남,32세,상해없음,보행자,여,57세,부상신고
2020070100100445,2020년 7월 1일 18시,수요일,대구광역시 동구 용계동,경상사고,0,0,1,0,차대차 - 기타,안전거리미확보,건조,맑음,단일로 - 기타,승용,남,68세,상해없음,승합,남,56세,상해없음
2020070100100446,2020년 7월 1일 18시,수요일,대구광역시 북구 침산동,중상사고,0,1,0,0,차대차 - 기타,안전운전불이행,건조,맑음,단일로 - 기타,원동기,남,16세,상해없음,자전거,남,56세,중상
2020070100100447,2020년 7월 1일 18시,수요일,대구광역시 북구 칠성동1가,중상사고,0,1,0,0,차대사람 - 기타,안전운전불이행,건조,맑음,기타 - 기타,자전거,남,64세,상해없음,보행자,여,70세,중상
2020070100100448,2020년 7월 1일 18시,수요일,대구광역시 달서구 본리동,중상사고,0,1,0,0,차대차 - 측면충돌,안전운전불이행,건조,맑음,교차로 - 교차로횡단보도내,승용,여,60세,상해없음,자전거,남,10세,중상
2020070100100481,2020년 7월 1일 19시,수요일,대구광역시 달서구 송현동,경상사고,0,0,1,0,차대차 - 측면충돌,안전운전불이행,건조,맑음,단일로 - 기타,승용,여,37세,상해없음,화물,여,63세,경상
2020070100100508,2020년 7월 1일 20시,수요일,대구광역시 서구 내당동,경상사고,0,0,1,0,차대차 - 측면충돌,안전거리미확보,건조,맑음,교차로 - 교차로부근,승용,남,59세,상해없음,이륜,남,31세,경상
2020070100100548,2020년 7월 1일 21시,수요일,대구광역시 수성구 만촌동,경상사고,0,0,1,0,차대차 - 측면충돌,안전운전불이행,건조,맑음,교차로 - 교차로부근,승용,여,48세,상해없음,승용,남,27세,경상
2020070100100549,2020년 7월 1일 21시,수요일,대구광역시 달서구 진천동,경상사고,0,0,1,0,차대차 - 기타,안전운전불이행,건조,맑음,단일로 - 기타,승용,여,25세,상해없음,이륜,남,28세,경상
2020070100100567,2020년 7월 1일 22시,수요일,대구광역시 달성군 현풍읍,경상사고,0,0,1,0,차대차 - 기타,안전운전불이행,건조,맑음,단일로 - 기타,승용,여,63세,상해없음,이륜,남,34세,경상
2020070100100577,2020년 7월 1일 23시,수요일,대구광역시 달서구 송현동,중상사고,0,1,0,0,차대사람 - 횡단중,안전운전불이행,건조,맑음,교차로 - 교차로안,승용,여,50세,상해없음,보행자,남,57세,중상
2020070100100578,2020년 7월 1일 23시,수요일,대구광역시 북구 고성동3가,경상사고,0,0,1,0,차대차 - 정면충돌,신호위반,건조,맑음,단일로 - 기타,승용,남,43세,상해없음,이륜,남,47세,경상
2020070200100014,2020년 7월 2일 00시,목요일,대구광역시 동구 용계동,중상사고,0,1,1,0,차대차 - 측면충돌,과속,건조,맑음,교차로 - 교차로안,승용,남,22세,중상,승용,남,34세,경상
2020070200100015,2020년 7월 2일 00시,목요일,대구광역시 중구 동인동2가,경상사고,0,0,1,0,차대사람 - 기타,안전운전불이행,건조,맑음,단일로 - 기타,승용,남,61세,상해없음,보행자,남,37세,경상
2020070200100025,2020년 7월 2일 02시,목요일,대구광역시 수성구 수성동1가,중상사고,0,1,1,0,차대차 - 측면충돌,신호위반,건조,맑음,교차로 - 교차로안,이륜,남,38세,중상,화물,남,52세,경상
2020070200100081,2020년 7월 2일 07시,목요일,대구광역시 수성구 욱수동,경상사고,0,0,2,0,차대차 - 기타,안전거리미확보,건조,맑음,단일로 - 기타,승용,남,36세,경상,승용,여,36세,경상
2020070200100114,2020년 7월 2일 08시,목요일,대구광역시 서구 상리동,경상사고,0,0,1,0,차대차 - 기타,안전운전불이행,건조,맑음,단일로 - 기타,특수,남,52세,상해없음,승용,여,36세,경상
2020070200100118,2020년 7월 2일 08시,목요일,대구광역시 수성구 만촌동,중상사고,0,1,0,0,차대차 - 측면충돌,신호위반,건조,맑음,교차로 - 교차로안,승용,여,46세,상해없음,승용,여,57세,중상
2020070200100119,2020년 7월 2일 08시,목요일,대구광역시 수성구 두산동,경상사고,0,0,1,0,차대차 - 측면충돌,안전운전불이행,건조,맑음,단일로 - 기타,화물,남,71세,상해없음,화물,남,52세,경상
2020070200100120,2020년 7월 2일 08시,목요일,대구광역시 수성구 범어동,중상사고,0,1,2,0,차대차 - 측면충돌,안전운전불이행,건조,맑음,단일로 - 기타,승용,여,28세,경상,승용,남,59세,중상
2020070200100121,2020년 7월 2일 08시,목요일,대구광역시 달서구 본동,중상사고,0,1,1,0,차대차 - 기타,교차로운행방법위반,건조,맑음,교차로 - 교차로안,승용,여,49세,경상,이륜,남,59세,중상
2020070200100122,2020년 7월 2일 08시,목요일,대구광역시 달서구 진천동,부상신고사고,0,0,0,1,차대차 - 기타,안전거리미확보,건조,맑음,단일로 - 기타,승용,남,44세,상해없음,승합,남,58세,상해없음
2020070200100123,2020년 7월 2일 08시,목요일,대구광역시 서구 비산동,경상사고,0,0,2,0,차대차 - 추돌,안전운전불이행,건조,맑음,단일로 - 기타,화물,남,50세,기타불명,승용,남,30세,경상
2020070200100152,2020년 7월 2일 09시,목요일,대구광역시 동구 각산동,중상사고,0,1,1,0,차대차 - 정면충돌,신호위반,건조,맑음,교차로 - 교차로안,승용,남,62세,경상,이륜,남,27세,중상
2020070200100153,2020년 7월 2일 09시,목요일,대구광역시 수성구 만촌동,경상사고,0,0,1,0,차대차 - 기타,안전운전불이행,건조,맑음,단일로 - 기타,승용,여,39세,상해없음,원동기,남,60세,경상
2020070200100154,2020년 7월 2일 09시,목요일,대구광역시 달서구 월성동,경상사고,0,0,1,0,차대사람 - 기타,보행자보호의무위반,건조,맑음,단일로 - 기타,승용,남,58세,상해없음,보행자,남,40세,경상
2020070200100155,2020년 7월 2일 09시,목요일,대구광역시 북구 노원동3가,경상사고,0,0,1,0,차대차 - 측면충돌,직진우회전진행방해,건조,맑음,교차로 - 교차로안,이륜,여,48세,경상,승용,남,70세,상해없음
2020070200100156,2020년 7월 2일 09시,목요일,대구광역시 달서구 감삼동,중상사고,0,1,0,0,차대차 - 추돌,안전운전불이행,건조,맑음,교차로 - 교차로부근,승용,여,48세,상해없음,이륜,남,40세,중상
2020070200100188,2020년 7월 2일 10시,목요일,대구광역시 동구 효목동,경상사고,0,0,1,0,차대차 - 기타,신호위반,건조,맑음,단일로 - 기타,이륜,남,23세,경상,승용,여,53세,상해없음
2020070200100219,2020년 7월 2일 11시,목요일,대구광역시 동구 각산동,경상사고,0,0,1,0,차대차 - 기타,안전운전불이행,건조,맑음,단일로 - 기타,승용,여,67세,상해없음,승용,남,67세,경상
2020070200100220,2020년 7월 2일 11시,목요일,대구광역시 수성구 지산동,중상사고,0,1,0,0,차대차 - 추돌,신호위반,건조,맑음,교차로 - 교차로횡단보도내,승용,남,68세,상해없음,자전거,남,75세,중상
2020070200100247,2020년 7월 2일 12시,목요일,대구광역시 동구 검사동,경상사고,0,0,1,0,차대차 - 측면충돌,안전운전불이행,건조,맑음,단일로 - 기타,화물,남,72세,상해없음,자전거,남,32세,경상
2020070200100248,2020년 7월 2일 12시,목요일,대구광역시 달서구 진천동,중상사고,0,1,0,0,차대차 - 측면충돌,안전운전불이행,건조,맑음,단일로 - 기타,승용,여,35세,상해없음,자전거,남,69세,중상
2020070200100249,2020년 7월 2일 12시,목요일,대구광역시 달서구 이곡동,중상사고,0,1,0,0,차대차 - 기타,기타,건조,맑음,단일로 - 기타,승용,여,59세,상해없음,이륜,남,49세,중상
2020070200100284,2020년 7월 2일 13시,목요일,대구광역시 남구 봉덕동,경상사고,0,0,1,0,차대차 - 기타,안전운전불이행,건조,맑음,단일로 - 기타,자전거,남,62세,경상,승용,남,44세,상해없음
2020070200100285,2020년 7월 2일 13시,목요일,대구광역시 중구 남산동,부상신고사고,0,0,0,1,차대차 - 측면충돌,기타,건조,맑음,단일로 - 기타,승용,남,58세,상해없음,이륜,남,25세,부상신고
2020070200100286,2020년 7월 2일 13시,목요일,대구광역시 중구 남산동,중상사고,0,2,3,0,차대차 - 측면충돌,안전운전불이행,건조,맑음,단일로 - 기타,건설기계,남,58세,상해없음,승합,남,47세,경상
2020070200100287,2020년 7월 2일 13시,목요일,대구광역시 북구 사수동,부상신고사고,0,0,0,1,차대차 - 측면충돌,안전운전불이행,건조,맑음,교차로 - 교차로안,기타불명,기타불명,미분류,기타불명,기타불명,남,46세,부상신고
2020070200100322,2020년 7월 2일 14시,목요일,대구광역시 달서구 이곡동,경상사고,0,0,1,0,차대사람 - 횡단중,안전운전불이행,건조,맑음,교차로 - 교차로부근,화물,남,46세,상해없음,보행자,여,34세,경상
2020070200100396,2020년 7월 2일 16시,목요일,대구광역시 남구 대명동,경상사고,0,0,2,0,차대차 - 후진중충돌,안전운전불이행,건조,맑음,단일로 - 기타,승용,남,23세,상해없음,승용,남,49세,경상
2020070200100397,2020년 7월 2일 16시,목요일,대구광역시 동구 동호동,중상사고,0,1,0,0,차대차 - 기타,안전운전불이행,건조,맑음,기타 - 기타,승용,남,44세,상해없음,자전거,남,60세,중상
2020070200100398,2020년 7월 2일 16시,목요일,대구광역시 달서구 유천동,부상신고사고,0,0,0,1,차대차 - 정면충돌,안전운전불이행,건조,맑음,단일로 - 기타,원동기,남,19세,부상신고,승용,여,44세,상해없음
2020070200100399,2020년 7월 2일 16시,목요일,대구광역시 서구 비산동,중상사고,0,1,0,0,차대차 - 기타,안전운전불이행,건조,흐림,단일로 - 기타,승용,여,40세,상해없음,자전거,남,69세,중상
2020070200100436,2020년 7월 2일 17시,목요일,대구광역시 남구 대명동,중상사고,0,2,0,0,차대차 - 측면충돌,안전거리미확보,건조,맑음,교차로 - 교차로부근,승용,남,63세,상해없음,승용,남,28세,중상
2020070200100437,2020년 7월 2일 17시,목요일,대구광역시 서구 비산동,경상사고,0,0,1,0,차대차 - 측면충돌,교차로운행방법위반,건조,맑음,교차로 - 교차로안,화물,남,43세,상해없음,승용,여,62세,경상
2020070200100438,2020년 7월 2일 17시,목요일,대구광역시 달서구 이곡동,중상사고,0,1,1,0,차대차 - 측면충돌,안전거리미확보,건조,맑음,단일로 - 기타,승용,남,34세,상해없음,이륜,남,20세,경상
2020070200100439,2020년 7월 2일 17시,목요일,대구광역시 북구 국우동,중상사고,0,1,0,0,차대차 - 측면충돌,안전운전불이행,건조,흐림,교차로 - 교차로안,승용,여,65세,상해없음,자전거,남,67세,중상
2020070200100484,2020년 7월 2일 18시,목요일,대구광역시 달서구 용산동,경상사고,0,0,1,0,차대차 - 기타,안전운전불이행,건조,맑음,교차로 - 교차로안,승용,남,71세,상해없음,승용,남,40세,경상
2020070200100485,2020년 7월 2일 18시,목요일,대구광역시 달서구 성당동,중상사고,0,1,0,0,차대차 - 측면충돌,신호위반,건조,맑음,교차로 - 교차로안,승용,남,33세,상해없음,이륜,남,62세,중상
2020070200100486,2020년 7월 2일 18시,목요일,대구광역시 북구 읍내동,경상사고,0,0,2,0,차대차 - 후진중충돌,안전운전불이행,건조,맑음,단일로 - 기타,승용,여,60세,상해없음,승합,남,65세,경상
2020070200100517,2020년 7월 2일 19시,목요일,대구광역시 동구 방촌동,부상신고사고,0,0,0,1,차대차 - 추돌,안전운전불이행,건조,맑음,단일로 - 기타,자전거,남,33세,부상신고,승용,여,56세,상해없음
2020070200100518,2020년 7월 2일 19시,목요일,대구광역시 서구 평리동,경상사고,0,0,1,0,차대차 - 측면충돌,직진우회전진행방해,건조,맑음,교차로 - 교차로안,이륜,남,57세,상해없음,이륜,남,41세,경상
2020070200100541,2020년 7월 2일 20시,목요일,대구광역시 달서구 이곡동,중상사고,0,1,0,0,차대사람 - 기타,안전운전불이행,건조,맑음,단일로 - 기타,이륜,남,30세,기타불명,보행자,여,65세,중상
2020070200100569,2020년 7월 2일 21시,목요일,대구광역시 남구 대명동,부상신고사고,0,0,0,1,차대사람 - 차도통행중,안전운전불이행,건조,맑음,단일로 - 기타,기타불명,기타불명,미분류,기타불명,보행자,여,56세,부상신고
2020070200100570,2020년 7월 2일 21시,목요일,대구광역시 북구 읍내동,경상사고,0,0,4,0,차대차 - 추돌,안전운전불이행,건조,맑음,단일로 - 기타,이륜,남,56세,상해없음,승용,남,21세,경상
2020070300100025,2020년 7월 3일 01시,금요일,대구광역시 동구 대림동,경상사고,0,0,2,0,차대차 - 추돌,안전운전불이행,건조,맑음,교차로 - 교차로부근,승용,여,60세,상해없음,승용,남,60세,경상
2020070300100047,2020년 7월 3일 03시,금요일,대구광역시 수성구 수성동4가,경상사고,0,0,1,0,차대차 - 기타,불법유턴,건조,맑음,단일로 - 기타,승용,남,33세,상해없음,승용,남,47세,경상
2020070300100130,2020년 7월 3일 08시,금요일,대구광역시 동구 율하동,경상사고,0,0,1,0,차대차 - 추돌,안전거리미확보,건조,맑음,단일로 - 기타,승용,남,46세,상해없음,승용,여,59세,경상
2020070300100131,2020년 7월 3일 08시,금요일,대구광역시 수성구 연호동,경상사고,0,0,1,0,차대차 - 기타,안전운전불이행,건조,맑음,단일로 - 기타,승용,남,58세,상해없음,승용,남,42세,경상
2020070300100132,2020년 7월 3일 08시,금요일,대구광역시 수성구 상동,경상사고,0,0,1,0,차대사람 - 기타,안전운전불이행,건조,맑음,교차로 - 교차로부근,화물,남,53세,상해없음,보행자,여,24세,경상
2020070300100133,2020년 7월 3일 08시,금요일,대구광역시 수성구 만촌동,경상사고,0,0,1,0,차대차 - 측면충돌,안전거리미확보,건조,맑음,단일로 - 기타,승용,남,54세,상해없음,승용,여,74세,경상
2020070300100134,2020년 7월 3일 08시,금요일,대구광역시 중구 계산동2가,경상사고,0,0,2,0,차대차 - 추돌,안전운전불이행,건조,맑음,단일로 - 기타,화물,남,62세,상해없음,승합,남,37세,경상
2020070300100165,2020년 7월 3일 09시,금요일,대구광역시 동구 검사동,경상사고,0,0,1,0,차대차 - 측면충돌,안전거리미확보,건조,맑음,단일로 - 기타,자전거,남,25세,상해없음,자전거,여,59세,경상
2020070300100166,2020년 7월 3일 09시,금요일,대구광역시 북구 침산동,경상사고,0,0,1,0,차대사람 - 기타,안전운전불이행,건조,맑음,단일로 - 기타,승합,남,52세,상해없음,보행자,남,67세,경상
2020070300100198,2020년 7월 3일 10시,금요일,대구광역시 중구 동인동3가,중상사고,0,1,0,0,차대사람 - 기타,보행자보호의무위반,건조,맑음,단일로 - 기타,자전거,남,25세,상해없음,보행자,여,76세,중상
2020070300100230,2020년 7월 3일 11시,금요일,대구광역시 달성군 다사읍,경상사고,0,0,1,0,차대차 - 추돌,안전운전불이행,건조,맑음,단일로 - 기타,승용,남,46세,상해없음,승용,남,31세,경상
2020070300100257,2020년 7월 3일 12시,금요일,대구광역시 북구 침산동,경상사고,0,0,1,0,차대사람 - 기타,보행자보호의무위반,건조,맑음,교차로 - 교차로안,화물,남,57세,상해없음,보행자,남,57세,경상
2020070300100258,2020년 7월 3일 12시,금요일,대구광역시 북구 대현동,부상신고사고,0,0,0,1,차대차 - 측면충돌,안전운전불이행,건조,맑음,기타 - 기타,승용,남,23세,상해없음,승용,남,28세,부상신고
2020070300100286,2020년 7월 3일 13시,금요일,대구광역시 남구 대명동,경상사고,0,0,1,0,차대차 - 기타,안전운전불이행,젖음/습기,비,교차로 - 교차로안,승용,남,72세,기타불명,이륜,남,19세,경상
2020070300100287,2020년 7월 3일 13시,금요일,대구광역시 북구 태전동,경상사고,0,0,1,0,차대차 - 측면충돌,직진우회전진행방해,건조,맑음,교차로 - 교차로안,승용,여,72세,상해없음,원동기,남,48세,경상
2020070300100322,2020년 7월 3일 14시,금요일,대구광역시 중구 남산동,경상사고,0,0,1,0,차대사람 - 길가장자리구역통행중,안전운전불이행,건조,맑음,단일로 - 기타,원동기,남,81세,상해없음,보행자,여,36세,경상
2020070300100393,2020년 7월 3일 16시,금요일,대구광역시 동구 입석동,경상사고,0,0,1,0,차대차 - 측면충돌,중앙선침범,건조,맑음,교차로 - 교차로부근,승용,남,67세,상해없음,승용,남,36세,경상
2020070300100394,2020년 7월 3일 16시,금요일,대구광역시 동구 방촌동,중상사고,0,1,0,0,차대차 - 측면충돌,신호위반,건조,맑음,교차로 - 교차로부근,승용,여,46세,상해없음,승용,남,54세,중상
2020070300100395,2020년 7월 3일 16시,금요일,대구광역시 수성구 매호동,경상사고,0,0,2,0,차대차 - 측면충돌,안전운전불이행,건조,맑음,교차로 - 교차로부근,승용,남,66세,상해없음,화물,남,30세,경상
2020070300100396,2020년 7월 3일 16시,금요일,대구광역시 중구 공평동,경상사고,0,0,1,0,차대사람 - 횡단중,안전운전불이행,건조,맑음,단일로 - 기타,승용,여,26세,상해없음,보행자,여,28세,경상
2020070300100455,2020년 7월 3일 17시,금요일,대구광역시 동구 신천동,중상사고,0,2,3,1,차대차 - 기타,신호위반,건조,맑음,교차로 - 교차로안,승용,남,65세,부상신고,승용,남,24세,경상
2020070300100456,2020년 7월 3일 17시,금요일,대구광역시 달서구 상인동,경상사고,0,0,4,0,차대차 - 측면충돌,교차로운행방법위반,건조,맑음,교차로 - 교차로안,승용,여,35세,경상,승용,남,34세,경상
2020070300100457,2020년 7월 3일 17시,금요일,대구광역시 달성군 화원읍,중상사고,0,1,0,0,차대차 - 기타,안전운전불이행,젖음/습기,비,단일로 - 기타,원동기,남,37세,중상,화물,남,38세,상해없음
2020070300100458,2020년 7월 3일 17시,금요일,대구광역시 서구 평리동,경상사고,0,0,4,0,차대차 - 측면충돌,안전거리미확보,건조,맑음,단일로 - 기타,승용,남,56세,상해없음,승용,남,52세,경상
2020070300100500,2020년 7월 3일 18시,금요일,대구광역시 달서구 진천동,경상사고,0,0,1,0,차대차 - 기타,교차로운행방법위반,건조,맑음,교차로 - 교차로안,승용,여,53세,상해없음,이륜,남,25세,경상
2020070300100501,2020년 7월 3일 18시,금요일,대구광역시 서구 내당동,경상사고,0,0,1,1,차대차 - 정면충돌,안전거리미확보,건조,맑음,교차로 - 교차로부근,이륜,남,19세,부상신고,승용,남,46세,경상
2020070300100529,2020년 7월 3일 19시,금요일,대구광역시 달서구 상인동,경상사고,0,0,2,1,차대차 - 측면충돌,안전거리미확보,젖음/습기,비,교차로 - 교차로부근,승용,여,63세,부상신고,승용,남,45세,경상
2020070300100530,2020년 7월 3일 19시,금요일,대구광역시 북구 태전동,중상사고,0,1,0,0,차대차 - 측면충돌,안전운전불이행,건조,맑음,교차로 - 교차로부근,이륜,남,39세,중상,승용,여,44세,상해없음
2020070300100569,2020년 7월 3일 20시,금요일,대구광역시 수성구 매호동,경상사고,0,0,1,0,차대사람 - 차도통행중,안전운전불이행,젖음/습기,비,기타 - 기타,승용,남,49세,상해없음,보행자,여,74세,경상
2020070300100570,2020년 7월 3일 20시,금요일,대구광역시 수성구 수성동3가,경상사고,0,0,3,0,차대차 - 기타,안전운전불이행,젖음/습기,비,교차로 - 교차로안,승용,남,81세,상해없음,승용,여,51세,경상
2020070300100571,2020년 7월 3일 20시,금요일,대구광역시 달성군 하빈면,경상사고,0,0,4,0,차대차 - 추돌,안전운전불이행,젖음/습기,비,교차로 - 교차로부근,화물,남,65세,상해없음,승용,여,62세,경상
2020070300100572,2020년 7월 3일 20시,금요일,대구광역시 중구 태평로1가,중상사고,0,1,0,0,차대사람 - 기타,안전운전불이행,젖음/습기,비,단일로 - 지하차도(도로)내,승용,남,67세,상해없음,보행자,남,61세,중상
2020070300100573,2020년 7월 3일 20시,금요일,대구광역시 북구 매천동,경상사고,0,0,3,0,차대차 - 측면충돌,안전운전불이행,젖음/습기,비,단일로 - 기타,승용,남,49세,경상,승용,여,56세,경상
2020070300100610,2020년 7월 3일 21시,금요일,대구광역시 수성구 만촌동,중상사고,0,1,0,0,차대차 - 기타,안전거리미확보,젖음/습기,비,단일로 - 기타,승용,여,43세,상해없음,승합,남,49세,상해없음
2020070300100611,2020년 7월 3일 21시,금요일,대구광역시 달서구 도원동,중상사고,0,1,0,0,차대차 - 측면충돌,안전운전불이행,젖음/습기,비,단일로 - 기타,이륜,남,48세,상해없음,자전거,여,60세,중상
2020070300100612,2020년 7월 3일 21시,금요일,대구광역시 북구 복현동,부상신고사고,0,0,0,1,차대차 - 기타,안전운전불이행,젖음/습기,비,단일로 - 기타,원동기,남,29세,부상신고,승용,여,52세,기타불명
2020070300100613,2020년 7월 3일 21시,금요일,대구광역시 중구 덕산동,경상사고,0,0,3,0,차대차 - 추돌,안전거리미확보,젖음/습기,비,단일로 - 기타,화물,남,44세,상해없음,승용,남,36세,경상
2020070300100614,2020년 7월 3일 21시,금요일,대구광역시 달서구 죽전동,경상사고,0,0,3,0,차대차 - 추돌,안전운전불이행,젖음/습기,비,단일로 - 기타,승용,남,68세,상해없음,승용,남,55세,경상
2020070300100615,2020년 7월 3일 21시,금요일,대구광역시 달서구 본리동,경상사고,0,0,3,0,차대차 - 측면충돌,안전거리미확보,젖음/습기,비,단일로 - 기타,승용,남,42세,상해없음,승용,남,48세,경상
2020070300100652,2020년 7월 3일 22시,금요일,대구광역시 동구 율하동,경상사고,0,0,1,0,차대차 - 정면충돌,신호위반,젖음/습기,비,교차로 - 교차로횡단보도내,승용,남,57세,상해없음,자전거,남,18세,경상
2020070300100653,2020년 7월 3일 22시,금요일,대구광역시 수성구 범어동,부상신고사고,0,0,0,1,차대차 - 추돌,신호위반,젖음/습기,비,교차로 - 교차로안,승용,남,25세,상해없음,이륜,남,22세,부상신고
2020070300100654,2020년 7월 3일 22시,금요일,대구광역시 북구 산격동,중상사고,0,1,0,0,차대사람 - 횡단중,안전운전불이행,젖음/습기,비,단일로 - 기타,이륜,남,27세,상해없음,보행자,남,61세,중상
2020070300100655,2020년 7월 3일 22시,금요일,대구광역시 달서구 본리동,경상사고,0,0,1,0,차대사람 - 길가장자리구역통행중,안전운전불이행,젖음/습기,비,단일로 - 기타,승용,남,61세,상해없음,보행자,남,51세,경상
2020070300100682,2020년 7월 3일 23시,금요일,대구광역시 동구 신서동,경상사고,0,0,2,0,차대차 - 정면충돌,신호위반,젖음/습기,비,교차로 - 교차로안,승용,여,25세,상해없음,승용,남,46세,경상
2020070400100032,2020년 7월 4일 00시,토요일,대구광역시 동구 입석동,부상신고사고,0,0,0,1,차대차 - 기타,안전운전불이행,젖음/습기,비,단일로 - 교량,기타불명,기타불명,미분류,기타불명,승용,남,55세,상해없음
2020070400100033,2020년 7월 4일 00시,토요일,대구광역시 중구 남산동,중상사고,0,3,4,0,차대차 - 추돌,안전운전불이행,젖음/습기,흐림,교차로 - 교차로부근,승용,남,39세,상해없음,승용,여,39세,중상
2020070400100034,2020년 7월 4일 00시,토요일,대구광역시 달서구 이곡동,경상사고,0,0,1,1,차대차 - 추돌,안전거리미확보,젖음/습기,비,교차로 - 교차로부근,이륜,남,32세,경상,화물,남,44세,부상신고
2020070400100056,2020년 7월 4일 01시,토요일,대구광역시 수성구 파동,경상사고,0,0,2,0,차대차 - 측면충돌,안전운전불이행,건조,맑음,교차로 - 교차로부근,승용,남,50세,경상,승용,남,65세,경상
2020070400100071,2020년 7월 4일 02시,토요일,대구광역시 중구 삼덕동1가,경상사고,0,0,2,0,차대차 - 추돌,안전운전불이행,건조,맑음,단일로 - 기타,승용,남,64세,상해없음,승용,남,76세,경상
2020070400100081,2020년 7월 4일 03시,토요일,대구광역시 북구 구암동,부상신고사고,0,0,0,1,차대차 - 기타,안전운전불이행,건조,맑음,단일로 - 기타,승용,남,27세,상해없음,승용,남,26세,부상신고
2020070400100136,2020년 7월 4일 07시,토요일,대구광역시 북구 금호동,경상사고,0,0,2,0,차대차 - 측면충돌,안전거리미확보,건조,맑음,단일로 - 기타,승용,남,47세,상해없음,승합,남,45세,경상
2020070400100156,2020년 7월 4일 08시,토요일,대구광역시 달서구 두류동,경상사고,0,0,2,0,차대차 - 측면충돌,안전운전불이행,건조,맑음,단일로 - 기타,승용,여,55세,상해없음,승용,남,60세,경상
2020070400100208,2020년 7월 4일 10시,토요일,대구광역시 달서구 본동,부상신고사고,0,0,0,1,차대사람 - 기타,안전운전불이행,건조,맑음,단일로 - 기타,화물,남,57세,상해없음,보행자,남,72세,부상신고