사고번호,사고일시,요일,시군구,사고내용,사망자수,중상자수,경상자수,부상신고자수,사고유형,법규위반,노면상태,기상상태,도로형태,가해운전자 차종,가해운전자 성별,가해운전자 연령,가해운전자 상해정도,피해운전자 차종,피해운전자 성별,피해운전자 연령,피해운전자 상해정도
2020070400100242,2020년 7월 4일 11시,토요일,대구광역시 수성구 중동,부상신고사고,0,0,0,1,차대차 - 측면충돌,안전거리미확보,건조,맑음,단일로 - 교량,이륜,남,63세,부상신고,승용,남,40세,상해없음
2020070400100243,2020년 7월 4일 11시,토요일,대구광역시 달서구 상인동,중상사고,0,1,1,0,차대차 - 측면충돌,차로위반,건조,맑음,단일로 - 기타,승용,여,47세,중상,승용,여,64세,경상
2020070400100244,2020년 7월 4일 11시,토요일,대구광역시 북구 태전동,경상사고,0,0,1,0,차대차 - 기타,교차로운행방법위반,건조,맑음,교차로 - 교차로안,승용,여,20세,상해없음,승용,여,58세,경상
2020070400100275,2020년 7월 4일 12시,토요일,대구광역시 남구 대명동,경상사고,0,0,1,0,차대사람 - 기타,안전운전불이행,건조,맑음,단일로 - 기타,승용,남,28세,상해없음,보행자,남,10세,경상
2020070400100276,2020년 7월 4일 12시,토요일,대구광역시 수성구 만촌동,경상사고,0,0,2,0,차대차 - 추돌,안전운전불이행,건조,맑음,단일로 - 기타,이륜,남,53세,경상,이륜,남,41세,경상
2020070400100277,2020년 7월 4일 12시,토요일,대구광역시 수성구 중동,부상신고사고,0,0,0,1,차대차 - 추돌,안전운전불이행,건조,맑음,교차로 - 교차로부근,이륜,남,40세,부상신고,승용,여,38세,상해없음
2020070400100313,2020년 7월 4일 13시,토요일,대구광역시 동구 신암동,경상사고,0,0,1,0,차대사람 - 기타,기타,건조,맑음,단일로 - 기타,승합,남,59세,상해없음,보행자,남,57세,경상
2020070400100314,2020년 7월 4일 13시,토요일,대구광역시 동구 사복동,중상사고,0,1,2,0,차대차 - 기타,교차로운행방법위반,건조,맑음,교차로 - 교차로안,화물,남,69세,상해없음,승용,여,56세,중상
2020070400100315,2020년 7월 4일 13시,토요일,대구광역시 수성구 만촌동,경상사고,0,0,2,0,차대차 - 추돌,안전운전불이행,건조,맑음,교차로 - 교차로부근,화물,남,58세,상해없음,승용,남,31세,경상
2020070400100316,2020년 7월 4일 13시,토요일,대구광역시 수성구 노변동,경상사고,0,0,1,0,차대차 - 측면충돌,안전운전불이행,건조,맑음,단일로 - 기타,승용,남,66세,상해없음,승용,남,45세,경상
2020070400100317,2020년 7월 4일 13시,토요일,대구광역시 달서구 상인동,경상사고,0,0,1,0,차대차 - 기타,안전운전불이행,건조,맑음,단일로 - 기타,승용,남,45세,상해없음,자전거,남,15세,경상
2020070400100318,2020년 7월 4일 13시,토요일,대구광역시 북구 복현동,중상사고,0,1,0,0,차대차 - 측면충돌,안전거리미확보,건조,맑음,단일로 - 기타,승용,여,41세,상해없음,승용,남,60세,중상
2020070400100319,2020년 7월 4일 13시,토요일,대구광역시 달서구 두류동,중상사고,0,4,2,0,차대차 - 추돌,안전운전불이행,건조,맑음,단일로 - 기타,화물,남,47세,상해없음,승용,여,42세,중상
2020070400100360,2020년 7월 4일 14시,토요일,대구광역시 북구 칠성동2가,경상사고,0,0,1,0,차대차 - 측면충돌,안전거리미확보,건조,맑음,단일로 - 기타,건설기계,남,62세,기타불명,승용,여,54세,경상
2020070400100361,2020년 7월 4일 14시,토요일,대구광역시 서구 비산동,경상사고,0,0,1,0,차대차 - 측면충돌,교차로운행방법위반,건조,맑음,교차로 - 교차로안,승용,남,63세,상해없음,승용,남,63세,경상
2020070400100362,2020년 7월 4일 14시,토요일,대구광역시 북구 태전동,경상사고,0,0,1,0,차대차 - 측면충돌,교차로운행방법위반,건조,맑음,교차로 - 교차로안,승용,남,83세,상해없음,승용,여,47세,경상
2020070400100432,2020년 7월 4일 16시,토요일,대구광역시 동구 각산동,경상사고,0,0,1,0,차대차 - 측면충돌,안전운전불이행,건조,맑음,교차로 - 교차로안,승용,여,48세,상해없음,이륜,남,22세,경상
2020070400100468,2020년 7월 4일 17시,토요일,대구광역시 수성구 신매동,중상사고,0,1,0,0,차대사람 - 기타,기타,건조,맑음,기타 - 기타,자전거,남,7세,상해없음,보행자,여,68세,중상
2020070400100469,2020년 7월 4일 17시,토요일,대구광역시 수성구 성동,부상신고사고,0,0,0,1,차량단독 - 전도전복 - 전도,안전운전불이행,건조,맑음,기타 - 기타,이륜,남,43세,부상신고,,,,
2020070400100471,2020년 7월 4일 17시,토요일,대구광역시 수성구 황금동,경상사고,0,0,1,0,차대차 - 측면충돌,안전거리미확보,건조,맑음,단일로 - 기타,승용,남,73세,상해없음,승용,남,23세,경상
2020070400100472,2020년 7월 4일 17시,토요일,대구광역시 달성군 다사읍,경상사고,0,0,2,0,차대차 - 추돌,안전운전불이행,건조,맑음,단일로 - 기타,이륜,남,17세,상해없음,승용,남,55세,경상
2020070400100473,2020년 7월 4일 17시,토요일,대구광역시 북구 산격동,경상사고,0,0,5,0,차대차 - 추돌,안전운전불이행,건조,맑음,단일로 - 교량,승용,여,70세,상해없음,승용,남,54세,경상
2020070400100509,2020년 7월 4일 18시,토요일,대구광역시 북구 노원동3가,중상사고,0,1,0,0,차대차 - 추돌,안전운전불이행,건조,맑음,교차로 - 교차로안,화물,남,45세,상해없음,원동기,남,72세,중상
2020070400100510,2020년 7월 4일 18시,토요일,대구광역시 달서구 호산동,부상신고사고,0,0,0,1,차대차 - 측면충돌,차로위반,건조,맑음,단일로 - 기타,승용,남,53세,상해없음,승용,남,29세,부상신고
2020070400100564,2020년 7월 4일 20시,토요일,대구광역시 남구 대명동,중상사고,0,1,0,0,차대차 - 정면충돌,안전운전불이행,건조,맑음,교차로 - 교차로부근,이륜,남,20세,중상,승용,기타불명,미분류,기타불명
2020070400100565,2020년 7월 4일 20시,토요일,대구광역시 수성구 신매동,경상사고,0,0,1,0,차대차 - 기타,기타,건조,맑음,단일로 - 기타,승용,남,33세,상해없음,자전거,남,26세,경상
2020070400100566,2020년 7월 4일 20시,토요일,대구광역시 서구 평리동,경상사고,0,0,2,0,차대차 - 추돌,안전운전불이행,건조,맑음,단일로 - 기타,승용,남,66세,상해없음,이륜,남,37세,경상
2020070400100567,2020년 7월 4일 20시,토요일,대구광역시 달서구 죽전동,경상사고,0,0,1,0,차대사람 - 횡단중,보행자보호의무위반,건조,맑음,기타 - 기타,승용,남,60세,상해없음,보행자,남,42세,경상
2020070400100624,2020년 7월 4일 22시,토요일,대구광역시 수성구 황금동,부상신고사고,0,0,0,1,차대차 - 측면충돌,기타,건조,맑음,단일로 - 기타,기타불명,기타불명,미분류,기타불명,승용,남,60세,부상신고
2020070400100625,2020년 7월 4일 22시,토요일,대구광역시 달서구 송현동,경상사고,0,0,1,0,차대차 - 기타,교차로운행방법위반,건조,맑음,교차로 - 교차로안,승용,남,23세,상해없음,승용,남,57세,상해없음
2020070400100626,2020년 7월 4일 22시,토요일,대구광역시 달서구 송현동,중상사고,0,1,0,0,차대사람 - 횡단중,안전운전불이행,건조,맑음,단일로 - 기타,승용,남,70세,상해없음,보행자,여,20세,중상
2020070500100018,2020년 7월 5일 00시,일요일,대구광역시 수성구 두산동,경상사고,0,0,1,1,차대차 - 측면충돌,안전거리미확보,젖음/습기,비,단일로 - 기타,승용,남,58세,상해없음,승용,남,60세,부상신고
2020070500100019,2020년 7월 5일 00시,일요일,대구광역시 달서구 용산동,경상사고,0,0,2,0,차대차 - 측면충돌,안전운전불이행,건조,맑음,교차로 - 교차로부근,승용,남,47세,상해없음,승용,남,19세,경상
2020070500100044,2020년 7월 5일 02시,일요일,대구광역시 남구 대명동,경상사고,0,0,1,0,차대차 - 측면충돌,안전운전불이행,건조,맑음,단일로 - 기타,승용,남,27세,상해없음,승용,남,43세,경상
2020070500100052,2020년 7월 5일 03시,일요일,대구광역시 중구 삼덕동1가,경상사고,0,0,1,0,차대사람 - 기타,안전운전불이행,건조,맑음,단일로 - 기타,승용,남,27세,상해없음,보행자,남,22세,경상
2020070500100061,2020년 7월 5일 04시,일요일,대구광역시 북구 태전동,경상사고,0,0,1,0,차대차 - 측면충돌,안전운전불이행,건조,맑음,단일로 - 기타,화물,남,57세,상해없음,화물,남,56세,경상
2020070500100068,2020년 7월 5일 05시,일요일,대구광역시 남구 대명동,경상사고,0,0,1,0,차대사람 - 기타,안전운전불이행,건조,맑음,단일로 - 기타,승용,남,69세,상해없음,보행자,남,19세,경상
2020070500100115,2020년 7월 5일 09시,일요일,대구광역시 수성구 만촌동,중상사고,0,1,0,0,차대차 - 기타,안전거리미확보,건조,맑음,단일로 - 기타,승용,남,27세,상해없음,승용,여,42세,중상
2020070500100116,2020년 7월 5일 09시,일요일,대구광역시 달서구 두류동,부상신고사고,0,0,0,1,차대차 - 기타,안전운전불이행,건조,맑음,기타 - 기타,자전거,남,78세,부상신고,승용,남,47세,상해없음
2020070500100132,2020년 7월 5일 10시,일요일,대구광역시 수성구 지산동,경상사고,0,0,1,0,차량단독 - 기타,안전운전불이행,건조,맑음,기타 - 기타,승용,남,70세,상해없음,,,,
2020070500100173,2020년 7월 5일 12시,일요일,대구광역시 수성구 두산동,부상신고사고,0,0,0,1,차대차 - 측면충돌,안전운전불이행,건조,맑음,단일로 - 기타,자전거,남,12세,부상신고,승용,남,72세,상해없음
2020070500100206,2020년 7월 5일 13시,일요일,대구광역시 달서구 감삼동,경상사고,0,0,1,0,차대차 - 측면충돌,신호위반,건조,맑음,단일로 - 기타,승용,남,62세,상해없음,이륜,여,46세,경상
2020070500100233,2020년 7월 5일 14시,일요일,대구광역시 동구 불로동,경상사고,0,0,2,0,차대차 - 후진중충돌,안전운전불이행,건조,맑음,교차로 - 교차로부근,승용,여,57세,상해없음,승용,남,37세,경상
2020070500100295,2020년 7월 5일 16시,일요일,대구광역시 달서구 상인동,중상사고,0,1,0,0,차대차 - 측면충돌,안전운전불이행,건조,맑음,단일로 - 기타,승용,여,34세,상해없음,이륜,남,77세,중상
2020070500100296,2020년 7월 5일 16시,일요일,대구광역시 달서구 용산동,경상사고,0,0,1,0,차대차 - 기타,안전운전불이행,건조,맑음,단일로 - 기타,승용,남,44세,상해없음,승용,남,55세,경상
2020070500100326,2020년 7월 5일 17시,일요일,대구광역시 달성군 다사읍,중상사고,0,1,0,0,차량단독 - 기타,기타,건조,맑음,단일로 - 기타,개인형이동수단(PM),여,27세,중상,,,,
2020070500100327,2020년 7월 5일 17시,일요일,대구광역시 달서구 성당동,경상사고,0,0,3,0,차대차 - 측면충돌,교차로운행방법위반,건조,흐림,교차로 - 교차로안,이륜,남,67세,경상,승용,남,19세,경상
2020070500100328,2020년 7월 5일 17시,일요일,대구광역시 북구 태전동,중상사고,0,2,1,0,차대차 - 기타,안전운전불이행,건조,맑음,교차로 - 교차로부근,승용,여,44세,경상,특수,남,52세,기타불명
2020070500100355,2020년 7월 5일 18시,일요일,대구광역시 북구 대현동,경상사고,0,0,1,0,차대사람 - 길가장자리구역통행중,안전운전불이행,건조,맑음,단일로 - 기타,승용,남,62세,상해없음,보행자,남,78세,경상
2020070500100356,2020년 7월 5일 18시,일요일,대구광역시 달서구 이곡동,중상사고,0,1,0,0,차대차 - 측면충돌,차로위반,건조,맑음,단일로 - 기타,화물,남,29세,상해없음,이륜,남,18세,중상
2020070500100398,2020년 7월 5일 20시,일요일,대구광역시 달서구 장기동,중상사고,0,1,1,0,차대차 - 기타,안전운전불이행,건조,맑음,단일로 - 기타,승용,남,54세,상해없음,이륜,남,16세,경상
2020070500100419,2020년 7월 5일 21시,일요일,대구광역시 수성구 상동,경상사고,0,0,1,0,차대차 - 추돌,안전운전불이행,건조,맑음,교차로 - 교차로부근,승용,남,59세,기타불명,승용,남,61세,경상
2020070500100420,2020년 7월 5일 21시,일요일,대구광역시 북구 산격동,경상사고,0,0,1,0,차대차 - 측면충돌,안전운전불이행,건조,맑음,교차로 - 교차로부근,승용,남,46세,상해없음,승용,남,39세,경상
2020070500100442,2020년 7월 5일 22시,일요일,대구광역시 동구 불로동,경상사고,0,0,3,0,차대차 - 추돌,안전운전불이행,건조,맑음,단일로 - 기타,승용,남,19세,상해없음,승용,남,42세,경상
2020070500100445,2020년 7월 5일 22시,일요일,대구광역시 달성군 다사읍,중상사고,0,1,0,0,차대차 - 기타,안전운전불이행,건조,맑음,단일로 - 기타,기타불명,기타불명,미분류,기타불명,자전거,남,33세,중상
2020070500100446,2020년 7월 5일 22시,일요일,대구광역시 북구 동천동,중상사고,0,1,0,0,차대차 - 기타,안전운전불이행,건조,맑음,단일로 - 기타,승용,남,40세,상해없음,개인형이동수단(PM),남,53세,중상
2020070600100019,2020년 7월 6일 02시,월요일,대구광역시 달서구 성당동,중상사고,0,1,2,0,차대차 - 추돌,차로위반,건조,맑음,교차로 - 교차로안,이륜,남,22세,기타불명,승용,남,27세,상해없음
2020070600100039,2020년 7월 6일 05시,월요일,대구광역시 달서구 두류동,중상사고,0,2,0,0,차대차 - 측면충돌,불법유턴,건조,흐림,단일로 - 기타,이륜,남,62세,중상,이륜,남,61세,중상
2020070600100066,2020년 7월 6일 07시,월요일,대구광역시 달서구 이곡동,경상사고,0,0,1,0,차대차 - 측면충돌,교차로운행방법위반,건조,맑음,교차로 - 교차로안,화물,남,76세,상해없음,원동기,여,49세,경상
2020070600100067,2020년 7월 6일 07시,월요일,대구광역시 달서구 갈산동,경상사고,0,0,1,0,차대차 - 측면충돌,차로위반,건조,맑음,교차로 - 교차로부근,승용,여,44세,상해없음,승용,남,59세,경상
2020070600100109,2020년 7월 6일 08시,월요일,대구광역시 남구 이천동,경상사고,0,0,1,0,차대차 - 측면충돌,안전거리미확보,건조,맑음,교차로 - 교차로부근,승용,남,61세,상해없음,승용,남,43세,경상
2020070600100110,2020년 7월 6일 08시,월요일,대구광역시 달서구 본리동,경상사고,0,0,2,0,차대차 - 측면충돌,안전운전불이행,건조,맑음,교차로 - 교차로부근,승용,여,48세,경상,승용,남,61세,경상
2020070600100111,2020년 7월 6일 08시,월요일,대구광역시 서구 비산동,경상사고,0,0,1,0,차대차 - 측면충돌,신호위반,건조,맑음,교차로 - 교차로안,승용,남,73세,상해없음,승용,남,33세,경상
2020070600100112,2020년 7월 6일 08시,월요일,대구광역시 달서구 용산동,경상사고,0,0,1,0,차대차 - 기타,불법유턴,건조,맑음,단일로 - 기타,승용,여,48세,상해없음,화물,남,47세,경상
2020070600100113,2020년 7월 6일 08시,월요일,대구광역시 북구 팔달동,중상사고,0,1,0,0,차대차 - 측면충돌,안전운전불이행,건조,맑음,단일로 - 기타,화물,남,51세,상해없음,자전거,남,12세,중상
2020070600100145,2020년 7월 6일 09시,월요일,대구광역시 중구 종로1가,경상사고,0,0,1,0,차대차 - 추돌,차로위반,건조,맑음,단일로 - 기타,승용,남,31세,상해없음,승용,남,50세,경상
2020070600100146,2020년 7월 6일 09시,월요일,대구광역시 중구 삼덕동1가,부상신고사고,0,0,0,2,차대차 - 측면충돌,안전운전불이행,건조,흐림,단일로 - 기타,이륜,남,18세,부상신고,승용,남,41세,부상신고
2020070600100172,2020년 7월 6일 10시,월요일,대구광역시 동구 도동,경상사고,0,0,1,0,차대차 - 추돌,안전운전불이행,건조,맑음,단일로 - 기타,화물,남,47세,상해없음,화물,남,45세,경상
2020070600100174,2020년 7월 6일 10시,월요일,대구광역시 동구 신천동,경상사고,0,0,1,0,차대차 - 기타,안전운전불이행,건조,맑음,단일로 - 기타,자전거,남,65세,경상,승용,여,40세,기타불명
2020070600100175,2020년 7월 6일 10시,월요일,대구광역시 달성군 유가읍,경상사고,0,0,1,0,차대차 - 기타,기타,건조,맑음,교차로 - 교차로부근,승용,남,48세,상해없음,승용,남,68세,상해없음
2020070600100176,2020년 7월 6일 10시,월요일,대구광역시 달서구 두류동,중상사고,0,1,0,0,차대차 - 기타,교차로운행방법위반,건조,맑음,교차로 - 교차로횡단보도내,승용,남,49세,상해없음,이륜,남,22세,중상
2020070600100215,2020년 7월 6일 11시,월요일,대구광역시 동구 효목동,경상사고,0,0,1,0,차대차 - 기타,안전거리미확보,건조,맑음,교차로 - 교차로안,원동기,남,84세,경상,승용,남,81세,상해없음
2020070600100216,2020년 7월 6일 11시,월요일,대구광역시 동구 신암동,경상사고,0,0,1,0,차대차 - 기타,안전운전불이행,건조,맑음,단일로 - 기타,승용,여,21세,상해없음,화물,남,47세,경상
2020070600100252,2020년 7월 6일 12시,월요일,대구광역시 남구 봉덕동,경상사고,0,0,1,0,차대차 - 측면충돌,직진우회전진행방해,건조,맑음,교차로 - 교차로안,승용,여,61세,기타불명,승용,남,72세,경상
2020070600100279,2020년 7월 6일 13시,월요일,대구광역시 동구 신암동,경상사고,0,0,1,0,차대차 - 추돌,안전운전불이행,건조,맑음,단일로 - 기타,승용,남,24세,상해없음,승용,여,59세,경상
2020070600100321,2020년 7월 6일 14시,월요일,대구광역시 수성구 중동,중상사고,0,1,0,0,차대차 - 측면충돌,안전거리미확보,건조,맑음,교차로 - 교차로부근,승용,남,42세,상해없음,승용,남,49세,중상
2020070600100352,2020년 7월 6일 15시,월요일,대구광역시 동구 율하동,경상사고,0,0,4,0,차대차 - 추돌,안전운전불이행,건조,맑음,단일로 - 기타,승용,남,84세,상해없음,승용,여,34세,경상
2020070600100353,2020년 7월 6일 15시,월요일,대구광역시 서구 비산동,부상신고사고,0,0,0,1,차량단독 - 전도전복 - 전도,기타,건조,맑음,단일로 - 기타,자전거,남,61세,부상신고,,,,
2020070600100417,2020년 7월 6일 17시,월요일,대구광역시 수성구 황금동,경상사고,0,0,1,1,차대차 - 측면충돌,신호위반,건조,맑음,교차로 - 교차로안,승용,남,77세,부상신고,승용,여,45세,경상
2020070600100418,2020년 7월 6일 17시,월요일,대구광역시 수성구 지산동,경상사고,0,0,1,0,차대차 - 측면충돌,안전운전불이행,건조,맑음,교차로 - 교차로안,이륜,남,19세,상해없음,승용,여,43세,경상
2020070600100419,2020년 7월 6일 17시,월요일,대구광역시 달서구 월성동,경상사고,0,0,1,0,차대차 - 추돌,안전운전불이행,건조,맑음,단일로 - 기타,화물,남,68세,상해없음,승용,남,46세,경상
2020070600100420,2020년 7월 6일 17시,월요일,대구광역시 북구 산격동,부상신고사고,0,0,0,1,차대차 - 기타,안전운전불이행,건조,맑음,교차로 - 교차로횡단보도내,승용,남,75세,상해없음,자전거,남,60세,부상신고
2020070600100421,2020년 7월 6일 17시,월요일,대구광역시 북구 노원동1가,경상사고,0,0,1,0,차대사람 - 횡단중,보행자보호의무위반,건조,맑음,교차로 - 교차로횡단보도내,화물,남,57세,상해없음,보행자,남,43세,경상
2020070600100422,2020년 7월 6일 17시,월요일,대구광역시 북구 대현동,중상사고,0,1,0,0,차대차 - 기타,안전운전불이행,건조,맑음,단일로 - 기타,승용,남,26세,상해없음,자전거,남,74세,중상
2020070600100423,2020년 7월 6일 17시,월요일,대구광역시 중구 남산동,경상사고,0,0,1,0,차대사람 - 기타,안전운전불이행,건조,맑음,교차로 - 교차로부근,화물,남,55세,상해없음,보행자,여,78세,경상
2020070600100424,2020년 7월 6일 17시,월요일,대구광역시 달서구 용산동,경상사고,0,0,1,0,차대차 - 측면충돌,안전거리미확보,건조,맑음,단일로 - 기타,승용,남,59세,상해없음,승용,남,41세,상해없음
2020070600100462,2020년 7월 6일 18시,월요일,대구광역시 수성구 노변동,경상사고,0,0,1,0,차대차 - 측면충돌,안전거리미확보,건조,맑음,단일로 - 기타,화물,남,63세,상해없음,승용,여,29세,경상
2020070600100463,2020년 7월 6일 18시,월요일,대구광역시 달서구 상인동,경상사고,0,0,1,0,차대차 - 측면충돌,안전운전불이행,건조,맑음,단일로 - 기타,승용,여,65세,상해없음,이륜,남,34세,경상
2020070600100491,2020년 7월 6일 19시,월요일,대구광역시 동구 신천동,경상사고,0,0,1,0,차대차 - 측면충돌,차로위반,건조,맑음,교차로 - 교차로부근,승용,남,54세,상해없음,승용,남,58세,경상
2020070600100492,2020년 7월 6일 19시,월요일,대구광역시 동구 신암동,부상신고사고,0,0,0,1,차대차 - 측면충돌,안전거리미확보,건조,맑음,단일로 - 기타,자전거,남,73세,부상신고,승합,남,50세,상해없음
2020070600100493,2020년 7월 6일 19시,월요일,대구광역시 수성구 중동,경상사고,0,0,2,0,차대차 - 기타,안전운전불이행,건조,맑음,교차로 - 교차로횡단보도내,승용,남,56세,경상,이륜,남,26세,경상
2020070600100494,2020년 7월 6일 19시,월요일,대구광역시 중구 동인동4가,부상신고사고,0,0,0,1,차대사람 - 기타,안전운전불이행,건조,맑음,단일로 - 기타,기타불명,기타불명,미분류,기타불명,보행자,남,36세,부상신고
2020070600100495,2020년 7월 6일 19시,월요일,대구광역시 달서구 용산동,경상사고,0,0,2,0,차대차 - 측면충돌,차로위반,건조,맑음,단일로 - 기타,승합,남,55세,상해없음,승용,여,51세,경상
2020070600100519,2020년 7월 6일 20시,월요일,대구광역시 수성구 범어동,부상신고사고,0,0,0,1,차대차 - 기타,안전운전불이행,건조,맑음,교차로 - 교차로부근,기타불명,기타불명,미분류,기타불명,승합,남,50세,상해없음
2020070600100520,2020년 7월 6일 20시,월요일,대구광역시 서구 평리동,부상신고사고,0,0,0,1,차대차 - 기타,신호위반,건조,맑음,교차로 - 교차로부근,이륜,남,31세,부상신고,승용,남,39세,상해없음
2020070600100521,2020년 7월 6일 20시,월요일,대구광역시 달서구 본리동,경상사고,0,0,1,0,차대차 - 측면충돌,안전운전불이행,건조,맑음,단일로 - 기타,승용,여,67세,상해없음,승용,남,48세,경상
2020070600100522,2020년 7월 6일 20시,월요일,대구광역시 달서구 신당동,경상사고,0,0,2,0,차대차 - 기타,안전거리미확보,건조,맑음,교차로 - 교차로부근,승용,여,35세,상해없음,승용,남,23세,경상
2020070600100523,2020년 7월 6일 20시,월요일,대구광역시 북구 동천동,경상사고,0,0,1,0,차대차 - 기타,교차로운행방법위반,건조,맑음,교차로 - 교차로안,승용,남,52세,상해없음,승용,남,67세,경상
2020070600100524,2020년 7월 6일 20시,월요일,대구광역시 북구 팔달동,경상사고,0,0,1,0,차대사람 - 기타,보행자보호의무위반,건조,맑음,단일로 - 기타,승용,남,60세,상해없음,보행자,남,62세,경상
2020070600100567,2020년 7월 6일 22시,월요일,대구광역시 수성구 신매동,중상사고,0,1,2,0,차대차 - 추돌,안전운전불이행,건조,맑음,교차로 - 교차로부근,승용,남,35세,상해없음,승용,여,29세,경상
2020070700100006,2020년 7월 7일 00시,화요일,대구광역시 동구 방촌동,중상사고,0,1,0,0,차량단독 - 전도전복 - 전도,안전운전불이행,건조,맑음,단일로 - 기타,자전거,남,52세,중상,,,,
2020070700100007,2020년 7월 7일 00시,화요일,대구광역시 달서구 성당동,중상사고,0,1,0,0,차대사람 - 차도통행중,안전운전불이행,건조,맑음,단일로 - 기타,승용,남,65세,상해없음,보행자,남,59세,중상
2020070700100008,2020년 7월 7일 00시,화요일,대구광역시 달서구 신당동,중상사고,0,2,1,0,차대차 - 추돌,안전운전불이행,건조,맑음,단일로 - 기타,승용,남,29세,상해없음,승용,남,62세,중상
2020070700100018,2020년 7월 7일 01시,화요일,대구광역시 서구 평리동,중상사고,0,2,0,1,차대차 - 측면충돌,직진우회전진행방해,건조,맑음,교차로 - 교차로안,승용,남,27세,부상신고,승용,남,43세,중상
2020070700100119,2020년 7월 7일 08시,화요일,대구광역시 수성구 황금동,중상사고,0,2,0,0,차대사람 - 횡단중,안전운전불이행,건조,맑음,단일로 - 기타,승용,여,33세,상해없음,보행자,남,12세,중상
2020070700100120,2020년 7월 7일 08시,화요일,대구광역시 달서구 상인동,경상사고,0,0,2,0,차대차 - 측면충돌,안전거리미확보,건조,맑음,단일로 - 기타,승용,여,45세,경상,화물,남,44세,경상
2020070700100142,2020년 7월 7일 09시,화요일,대구광역시 동구 신천동,경상사고,0,0,1,0,차대차 - 측면충돌,안전운전불이행,건조,맑음,단일로 - 기타,승용,남,30세,상해없음,이륜,남,33세,경상
2020070700100170,2020년 7월 7일 10시,화요일,대구광역시 수성구 범어동,중상사고,0,1,0,0,차대차 - 측면충돌,안전운전불이행,건조,맑음,교차로 - 교차로안,승용,여,39세,상해없음,승용,여,49세,중상
2020070700100200,2020년 7월 7일 11시,화요일,대구광역시 북구 매천동,경상사고,0,0,2,0,차대차 - 측면충돌,안전운전불이행,건조,맑음,단일로 - 기타,승용,여,45세,경상,승용,여,60세,경상
2020070700100228,2020년 7월 7일 12시,화요일,대구광역시 북구 서변동,경상사고,0,0,1,1,차대차 - 측면충돌,차로위반,건조,맑음,단일로 - 기타,승용,여,43세,부상신고,승용,남,55세,경상
2020070700100262,2020년 7월 7일 13시,화요일,대구광역시 수성구 만촌동,경상사고,0,0,1,0,차대사람 - 기타,보행자보호의무위반,건조,흐림,교차로 - 교차로횡단보도내,승용,남,49세,상해없음,보행자,여,7세,경상
2020070700100263,2020년 7월 7일 13시,화요일,대구광역시 수성구 중동,경상사고,0,0,1,0,차대차 - 측면충돌,안전거리미확보,건조,맑음,교차로 - 교차로부근,승용,남,71세,상해없음,승용,남,36세,경상
2020070700100264,2020년 7월 7일 13시,화요일,대구광역시 수성구 범물동,경상사고,0,0,2,0,차대차 - 추돌,안전운전불이행,건조,맑음,단일로 - 기타,승용,남,38세,상해없음,승용,여,23세,경상
2020070700100265,2020년 7월 7일 13시,화요일,대구광역시 달서구 본동,경상사고,0,0,1,0,차대차 - 후진중충돌,불법유턴,건조,맑음,단일로 - 기타,승용,남,26세,상해없음,승용,남,24세,경상
2020070700100266,2020년 7월 7일 13시,화요일,대구광역시 달서구 감삼동,중상사고,0,1,2,0,차대차 - 측면충돌,안전거리미확보,건조,맑음,단일로 - 기타,화물,남,40세,경상,승용,남,52세,중상
2020070700100291,2020년 7월 7일 14시,화요일,대구광역시 달성군 논공읍,중상사고,0,1,0,0,차대사람 - 기타,안전운전불이행,건조,맑음,교차로 - 교차로안,화물,남,60세,상해없음,보행자,여,68세,중상
2020070700100292,2020년 7월 7일 14시,화요일,대구광역시 북구 산격동,경상사고,0,0,1,0,차대차 - 추돌,안전운전불이행,건조,맑음,단일로 - 기타,승용,남,46세,상해없음,승용,여,56세,경상
2020070700100293,2020년 7월 7일 14시,화요일,대구광역시 서구 평리동,중상사고,0,2,1,0,차대차 - 측면충돌,신호위반,건조,맑음,교차로 - 교차로안,화물,남,74세,경상,승용,남,68세,중상
2020070700100294,2020년 7월 7일 14시,화요일,대구광역시 달서구 두류동,중상사고,0,1,0,0,차대사람 - 횡단중,보행자보호의무위반,건조,맑음,교차로 - 교차로횡단보도내,승용,남,57세,상해없음,보행자,여,60세,중상
2020070700100295,2020년 7월 7일 14시,화요일,대구광역시 북구 구암동,중상사고,0,1,0,0,차대차 - 추돌,안전운전불이행,건조,맑음,단일로 - 기타,승용,남,60세,상해없음,승용,남,37세,중상
2020070700100326,2020년 7월 7일 15시,화요일,대구광역시 달서구 상인동,중상사고,0,1,0,0,차대사람 - 보도통행중,안전운전불이행,건조,맑음,기타 - 기타,자전거,남,12세,상해없음,보행자,여,58세,중상
2020070700100327,2020년 7월 7일 15시,화요일,대구광역시 달성군 화원읍,경상사고,0,0,1,0,차대사람 - 기타,안전운전불이행,건조,맑음,단일로 - 기타,화물,남,56세,상해없음,보행자,여,9세,경상
2020070700100328,2020년 7월 7일 15시,화요일,대구광역시 북구 노원동1가,경상사고,0,0,1,0,차대차 - 측면충돌,신호위반,건조,맑음,교차로 - 교차로부근,승용,여,58세,상해없음,승용,남,37세,경상
2020070700100329,2020년 7월 7일 15시,화요일,대구광역시 달서구 이곡동,경상사고,0,0,1,0,차대사람 - 보도통행중,기타,건조,맑음,교차로 - 교차로부근,기타불명,기타불명,미분류,기타불명,보행자,여,8세,경상
2020070700100366,2020년 7월 7일 16시,화요일,대구광역시 남구 이천동,경상사고,0,0,1,0,차대차 - 기타,안전운전불이행,건조,맑음,단일로 - 기타,승용,여,49세,기타불명,이륜,남,63세,경상