사고번호,사고일시,요일,시군구,사고내용,사망자수,중상자수,경상자수,부상신고자수,사고유형,법규위반,노면상태,기상상태,도로형태,가해운전자 차종,가해운전자 성별,가해운전자 연령,가해운전자 상해정도,피해운전자 차종,피해운전자 성별,피해운전자 연령,피해운전자 상해정도
2020071400100268,2020년 7월 14일 12시,화요일,대구광역시 수성구 황금동,중상사고,0,1,0,0,차대차 - 추돌,안전운전불이행,건조,맑음,단일로 - 기타,승용,남,36세,기타불명,자전거,남,63세,중상
2020071400100269,2020년 7월 14일 12시,화요일,대구광역시 수성구 수성동4가,부상신고사고,0,0,0,1,차대차 - 기타,안전운전불이행,건조,맑음,단일로 - 기타,기타불명,기타불명,미분류,기타불명,자전거,여,56세,부상신고
2020071400100270,2020년 7월 14일 12시,화요일,대구광역시 중구 동산동,경상사고,0,0,1,0,차대차 - 추돌,안전운전불이행,건조,흐림,단일로 - 기타,승합,남,22세,상해없음,화물,여,64세,경상
2020071400100337,2020년 7월 14일 14시,화요일,대구광역시 수성구 범어동,중상사고,0,2,0,0,차대차 - 추돌,안전거리미확보,건조,맑음,교차로 - 교차로안,승용,남,77세,상해없음,승용,남,56세,중상
2020071400100375,2020년 7월 14일 15시,화요일,대구광역시 달서구 송현동,중상사고,0,1,0,0,차대사람 - 횡단중,안전운전불이행,건조,맑음,교차로 - 교차로안,화물,남,58세,상해없음,보행자,남,60세,중상
2020071400100376,2020년 7월 14일 15시,화요일,대구광역시 달서구 도원동,경상사고,0,0,1,0,차대차 - 추돌,안전운전불이행,건조,맑음,단일로 - 기타,승용,남,46세,상해없음,승용,여,41세,경상
2020071400100377,2020년 7월 14일 15시,화요일,대구광역시 중구 봉산동,경상사고,0,0,2,1,차대차 - 측면충돌,안전거리미확보,건조,맑음,단일로 - 기타,승용,남,46세,부상신고,승용,여,34세,경상
2020071400100413,2020년 7월 14일 16시,화요일,대구광역시 남구 대명동,중상사고,0,1,0,0,차대사람 - 차도통행중,안전운전불이행,건조,맑음,단일로 - 기타,승용,여,35세,상해없음,보행자,남,81세,중상
2020071400100451,2020년 7월 14일 17시,화요일,대구광역시 동구 송정동,부상신고사고,0,0,0,1,차대차 - 측면충돌,안전운전불이행,젖음/습기,비,교차로 - 교차로안,이륜,남,61세,부상신고,승용,남,42세,상해없음
2020071400100452,2020년 7월 14일 17시,화요일,대구광역시 북구 금호동,중상사고,0,1,0,0,차량단독 - 공작물충돌,안전운전불이행,젖음/습기,비,단일로 - 기타,화물,남,52세,중상,,,,
2020071400100488,2020년 7월 14일 18시,화요일,대구광역시 동구 효목동,경상사고,0,0,2,0,차대차 - 기타,안전운전불이행,건조,맑음,단일로 - 기타,원동기,남,20세,경상,승용,여,61세,경상
2020071400100489,2020년 7월 14일 18시,화요일,대구광역시 동구 효목동,경상사고,0,0,1,0,차대사람 - 기타,안전운전불이행,건조,맑음,단일로 - 기타,승합,남,62세,상해없음,보행자,여,31세,경상
2020071400100490,2020년 7월 14일 18시,화요일,대구광역시 동구 지묘동,중상사고,0,1,0,0,차대사람 - 기타,안전운전불이행,건조,맑음,단일로 - 기타,승합,남,50세,상해없음,보행자,여,71세,중상
2020071400100491,2020년 7월 14일 18시,화요일,대구광역시 달성군 화원읍,경상사고,0,0,1,0,차대차 - 기타,교차로운행방법위반,건조,맑음,교차로 - 교차로안,승용,여,50세,상해없음,원동기,남,25세,경상
2020071400100492,2020년 7월 14일 18시,화요일,대구광역시 북구 동천동,경상사고,0,0,2,0,차대차 - 기타,안전거리미확보,젖음/습기,비,교차로 - 교차로안,이륜,남,24세,상해없음,승용,여,51세,경상
2020071400100526,2020년 7월 14일 19시,화요일,대구광역시 수성구 지산동,경상사고,0,0,1,1,차대차 - 측면충돌,안전운전불이행,건조,맑음,교차로 - 교차로안,이륜,남,18세,부상신고,승용,여,44세,경상
2020071400100527,2020년 7월 14일 19시,화요일,대구광역시 북구 산격동,경상사고,0,0,1,0,차대차 - 측면충돌,교차로운행방법위반,건조,흐림,교차로 - 교차로안,승용,여,66세,상해없음,승용,여,58세,경상
2020071400100555,2020년 7월 14일 20시,화요일,대구광역시 수성구 사월동,경상사고,0,0,3,0,차대차 - 기타,안전운전불이행,건조,맑음,교차로 - 교차로부근,승용,남,68세,경상,승용,남,60세,경상
2020071400100582,2020년 7월 14일 21시,화요일,대구광역시 북구 산격동,경상사고,0,0,2,0,차대차 - 추돌,안전운전불이행,젖음/습기,비,단일로 - 기타,이륜,남,29세,경상,승용,남,38세,경상
2020071400100583,2020년 7월 14일 21시,화요일,대구광역시 서구 내당동,중상사고,0,1,0,1,차대차 - 기타,교차로운행방법위반,건조,맑음,교차로 - 교차로안,화물,여,57세,부상신고,승용,남,37세,중상
2020071400100611,2020년 7월 14일 22시,화요일,대구광역시 남구 대명동,경상사고,0,0,1,0,차대차 - 측면충돌,안전운전불이행,건조,맑음,교차로 - 교차로부근,승용,남,50세,상해없음,승용,남,36세,경상
2020071400100612,2020년 7월 14일 22시,화요일,대구광역시 달성군 화원읍,경상사고,0,0,4,0,차대차 - 추돌,안전운전불이행,젖음/습기,흐림,단일로 - 기타,승용,남,50세,상해없음,승용,여,40세,경상
2020071400100613,2020년 7월 14일 22시,화요일,대구광역시 북구 산격동,부상신고사고,0,0,0,1,차량단독 - 전도전복 - 전도,안전운전불이행,건조,흐림,교차로 - 교차로부근,이륜,남,53세,부상신고,,,,
2020071400100614,2020년 7월 14일 22시,화요일,대구광역시 중구 공평동,경상사고,0,0,1,0,차대사람 - 차도통행중,안전운전불이행,젖음/습기,맑음,단일로 - 기타,승용,여,24세,상해없음,보행자,남,26세,경상
2020071400100615,2020년 7월 14일 22시,화요일,대구광역시 북구 팔달동,경상사고,0,0,5,1,차대차 - 측면충돌,안전거리미확보,젖음/습기,흐림,단일로 - 기타,승용,남,60세,경상,승용,여,27세,경상
2020071400100638,2020년 7월 14일 23시,화요일,대구광역시 동구 신암동,경상사고,0,0,1,0,차대차 - 측면충돌,신호위반,건조,흐림,교차로 - 교차로안,승용,남,72세,상해없음,승용,남,31세,경상
2020071400100639,2020년 7월 14일 23시,화요일,대구광역시 수성구 범어동,중상사고,0,1,1,0,차대사람 - 횡단중,안전운전불이행,젖음/습기,흐림,기타 - 기타,승용,남,63세,상해없음,보행자,남,43세,중상
2020071400100640,2020년 7월 14일 23시,화요일,대구광역시 수성구 황금동,경상사고,0,0,1,0,차대차 - 기타,차로위반,건조,맑음,기타 - 기타,화물,남,39세,상해없음,승용,여,26세,경상
2020071500100009,2020년 7월 15일 00시,수요일,대구광역시 수성구 두산동,중상사고,0,2,1,0,차대차 - 기타,안전운전불이행,건조,맑음,단일로 - 기타,승용,남,39세,상해없음,승용,남,43세,경상
2020071500100034,2020년 7월 15일 03시,수요일,대구광역시 남구 대명동,경상사고,0,0,1,0,차대사람 - 기타,안전운전불이행,젖음/습기,비,단일로 - 기타,승용,여,26세,상해없음,보행자,남,40세,경상
2020071500100081,2020년 7월 15일 07시,수요일,대구광역시 달서구 월암동,중상사고,0,2,0,0,차대차 - 측면충돌,안전운전불이행,젖음/습기,비,교차로 - 교차로안,승용,남,53세,중상,승용,남,31세,중상
2020071500100082,2020년 7월 15일 07시,수요일,대구광역시 달서구 진천동,경상사고,0,0,1,0,차대차 - 추돌,안전운전불이행,젖음/습기,비,단일로 - 기타,승용,남,58세,상해없음,승용,여,63세,경상
2020071500100083,2020년 7월 15일 07시,수요일,대구광역시 남구 대명동,중상사고,0,1,0,2,차대차 - 추돌,안전운전불이행,젖음/습기,비,단일로 - 기타,승용,남,24세,상해없음,승용,남,83세,중상
2020071500100111,2020년 7월 15일 08시,수요일,대구광역시 달서구 용산동,경상사고,0,0,1,0,차대차 - 측면충돌,안전거리미확보,젖음/습기,비,단일로 - 기타,화물,남,73세,상해없음,승용,남,51세,경상
2020071500100146,2020년 7월 15일 09시,수요일,대구광역시 동구 미곡동,중상사고,0,2,0,0,차대차 - 측면충돌,중앙선침범,젖음/습기,비,교차로 - 교차로부근,승용,남,41세,상해없음,화물,남,73세,중상
2020071500100147,2020년 7월 15일 09시,수요일,대구광역시 동구 신암동,부상신고사고,0,0,0,1,차대차 - 측면충돌,안전운전불이행,건조,맑음,단일로 - 기타,승합,남,44세,상해없음,승용,여,47세,부상신고
2020071500100175,2020년 7월 15일 10시,수요일,대구광역시 동구 미곡동,경상사고,0,0,3,1,차대차 - 추돌,안전거리미확보,젖음/습기,비,교차로 - 교차로안,승용,여,41세,상해없음,승용,남,67세,경상
2020071500100240,2020년 7월 15일 12시,수요일,대구광역시 남구 봉덕동,경상사고,0,0,1,0,차대차 - 기타,중앙선침범,건조,맑음,단일로 - 기타,승용,남,32세,상해없음,이륜,남,56세,경상
2020071500100241,2020년 7월 15일 12시,수요일,대구광역시 남구 대명동,부상신고사고,0,0,0,1,차대사람 - 기타,안전운전불이행,건조,맑음,단일로 - 기타,기타불명,기타불명,미분류,기타불명,보행자,남,19세,부상신고
2020071500100274,2020년 7월 15일 13시,수요일,대구광역시 달서구 유천동,중상사고,0,1,2,0,차대차 - 측면충돌,안전운전불이행,건조,맑음,단일로 - 기타,원동기,남,24세,중상,승용,여,41세,경상
2020071500100275,2020년 7월 15일 13시,수요일,대구광역시 북구 산격동,경상사고,0,0,1,0,차대차 - 측면충돌,안전운전불이행,건조,맑음,교차로 - 교차로횡단보도내,승용,남,59세,상해없음,자전거,여,9세,경상
2020071500100276,2020년 7월 15일 13시,수요일,대구광역시 북구 침산동,경상사고,0,0,1,0,차대차 - 기타,안전운전불이행,건조,맑음,단일로 - 기타,승용,여,39세,상해없음,자전거,여,60세,경상
2020071500100303,2020년 7월 15일 14시,수요일,대구광역시 서구 내당동,부상신고사고,0,0,0,2,차대차 - 측면충돌,안전운전불이행,건조,맑음,단일로 - 기타,이륜,남,37세,부상신고,승용,남,19세,부상신고
2020071500100304,2020년 7월 15일 14시,수요일,대구광역시 북구 구암동,경상사고,0,0,1,0,차대차 - 측면충돌,안전운전불이행,건조,맑음,교차로 - 교차로부근,승용,여,51세,상해없음,자전거,여,63세,경상
2020071500100385,2020년 7월 15일 16시,수요일,대구광역시 달서구 대천동,경상사고,0,0,3,0,차대차 - 추돌,안전운전불이행,건조,맑음,단일로 - 기타,승용,남,44세,상해없음,승용,여,61세,경상
2020071500100425,2020년 7월 15일 17시,수요일,대구광역시 달서구 도원동,경상사고,0,0,1,0,차대차 - 추돌,안전운전불이행,건조,맑음,단일로 - 기타,화물,남,60세,상해없음,승용,남,28세,경상
2020071500100426,2020년 7월 15일 17시,수요일,대구광역시 북구 침산동,경상사고,0,0,1,0,차대차 - 기타,안전운전불이행,건조,맑음,단일로 - 기타,화물,남,57세,상해없음,자전거,남,63세,경상
2020071500100484,2020년 7월 15일 18시,수요일,대구광역시 남구 대명동,경상사고,0,0,1,1,차대차 - 정면충돌,직진우회전진행방해,젖음/습기,흐림,교차로 - 교차로안,승용,남,43세,부상신고,이륜,남,52세,경상
2020071500100485,2020년 7월 15일 18시,수요일,대구광역시 수성구 범어동,경상사고,0,0,1,0,차대차 - 측면충돌,안전운전불이행,건조,맑음,단일로 - 기타,승용,남,26세,상해없음,승용,여,31세,경상
2020071500100524,2020년 7월 15일 19시,수요일,대구광역시 달서구 이곡동,경상사고,0,0,1,0,차대사람 - 횡단중,보행자보호의무위반,건조,흐림,교차로 - 교차로횡단보도내,승용,남,56세,상해없음,보행자,남,64세,경상
2020071500100559,2020년 7월 15일 20시,수요일,대구광역시 수성구 황금동,중상사고,0,1,0,0,차대사람 - 횡단중,신호위반,건조,맑음,교차로 - 교차로부근,승용,여,32세,기타불명,보행자,남,35세,중상
2020071500100583,2020년 7월 15일 21시,수요일,대구광역시 동구 방촌동,경상사고,0,0,3,0,차대차 - 후진중충돌,안전운전불이행,건조,맑음,단일로 - 기타,승용,여,60세,상해없음,승용,남,23세,경상
2020071500100584,2020년 7월 15일 21시,수요일,대구광역시 수성구 지산동,중상사고,0,1,2,0,차대차 - 측면충돌,교차로운행방법위반,건조,맑음,교차로 - 교차로안,승용,남,36세,경상,승용,남,64세,중상
2020071500100607,2020년 7월 15일 22시,수요일,대구광역시 수성구 만촌동,중상사고,0,1,0,0,차대차 - 추돌,안전운전불이행,건조,맑음,단일로 - 기타,승용,여,62세,상해없음,이륜,남,35세,중상
2020071500100608,2020년 7월 15일 22시,수요일,대구광역시 달서구 유천동,경상사고,0,0,1,0,차대차 - 측면충돌,안전운전불이행,건조,맑음,교차로 - 교차로횡단보도내,승용,남,20세,상해없음,자전거,여,18세,경상
2020071500100609,2020년 7월 15일 22시,수요일,대구광역시 달서구 상인동,경상사고,0,0,1,0,차대차 - 후진중충돌,안전운전불이행,건조,맑음,단일로 - 기타,승용,남,19세,상해없음,이륜,남,22세,경상
2020071500100622,2020년 7월 15일 23시,수요일,대구광역시 달성군 논공읍,중상사고,0,1,0,0,차대차 - 측면충돌,신호위반,젖음/습기,흐림,교차로 - 교차로부근,승용,남,66세,상해없음,이륜,남,27세,중상
2020071600100024,2020년 7월 16일 01시,목요일,대구광역시 수성구 만촌동,중상사고,0,1,0,0,차대사람 - 횡단중,안전운전불이행,건조,맑음,단일로 - 기타,기타불명,기타불명,미분류,기타불명,보행자,남,66세,중상
2020071600100044,2020년 7월 16일 04시,목요일,대구광역시 남구 봉덕동,부상신고사고,0,0,0,1,차대차 - 측면충돌,안전운전불이행,건조,맑음,단일로 - 기타,승용,남,71세,상해없음,이륜,남,26세,부상신고
2020071600100045,2020년 7월 16일 04시,목요일,대구광역시 남구 봉덕동,중상사고,0,1,2,0,차대차 - 측면충돌,과속,건조,맑음,교차로 - 교차로부근,승용,남,77세,중상,승용,남,25세,경상
2020071600100065,2020년 7월 16일 06시,목요일,대구광역시 북구 관음동,경상사고,0,0,1,0,차대차 - 기타,안전거리미확보,건조,맑음,단일로 - 기타,승용,남,41세,상해없음,승용,남,25세,경상
2020071600100084,2020년 7월 16일 07시,목요일,대구광역시 달서구 상인동,경상사고,0,0,5,0,차대차 - 측면충돌,교차로운행방법위반,건조,맑음,교차로 - 교차로안,승용,남,68세,경상,승용,여,44세,경상
2020071600100147,2020년 7월 16일 09시,목요일,대구광역시 남구 대명동,경상사고,0,0,1,1,차대차 - 추돌,안전운전불이행,건조,맑음,단일로 - 기타,승용,남,67세,부상신고,승용,여,38세,경상
2020071600100148,2020년 7월 16일 09시,목요일,대구광역시 동구 백안동,경상사고,0,0,1,0,차대차 - 추돌,안전운전불이행,건조,맑음,단일로 - 기타,승용,남,61세,상해없음,승용,여,59세,경상
2020071600100194,2020년 7월 16일 10시,목요일,대구광역시 달성군 현풍읍,중상사고,0,1,0,0,차대차 - 기타,안전운전불이행,건조,맑음,기타 - 기타,이륜,남,75세,중상,승용,남,32세,상해없음
2020071600100195,2020년 7월 16일 10시,목요일,대구광역시 달성군 가창면,중상사고,0,1,0,0,차대차 - 기타,안전운전불이행,건조,맑음,단일로 - 기타,특수,남,48세,상해없음,승합,남,64세,상해없음
2020071600100263,2020년 7월 16일 12시,목요일,대구광역시 서구 내당동,경상사고,0,0,1,0,차대차 - 측면충돌,안전거리미확보,건조,맑음,교차로 - 교차로부근,승용,남,36세,상해없음,승용,여,56세,경상
2020071600100264,2020년 7월 16일 12시,목요일,대구광역시 북구 매천동,중상사고,0,1,0,0,차대차 - 추돌,안전운전불이행,건조,맑음,단일로 - 기타,승용,여,55세,상해없음,승용,남,71세,상해없음
2020071600100300,2020년 7월 16일 13시,목요일,대구광역시 수성구 신매동,경상사고,0,0,1,0,차대사람 - 보도통행중,안전운전불이행,건조,맑음,교차로 - 교차로안,이륜,남,81세,상해없음,보행자,남,63세,경상
2020071600100374,2020년 7월 16일 15시,목요일,대구광역시 수성구 상동,경상사고,0,0,1,0,차대차 - 측면충돌,안전운전불이행,건조,맑음,단일로 - 기타,승합,남,55세,상해없음,승용,여,46세,경상
2020071600100375,2020년 7월 16일 15시,목요일,대구광역시 북구 대현동,경상사고,0,0,2,0,차대차 - 기타,안전거리미확보,건조,맑음,단일로 - 기타,승합,남,32세,기타불명,승용,여,33세,경상
2020071600100416,2020년 7월 16일 16시,목요일,대구광역시 동구 각산동,경상사고,0,0,1,0,차대차 - 기타,안전운전불이행,건조,맑음,교차로 - 교차로안,승합,남,66세,상해없음,화물,남,27세,경상
2020071600100417,2020년 7월 16일 16시,목요일,대구광역시 달서구 이곡동,중상사고,0,1,1,0,차대차 - 측면충돌,안전운전불이행,건조,맑음,교차로 - 교차로안,승용,남,59세,경상,승용,남,40세,중상
2020071600100468,2020년 7월 16일 17시,목요일,대구광역시 수성구 시지동,경상사고,0,0,5,0,차대차 - 추돌,안전운전불이행,건조,맑음,단일로 - 기타,승용,남,21세,상해없음,승합,남,44세,경상
2020071600100524,2020년 7월 16일 18시,목요일,대구광역시 서구 평리동,중상사고,0,1,0,0,차대차 - 측면충돌,안전운전불이행,건조,맑음,단일로 - 기타,이륜,남,33세,중상,승용,남,52세,상해없음
2020071600100525,2020년 7월 16일 18시,목요일,대구광역시 달서구 장기동,경상사고,0,0,1,0,차대차 - 추돌,안전운전불이행,건조,맑음,단일로 - 기타,이륜,남,18세,상해없음,승용,남,28세,경상
2020071600100526,2020년 7월 16일 18시,목요일,대구광역시 달서구 죽전동,경상사고,0,0,2,0,차대차 - 추돌,안전운전불이행,건조,맑음,단일로 - 기타,승용,남,26세,상해없음,승용,남,43세,경상
2020071600100554,2020년 7월 16일 19시,목요일,대구광역시 수성구 만촌동,경상사고,0,0,2,0,차대차 - 기타,안전운전불이행,건조,맑음,교차로 - 교차로부근,승용,남,62세,상해없음,승용,남,59세,경상
2020071600100555,2020년 7월 16일 19시,목요일,대구광역시 서구 평리동,경상사고,0,0,1,0,차대차 - 측면충돌,안전운전불이행,건조,맑음,교차로 - 교차로안,승용,여,46세,상해없음,자전거,남,8세,경상
2020071600100607,2020년 7월 16일 21시,목요일,대구광역시 남구 봉덕동,부상신고사고,0,0,0,1,차대사람 - 기타,안전운전불이행,건조,맑음,교차로 - 교차로부근,승용,남,43세,상해없음,보행자,여,22세,부상신고
2020071600100608,2020년 7월 16일 21시,목요일,대구광역시 수성구 두산동,경상사고,0,0,1,0,차대사람 - 차도통행중,안전운전불이행,건조,맑음,단일로 - 기타,승용,여,62세,상해없음,보행자,여,56세,경상
2020071600100609,2020년 7월 16일 21시,목요일,대구광역시 달서구 대곡동,경상사고,0,0,1,0,차대차 - 기타,신호위반,건조,맑음,교차로 - 교차로안,이륜,남,24세,경상,화물,여,63세,상해없음
2020071600100610,2020년 7월 16일 21시,목요일,대구광역시 북구 산격동,경상사고,0,0,1,0,차대차 - 측면충돌,기타,건조,맑음,단일로 - 기타,이륜,남,55세,경상,승용,남,22세,상해없음
2020071600100611,2020년 7월 16일 21시,목요일,대구광역시 북구 침산동,경상사고,0,0,2,0,차대차 - 측면충돌,신호위반,건조,맑음,교차로 - 교차로안,승용,여,22세,상해없음,승용,남,54세,경상
2020071600100612,2020년 7월 16일 21시,목요일,대구광역시 북구 국우동,경상사고,0,0,1,0,차대차 - 측면충돌,불법유턴,건조,맑음,교차로 - 교차로안,승용,남,19세,상해없음,승용,남,29세,경상
2020071600100642,2020년 7월 16일 22시,목요일,대구광역시 수성구 범어동,경상사고,0,0,1,0,차대차 - 기타,안전운전불이행,건조,맑음,단일로 - 기타,승용,여,48세,상해없음,이륜,남,28세,경상
2020071600100643,2020년 7월 16일 22시,목요일,대구광역시 수성구 만촌동,중상사고,0,2,0,0,차대차 - 측면충돌,과속,건조,맑음,교차로 - 교차로안,승용,남,31세,중상,이륜,남,37세,중상
2020071600100644,2020년 7월 16일 22시,목요일,대구광역시 수성구 중동,경상사고,0,0,1,0,차대차 - 측면충돌,안전운전불이행,건조,맑음,단일로 - 기타,승용,남,48세,상해없음,자전거,여,63세,경상
2020071700100029,2020년 7월 17일 03시,금요일,대구광역시 달성군 다사읍,경상사고,0,0,1,0,차대차 - 기타,교차로운행방법위반,건조,맑음,교차로 - 교차로안,승용,남,49세,상해없음,이륜,남,24세,경상
2020071700100030,2020년 7월 17일 03시,금요일,대구광역시 달서구 용산동,중상사고,0,1,0,0,차대사람 - 기타,안전운전불이행,건조,맑음,단일로 - 기타,승용,남,47세,상해없음,보행자,남,61세,중상
2020071700100059,2020년 7월 17일 06시,금요일,대구광역시 달서구 호산동,경상사고,0,0,1,0,차대차 - 측면충돌,안전운전불이행,건조,맑음,단일로 - 기타,승용,여,52세,상해없음,승용,남,28세,경상
2020071700100110,2020년 7월 17일 08시,금요일,대구광역시 수성구 범물동,중상사고,0,1,2,0,차대차 - 측면충돌,신호위반,건조,맑음,교차로 - 교차로안,승용,여,29세,경상,승용,남,62세,경상
2020071700100111,2020년 7월 17일 08시,금요일,대구광역시 달성군 현풍읍,중상사고,0,1,0,0,차대차 - 측면충돌,안전운전불이행,건조,맑음,단일로 - 기타,기타불명,기타불명,미분류,기타불명,이륜,남,73세,중상
2020071700100112,2020년 7월 17일 08시,금요일,대구광역시 북구 구암동,경상사고,0,0,2,0,차대차 - 측면충돌,교차로운행방법위반,건조,맑음,교차로 - 교차로안,승용,여,49세,경상,승용,여,32세,경상
2020071700100145,2020년 7월 17일 09시,금요일,대구광역시 서구 상리동,경상사고,0,0,3,0,차대차 - 측면충돌,안전거리미확보,건조,맑음,단일로 - 기타,화물,남,21세,경상,승용,여,75세,경상
2020071700100146,2020년 7월 17일 09시,금요일,대구광역시 달서구 감삼동,경상사고,0,0,2,0,차대차 - 측면충돌,교차로운행방법위반,건조,맑음,단일로 - 기타,승용,여,57세,경상,원동기,남,60세,경상
2020071700100169,2020년 7월 17일 10시,금요일,대구광역시 수성구 수성동4가,경상사고,0,0,1,0,차대차 - 측면충돌,안전거리미확보,건조,맑음,교차로 - 교차로부근,건설기계,남,66세,상해없음,승용,남,57세,경상
2020071700100170,2020년 7월 17일 10시,금요일,대구광역시 서구 평리동,경상사고,0,0,1,0,차대차 - 추돌,안전운전불이행,건조,맑음,교차로 - 교차로안,이륜,남,38세,상해없음,승용,남,60세,경상
2020071700100171,2020년 7월 17일 10시,금요일,대구광역시 북구 조야동,경상사고,0,0,1,0,차대차 - 측면충돌,안전운전불이행,건조,맑음,단일로 - 기타,승용,남,67세,상해없음,승용,남,23세,경상
2020071700100198,2020년 7월 17일 11시,금요일,대구광역시 달성군 하빈면,경상사고,0,0,1,0,차대차 - 추돌,교차로운행방법위반,건조,맑음,교차로 - 교차로안,승용,남,81세,상해없음,승용,여,52세,경상
2020071700100199,2020년 7월 17일 11시,금요일,대구광역시 서구 내당동,경상사고,0,0,1,0,차대차 - 추돌,안전거리미확보,건조,맑음,단일로 - 기타,승용,여,38세,상해없음,승용,남,52세,경상
2020071700100238,2020년 7월 17일 12시,금요일,대구광역시 달서구 진천동,경상사고,0,0,1,0,차대차 - 측면충돌,안전거리미확보,건조,맑음,단일로 - 기타,이륜,남,18세,상해없음,승용,여,67세,경상
2020071700100319,2020년 7월 17일 14시,금요일,대구광역시 달서구 도원동,경상사고,0,0,1,0,차대차 - 측면충돌,직진우회전진행방해,건조,맑음,단일로 - 기타,승합,남,36세,상해없음,승용,남,51세,경상
2020071700100320,2020년 7월 17일 14시,금요일,대구광역시 달서구 본리동,경상사고,0,0,1,0,차대차 - 측면충돌,신호위반,건조,맑음,교차로 - 교차로안,승용,남,60세,상해없음,승용,남,26세,경상
2020071700100321,2020년 7월 17일 14시,금요일,대구광역시 북구 칠성동2가,경상사고,0,0,1,0,차대차 - 기타,기타,건조,맑음,교차로 - 교차로횡단보도내,승용,여,38세,상해없음,자전거,여,7세,경상
2020071700100409,2020년 7월 17일 16시,금요일,대구광역시 수성구 중동,경상사고,0,0,1,0,차대차 - 기타,안전운전불이행,건조,맑음,단일로 - 기타,화물,남,33세,상해없음,승용,남,75세,경상
2020071700100410,2020년 7월 17일 16시,금요일,대구광역시 달서구 용산동,경상사고,0,0,1,0,차대차 - 후진중충돌,불법유턴,건조,맑음,단일로 - 기타,승용,남,55세,상해없음,승용,여,33세,상해없음
2020071700100466,2020년 7월 17일 17시,금요일,대구광역시 남구 대명동,경상사고,0,0,1,0,차대차 - 기타,안전거리미확보,건조,맑음,단일로 - 기타,승용,남,69세,상해없음,승합,남,60세,상해없음
2020071700100467,2020년 7월 17일 17시,금요일,대구광역시 동구 신암동,경상사고,0,0,1,0,차대차 - 추돌,안전운전불이행,건조,맑음,교차로 - 교차로부근,승용,남,51세,상해없음,승용,남,59세,경상
2020071700100468,2020년 7월 17일 17시,금요일,대구광역시 달서구 대곡동,중상사고,0,1,1,0,차대차 - 기타,신호위반,건조,맑음,교차로 - 교차로안,승용,여,56세,상해없음,승용,남,71세,상해없음
2020071700100469,2020년 7월 17일 17시,금요일,대구광역시 달성군 유가읍,경상사고,0,0,3,0,차대차 - 기타,안전운전불이행,건조,맑음,교차로 - 교차로부근,화물,남,50세,상해없음,승용,남,82세,경상
2020071700100470,2020년 7월 17일 17시,금요일,대구광역시 서구 이현동,경상사고,0,0,1,0,차대차 - 측면충돌,안전운전불이행,건조,맑음,단일로 - 기타,승용,남,55세,상해없음,승용,남,49세,경상
2020071700100471,2020년 7월 17일 17시,금요일,대구광역시 서구 평리동,경상사고,0,0,1,0,차대차 - 측면충돌,안전운전불이행,건조,맑음,단일로 - 기타,화물,여,65세,상해없음,승용,남,62세,경상
2020071700100472,2020년 7월 17일 17시,금요일,대구광역시 중구 봉산동,경상사고,0,0,1,0,차대차 - 측면충돌,안전거리미확보,건조,맑음,단일로 - 기타,승용,여,65세,상해없음,승용,남,31세,경상
2020071700100473,2020년 7월 17일 17시,금요일,대구광역시 중구 대봉동,경상사고,0,0,2,0,차대차 - 측면충돌,안전운전불이행,건조,맑음,단일로 - 기타,승용,남,70세,상해없음,승용,여,49세,경상
2020071700100474,2020년 7월 17일 17시,금요일,대구광역시 북구 팔달동,부상신고사고,0,0,0,1,차대차 - 측면충돌,안전운전불이행,건조,맑음,기타 - 기타,승용,남,49세,상해없음,이륜,남,83세,부상신고
2020071700100519,2020년 7월 17일 18시,금요일,대구광역시 남구 대명동,경상사고,0,0,1,1,차대차 - 측면충돌,안전운전불이행,건조,맑음,단일로 - 기타,승용,남,44세,부상신고,승용,남,37세,경상
2020071700100520,2020년 7월 17일 18시,금요일,대구광역시 남구 대명동,경상사고,0,0,1,0,차대차 - 측면충돌,안전운전불이행,건조,맑음,기타 - 기타,승용,여,40세,상해없음,승용,여,25세,경상
2020071700100521,2020년 7월 17일 18시,금요일,대구광역시 수성구 만촌동,경상사고,0,0,1,0,차대차 - 측면충돌,안전거리미확보,건조,맑음,교차로 - 교차로부근,승용,남,38세,상해없음,승용,남,62세,경상
2020071700100522,2020년 7월 17일 18시,금요일,대구광역시 북구 칠성동2가,경상사고,0,0,1,0,차대차 - 기타,안전운전불이행,건조,맑음,단일로 - 기타,승용,여,60세,상해없음,승용,남,24세,경상
2020071700100523,2020년 7월 17일 18시,금요일,대구광역시 북구 대현동,경상사고,0,0,2,0,차대차 - 기타,안전거리미확보,건조,맑음,교차로 - 교차로안,승용,여,25세,상해없음,승용,남,38세,경상
2020071700100524,2020년 7월 17일 18시,금요일,대구광역시 달서구 신당동,경상사고,0,0,1,0,차대사람 - 기타,안전운전불이행,건조,맑음,교차로 - 교차로안,화물,남,50세,상해없음,보행자,남,9세,경상
2020071700100525,2020년 7월 17일 18시,금요일,대구광역시 북구 태전동,경상사고,0,0,3,0,차대차 - 측면충돌,직진우회전진행방해,건조,맑음,교차로 - 교차로안,승용,여,48세,경상,승용,남,62세,경상