사고번호,사고일시,요일,시군구,사고내용,사망자수,중상자수,경상자수,부상신고자수,사고유형,법규위반,노면상태,기상상태,도로형태,가해운전자 차종,가해운전자 성별,가해운전자 연령,가해운전자 상해정도,피해운전자 차종,피해운전자 성별,피해운전자 연령,피해운전자 상해정도
2020071700100526,2020년 7월 17일 18시,금요일,대구광역시 북구 태전동,사망사고,1,0,0,0,차대사람 - 횡단중,안전운전불이행,건조,맑음,교차로 - 교차로부근,승합,남,46세,상해없음,보행자,여,81세,사망
2020071700100527,2020년 7월 17일 18시,금요일,대구광역시 북구 태전동,경상사고,0,0,1,0,차대사람 - 기타,기타,건조,맑음,단일로 - 기타,승합,남,60세,상해없음,보행자,여,25세,경상
2020071700100571,2020년 7월 17일 19시,금요일,대구광역시 달서구 송현동,경상사고,0,0,5,0,차대차 - 측면충돌,안전거리미확보,건조,맑음,단일로 - 기타,승용,남,70세,경상,승용,남,20세,경상
2020071700100572,2020년 7월 17일 19시,금요일,대구광역시 달서구 두류동,경상사고,0,0,1,0,차대사람 - 기타,안전운전불이행,건조,맑음,단일로 - 기타,승용,남,25세,상해없음,보행자,여,46세,경상
2020071700100617,2020년 7월 17일 20시,금요일,대구광역시 동구 서호동,경상사고,0,0,3,0,차대차 - 측면충돌,차로위반,건조,맑음,단일로 - 교량,승용,여,50세,상해없음,승용,남,56세,경상
2020071700100618,2020년 7월 17일 20시,금요일,대구광역시 수성구 신매동,경상사고,0,0,3,0,차대차 - 측면충돌,신호위반,건조,맑음,교차로 - 교차로안,승합,남,45세,상해없음,승용,남,50세,경상
2020071700100685,2020년 7월 17일 22시,금요일,대구광역시 북구 태전동,경상사고,0,0,1,0,차대차 - 기타,안전운전불이행,건조,맑음,단일로 - 기타,승용,여,26세,기타불명,승용,여,39세,경상
2020071700100706,2020년 7월 17일 23시,금요일,대구광역시 수성구 황금동,경상사고,0,0,1,0,차대차 - 기타,안전운전불이행,건조,맑음,단일로 - 기타,승용,남,38세,상해없음,이륜,남,38세,경상
2020071800100011,2020년 7월 18일 00시,토요일,대구광역시 북구 태전동,경상사고,0,0,1,0,차대차 - 측면충돌,안전거리미확보,건조,맑음,단일로 - 기타,승용,남,52세,상해없음,승용,남,33세,경상
2020071800100022,2020년 7월 18일 01시,토요일,대구광역시 달서구 월성동,경상사고,0,0,1,0,차대차 - 기타,안전운전불이행,건조,맑음,단일로 - 기타,승용,남,55세,상해없음,승용,남,55세,상해없음
2020071800100023,2020년 7월 18일 01시,토요일,대구광역시 서구 평리동,경상사고,0,0,1,0,차대차 - 추돌,안전운전불이행,건조,맑음,교차로 - 교차로부근,승용,남,61세,상해없음,승용,남,40세,경상
2020071800100050,2020년 7월 18일 03시,토요일,대구광역시 북구 복현동,경상사고,0,0,1,1,차대차 - 추돌,안전운전불이행,건조,맑음,단일로 - 기타,승용,남,54세,상해없음,승용,남,61세,경상
2020071800100068,2020년 7월 18일 05시,토요일,대구광역시 달서구 도원동,중상사고,0,1,0,0,차대차 - 측면충돌,신호위반,건조,맑음,교차로 - 교차로횡단보도내,승용,여,54세,상해없음,자전거,남,48세,중상
2020071800100069,2020년 7월 18일 05시,토요일,대구광역시 달서구 감삼동,경상사고,0,0,3,0,차대차 - 추돌,안전운전불이행,건조,맑음,교차로 - 교차로부근,승용,남,25세,상해없음,승용,남,18세,경상
2020071800100080,2020년 7월 18일 06시,토요일,대구광역시 남구 대명동,경상사고,0,0,1,0,차대차 - 기타,안전운전불이행,건조,맑음,교차로 - 교차로횡단보도내,이륜,남,19세,경상,이륜,남,36세,상해없음
2020071800100081,2020년 7월 18일 06시,토요일,대구광역시 남구 봉덕동,경상사고,0,0,1,0,차대차 - 후진중충돌,안전운전불이행,건조,맑음,기타 - 기타,승용,남,62세,상해없음,승용,남,24세,경상
2020071800100136,2020년 7월 18일 09시,토요일,대구광역시 달성군 다사읍,경상사고,0,0,1,0,차대차 - 후진중충돌,안전운전불이행,건조,맑음,교차로 - 교차로부근,화물,남,49세,상해없음,승용,여,55세,경상
2020071800100137,2020년 7월 18일 09시,토요일,대구광역시 북구 침산동,중상사고,0,1,0,0,차대사람 - 길가장자리구역통행중,안전운전불이행,건조,맑음,단일로 - 기타,승용,남,66세,상해없음,보행자,여,48세,중상
2020071800100138,2020년 7월 18일 09시,토요일,대구광역시 달서구 성당동,중상사고,0,1,0,0,차대사람 - 차도통행중,안전운전불이행,건조,맑음,단일로 - 기타,화물,남,67세,상해없음,보행자,여,77세,중상
2020071800100234,2020년 7월 18일 12시,토요일,대구광역시 동구 지묘동,경상사고,0,0,1,0,차대사람 - 기타,안전운전불이행,건조,맑음,주차장 - 주차장,승용,남,40세,상해없음,보행자,남,30세,경상
2020071800100235,2020년 7월 18일 12시,토요일,대구광역시 동구 방촌동,부상신고사고,0,0,0,1,차대사람 - 길가장자리구역통행중,안전운전불이행,건조,맑음,단일로 - 기타,기타불명,기타불명,미분류,기타불명,보행자,여,26세,부상신고
2020071800100236,2020년 7월 18일 12시,토요일,대구광역시 서구 중리동,경상사고,0,0,1,0,차대차 - 측면충돌,안전운전불이행,건조,맑음,단일로 - 기타,이륜,남,59세,상해없음,자전거,남,53세,경상
2020071800100279,2020년 7월 18일 13시,토요일,대구광역시 서구 평리동,경상사고,0,0,1,0,차대사람 - 기타,안전운전불이행,건조,맑음,단일로 - 기타,승용,남,71세,상해없음,보행자,여,57세,경상
2020071800100280,2020년 7월 18일 13시,토요일,대구광역시 달서구 감삼동,부상신고사고,0,0,0,1,차대차 - 측면충돌,교차로운행방법위반,건조,맑음,교차로 - 교차로안,자전거,남,16세,부상신고,승용,여,52세,상해없음
2020071800100328,2020년 7월 18일 14시,토요일,대구광역시 동구 신천동,경상사고,0,0,1,0,차대차 - 측면충돌,안전운전불이행,건조,맑음,단일로 - 기타,승용,남,57세,상해없음,승용,여,58세,경상
2020071800100368,2020년 7월 18일 15시,토요일,대구광역시 남구 봉덕동,경상사고,0,0,1,0,차대차 - 측면충돌,신호위반,건조,맑음,교차로 - 교차로안,승용,남,36세,상해없음,이륜,남,37세,경상
2020071800100369,2020년 7월 18일 15시,토요일,대구광역시 동구 봉무동,경상사고,0,0,2,0,차량단독 - 공작물충돌,안전운전불이행,건조,맑음,단일로 - 기타,승용,남,69세,상해없음,,,,
2020071800100370,2020년 7월 18일 15시,토요일,대구광역시 달서구 상인동,중상사고,0,1,0,0,차대차 - 측면충돌,안전운전불이행,건조,맑음,단일로 - 기타,승용,남,59세,상해없음,자전거,남,9세,중상
2020071800100371,2020년 7월 18일 15시,토요일,대구광역시 서구 평리동,부상신고사고,0,0,0,1,차대사람 - 기타,안전운전불이행,건조,맑음,단일로 - 기타,승용,남,71세,상해없음,보행자,여,43세,부상신고
2020071800100404,2020년 7월 18일 16시,토요일,대구광역시 동구 불로동,부상신고사고,0,0,0,1,차대차 - 추돌,안전운전불이행,건조,맑음,단일로 - 기타,이륜,남,22세,부상신고,화물,여,64세,기타불명
2020071800100443,2020년 7월 18일 17시,토요일,대구광역시 북구 산격동,부상신고사고,0,0,0,1,차대차 - 측면충돌,안전운전불이행,건조,맑음,교차로 - 교차로안,자전거,남,34세,부상신고,승용,남,28세,상해없음
2020071800100444,2020년 7월 18일 17시,토요일,대구광역시 북구 칠성동2가,경상사고,0,0,1,0,차대차 - 측면충돌,안전운전불이행,건조,맑음,교차로 - 교차로안,승용,남,22세,상해없음,이륜,남,32세,경상
2020071800100445,2020년 7월 18일 17시,토요일,대구광역시 달서구 장기동,경상사고,0,0,1,0,차대차 - 측면충돌,안전운전불이행,건조,맑음,단일로 - 기타,승용,여,59세,상해없음,승용,남,49세,경상
2020071800100476,2020년 7월 18일 18시,토요일,대구광역시 남구 봉덕동,경상사고,0,0,1,1,차대차 - 측면충돌,안전운전불이행,건조,맑음,단일로 - 기타,승용,남,41세,상해없음,승용,남,42세,부상신고
2020071800100477,2020년 7월 18일 18시,토요일,대구광역시 남구 봉덕동,경상사고,0,0,1,0,차대차 - 기타,직진우회전진행방해,건조,맑음,교차로 - 교차로안,승용,여,48세,상해없음,승합,남,54세,상해없음
2020071800100505,2020년 7월 18일 19시,토요일,대구광역시 동구 신천동,경상사고,0,0,1,0,차대사람 - 기타,안전운전불이행,건조,맑음,주차장 - 주차장,승용,남,31세,상해없음,보행자,남,65세,경상
2020071800100506,2020년 7월 18일 19시,토요일,대구광역시 달성군 가창면,경상사고,0,0,3,0,차대차 - 기타,안전거리미확보,건조,맑음,교차로 - 교차로안,화물,남,52세,상해없음,승용,여,42세,경상
2020071800100507,2020년 7월 18일 19시,토요일,대구광역시 북구 산격동,경상사고,0,0,2,0,차대차 - 기타,안전운전불이행,건조,맑음,교차로 - 교차로안,이륜,남,20세,상해없음,승용,여,26세,경상
2020071800100508,2020년 7월 18일 19시,토요일,대구광역시 북구 연경동,경상사고,0,0,3,0,차대차 - 측면충돌,안전거리미확보,건조,맑음,단일로 - 기타,승용,남,76세,상해없음,승용,남,39세,경상
2020071800100539,2020년 7월 18일 20시,토요일,대구광역시 동구 신암동,경상사고,0,0,1,0,차대차 - 기타,안전운전불이행,젖음/습기,비,교차로 - 교차로부근,승용,남,68세,상해없음,승용,여,23세,경상
2020071800100540,2020년 7월 18일 20시,토요일,대구광역시 수성구 황금동,경상사고,0,0,1,0,차대차 - 측면충돌,안전운전불이행,건조,맑음,기타 - 기타,승용,남,46세,기타불명,승용,남,64세,경상
2020071800100541,2020년 7월 18일 20시,토요일,대구광역시 달성군 다사읍,경상사고,0,0,2,0,차대차 - 기타,안전운전불이행,건조,맑음,단일로 - 기타,개인형이동수단(PM),여,20세,경상,이륜,남,39세,경상
2020071800100576,2020년 7월 18일 21시,토요일,대구광역시 동구 방촌동,중상사고,0,1,0,0,차대차 - 기타,기타,건조,맑음,교차로 - 교차로부근,승용,남,25세,상해없음,이륜,남,58세,중상
2020071800100577,2020년 7월 18일 21시,토요일,대구광역시 달서구 대곡동,경상사고,0,0,1,0,차대차 - 측면충돌,안전거리미확보,건조,맑음,단일로 - 기타,승용,여,50세,상해없음,이륜,남,55세,경상
2020071800100578,2020년 7월 18일 21시,토요일,대구광역시 서구 평리동,중상사고,0,1,0,1,차대차 - 측면충돌,안전운전불이행,건조,맑음,단일로 - 기타,이륜,남,26세,부상신고,승용,여,54세,상해없음
2020071800100605,2020년 7월 18일 22시,토요일,대구광역시 서구 내당동,경상사고,0,0,3,0,차대차 - 추돌,안전거리미확보,건조,맑음,교차로 - 교차로부근,승용,여,51세,상해없음,승용,남,22세,경상
2020071900100013,2020년 7월 19일 00시,일요일,대구광역시 수성구 연호동,중상사고,0,1,1,0,차대차 - 추돌,안전거리미확보,건조,맑음,교차로 - 교차로부근,이륜,남,36세,상해없음,승용,여,33세,경상
2020071900100014,2020년 7월 19일 00시,일요일,대구광역시 달서구 신당동,중상사고,0,2,0,0,차대차 - 측면충돌,신호위반,건조,맑음,교차로 - 교차로횡단보도내,이륜,남,21세,중상,이륜,남,52세,중상
2020071900100028,2020년 7월 19일 01시,일요일,대구광역시 서구 평리동,부상신고사고,0,0,0,1,차대차 - 측면충돌,과속,건조,맑음,단일로 - 기타,승용,남,56세,부상신고,이륜,남,26세,상해없음
2020071900100088,2020년 7월 19일 06시,일요일,대구광역시 달서구 감삼동,경상사고,0,0,1,0,차대차 - 측면충돌,안전운전불이행,건조,맑음,교차로 - 교차로안,승용,남,20세,상해없음,승용,남,68세,상해없음
2020071900100100,2020년 7월 19일 08시,일요일,대구광역시 남구 봉덕동,경상사고,0,0,1,1,차대차 - 측면충돌,신호위반,건조,맑음,교차로 - 교차로안,원동기,남,46세,부상신고,승용,여,65세,경상
2020071900100142,2020년 7월 19일 11시,일요일,대구광역시 달성군 논공읍,중상사고,0,1,0,0,차대차 - 기타,안전운전불이행,건조,맑음,기타 - 기타,자전거,남,32세,상해없음,자전거,여,55세,상해없음
2020071900100143,2020년 7월 19일 11시,일요일,대구광역시 북구 동천동,경상사고,0,0,1,0,차대차 - 기타,안전운전불이행,건조,맑음,단일로 - 기타,승용,여,58세,상해없음,자전거,여,6세,경상
2020071900100211,2020년 7월 19일 14시,일요일,대구광역시 동구 지묘동,중상사고,0,1,0,0,차대차 - 기타,안전운전불이행,건조,맑음,단일로 - 기타,승용,남,73세,상해없음,승용,남,32세,중상
2020071900100212,2020년 7월 19일 14시,일요일,대구광역시 달서구 대천동,경상사고,0,0,2,0,차대차 - 추돌,안전운전불이행,건조,맑음,단일로 - 기타,이륜,남,22세,경상,화물,남,34세,경상
2020071900100213,2020년 7월 19일 14시,일요일,대구광역시 달서구 진천동,경상사고,0,0,1,1,차대차 - 측면충돌,직진우회전진행방해,건조,맑음,교차로 - 교차로안,승용,여,42세,부상신고,승용,여,69세,경상
2020071900100267,2020년 7월 19일 16시,일요일,대구광역시 수성구 신매동,중상사고,0,1,0,0,차대차 - 측면충돌,안전거리미확보,건조,흐림,교차로 - 교차로부근,승용,남,61세,상해없음,승용,남,62세,중상
2020071900100268,2020년 7월 19일 16시,일요일,대구광역시 달서구 진천동,경상사고,0,0,1,0,차대차 - 기타,안전운전불이행,건조,맑음,단일로 - 기타,승용,여,36세,상해없음,자전거,남,50세,경상
2020071900100289,2020년 7월 19일 17시,일요일,대구광역시 수성구 황금동,부상신고사고,0,0,0,1,차대차 - 기타,기타,건조,맑음,단일로 - 기타,기타불명,기타불명,미분류,기타불명,자전거,남,59세,부상신고
2020071900100290,2020년 7월 19일 17시,일요일,대구광역시 북구 산격동,경상사고,0,0,2,0,차대차 - 측면충돌,신호위반,건조,흐림,교차로 - 교차로안,승용,남,50세,상해없음,승용,남,63세,경상
2020071900100326,2020년 7월 19일 18시,일요일,대구광역시 수성구 범어동,경상사고,0,0,2,0,차대차 - 측면충돌,안전거리미확보,건조,맑음,교차로 - 교차로부근,승용,남,73세,상해없음,승용,남,49세,상해없음
2020071900100355,2020년 7월 19일 19시,일요일,대구광역시 남구 봉덕동,경상사고,0,0,1,0,차대차 - 측면충돌,안전운전불이행,건조,맑음,단일로 - 기타,승용,남,53세,상해없음,이륜,남,41세,경상
2020071900100356,2020년 7월 19일 19시,일요일,대구광역시 북구 동천동,경상사고,0,0,2,0,차대차 - 기타,안전거리미확보,건조,맑음,단일로 - 기타,이륜,남,22세,경상,승용,남,29세,경상
2020071900100398,2020년 7월 19일 21시,일요일,대구광역시 달서구 진천동,경상사고,0,0,1,0,차대차 - 측면충돌,안전거리미확보,젖음/습기,흐림,단일로 - 기타,승용,남,26세,상해없음,이륜,남,36세,경상
2020071900100399,2020년 7월 19일 21시,일요일,대구광역시 달서구 송현동,경상사고,0,0,1,1,차대차 - 기타,차로위반,건조,맑음,교차로 - 교차로안,이륜,남,25세,부상신고,이륜,남,30세,경상
2020071900100416,2020년 7월 19일 22시,일요일,대구광역시 북구 복현동,경상사고,0,0,1,0,차대차 - 추돌,안전운전불이행,젖음/습기,비,단일로 - 기타,승용,남,53세,상해없음,승용,남,30세,경상
2020071900100417,2020년 7월 19일 22시,일요일,대구광역시 달서구 용산동,경상사고,0,0,1,0,차대차 - 측면충돌,안전거리미확보,건조,흐림,단일로 - 기타,승용,남,43세,상해없음,승용,여,49세,경상
2020071900100428,2020년 7월 19일 23시,일요일,대구광역시 달서구 진천동,부상신고사고,0,0,0,1,차대차 - 기타,안전운전불이행,건조,맑음,단일로 - 기타,기타불명,기타불명,미분류,기타불명,자전거,남,17세,부상신고
2020071900100429,2020년 7월 19일 23시,일요일,대구광역시 북구 복현동,중상사고,0,1,0,0,차대차 - 측면충돌,안전운전불이행,건조,맑음,단일로 - 기타,승용,남,58세,상해없음,이륜,남,30세,중상
2020072000100032,2020년 7월 20일 04시,월요일,대구광역시 달서구 대곡동,중상사고,0,4,1,0,차대차 - 측면충돌,신호위반,건조,맑음,단일로 - 지하차도(도로)내,승용,남,21세,중상,승용,남,21세,중상
2020072000100038,2020년 7월 20일 05시,월요일,대구광역시 달서구 월성동,경상사고,0,0,1,0,차대차 - 측면충돌,안전운전불이행,건조,맑음,교차로 - 교차로부근,승용,남,50세,상해없음,자전거,남,71세,경상
2020072000100065,2020년 7월 20일 07시,월요일,대구광역시 동구 효목동,중상사고,0,1,1,0,차대차 - 기타,안전운전불이행,건조,맑음,단일로 - 기타,승용,남,53세,기타불명,승용,여,27세,경상
2020072000100066,2020년 7월 20일 07시,월요일,대구광역시 북구 산격동,경상사고,0,0,1,0,차대사람 - 길가장자리구역통행중,안전운전불이행,건조,맑음,단일로 - 기타,승용,남,58세,상해없음,보행자,여,25세,경상
2020072000100115,2020년 7월 20일 08시,월요일,대구광역시 달서구 용산동,중상사고,0,1,0,0,차대차 - 측면충돌,차로위반,젖음/습기,비,단일로 - 기타,승용,남,42세,상해없음,이륜,남,19세,중상
2020072000100144,2020년 7월 20일 09시,월요일,대구광역시 달성군 화원읍,중상사고,0,1,0,0,차대사람 - 기타,안전운전불이행,건조,맑음,단일로 - 기타,승합,남,60세,상해없음,보행자,여,61세,중상
2020072000100170,2020년 7월 20일 10시,월요일,대구광역시 달서구 이곡동,중상사고,0,1,0,0,차대사람 - 횡단중,안전운전불이행,젖음/습기,비,교차로 - 교차로안,화물,남,47세,상해없음,보행자,여,64세,중상
2020072000100200,2020년 7월 20일 11시,월요일,대구광역시 북구 산격동,부상신고사고,0,0,0,1,차대차 - 기타,교차로운행방법위반,건조,맑음,교차로 - 교차로안,이륜,남,25세,부상신고,화물,남,62세,상해없음
2020072000100201,2020년 7월 20일 11시,월요일,대구광역시 중구 계산동2가,경상사고,0,0,1,1,차대차 - 측면충돌,안전거리미확보,건조,맑음,단일로 - 기타,승용,여,53세,부상신고,이륜,남,55세,경상
2020072000100202,2020년 7월 20일 11시,월요일,대구광역시 달서구 감삼동,경상사고,0,0,1,0,차대차 - 기타,안전운전불이행,건조,맑음,단일로 - 기타,자전거,여,53세,경상,이륜,남,27세,상해없음
2020072000100232,2020년 7월 20일 12시,월요일,대구광역시 서구 내당동,중상사고,0,1,0,0,차대차 - 측면충돌,직진우회전진행방해,젖음/습기,비,교차로 - 교차로안,승용,남,58세,상해없음,이륜,남,25세,중상
2020072000100258,2020년 7월 20일 13시,월요일,대구광역시 수성구 황금동,부상신고사고,0,0,0,1,차대차 - 측면충돌,안전거리미확보,건조,맑음,단일로 - 기타,승용,남,72세,상해없음,승용,여,58세,부상신고
2020072000100259,2020년 7월 20일 13시,월요일,대구광역시 수성구 범어동,경상사고,0,0,2,0,차대차 - 후진중충돌,안전운전불이행,건조,맑음,교차로 - 교차로안,승용,남,52세,상해없음,승용,남,50세,경상
2020072000100260,2020년 7월 20일 13시,월요일,대구광역시 북구 산격동,중상사고,0,1,0,0,차대차 - 기타,안전운전불이행,건조,맑음,단일로 - 기타,승용,남,29세,상해없음,이륜,남,42세,중상
2020072000100261,2020년 7월 20일 13시,월요일,대구광역시 북구 구암동,경상사고,0,0,1,0,차대차 - 측면충돌,안전운전불이행,건조,맑음,단일로 - 기타,승용,남,53세,상해없음,원동기,남,24세,경상
2020072000100295,2020년 7월 20일 14시,월요일,대구광역시 동구 동호동,경상사고,0,0,1,0,차대차 - 측면충돌,신호위반,건조,맑음,단일로 - 기타,승용,여,55세,상해없음,자전거,남,29세,경상
2020072000100318,2020년 7월 20일 15시,월요일,대구광역시 동구 율하동,중상사고,0,1,0,0,차대차 - 측면충돌,교차로운행방법위반,건조,맑음,교차로 - 교차로안,승용,남,40세,상해없음,원동기,남,19세,중상
2020072000100319,2020년 7월 20일 15시,월요일,대구광역시 수성구 범어동,경상사고,0,0,2,0,차대차 - 측면충돌,교차로운행방법위반,건조,맑음,교차로 - 교차로횡단보도내,승용,여,53세,상해없음,원동기,남,21세,경상
2020072000100320,2020년 7월 20일 15시,월요일,대구광역시 달서구 송현동,경상사고,0,0,2,1,차대차 - 측면충돌,직진우회전진행방해,건조,맑음,교차로 - 교차로안,승용,남,60세,부상신고,승용,여,48세,경상
2020072000100352,2020년 7월 20일 16시,월요일,대구광역시 남구 대명동,부상신고사고,0,0,0,1,차대사람 - 보도통행중,안전운전불이행,건조,맑음,기타 - 기타,기타불명,기타불명,미분류,기타불명,보행자,남,25세,부상신고
2020072000100353,2020년 7월 20일 16시,월요일,대구광역시 수성구 범어동,경상사고,0,0,1,0,차대차 - 기타,차로위반,건조,맑음,단일로 - 기타,승용,여,38세,상해없음,승합,남,35세,상해없음
2020072000100392,2020년 7월 20일 17시,월요일,대구광역시 동구 신기동,경상사고,0,0,2,0,차대차 - 측면충돌,직진우회전진행방해,건조,맑음,교차로 - 교차로안,승용,여,50세,경상,승용,여,35세,경상
2020072000100429,2020년 7월 20일 18시,월요일,대구광역시 수성구 두산동,경상사고,0,0,1,1,차대차 - 측면충돌,안전거리미확보,건조,맑음,단일로 - 기타,원동기,남,23세,부상신고,원동기,남,34세,경상
2020072000100430,2020년 7월 20일 18시,월요일,대구광역시 달서구 송현동,중상사고,0,1,0,0,차대사람 - 기타,안전운전불이행,건조,맑음,단일로 - 기타,승용,남,23세,상해없음,보행자,남,74세,중상
2020072000100463,2020년 7월 20일 19시,월요일,대구광역시 남구 대명동,중상사고,0,1,6,0,차대차 - 측면충돌,신호위반,건조,맑음,단일로 - 지하차도(도로)내,승용,남,62세,상해없음,승용,남,58세,경상
2020072000100464,2020년 7월 20일 19시,월요일,대구광역시 달서구 본동,경상사고,0,0,1,0,차대차 - 측면충돌,교차로운행방법위반,건조,맑음,교차로 - 교차로안,승용,남,40세,상해없음,승용,남,42세,경상
2020072000100487,2020년 7월 20일 20시,월요일,대구광역시 수성구 범어동,경상사고,0,0,2,0,차대차 - 추돌,교차로운행방법위반,건조,맑음,교차로 - 교차로부근,승용,여,45세,기타불명,승용,남,23세,경상
2020072000100488,2020년 7월 20일 20시,월요일,대구광역시 달서구 송현동,경상사고,0,0,1,0,차대차 - 측면충돌,직진우회전진행방해,건조,흐림,교차로 - 교차로안,승용,남,60세,상해없음,승용,남,35세,경상
2020072000100489,2020년 7월 20일 20시,월요일,대구광역시 북구 태전동,경상사고,0,0,1,0,차대차 - 측면충돌,신호위반,건조,맑음,교차로 - 교차로안,이륜,남,44세,상해없음,승용,남,33세,경상
2020072000100512,2020년 7월 20일 21시,월요일,대구광역시 수성구 상동,경상사고,0,0,2,0,차대차 - 측면충돌,안전운전불이행,건조,맑음,교차로 - 교차로안,승용,여,49세,상해없음,승용,남,28세,경상
2020072000100531,2020년 7월 20일 22시,월요일,대구광역시 서구 평리동,중상사고,0,3,0,0,차대차 - 측면충돌,교차로운행방법위반,건조,맑음,교차로 - 교차로부근,승용,남,50세,상해없음,승용,남,22세,중상
2020072000100549,2020년 7월 20일 23시,월요일,대구광역시 달서구 진천동,경상사고,0,0,2,0,차대차 - 측면충돌,교차로운행방법위반,건조,맑음,교차로 - 교차로안,승용,남,24세,경상,승용,남,70세,경상
2020072100100032,2020년 7월 21일 01시,화요일,대구광역시 달성군 다사읍,중상사고,0,1,0,0,차대차 - 기타,안전운전불이행,젖음/습기,비,단일로 - 기타,원동기,남,19세,중상,화물,남,38세,기타불명
2020072100100033,2020년 7월 21일 01시,화요일,대구광역시 북구 침산동,경상사고,0,0,1,0,차대차 - 추돌,안전거리미확보,젖음/습기,비,단일로 - 기타,화물,남,43세,상해없음,승용,남,26세,경상
2020072100100034,2020년 7월 21일 01시,화요일,대구광역시 북구 노원동1가,경상사고,0,0,1,0,차대차 - 추돌,안전운전불이행,젖음/습기,비,단일로 - 기타,이륜,남,52세,경상,화물,남,57세,기타불명
2020072100100041,2020년 7월 21일 02시,화요일,대구광역시 달성군 화원읍,경상사고,0,0,2,0,차대차 - 추돌,안전운전불이행,젖음/습기,비,단일로 - 기타,승용,남,48세,상해없음,승용,남,49세,경상
2020072100100047,2020년 7월 21일 03시,화요일,대구광역시 동구 효목동,경상사고,0,0,2,0,차대차 - 측면충돌,안전운전불이행,건조,흐림,단일로 - 기타,승용,남,24세,상해없음,승용,남,22세,경상
2020072100100067,2020년 7월 21일 05시,화요일,대구광역시 수성구 만촌동,중상사고,0,1,0,1,차대차 - 측면충돌,안전운전불이행,젖음/습기,흐림,단일로 - 기타,승용,남,53세,부상신고,승용,남,51세,중상
2020072100100091,2020년 7월 21일 07시,화요일,대구광역시 달서구 이곡동,경상사고,0,0,4,0,차대차 - 추돌,안전운전불이행,건조,맑음,단일로 - 기타,승용,남,60세,기타불명,승용,남,35세,경상
2020072100100119,2020년 7월 21일 08시,화요일,대구광역시 남구 대명동,경상사고,0,0,1,0,차대차 - 측면충돌,안전운전불이행,건조,맑음,기타 - 기타,승용,남,62세,상해없음,승용,남,32세,상해없음
2020072100100120,2020년 7월 21일 08시,화요일,대구광역시 북구 동호동,경상사고,0,0,1,0,차대차 - 기타,차로위반,건조,맑음,단일로 - 기타,승용,여,68세,상해없음,승용,여,55세,경상
2020072100100143,2020년 7월 21일 09시,화요일,대구광역시 남구 대명동,경상사고,0,0,2,0,차대차 - 추돌,안전운전불이행,건조,맑음,단일로 - 기타,이륜,남,36세,경상,승용,남,63세,경상
2020072100100144,2020년 7월 21일 09시,화요일,대구광역시 남구 이천동,경상사고,0,0,1,0,차대차 - 측면충돌,안전거리미확보,건조,맑음,교차로 - 교차로부근,승용,남,64세,상해없음,승용,여,37세,경상
2020072100100145,2020년 7월 21일 09시,화요일,대구광역시 달성군 다사읍,경상사고,0,0,1,0,차대차 - 측면충돌,신호위반,건조,맑음,교차로 - 교차로안,승용,남,38세,상해없음,승용,여,55세,경상
2020072100100146,2020년 7월 21일 09시,화요일,대구광역시 서구 평리동,중상사고,0,1,0,0,차대차 - 측면충돌,안전운전불이행,건조,맑음,단일로 - 기타,승용,남,63세,상해없음,자전거,여,66세,중상
2020072100100147,2020년 7월 21일 09시,화요일,대구광역시 달서구 두류동,경상사고,0,0,1,0,차대사람 - 횡단중,보행자보호의무위반,건조,맑음,단일로 - 기타,승용,여,37세,상해없음,보행자,남,74세,경상
2020072100100174,2020년 7월 21일 10시,화요일,대구광역시 남구 봉덕동,중상사고,0,1,0,0,차대사람 - 횡단중,보행자보호의무위반,건조,맑음,교차로 - 교차로횡단보도내,승합,남,49세,상해없음,보행자,여,63세,중상
2020072100100175,2020년 7월 21일 10시,화요일,대구광역시 중구 동인동2가,중상사고,0,1,2,0,차대차 - 측면충돌,안전거리미확보,건조,맑음,교차로 - 교차로부근,화물,남,68세,상해없음,승합,남,54세,경상
2020072100100176,2020년 7월 21일 10시,화요일,대구광역시 북구 팔달동,경상사고,0,0,1,0,차대차 - 기타,안전운전불이행,건조,맑음,기타 - 기타,자전거,여,30세,경상,승합,여,54세,상해없음
2020072100100222,2020년 7월 21일 11시,화요일,대구광역시 수성구 연호동,경상사고,0,0,3,0,차대차 - 추돌,안전거리미확보,건조,맑음,단일로 - 기타,승용,남,34세,상해없음,승용,남,36세,경상
2020072100100223,2020년 7월 21일 11시,화요일,대구광역시 달서구 진천동,경상사고,0,0,1,0,차대차 - 측면충돌,안전거리미확보,건조,맑음,단일로 - 기타,승용,여,62세,상해없음,승용,남,23세,경상
2020072100100224,2020년 7월 21일 11시,화요일,대구광역시 달서구 본동,부상신고사고,0,0,0,1,차대차 - 측면충돌,중앙선침범,건조,맑음,단일로 - 기타,자전거,남,51세,부상신고,승용,남,57세,상해없음
2020072100100225,2020년 7월 21일 11시,화요일,대구광역시 서구 평리동,부상신고사고,0,0,0,1,차대차 - 기타,안전운전불이행,건조,맑음,교차로 - 교차로부근,이륜,남,46세,부상신고,승용,여,49세,상해없음
2020072100100226,2020년 7월 21일 11시,화요일,대구광역시 중구 동인동3가,경상사고,0,0,1,1,차대차 - 측면충돌,교차로운행방법위반,건조,맑음,단일로 - 기타,승용,남,43세,부상신고,화물,남,29세,경상