사고번호,사고일시,요일,시군구,사고내용,사망자수,중상자수,경상자수,부상신고자수,사고유형,법규위반,노면상태,기상상태,도로형태,가해운전자 차종,가해운전자 성별,가해운전자 연령,가해운전자 상해정도,피해운전자 차종,피해운전자 성별,피해운전자 연령,피해운전자 상해정도
2020072100100254,2020년 7월 21일 12시,화요일,대구광역시 남구 대명동,중상사고,0,1,0,0,차대차 - 측면충돌,직진우회전진행방해,건조,맑음,교차로 - 교차로안,승용,남,55세,상해없음,이륜,남,44세,중상
2020072100100292,2020년 7월 21일 13시,화요일,대구광역시 남구 봉덕동,중상사고,0,1,0,0,차대차 - 측면충돌,안전운전불이행,건조,맑음,단일로 - 기타,승용,여,70세,상해없음,승용,남,56세,중상
2020072100100293,2020년 7월 21일 13시,화요일,대구광역시 수성구 수성동4가,중상사고,0,1,0,0,차대차 - 측면충돌,신호위반,건조,맑음,단일로 - 기타,화물,남,38세,상해없음,자전거,남,81세,중상
2020072100100294,2020년 7월 21일 13시,화요일,대구광역시 달서구 성당동,중상사고,0,1,0,0,차대차 - 측면충돌,신호위반,건조,맑음,기타 - 기타,이륜,남,62세,상해없음,자전거,여,63세,중상
2020072100100329,2020년 7월 21일 14시,화요일,대구광역시 남구 대명동,경상사고,0,0,1,0,차대차 - 추돌,안전운전불이행,건조,맑음,단일로 - 기타,승용,남,72세,상해없음,승용,여,43세,경상
2020072100100330,2020년 7월 21일 14시,화요일,대구광역시 동구 효목동,경상사고,0,0,2,1,차대차 - 기타,안전거리미확보,건조,맑음,단일로 - 기타,승용,남,74세,부상신고,승용,남,43세,경상
2020072100100331,2020년 7월 21일 14시,화요일,대구광역시 달서구 본동,경상사고,0,0,2,0,차대차 - 측면충돌,신호위반,건조,맑음,교차로 - 교차로안,승용,여,50세,상해없음,승용,남,60세,경상
2020072100100362,2020년 7월 21일 15시,화요일,대구광역시 동구 신암동,경상사고,0,0,1,0,차대차 - 측면충돌,안전거리미확보,건조,맑음,단일로 - 기타,승용,남,34세,상해없음,승용,남,42세,경상
2020072100100363,2020년 7월 21일 15시,화요일,대구광역시 수성구 만촌동,중상사고,0,1,1,0,차대차 - 측면충돌,신호위반,건조,맑음,교차로 - 교차로안,이륜,남,51세,중상,승용,여,51세,경상
2020072100100364,2020년 7월 21일 15시,화요일,대구광역시 중구 북성로2가,경상사고,0,0,1,0,차대차 - 후진중충돌,중앙선침범,건조,맑음,단일로 - 기타,화물,남,70세,상해없음,화물,남,53세,경상
2020072100100365,2020년 7월 21일 15시,화요일,대구광역시 달서구 파호동,경상사고,0,0,3,0,차대차 - 추돌,안전운전불이행,건조,맑음,단일로 - 기타,승용,여,61세,기타불명,승용,여,45세,경상
2020072100100410,2020년 7월 21일 16시,화요일,대구광역시 달서구 상인동,경상사고,0,0,1,0,차대차 - 기타,안전거리미확보,건조,맑음,단일로 - 기타,승용,남,71세,상해없음,승용,남,59세,경상
2020072100100411,2020년 7월 21일 16시,화요일,대구광역시 달성군 화원읍,경상사고,0,0,1,0,차대차 - 기타,안전운전불이행,건조,맑음,교차로 - 교차로안,화물,남,54세,상해없음,자전거,남,74세,경상
2020072100100487,2020년 7월 21일 18시,화요일,대구광역시 달서구 대천동,경상사고,0,0,1,0,차대차 - 측면충돌,신호위반,건조,맑음,교차로 - 교차로안,승용,여,31세,상해없음,자전거,남,7세,경상
2020072100100488,2020년 7월 21일 18시,화요일,대구광역시 북구 노원동2가,부상신고사고,0,0,0,1,차대차 - 측면충돌,안전운전불이행,건조,맑음,단일로 - 기타,자전거,남,65세,부상신고,승용,남,55세,상해없음
2020072100100489,2020년 7월 21일 18시,화요일,대구광역시 서구 비산동,중상사고,0,1,0,0,차대사람 - 기타,안전운전불이행,건조,맑음,단일로 - 기타,이륜,남,18세,상해없음,보행자,여,25세,중상
2020072100100490,2020년 7월 21일 18시,화요일,대구광역시 달서구 본리동,경상사고,0,0,1,0,차대차 - 추돌,안전운전불이행,건조,맑음,교차로 - 교차로부근,승용,남,69세,상해없음,승용,남,49세,경상
2020072100100491,2020년 7월 21일 18시,화요일,대구광역시 북구 태전동,경상사고,0,0,2,0,차대차 - 측면충돌,안전운전불이행,젖음/습기,흐림,교차로 - 교차로부근,원동기,남,16세,상해없음,승용,여,28세,경상
2020072100100527,2020년 7월 21일 19시,화요일,대구광역시 중구 동일동,부상신고사고,0,0,0,1,차대차 - 측면충돌,안전운전불이행,건조,맑음,단일로 - 기타,자전거,남,36세,부상신고,기타불명,기타불명,미분류,기타불명
2020072100100528,2020년 7월 21일 19시,화요일,대구광역시 중구 동인동1가,경상사고,0,0,1,1,차대차 - 측면충돌,직진우회전진행방해,건조,맑음,교차로 - 교차로안,승용,남,28세,부상신고,승용,여,40세,경상
2020072100100600,2020년 7월 21일 22시,화요일,대구광역시 달서구 송현동,경상사고,0,0,1,0,차대사람 - 길가장자리구역통행중,안전운전불이행,건조,맑음,단일로 - 기타,승용,남,26세,상해없음,보행자,남,51세,경상
2020072100100626,2020년 7월 21일 23시,화요일,대구광역시 북구 복현동,경상사고,0,0,2,0,차대차 - 추돌,안전운전불이행,젖음/습기,흐림,단일로 - 기타,승용,남,37세,상해없음,승용,여,52세,경상
2020072200100009,2020년 7월 22일 00시,수요일,대구광역시 수성구 지산동,경상사고,0,0,2,0,차대차 - 추돌,안전운전불이행,건조,맑음,단일로 - 기타,승용,남,33세,상해없음,승용,여,50세,경상
2020072200100029,2020년 7월 22일 02시,수요일,대구광역시 중구 삼덕동1가,부상신고사고,0,0,0,1,차대차 - 후진중충돌,안전운전불이행,건조,맑음,단일로 - 기타,승용,남,57세,상해없음,승용,남,27세,부상신고
2020072200100055,2020년 7월 22일 04시,수요일,대구광역시 북구 관음동,경상사고,0,0,1,0,차대차 - 기타,안전운전불이행,젖음/습기,비,단일로 - 기타,승용,남,59세,기타불명,승용,남,61세,기타불명
2020072200100062,2020년 7월 22일 05시,수요일,대구광역시 수성구 만촌동,경상사고,0,0,1,0,차대사람 - 횡단중,안전운전불이행,젖음/습기,비,교차로 - 교차로횡단보도내,승용,남,68세,상해없음,보행자,남,22세,경상
2020072200100077,2020년 7월 22일 06시,수요일,대구광역시 달서구 두류동,중상사고,0,2,1,0,차대차 - 측면충돌,중앙선침범,건조,맑음,단일로 - 기타,승용,남,43세,상해없음,승용,남,62세,중상
2020072200100102,2020년 7월 22일 07시,수요일,대구광역시 중구 동인동2가,중상사고,0,1,0,0,차대차 - 측면충돌,안전운전불이행,젖음/습기,비,교차로 - 교차로안,승용,남,64세,상해없음,자전거,남,74세,중상
2020072200100103,2020년 7월 22일 07시,수요일,대구광역시 달서구 용산동,경상사고,0,0,1,0,차대차 - 기타,안전운전불이행,젖음/습기,비,단일로 - 기타,화물,남,54세,상해없음,승용,여,32세,경상
2020072200100139,2020년 7월 22일 08시,수요일,대구광역시 남구 대명동,경상사고,0,0,1,1,차대차 - 측면충돌,안전운전불이행,젖음/습기,비,단일로 - 기타,승용,여,65세,부상신고,승용,여,39세,경상
2020072200100140,2020년 7월 22일 08시,수요일,대구광역시 남구 대명동,경상사고,0,0,1,0,차대사람 - 기타,안전운전불이행,젖음/습기,비,단일로 - 기타,화물,남,61세,상해없음,보행자,여,28세,경상
2020072200100141,2020년 7월 22일 08시,수요일,대구광역시 남구 봉덕동,중상사고,0,1,0,1,차대차 - 측면충돌,교차로운행방법위반,건조,맑음,교차로 - 교차로안,승용,여,48세,부상신고,승용,남,69세,중상
2020072200100142,2020년 7월 22일 08시,수요일,대구광역시 수성구 중동,중상사고,0,1,0,0,차대사람 - 횡단중,안전운전불이행,건조,맑음,단일로 - 기타,승용,남,38세,상해없음,보행자,여,48세,중상
2020072200100143,2020년 7월 22일 08시,수요일,대구광역시 북구 산격동,중상사고,0,1,0,0,차대차 - 측면충돌,직진우회전진행방해,젖음/습기,비,교차로 - 교차로안,승용,남,52세,상해없음,승용,남,53세,중상
2020072200100183,2020년 7월 22일 09시,수요일,대구광역시 남구 봉덕동,경상사고,0,0,2,0,차대차 - 추돌,안전운전불이행,젖음/습기,비,단일로 - 기타,승용,여,39세,상해없음,승용,여,45세,경상
2020072200100184,2020년 7월 22일 09시,수요일,대구광역시 남구 대명동,경상사고,0,0,1,0,차대차 - 추돌,안전운전불이행,젖음/습기,비,단일로 - 기타,화물,남,40세,상해없음,승용,남,34세,경상
2020072200100185,2020년 7월 22일 09시,수요일,대구광역시 중구 삼덕동2가,경상사고,0,0,1,0,차대차 - 추돌,안전운전불이행,젖음/습기,맑음,교차로 - 교차로부근,승용,남,61세,상해없음,승합,남,61세,경상
2020072200100217,2020년 7월 22일 10시,수요일,대구광역시 중구 태평로2가,경상사고,0,0,2,0,차대차 - 추돌,안전운전불이행,건조,맑음,단일로 - 기타,승용,남,77세,상해없음,승용,남,46세,경상
2020072200100253,2020년 7월 22일 11시,수요일,대구광역시 수성구 수성동4가,중상사고,0,1,0,0,차대차 - 추돌,안전운전불이행,젖음/습기,비,단일로 - 기타,화물,남,26세,상해없음,승용,여,52세,중상
2020072200100254,2020년 7월 22일 11시,수요일,대구광역시 수성구 범어동,중상사고,0,2,1,0,차대차 - 추돌,안전운전불이행,건조,맑음,단일로 - 기타,승용,남,28세,상해없음,승용,남,52세,중상
2020072200100255,2020년 7월 22일 11시,수요일,대구광역시 수성구 수성동2가,경상사고,0,0,1,0,차대차 - 기타,안전운전불이행,건조,맑음,단일로 - 기타,승용,남,36세,상해없음,화물,남,31세,경상
2020072200100256,2020년 7월 22일 11시,수요일,대구광역시 서구 내당동,경상사고,0,0,2,0,차대차 - 측면충돌,기타,젖음/습기,비,교차로 - 교차로부근,건설기계,남,41세,상해없음,승용,여,41세,경상
2020072200100257,2020년 7월 22일 11시,수요일,대구광역시 달서구 감삼동,경상사고,0,0,1,0,차량단독 - 기타,안전운전불이행,건조,맑음,단일로 - 기타,승합,남,59세,상해없음,,,,
2020072200100283,2020년 7월 22일 12시,수요일,대구광역시 동구 방촌동,경상사고,0,0,2,0,차대차 - 기타,교차로운행방법위반,젖음/습기,비,교차로 - 교차로안,승용,여,48세,상해없음,승용,여,60세,경상
2020072200100284,2020년 7월 22일 12시,수요일,대구광역시 동구 신서동,경상사고,0,0,1,0,차대차 - 측면충돌,교차로운행방법위반,건조,맑음,교차로 - 교차로안,승용,여,39세,상해없음,승용,남,24세,경상
2020072200100285,2020년 7월 22일 12시,수요일,대구광역시 수성구 범어동,부상신고사고,0,0,0,1,차대차 - 기타,직진우회전진행방해,젖음/습기,비,교차로 - 교차로안,기타불명,기타불명,미분류,기타불명,이륜,남,28세,부상신고
2020072200100286,2020년 7월 22일 12시,수요일,대구광역시 북구 침산동,사망사고,1,0,1,0,차량단독 - 기타,안전운전불이행,젖음/습기,비,단일로 - 기타,승합,남,70세,경상,,,,
2020072200100310,2020년 7월 22일 13시,수요일,대구광역시 북구 구암동,중상사고,0,1,0,0,차대차 - 기타,교차로운행방법위반,젖음/습기,비,교차로 - 교차로안,승용,여,44세,상해없음,이륜,남,44세,중상
2020072200100342,2020년 7월 22일 14시,수요일,대구광역시 중구 삼덕동2가,경상사고,0,0,1,0,차대차 - 추돌,안전운전불이행,젖음/습기,비,단일로 - 기타,승용,여,36세,상해없음,승용,남,33세,경상
2020072200100384,2020년 7월 22일 15시,수요일,대구광역시 서구 내당동,경상사고,0,0,1,0,차대차 - 추돌,안전거리미확보,젖음/습기,비,단일로 - 기타,이륜,남,25세,상해없음,승용,남,56세,경상
2020072200100407,2020년 7월 22일 16시,수요일,대구광역시 달서구 송현동,경상사고,0,0,1,0,차대사람 - 기타,안전운전불이행,젖음/습기,비,단일로 - 기타,승용,남,40세,상해없음,보행자,남,45세,경상
2020072200100408,2020년 7월 22일 16시,수요일,대구광역시 달서구 성당동,경상사고,0,0,1,0,차대사람 - 횡단중,보행자보호의무위반,젖음/습기,비,단일로 - 기타,승용,남,83세,상해없음,보행자,여,21세,경상
2020072200100409,2020년 7월 22일 16시,수요일,대구광역시 북구 국우동,중상사고,0,1,0,0,차량단독 - 기타,기타,건조,맑음,기타 - 기타,승합,남,53세,상해없음,,,,
2020072200100455,2020년 7월 22일 17시,수요일,대구광역시 달서구 상인동,중상사고,0,1,0,0,차대차 - 측면충돌,교차로운행방법위반,젖음/습기,비,교차로 - 교차로안,승용,여,40세,상해없음,이륜,남,53세,중상
2020072200100456,2020년 7월 22일 17시,수요일,대구광역시 달성군 구지면,경상사고,0,0,2,0,차대차 - 측면충돌,안전운전불이행,건조,맑음,교차로 - 교차로안,승용,남,30세,기타불명,화물,남,32세,경상
2020072200100457,2020년 7월 22일 17시,수요일,대구광역시 서구 이현동,중상사고,0,1,0,0,차대차 - 기타,교차로운행방법위반,젖음/습기,비,교차로 - 교차로부근,승용,남,30세,상해없음,승용,여,71세,중상
2020072200100502,2020년 7월 22일 18시,수요일,대구광역시 남구 봉덕동,경상사고,0,0,1,0,차대차 - 측면충돌,안전운전불이행,건조,맑음,단일로 - 기타,승용,남,67세,상해없음,승용,남,44세,경상
2020072200100503,2020년 7월 22일 18시,수요일,대구광역시 달성군 화원읍,경상사고,0,0,2,0,차대차 - 기타,직진우회전진행방해,건조,맑음,교차로 - 교차로안,승용,남,64세,상해없음,승용,남,63세,경상
2020072200100504,2020년 7월 22일 18시,수요일,대구광역시 달서구 죽전동,중상사고,0,1,0,0,차대차 - 측면충돌,차로위반,젖음/습기,비,단일로 - 기타,승용,남,28세,상해없음,이륜,남,42세,중상
2020072200100505,2020년 7월 22일 18시,수요일,대구광역시 달서구 본리동,경상사고,0,0,1,0,차대차 - 후진중충돌,안전운전불이행,건조,맑음,단일로 - 기타,승용,남,65세,상해없음,승용,남,30세,경상
2020072200100544,2020년 7월 22일 19시,수요일,대구광역시 동구 신암동,경상사고,0,0,1,0,차대차 - 추돌,안전운전불이행,기타,흐림,단일로 - 기타,승합,남,58세,상해없음,승용,여,43세,경상
2020072200100545,2020년 7월 22일 19시,수요일,대구광역시 동구 신천동,경상사고,0,0,1,0,차량단독 - 기타,안전운전불이행,건조,맑음,교차로 - 교차로부근,승합,남,41세,기타불명,,,,
2020072200100546,2020년 7월 22일 19시,수요일,대구광역시 수성구 파동,부상신고사고,0,0,0,1,차대차 - 기타,안전운전불이행,젖음/습기,비,미분류 - 미분류,기타불명,기타불명,미분류,기타불명,이륜,남,71세,부상신고
2020072200100547,2020년 7월 22일 19시,수요일,대구광역시 수성구 황금동,경상사고,0,0,1,0,차대차 - 기타,안전운전불이행,건조,맑음,단일로 - 기타,승용,여,25세,상해없음,승합,남,31세,상해없음
2020072200100548,2020년 7월 22일 19시,수요일,대구광역시 수성구 신매동,경상사고,0,0,1,0,차대차 - 측면충돌,안전거리미확보,젖음/습기,비,단일로 - 기타,승용,남,46세,상해없음,이륜,남,33세,경상
2020072200100549,2020년 7월 22일 19시,수요일,대구광역시 중구 동인동2가,경상사고,0,0,1,0,차대차 - 기타,교차로운행방법위반,젖음/습기,비,교차로 - 교차로안,화물,남,57세,상해없음,원동기,남,33세,경상
2020072200100550,2020년 7월 22일 19시,수요일,대구광역시 북구 관음동,중상사고,0,1,0,0,차대사람 - 차도통행중,교차로운행방법위반,젖음/습기,흐림,교차로 - 교차로안,승용,남,38세,상해없음,보행자,남,55세,중상
2020072200100576,2020년 7월 22일 20시,수요일,대구광역시 동구 봉무동,사망사고,1,1,0,0,차대차 - 측면충돌,과속,젖음/습기,비,단일로 - 기타,승용,남,30세,중상,승용,남,42세,사망
2020072200100577,2020년 7월 22일 20시,수요일,대구광역시 수성구 지산동,부상신고사고,0,0,0,1,차대차 - 기타,안전운전불이행,젖음/습기,비,단일로 - 기타,기타불명,기타불명,미분류,기타불명,이륜,남,21세,부상신고
2020072200100578,2020년 7월 22일 20시,수요일,대구광역시 달서구 월성동,경상사고,0,0,1,0,차대사람 - 횡단중,보행자보호의무위반,젖음/습기,비,교차로 - 교차로안,승용,여,24세,상해없음,보행자,남,53세,경상
2020072200100579,2020년 7월 22일 20시,수요일,대구광역시 달서구 월암동,중상사고,0,1,1,0,차대차 - 측면충돌,교차로운행방법위반,건조,맑음,교차로 - 교차로안,화물,남,41세,상해없음,승용,남,55세,경상
2020072200100580,2020년 7월 22일 20시,수요일,대구광역시 달서구 상인동,경상사고,0,0,3,0,차대차 - 기타,안전운전불이행,젖음/습기,비,단일로 - 기타,승용,남,47세,경상,이륜,남,23세,경상
2020072200100581,2020년 7월 22일 20시,수요일,대구광역시 중구 남산동,부상신고사고,0,0,0,1,차량단독 - 기타,기타,건조,맑음,단일로 - 기타,승합,남,40세,기타불명,,,,
2020072200100582,2020년 7월 22일 20시,수요일,대구광역시 달서구 본리동,중상사고,0,1,2,0,차대차 - 측면충돌,교차로운행방법위반,건조,흐림,교차로 - 교차로안,승용,남,62세,중상,승용,남,41세,경상
2020072200100609,2020년 7월 22일 21시,수요일,대구광역시 북구 서변동,경상사고,0,0,4,0,차대차 - 측면충돌,안전운전불이행,젖음/습기,비,단일로 - 고가도로위,기타불명,남,23세,상해없음,화물,남,47세,상해없음
2020072200100611,2020년 7월 22일 21시,수요일,대구광역시 수성구 만촌동,경상사고,0,0,1,0,차대차 - 측면충돌,안전거리미확보,젖음/습기,맑음,단일로 - 기타,승용,남,56세,상해없음,승용,남,30세,경상
2020072200100638,2020년 7월 22일 22시,수요일,대구광역시 달서구 대곡동,경상사고,0,0,1,0,차대차 - 측면충돌,교차로운행방법위반,젖음/습기,비,교차로 - 교차로안,승용,여,65세,상해없음,승용,남,36세,경상
2020072200100666,2020년 7월 22일 23시,수요일,대구광역시 동구 신암동,경상사고,0,0,1,0,차대차 - 측면충돌,신호위반,젖음/습기,비,교차로 - 교차로부근,기타불명,기타불명,미분류,기타불명,승용,여,24세,상해없음
2020072200100667,2020년 7월 22일 23시,수요일,대구광역시 동구 신천동,경상사고,0,0,2,0,차대차 - 추돌,안전운전불이행,건조,맑음,단일로 - 기타,승용,여,30세,상해없음,승용,남,33세,경상
2020072200100668,2020년 7월 22일 23시,수요일,대구광역시 달서구 호림동,경상사고,0,0,1,0,차대차 - 추돌,안전운전불이행,건조,맑음,기타 - 기타,기타불명,기타불명,미분류,기타불명,승용,여,56세,경상
2020072300100013,2020년 7월 23일 00시,목요일,대구광역시 중구 덕산동,경상사고,0,0,1,0,차대차 - 기타,안전운전불이행,젖음/습기,비,교차로 - 교차로부근,승용,남,58세,상해없음,승용,남,65세,경상
2020072300100014,2020년 7월 23일 00시,목요일,대구광역시 중구 하서동,경상사고,0,0,4,2,차대차 - 측면충돌,신호위반,젖음/습기,비,교차로 - 교차로부근,승용,남,67세,상해없음,승용,남,23세,부상신고
2020072300100042,2020년 7월 23일 03시,목요일,대구광역시 서구 내당동,부상신고사고,0,0,0,1,차대차 - 기타,신호위반,젖음/습기,비,교차로 - 교차로안,승용,여,24세,상해없음,이륜,남,19세,부상신고
2020072300100058,2020년 7월 23일 05시,목요일,대구광역시 달서구 죽전동,경상사고,0,0,1,0,차대차 - 추돌,안전운전불이행,젖음/습기,비,단일로 - 기타,이륜,남,50세,상해없음,승용,남,73세,상해없음
2020072300100088,2020년 7월 23일 07시,목요일,대구광역시 동구 율하동,중상사고,0,1,1,0,차대차 - 측면충돌,안전운전불이행,젖음/습기,비,단일로 - 기타,승용,여,53세,경상,승용,남,62세,중상
2020072300100089,2020년 7월 23일 07시,목요일,대구광역시 달서구 월암동,중상사고,0,1,0,0,차대차 - 측면충돌,교차로운행방법위반,젖음/습기,비,교차로 - 교차로안,승용,남,60세,상해없음,자전거,남,51세,중상
2020072300100123,2020년 7월 23일 08시,목요일,대구광역시 동구 검사동,부상신고사고,0,0,0,1,차대사람 - 기타,안전운전불이행,젖음/습기,비,단일로 - 기타,자전거,남,55세,부상신고,보행자,남,35세,상해없음
2020072300100124,2020년 7월 23일 08시,목요일,대구광역시 동구 동호동,부상신고사고,0,0,0,1,차대차 - 측면충돌,신호위반,젖음/습기,비,교차로 - 교차로안,이륜,남,74세,부상신고,승용,남,31세,상해없음
2020072300100125,2020년 7월 23일 08시,목요일,대구광역시 동구 방촌동,중상사고,0,2,1,0,차대차 - 기타,안전거리미확보,젖음/습기,비,단일로 - 기타,승용,남,29세,상해없음,승용,남,72세,중상
2020072300100145,2020년 7월 23일 09시,목요일,대구광역시 달서구 송현동,중상사고,0,1,1,0,차대차 - 측면충돌,교차로운행방법위반,젖음/습기,비,단일로 - 기타,승용,남,77세,상해없음,승용,여,60세,중상
2020072300100146,2020년 7월 23일 09시,목요일,대구광역시 달서구 진천동,경상사고,0,0,6,0,차대차 - 측면충돌,직진우회전진행방해,건조,맑음,교차로 - 교차로안,승용,여,37세,기타불명,승용,남,37세,경상
2020072300100176,2020년 7월 23일 10시,목요일,대구광역시 북구 칠성동2가,경상사고,0,0,1,0,차대차 - 추돌,안전거리미확보,젖음/습기,비,단일로 - 기타,승용,남,41세,상해없음,승용,남,50세,경상
2020072300100177,2020년 7월 23일 10시,목요일,대구광역시 북구 읍내동,경상사고,0,0,1,0,차대사람 - 기타,안전운전불이행,건조,맑음,단일로 - 기타,승용,남,79세,상해없음,보행자,남,41세,경상
2020072300100196,2020년 7월 23일 11시,목요일,대구광역시 동구 신서동,중상사고,0,1,1,0,차대차 - 기타,안전운전불이행,젖음/습기,비,교차로 - 교차로부근,승용,남,26세,상해없음,화물,남,72세,경상
2020072300100197,2020년 7월 23일 11시,목요일,대구광역시 달서구 본리동,경상사고,0,0,2,0,차량단독 - 기타,기타,건조,맑음,교차로 - 교차로부근,승용,남,56세,상해없음,,,,
2020072300100228,2020년 7월 23일 12시,목요일,대구광역시 달서구 대곡동,경상사고,0,0,1,0,차대차 - 측면충돌,안전거리미확보,건조,맑음,단일로 - 기타,승용,여,61세,상해없음,승용,남,39세,경상
2020072300100260,2020년 7월 23일 13시,목요일,대구광역시 수성구 범어동,부상신고사고,0,0,0,1,차대차 - 기타,안전운전불이행,젖음/습기,비,교차로 - 교차로횡단보도내,원동기,남,30세,부상신고,승용,남,25세,상해없음
2020072300100261,2020년 7월 23일 13시,목요일,대구광역시 북구 산격동,경상사고,0,0,1,0,차대차 - 측면충돌,안전운전불이행,젖음/습기,비,교차로 - 교차로안,승용,남,34세,상해없음,승용,여,56세,경상
2020072300100290,2020년 7월 23일 14시,목요일,대구광역시 동구 각산동,경상사고,0,0,1,0,차대차 - 기타,안전운전불이행,젖음/습기,비,교차로 - 교차로안,승용,여,47세,상해없음,승용,여,53세,경상
2020072300100291,2020년 7월 23일 14시,목요일,대구광역시 동구 신암동,중상사고,0,1,0,0,차대사람 - 기타,안전운전불이행,젖음/습기,비,단일로 - 기타,승합,남,53세,상해없음,보행자,남,78세,중상
2020072300100292,2020년 7월 23일 14시,목요일,대구광역시 수성구 범어동,중상사고,0,1,0,0,차대차 - 기타,안전운전불이행,건조,맑음,단일로 - 기타,승용,남,24세,상해없음,승합,남,52세,중상
2020072300100293,2020년 7월 23일 14시,목요일,대구광역시 북구 노원동3가,부상신고사고,0,0,0,1,차대차 - 기타,안전운전불이행,젖음/습기,비,단일로 - 기타,이륜,남,58세,부상신고,화물,남,39세,상해없음
2020072300100324,2020년 7월 23일 15시,목요일,대구광역시 달성군 현풍읍,경상사고,0,0,1,0,차대차 - 추돌,안전운전불이행,젖음/습기,맑음,교차로 - 교차로부근,승용,남,53세,상해없음,승용,남,33세,경상
2020072300100325,2020년 7월 23일 15시,목요일,대구광역시 서구 내당동,경상사고,0,0,1,0,차대사람 - 기타,기타,건조,맑음,단일로 - 기타,승합,남,46세,상해없음,보행자,여,68세,경상
2020072300100355,2020년 7월 23일 16시,목요일,대구광역시 남구 대명동,경상사고,0,0,1,0,차대차 - 기타,안전운전불이행,젖음/습기,비,기타 - 기타,승용,남,57세,상해없음,승용,남,46세,경상
2020072300100356,2020년 7월 23일 16시,목요일,대구광역시 수성구 상동,경상사고,0,0,2,0,차대차 - 추돌,안전거리미확보,젖음/습기,비,단일로 - 기타,승용,남,62세,상해없음,승용,남,28세,경상
2020072300100357,2020년 7월 23일 16시,목요일,대구광역시 중구 대봉동,경상사고,0,0,3,0,차대차 - 추돌,안전운전불이행,젖음/습기,비,단일로 - 기타,승용,남,55세,상해없음,승용,남,46세,경상
2020072300100403,2020년 7월 23일 17시,목요일,대구광역시 동구 효목동,경상사고,0,0,1,0,차대차 - 측면충돌,안전거리미확보,건조,맑음,단일로 - 기타,승용,남,52세,기타불명,승용,남,21세,경상
2020072300100404,2020년 7월 23일 17시,목요일,대구광역시 수성구 두산동,경상사고,0,0,2,0,차대차 - 측면충돌,안전거리미확보,건조,맑음,단일로 - 기타,승용,남,56세,경상,승용,남,21세,경상
2020072300100405,2020년 7월 23일 17시,목요일,대구광역시 달서구 신당동,경상사고,0,0,1,0,차대차 - 기타,안전거리미확보,젖음/습기,비,단일로 - 기타,승합,남,55세,상해없음,이륜,남,35세,경상
2020072300100406,2020년 7월 23일 17시,목요일,대구광역시 북구 동천동,중상사고,0,1,0,0,차대차 - 측면충돌,교차로운행방법위반,젖음/습기,비,교차로 - 교차로안,승용,남,25세,상해없음,이륜,남,16세,중상
2020072300100407,2020년 7월 23일 17시,목요일,대구광역시 북구 동천동,중상사고,0,1,0,0,차대차 - 측면충돌,신호위반,젖음/습기,비,교차로 - 교차로안,이륜,남,37세,중상,승용,남,41세,상해없음
2020072300100449,2020년 7월 23일 18시,목요일,대구광역시 북구 침산동,중상사고,0,1,0,0,차대차 - 기타,차로위반,젖음/습기,비,단일로 - 기타,승용,여,57세,상해없음,이륜,남,20세,중상
2020072300100450,2020년 7월 23일 18시,목요일,대구광역시 북구 고성동2가,경상사고,0,0,1,0,차대차 - 기타,안전거리미확보,젖음/습기,비,단일로 - 기타,승용,남,35세,상해없음,승용,여,47세,경상
2020072300100451,2020년 7월 23일 18시,목요일,대구광역시 달서구 이곡동,경상사고,0,0,1,0,차대사람 - 기타,안전운전불이행,젖음/습기,비,기타 - 기타,승용,여,62세,상해없음,보행자,남,42세,경상
2020072300100499,2020년 7월 23일 19시,목요일,대구광역시 수성구 만촌동,경상사고,0,0,1,1,차대차 - 측면충돌,안전운전불이행,젖음/습기,비,교차로 - 교차로안,승용,남,21세,상해없음,승용,남,38세,경상
2020072300100500,2020년 7월 23일 19시,목요일,대구광역시 달서구 월성동,경상사고,0,0,1,0,차대차 - 측면충돌,안전운전불이행,건조,맑음,단일로 - 기타,승용,남,48세,상해없음,승용,여,27세,경상
2020072300100501,2020년 7월 23일 19시,목요일,대구광역시 달서구 월암동,중상사고,0,1,1,0,차대사람 - 기타,안전운전불이행,젖음/습기,비,단일로 - 기타,원동기,여,32세,중상,보행자,남,52세,경상
2020072300100502,2020년 7월 23일 19시,목요일,대구광역시 중구 봉산동,경상사고,0,0,2,0,차대사람 - 횡단중,신호위반,건조,맑음,단일로 - 기타,화물,남,40세,상해없음,보행자,여,21세,경상
2020072300100556,2020년 7월 23일 20시,목요일,대구광역시 수성구 만촌동,중상사고,0,1,0,0,차대차 - 추돌,안전운전불이행,젖음/습기,비,교차로 - 교차로부근,승용,여,39세,상해없음,승용,여,53세,중상
2020072300100557,2020년 7월 23일 20시,목요일,대구광역시 중구 삼덕동3가,경상사고,0,0,1,0,차대차 - 추돌,안전운전불이행,젖음/습기,비,단일로 - 기타,승용,남,62세,상해없음,승용,여,50세,경상
2020072300100558,2020년 7월 23일 20시,목요일,대구광역시 북구 사수동,경상사고,0,0,1,0,차대차 - 추돌,신호위반,젖음/습기,비,단일로 - 기타,승용,남,46세,상해없음,승용,남,49세,경상