사고번호,사고일시,요일,시군구,사고내용,사망자수,중상자수,경상자수,부상신고자수,사고유형,법규위반,노면상태,기상상태,도로형태,가해운전자 차종,가해운전자 성별,가해운전자 연령,가해운전자 상해정도,피해운전자 차종,피해운전자 성별,피해운전자 연령,피해운전자 상해정도
2020072300100603,2020년 7월 23일 21시,목요일,대구광역시 달성군 화원읍,경상사고,0,0,4,0,차대차 - 측면충돌,안전운전불이행,젖음/습기,비,단일로 - 기타,승용,남,41세,상해없음,승용,남,49세,경상
2020072300100656,2020년 7월 23일 22시,목요일,대구광역시 동구 신천동,경상사고,0,0,1,0,차대사람 - 횡단중,안전운전불이행,젖음/습기,비,교차로 - 교차로횡단보도내,승용,남,72세,상해없음,보행자,남,28세,경상
2020072300100657,2020년 7월 23일 22시,목요일,대구광역시 동구 신암동,경상사고,0,0,2,0,차대차 - 측면충돌,안전거리미확보,젖음/습기,비,단일로 - 기타,승용,남,69세,경상,승용,여,59세,경상
2020072300100658,2020년 7월 23일 22시,목요일,대구광역시 달성군 다사읍,경상사고,0,0,1,0,차대사람 - 횡단중,안전운전불이행,젖음/습기,비,교차로 - 교차로횡단보도내,이륜,남,16세,상해없음,보행자,남,38세,경상
2020072300100694,2020년 7월 23일 23시,목요일,대구광역시 북구 금호동,경상사고,0,0,1,0,차대차 - 측면충돌,안전운전불이행,젖음/습기,비,단일로 - 기타,승용,남,30세,상해없음,승용,여,37세,경상
2020072300100697,2020년 7월 23일 23시,목요일,대구광역시 동구 각산동,경상사고,0,0,2,0,차대차 - 추돌,안전거리미확보,젖음/습기,비,단일로 - 기타,화물,남,30세,상해없음,승용,여,28세,경상
2020072300100698,2020년 7월 23일 23시,목요일,대구광역시 수성구 중동,중상사고,0,3,0,0,차대사람 - 횡단중,안전운전불이행,젖음/습기,비,단일로 - 기타,승용,남,30세,중상,보행자,여,40세,중상
2020072400100036,2020년 7월 24일 01시,금요일,대구광역시 남구 이천동,중상사고,0,1,1,0,차대차 - 측면충돌,신호위반,젖음/습기,비,기타 - 기타,승용,남,44세,상해없음,승용,남,57세,중상
2020072400100037,2020년 7월 24일 01시,금요일,대구광역시 수성구 만촌동,경상사고,0,0,1,0,차대차 - 측면충돌,안전운전불이행,젖음/습기,비,단일로 - 기타,승용,남,53세,상해없음,승용,여,31세,경상
2020072400100038,2020년 7월 24일 01시,금요일,대구광역시 서구 상리동,경상사고,0,0,1,0,차대차 - 추돌,안전운전불이행,젖음/습기,비,교차로 - 교차로부근,승용,남,56세,상해없음,승용,여,27세,경상
2020072400100079,2020년 7월 24일 07시,금요일,대구광역시 남구 대명동,경상사고,0,0,1,0,차대차 - 기타,안전운전불이행,젖음/습기,흐림,교차로 - 교차로안,이륜,남,64세,경상,승용,남,46세,상해없음
2020072400100100,2020년 7월 24일 08시,금요일,대구광역시 수성구 신매동,사망사고,1,0,0,0,차대사람 - 횡단중,안전운전불이행,건조,맑음,교차로 - 교차로안,승용,남,64세,상해없음,보행자,남,69세,사망
2020072400100101,2020년 7월 24일 08시,금요일,대구광역시 달서구 도원동,중상사고,0,1,0,0,차대사람 - 횡단중,안전운전불이행,건조,흐림,단일로 - 기타,승용,남,44세,상해없음,보행자,여,61세,중상
2020072400100131,2020년 7월 24일 09시,금요일,대구광역시 서구 평리동,부상신고사고,0,0,0,1,차대차 - 추돌,안전운전불이행,젖음/습기,맑음,교차로 - 교차로안,승용,남,79세,상해없음,승용,남,63세,부상신고
2020072400100132,2020년 7월 24일 09시,금요일,대구광역시 달서구 감삼동,경상사고,0,0,1,0,차대차 - 측면충돌,교차로운행방법위반,젖음/습기,비,교차로 - 교차로안,승합,남,71세,경상,승용,여,29세,상해없음
2020072400100159,2020년 7월 24일 10시,금요일,대구광역시 동구 효목동,경상사고,0,0,1,0,차대사람 - 기타,안전운전불이행,건조,맑음,기타 - 기타,승용,여,44세,기타불명,보행자,여,60세,경상
2020072400100160,2020년 7월 24일 10시,금요일,대구광역시 수성구 황금동,경상사고,0,0,1,0,차대차 - 후진중충돌,안전운전불이행,건조,맑음,단일로 - 기타,승용,남,49세,상해없음,승용,남,44세,경상
2020072400100189,2020년 7월 24일 11시,금요일,대구광역시 달서구 장기동,경상사고,0,0,1,0,차대차 - 측면충돌,안전운전불이행,건조,맑음,단일로 - 기타,화물,남,59세,경상,승용,여,56세,상해없음
2020072400100224,2020년 7월 24일 12시,금요일,대구광역시 동구 효목동,경상사고,0,0,1,0,차대차 - 측면충돌,교차로운행방법위반,젖음/습기,비,교차로 - 교차로안,승용,여,60세,상해없음,이륜,남,43세,경상
2020072400100225,2020년 7월 24일 12시,금요일,대구광역시 수성구 범어동,경상사고,0,0,1,1,차대차 - 측면충돌,안전운전불이행,건조,맑음,단일로 - 기타,승용,남,58세,상해없음,승용,여,66세,경상
2020072400100226,2020년 7월 24일 12시,금요일,대구광역시 달서구 상인동,경상사고,0,0,4,0,차대차 - 측면충돌,안전운전불이행,건조,맑음,교차로 - 교차로부근,승용,여,40세,경상,승용,남,49세,경상
2020072400100227,2020년 7월 24일 12시,금요일,대구광역시 달서구 진천동,경상사고,0,0,2,0,차대차 - 기타,안전운전불이행,젖음/습기,비,단일로 - 기타,승용,여,39세,경상,승용,여,27세,경상
2020072400100228,2020년 7월 24일 12시,금요일,대구광역시 북구 산격동,경상사고,0,0,1,0,차대차 - 추돌,안전거리미확보,건조,맑음,단일로 - 기타,화물,남,52세,상해없음,승용,여,51세,경상
2020072400100229,2020년 7월 24일 12시,금요일,대구광역시 중구 대봉동,경상사고,0,0,1,0,차대차 - 측면충돌,안전거리미확보,젖음/습기,비,단일로 - 기타,승용,남,27세,상해없음,승용,남,25세,경상
2020072400100250,2020년 7월 24일 13시,금요일,대구광역시 북구 복현동,경상사고,0,0,1,0,차대사람 - 기타,신호위반,젖음/습기,비,교차로 - 교차로부근,기타불명,기타불명,미분류,기타불명,보행자,남,14세,경상
2020072400100251,2020년 7월 24일 13시,금요일,대구광역시 달서구 본리동,경상사고,0,0,1,0,차대사람 - 차도통행중,안전운전불이행,젖음/습기,비,단일로 - 기타,승용,여,52세,상해없음,보행자,남,73세,경상
2020072400100276,2020년 7월 24일 14시,금요일,대구광역시 달서구 용산동,경상사고,0,0,1,0,차대차 - 측면충돌,안전운전불이행,젖음/습기,비,단일로 - 기타,승용,남,27세,상해없음,승용,남,61세,경상
2020072400100307,2020년 7월 24일 15시,금요일,대구광역시 북구 금호동,중상사고,0,1,0,0,차량단독 - 공작물충돌,과속,젖음/습기,비,기타 - 기타,승용,남,38세,상해없음,,,,
2020072400100313,2020년 7월 24일 15시,금요일,대구광역시 수성구 범어동,경상사고,0,0,1,0,차대차 - 기타,안전운전불이행,건조,맑음,단일로 - 기타,승합,남,68세,상해없음,이륜,남,21세,경상
2020072400100314,2020년 7월 24일 15시,금요일,대구광역시 달성군 다사읍,경상사고,0,0,1,0,차대사람 - 기타,안전운전불이행,젖음/습기,비,교차로 - 교차로안,승용,남,46세,상해없음,보행자,남,7세,경상
2020072400100350,2020년 7월 24일 16시,금요일,대구광역시 동구 신서동,중상사고,0,1,0,0,차대사람 - 횡단중,보행자보호의무위반,젖음/습기,비,기타 - 기타,승용,남,64세,상해없음,보행자,여,12세,중상
2020072400100351,2020년 7월 24일 16시,금요일,대구광역시 수성구 만촌동,경상사고,0,0,2,0,차대차 - 측면충돌,안전운전불이행,젖음/습기,비,단일로 - 기타,승용,남,26세,상해없음,승용,여,50세,경상
2020072400100352,2020년 7월 24일 16시,금요일,대구광역시 북구 산격동,경상사고,0,0,1,0,차대차 - 기타,차로위반,젖음/습기,비,단일로 - 기타,승용,남,76세,상해없음,이륜,남,42세,경상
2020072400100388,2020년 7월 24일 17시,금요일,대구광역시 달성군 구지면,중상사고,0,1,0,0,차대차 - 기타,신호위반,젖음/습기,비,교차로 - 교차로안,승용,여,49세,상해없음,승용,여,50세,중상
2020072400100389,2020년 7월 24일 17시,금요일,대구광역시 달서구 감삼동,경상사고,0,0,4,0,차대차 - 추돌,안전운전불이행,젖음/습기,비,기타 - 기타,승용,남,24세,상해없음,승용,남,43세,경상
2020072400100443,2020년 7월 24일 18시,금요일,대구광역시 남구 대명동,경상사고,0,0,1,0,차대사람 - 횡단중,신호위반,젖음/습기,비,교차로 - 교차로횡단보도내,승용,여,52세,상해없음,보행자,여,61세,경상
2020072400100444,2020년 7월 24일 18시,금요일,대구광역시 동구 신암동,중상사고,0,1,0,0,차대차 - 기타,안전운전불이행,젖음/습기,비,단일로 - 기타,화물,남,56세,상해없음,이륜,남,46세,중상
2020072400100445,2020년 7월 24일 18시,금요일,대구광역시 동구 신천동,부상신고사고,0,0,0,1,차대차 - 기타,안전운전불이행,건조,맑음,기타 - 기타,자전거,남,45세,부상신고,승용,여,48세,상해없음
2020072400100446,2020년 7월 24일 18시,금요일,대구광역시 동구 효목동,경상사고,0,0,1,0,차대차 - 기타,안전거리미확보,건조,맑음,단일로 - 기타,승용,여,51세,상해없음,승용,여,43세,경상
2020072400100447,2020년 7월 24일 18시,금요일,대구광역시 동구 효목동,경상사고,0,0,2,0,차대차 - 측면충돌,안전거리미확보,젖음/습기,비,단일로 - 기타,승용,여,60세,경상,화물,남,30세,경상
2020072400100448,2020년 7월 24일 18시,금요일,대구광역시 수성구 범어동,경상사고,0,0,1,0,차대차 - 기타,안전거리미확보,젖음/습기,비,단일로 - 기타,승용,여,29세,상해없음,이륜,남,45세,경상
2020072400100449,2020년 7월 24일 18시,금요일,대구광역시 수성구 범어동,경상사고,0,0,1,0,차대차 - 추돌,교차로운행방법위반,젖음/습기,비,교차로 - 교차로안,이륜,남,35세,경상,승용,여,35세,상해없음
2020072400100450,2020년 7월 24일 18시,금요일,대구광역시 서구 평리동,경상사고,0,0,1,0,차대사람 - 기타,기타,건조,맑음,단일로 - 기타,승용,남,59세,상해없음,보행자,남,61세,경상
2020072400100487,2020년 7월 24일 19시,금요일,대구광역시 달서구 신당동,중상사고,0,1,0,0,차대차 - 기타,안전운전불이행,젖음/습기,비,교차로 - 교차로부근,승용,여,18세,상해없음,이륜,남,28세,중상
2020072400100488,2020년 7월 24일 19시,금요일,대구광역시 북구 동천동,중상사고,0,1,0,0,차대사람 - 기타,안전거리미확보,젖음/습기,비,단일로 - 기타,승합,남,51세,기타불명,보행자,여,24세,중상
2020072400100527,2020년 7월 24일 20시,금요일,대구광역시 수성구 만촌동,경상사고,0,0,1,0,차대차 - 측면충돌,신호위반,젖음/습기,비,교차로 - 교차로안,승용,남,24세,상해없음,승용,남,45세,경상
2020072400100528,2020년 7월 24일 20시,금요일,대구광역시 달서구 상인동,부상신고사고,0,0,0,1,차대차 - 정면충돌,안전운전불이행,건조,맑음,단일로 - 기타,자전거,여,40세,부상신고,승용,여,49세,상해없음
2020072400100529,2020년 7월 24일 20시,금요일,대구광역시 달서구 용산동,경상사고,0,0,1,0,차대차 - 추돌,안전거리미확보,젖음/습기,비,교차로 - 교차로부근,승용,남,64세,상해없음,승용,남,29세,경상
2020072400100613,2020년 7월 24일 22시,금요일,대구광역시 달서구 대곡동,경상사고,0,0,1,0,차대차 - 측면충돌,불법유턴,젖음/습기,비,단일로 - 기타,승용,여,36세,상해없음,승용,여,39세,경상
2020072400100614,2020년 7월 24일 22시,금요일,대구광역시 달서구 상인동,경상사고,0,0,1,0,차대사람 - 횡단중,안전운전불이행,젖음/습기,비,단일로 - 기타,승용,남,58세,상해없음,보행자,남,60세,경상
2020072400100615,2020년 7월 24일 22시,금요일,대구광역시 달서구 상인동,중상사고,0,1,2,0,차대사람 - 횡단중,안전운전불이행,젖음/습기,비,단일로 - 기타,이륜,남,18세,경상,보행자,남,63세,중상
2020072400100616,2020년 7월 24일 22시,금요일,대구광역시 달서구 감삼동,경상사고,0,0,1,0,차대차 - 기타,안전운전불이행,젖음/습기,비,교차로 - 교차로안,승용,여,63세,상해없음,승용,남,25세,경상
2020072400100647,2020년 7월 24일 23시,금요일,대구광역시 동구 효목동,경상사고,0,0,4,0,차대차 - 측면충돌,안전운전불이행,젖음/습기,비,단일로 - 기타,승용,남,36세,상해없음,승용,남,28세,경상
2020072500100017,2020년 7월 25일 00시,토요일,대구광역시 수성구 수성동1가,경상사고,0,0,1,0,차대차 - 측면충돌,교차로운행방법위반,건조,맑음,교차로 - 교차로안,승용,남,66세,상해없음,승용,남,27세,상해없음
2020072500100018,2020년 7월 25일 00시,토요일,대구광역시 중구 태평로2가,중상사고,0,1,1,0,차대차 - 추돌,안전운전불이행,건조,맑음,단일로 - 기타,승용,여,56세,중상,승용,여,53세,경상
2020072500100019,2020년 7월 25일 00시,토요일,대구광역시 북구 동천동,경상사고,0,0,5,0,차대차 - 측면충돌,안전운전불이행,젖음/습기,비,교차로 - 교차로안,승용,남,45세,경상,승용,남,35세,경상
2020072500100020,2020년 7월 25일 00시,토요일,대구광역시 북구 서변동,경상사고,0,0,2,0,차대차 - 측면충돌,안전운전불이행,젖음/습기,맑음,단일로 - 기타,승용,남,45세,상해없음,승용,남,33세,경상
2020072500100040,2020년 7월 25일 01시,토요일,대구광역시 중구 하서동,중상사고,0,1,1,1,차대차 - 정면충돌,중앙선침범,젖음/습기,비,교차로 - 교차로부근,승용,남,48세,상해없음,승용,남,29세,중상
2020072500100041,2020년 7월 25일 01시,토요일,대구광역시 중구 삼덕동3가,경상사고,0,0,2,0,차대차 - 기타,안전거리미확보,젖음/습기,비,단일로 - 기타,승용,남,44세,상해없음,승용,남,25세,경상
2020072500100077,2020년 7월 25일 03시,토요일,대구광역시 수성구 범어동,중상사고,0,1,1,0,차대차 - 기타,안전운전불이행,건조,맑음,단일로 - 기타,승용,남,27세,경상,승용,남,31세,상해없음
2020072500100078,2020년 7월 25일 03시,토요일,대구광역시 수성구 범어동,중상사고,0,2,0,0,차대차 - 추돌,안전운전불이행,젖음/습기,비,단일로 - 기타,승용,여,26세,상해없음,승용,여,52세,중상
2020072500100083,2020년 7월 25일 04시,토요일,대구광역시 남구 대명동,경상사고,0,0,2,0,차대차 - 측면충돌,신호위반,건조,맑음,교차로 - 교차로안,승용,남,22세,기타불명,승용,여,65세,경상
2020072500100084,2020년 7월 25일 04시,토요일,대구광역시 중구 동인동4가,경상사고,0,0,1,0,차대차 - 측면충돌,안전운전불이행,젖음/습기,비,단일로 - 기타,승용,남,71세,상해없음,승용,남,24세,상해없음
2020072500100096,2020년 7월 25일 05시,토요일,대구광역시 동구 효목동,경상사고,0,0,2,0,차대차 - 측면충돌,안전운전불이행,건조,맑음,교차로 - 교차로안,승용,남,72세,기타불명,승용,남,63세,경상
2020072500100107,2020년 7월 25일 06시,토요일,대구광역시 북구 금호동,중상사고,0,1,0,0,차대차 - 추돌,안전운전불이행,젖음/습기,비,단일로 - 기타,승용,여,41세,중상,화물,남,54세,상해없음
2020072500100108,2020년 7월 25일 06시,토요일,대구광역시 북구 조야동,중상사고,0,1,2,0,차대차 - 추돌,안전운전불이행,젖음/습기,비,단일로 - 기타,승용,기타불명,미분류,기타불명,화물,남,58세,중상
2020072500100120,2020년 7월 25일 07시,토요일,대구광역시 동구 불로동,중상사고,0,2,2,0,차대차 - 추돌,중앙선침범,젖음/습기,비,단일로 - 기타,승용,남,66세,중상,건설기계,남,59세,경상
2020072500100138,2020년 7월 25일 08시,토요일,대구광역시 동구 불로동,경상사고,0,0,1,0,차대차 - 측면충돌,안전운전불이행,건조,맑음,교차로 - 교차로안,승용,남,55세,상해없음,승용,남,60세,경상
2020072500100139,2020년 7월 25일 08시,토요일,대구광역시 동구 검사동,경상사고,0,0,1,0,차대사람 - 기타,안전운전불이행,젖음/습기,비,단일로 - 기타,승용,남,58세,상해없음,보행자,남,58세,경상
2020072500100140,2020년 7월 25일 08시,토요일,대구광역시 달서구 진천동,경상사고,0,0,1,0,차대차 - 정면충돌,안전운전불이행,건조,맑음,단일로 - 기타,승용,여,55세,상해없음,승용,남,32세,경상
2020072500100141,2020년 7월 25일 08시,토요일,대구광역시 달성군 현풍읍,경상사고,0,0,2,0,차대차 - 기타,안전운전불이행,건조,맑음,단일로 - 기타,승용,여,49세,상해없음,승용,여,48세,경상
2020072500100142,2020년 7월 25일 08시,토요일,대구광역시 중구 봉산동,경상사고,0,0,2,0,차대차 - 측면충돌,안전거리미확보,건조,맑음,단일로 - 기타,승용,남,52세,상해없음,승용,여,42세,경상
2020072500100165,2020년 7월 25일 09시,토요일,대구광역시 동구 지저동,경상사고,0,0,1,0,차대차 - 측면충돌,교차로운행방법위반,건조,맑음,교차로 - 교차로안,이륜,남,75세,경상,화물,남,40세,상해없음
2020072500100191,2020년 7월 25일 10시,토요일,대구광역시 동구 신암동,경상사고,0,0,2,0,차대차 - 추돌,안전거리미확보,건조,맑음,교차로 - 교차로안,승용,여,42세,기타불명,승용,여,71세,경상
2020072500100192,2020년 7월 25일 10시,토요일,대구광역시 달서구 본동,부상신고사고,0,0,0,1,차대차 - 측면충돌,교차로운행방법위반,건조,맑음,교차로 - 교차로안,이륜,남,76세,부상신고,승합,남,46세,상해없음
2020072500100193,2020년 7월 25일 10시,토요일,대구광역시 달서구 상인동,경상사고,0,0,1,0,차대차 - 추돌,안전운전불이행,건조,맑음,단일로 - 기타,승용,여,64세,상해없음,승용,남,45세,경상
2020072500100194,2020년 7월 25일 10시,토요일,대구광역시 달성군 유가읍,중상사고,0,1,0,0,차대차 - 기타,신호위반,건조,흐림,교차로 - 교차로안,화물,남,60세,상해없음,승용,여,37세,중상
2020072500100222,2020년 7월 25일 11시,토요일,대구광역시 동구 신암동,경상사고,0,0,2,0,차대차 - 측면충돌,안전운전불이행,건조,맑음,단일로 - 기타,승용,남,70세,상해없음,승용,여,48세,경상
2020072500100223,2020년 7월 25일 11시,토요일,대구광역시 수성구 시지동,경상사고,0,0,1,0,차대차 - 측면충돌,교차로운행방법위반,건조,맑음,교차로 - 교차로안,승용,남,67세,상해없음,승용,여,64세,경상
2020072500100224,2020년 7월 25일 11시,토요일,대구광역시 수성구 범어동,경상사고,0,0,1,0,차대차 - 기타,기타,젖음/습기,비,교차로 - 교차로안,이륜,남,18세,경상,승용,여,50세,상해없음
2020072500100225,2020년 7월 25일 11시,토요일,대구광역시 북구 동천동,중상사고,0,1,0,0,차대차 - 추돌,안전운전불이행,젖음/습기,비,단일로 - 기타,승용,여,29세,기타불명,승용,여,47세,중상
2020072500100260,2020년 7월 25일 12시,토요일,대구광역시 북구 칠성동1가,경상사고,0,0,1,0,차대차 - 측면충돌,안전운전불이행,건조,맑음,교차로 - 교차로안,승용,남,22세,상해없음,승용,여,49세,경상
2020072500100298,2020년 7월 25일 13시,토요일,대구광역시 동구 신천동,경상사고,0,0,1,0,차대차 - 측면충돌,안전거리미확보,건조,맑음,단일로 - 기타,승용,여,58세,상해없음,승용,남,29세,경상
2020072500100337,2020년 7월 25일 14시,토요일,대구광역시 동구 율하동,경상사고,0,0,2,0,차대차 - 추돌,신호위반,젖음/습기,비,교차로 - 교차로안,승용,여,44세,상해없음,승용,여,40세,경상
2020072500100338,2020년 7월 25일 14시,토요일,대구광역시 북구 칠성동2가,중상사고,0,1,3,0,차대차 - 추돌,안전운전불이행,젖음/습기,비,단일로 - 기타,화물,남,35세,상해없음,승용,남,72세,경상
2020072500100339,2020년 7월 25일 14시,토요일,대구광역시 중구 대봉동,경상사고,0,0,1,1,차대차 - 측면충돌,안전운전불이행,젖음/습기,비,단일로 - 기타,승용,여,36세,부상신고,이륜,남,33세,경상
2020072500100374,2020년 7월 25일 15시,토요일,대구광역시 수성구 삼덕동,경상사고,0,0,1,0,차대차 - 추돌,안전운전불이행,젖음/습기,비,단일로 - 기타,승용,남,38세,상해없음,승용,여,49세,경상
2020072500100407,2020년 7월 25일 16시,토요일,대구광역시 북구 침산동,경상사고,0,0,1,0,차대차 - 측면충돌,안전거리미확보,젖음/습기,흐림,단일로 - 교량,건설기계,남,44세,상해없음,승용,여,53세,경상
2020072500100408,2020년 7월 25일 16시,토요일,대구광역시 서구 내당동,경상사고,0,0,1,0,차대차 - 측면충돌,안전운전불이행,건조,맑음,단일로 - 기타,승용,여,62세,상해없음,승용,남,64세,상해없음
2020072500100444,2020년 7월 25일 17시,토요일,대구광역시 수성구 만촌동,중상사고,0,1,0,0,차대사람 - 보도통행중,안전운전불이행,건조,맑음,단일로 - 기타,승용,여,38세,상해없음,보행자,여,45세,중상
2020072500100445,2020년 7월 25일 17시,토요일,대구광역시 달서구 진천동,경상사고,0,0,1,0,차대사람 - 기타,기타,젖음/습기,비,단일로 - 기타,이륜,남,24세,상해없음,보행자,여,45세,경상
2020072500100446,2020년 7월 25일 17시,토요일,대구광역시 달성군 현풍읍,경상사고,0,0,1,0,차대차 - 기타,안전운전불이행,젖음/습기,비,기타 - 기타,승용,여,45세,상해없음,이륜,남,38세,경상
2020072500100511,2020년 7월 25일 19시,토요일,대구광역시 동구 신암동,부상신고사고,0,0,0,1,차량단독 - 전도전복 - 전도,안전운전불이행,젖음/습기,비,단일로 - 기타,이륜,남,21세,부상신고,,,,
2020072500100512,2020년 7월 25일 19시,토요일,대구광역시 달서구 상인동,경상사고,0,0,1,0,차대차 - 측면충돌,안전운전불이행,젖음/습기,비,단일로 - 기타,승용,여,50세,상해없음,이륜,남,18세,경상
2020072500100513,2020년 7월 25일 19시,토요일,대구광역시 중구 봉산동,경상사고,0,0,1,0,차대차 - 추돌,안전운전불이행,건조,맑음,단일로 - 기타,승용,여,36세,상해없음,이륜,남,36세,경상
2020072500100514,2020년 7월 25일 19시,토요일,대구광역시 달서구 신당동,경상사고,0,0,2,0,차대차 - 측면충돌,안전거리미확보,건조,맑음,교차로 - 교차로안,승용,남,54세,경상,승용,남,33세,경상
2020072500100553,2020년 7월 25일 20시,토요일,대구광역시 남구 봉덕동,경상사고,0,0,1,0,차대차 - 측면충돌,안전운전불이행,건조,맑음,교차로 - 교차로안,기타불명,기타불명,미분류,기타불명,승용,여,43세,경상
2020072500100554,2020년 7월 25일 20시,토요일,대구광역시 달서구 상인동,중상사고,0,1,0,0,차대차 - 측면충돌,안전운전불이행,건조,맑음,교차로 - 교차로부근,이륜,남,55세,중상,승용,남,44세,상해없음
2020072500100555,2020년 7월 25일 20시,토요일,대구광역시 달서구 이곡동,경상사고,0,0,1,0,차대차 - 기타,안전운전불이행,젖음/습기,비,교차로 - 교차로부근,승용,여,33세,상해없음,이륜,남,34세,경상
2020072500100556,2020년 7월 25일 20시,토요일,대구광역시 북구 읍내동,중상사고,0,1,0,0,차대차 - 측면충돌,불법유턴,건조,맑음,단일로 - 기타,승용,여,51세,상해없음,이륜,남,49세,중상
2020072500100580,2020년 7월 25일 21시,토요일,대구광역시 수성구 범어동,경상사고,0,0,1,0,차대차 - 기타,안전운전불이행,젖음/습기,비,단일로 - 기타,승용,여,47세,상해없음,이륜,남,42세,경상
2020072500100581,2020년 7월 25일 21시,토요일,대구광역시 중구 남산동,사망사고,1,1,0,0,차대사람 - 차도통행중,신호위반,젖음/습기,비,단일로 - 기타,이륜,남,20세,중상,보행자,여,62세,사망
2020072500100582,2020년 7월 25일 21시,토요일,대구광역시 북구 서변동,경상사고,0,0,1,0,차대차 - 측면충돌,기타,건조,맑음,교차로 - 교차로부근,승용,남,36세,상해없음,이륜,남,48세,경상
2020072500100613,2020년 7월 25일 22시,토요일,대구광역시 달성군 다사읍,중상사고,0,1,0,0,차대차 - 정면충돌,중앙선침범,젖음/습기,비,교차로 - 교차로부근,승용,남,30세,상해없음,원동기,남,21세,중상
2020072500100614,2020년 7월 25일 22시,토요일,대구광역시 달서구 신당동,경상사고,0,0,1,0,차대차 - 측면충돌,안전운전불이행,젖음/습기,비,단일로 - 기타,승용,여,44세,상해없음,승용,여,25세,경상
2020072500100632,2020년 7월 25일 23시,토요일,대구광역시 남구 봉덕동,경상사고,0,0,2,0,차대차 - 측면충돌,교차로운행방법위반,젖음/습기,흐림,교차로 - 교차로안,화물,남,44세,상해없음,승용,남,26세,경상
2020072500100633,2020년 7월 25일 23시,토요일,대구광역시 수성구 매호동,중상사고,0,1,1,0,차대차 - 기타,안전운전불이행,건조,맑음,교차로 - 교차로안,이륜,남,27세,경상,승용,여,50세,중상
2020072500100634,2020년 7월 25일 23시,토요일,대구광역시 수성구 중동,경상사고,0,0,1,0,차대사람 - 보도통행중,안전운전불이행,건조,흐림,단일로 - 기타,기타불명,기타불명,미분류,기타불명,보행자,남,50세,경상
2020072600100029,2020년 7월 26일 01시,일요일,대구광역시 달서구 성당동,경상사고,0,0,2,0,차대차 - 정면충돌,신호위반,젖음/습기,비,교차로 - 교차로안,승용,여,44세,상해없음,승용,남,24세,경상
2020072600100042,2020년 7월 26일 02시,일요일,대구광역시 달서구 송현동,중상사고,0,3,1,0,차대차 - 측면충돌,차로위반,젖음/습기,비,단일로 - 기타,승용,남,57세,상해없음,승용,남,49세,중상
2020072600100050,2020년 7월 26일 03시,일요일,대구광역시 동구 동호동,경상사고,0,0,1,0,차대차 - 추돌,안전운전불이행,젖음/습기,비,기타 - 기타,승합,남,45세,기타불명,승합,남,66세,경상
2020072600100068,2020년 7월 26일 05시,일요일,대구광역시 중구 대봉동,중상사고,0,1,0,0,차대차 - 기타,안전운전불이행,젖음/습기,비,단일로 - 기타,승용,남,37세,중상,승용,남,63세,상해없음
2020072600100084,2020년 7월 26일 07시,일요일,대구광역시 북구 서변동,경상사고,0,0,2,0,차대차 - 측면충돌,안전운전불이행,건조,맑음,교차로 - 교차로부근,승용,남,32세,상해없음,승용,남,55세,경상
2020072600100171,2020년 7월 26일 12시,일요일,대구광역시 서구 내당동,경상사고,0,0,1,0,차대차 - 정면충돌,안전운전불이행,건조,맑음,교차로 - 교차로부근,이륜,남,30세,상해없음,승용,남,32세,경상
2020072600100172,2020년 7월 26일 12시,일요일,대구광역시 중구 향촌동,경상사고,0,0,1,0,차대사람 - 길가장자리구역통행중,안전운전불이행,건조,맑음,단일로 - 기타,승용,남,88세,상해없음,보행자,여,23세,경상
2020072600100174,2020년 7월 26일 12시,일요일,대구광역시 북구 동호동,경상사고,0,0,2,0,차대차 - 측면충돌,안전거리미확보,건조,맑음,기타 - 기타,승용,남,26세,상해없음,승용,남,47세,경상
2020072600100201,2020년 7월 26일 13시,일요일,대구광역시 달성군 옥포읍,중상사고,0,1,0,0,차대차 - 기타,안전운전불이행,건조,맑음,교차로 - 교차로부근,기타불명,기타불명,미분류,기타불명,자전거,남,63세,중상
2020072600100202,2020년 7월 26일 13시,일요일,대구광역시 중구 동인동1가,경상사고,0,0,2,1,차대차 - 측면충돌,차로위반,건조,맑음,단일로 - 기타,화물,남,59세,부상신고,승용,남,36세,경상
2020072600100267,2020년 7월 26일 15시,일요일,대구광역시 달서구 감삼동,경상사고,0,0,1,0,차대차 - 측면충돌,교차로운행방법위반,건조,맑음,교차로 - 교차로안,승용,여,30세,상해없음,이륜,남,23세,경상
2020072600100302,2020년 7월 26일 16시,일요일,대구광역시 북구 태전동,경상사고,0,0,4,0,차대차 - 추돌,안전운전불이행,건조,흐림,단일로 - 터널,승용,여,25세,상해없음,승용,남,45세,상해없음
2020072600100304,2020년 7월 26일 16시,일요일,대구광역시 달서구 월성동,경상사고,0,0,4,0,차대차 - 측면충돌,신호위반,건조,맑음,교차로 - 교차로안,승용,남,63세,상해없음,승용,남,47세,경상
2020072600100329,2020년 7월 26일 17시,일요일,대구광역시 달성군 다사읍,경상사고,0,0,1,0,차대차 - 추돌,안전운전불이행,건조,맑음,기타 - 기타,승용,남,21세,기타불명,승용,여,47세,경상
2020072600100330,2020년 7월 26일 17시,일요일,대구광역시 서구 비산동,부상신고사고,0,0,0,1,차대차 - 기타,안전운전불이행,건조,맑음,교차로 - 교차로부근,자전거,남,11세,부상신고,승용,남,28세,상해없음