사고번호,사고일시,요일,시군구,사고내용,사망자수,중상자수,경상자수,부상신고자수,사고유형,법규위반,노면상태,기상상태,도로형태,가해운전자 차종,가해운전자 성별,가해운전자 연령,가해운전자 상해정도,피해운전자 차종,피해운전자 성별,피해운전자 연령,피해운전자 상해정도
2020072600100361,2020년 7월 26일 18시,일요일,대구광역시 동구 신천동,경상사고,0,0,2,0,차대차 - 측면충돌,안전거리미확보,건조,맑음,교차로 - 교차로안,승용,남,23세,상해없음,승용,남,30세,경상
2020072600100408,2020년 7월 26일 20시,일요일,대구광역시 달서구 월성동,중상사고,0,1,1,0,차대차 - 추돌,안전운전불이행,건조,맑음,단일로 - 기타,승용,남,66세,상해없음,승용,남,34세,중상
2020072600100421,2020년 7월 26일 21시,일요일,대구광역시 수성구 만촌동,경상사고,0,0,1,0,차대차 - 측면충돌,신호위반,건조,맑음,교차로 - 교차로안,승용,남,56세,상해없음,승용,여,49세,경상
2020072600100422,2020년 7월 26일 21시,일요일,대구광역시 중구 덕산동,부상신고사고,0,0,0,1,차대사람 - 횡단중,안전운전불이행,건조,맑음,단일로 - 기타,기타불명,기타불명,미분류,기타불명,보행자,남,25세,부상신고
2020072700100006,2020년 7월 27일 00시,월요일,대구광역시 남구 봉덕동,경상사고,0,0,1,0,차대사람 - 횡단중,안전운전불이행,건조,맑음,교차로 - 교차로횡단보도내,승용,남,28세,상해없음,보행자,남,19세,경상
2020072700100007,2020년 7월 27일 00시,월요일,대구광역시 중구 동인동3가,중상사고,0,1,1,1,차대차 - 기타,신호위반,건조,맑음,교차로 - 교차로안,승용,남,50세,부상신고,승용,여,25세,중상
2020072700100014,2020년 7월 27일 01시,월요일,대구광역시 남구 대명동,경상사고,0,0,1,0,차대차 - 추돌,안전운전불이행,건조,맑음,단일로 - 기타,승용,남,29세,상해없음,승용,남,49세,경상
2020072700100027,2020년 7월 27일 04시,월요일,대구광역시 북구 대현동,경상사고,0,0,2,0,차대차 - 측면충돌,안전운전불이행,건조,맑음,교차로 - 교차로안,승용,남,61세,상해없음,승용,남,25세,경상
2020072700100028,2020년 7월 27일 04시,월요일,대구광역시 북구 태전동,중상사고,0,1,0,0,차대차 - 추돌,안전운전불이행,건조,맑음,교차로 - 교차로부근,승용,여,41세,상해없음,이륜,남,48세,중상
2020072700100048,2020년 7월 27일 06시,월요일,대구광역시 남구 봉덕동,경상사고,0,0,1,0,차대차 - 측면충돌,안전거리미확보,젖음/습기,비,교차로 - 교차로부근,승용,여,54세,상해없음,승용,여,69세,경상
2020072700100049,2020년 7월 27일 06시,월요일,대구광역시 북구 구암동,중상사고,0,1,0,0,차대차 - 기타,안전운전불이행,건조,맑음,교차로 - 교차로부근,승용,남,30세,상해없음,승용,남,40세,중상
2020072700100071,2020년 7월 27일 07시,월요일,대구광역시 북구 산격동,중상사고,0,1,0,0,차대차 - 측면충돌,안전운전불이행,건조,흐림,단일로 - 기타,화물,남,63세,상해없음,원동기,남,83세,중상
2020072700100072,2020년 7월 27일 07시,월요일,대구광역시 북구 노원동3가,경상사고,0,0,2,0,차대차 - 추돌,안전운전불이행,건조,맑음,단일로 - 기타,화물,남,19세,상해없음,승용,남,34세,상해없음
2020072700100073,2020년 7월 27일 07시,월요일,대구광역시 북구 침산동,경상사고,0,0,1,0,차대차 - 추돌,안전거리미확보,젖음/습기,비,교차로 - 교차로부근,화물,남,61세,상해없음,승용,남,46세,경상
2020072700100107,2020년 7월 27일 08시,월요일,대구광역시 달성군 논공읍,중상사고,0,1,0,0,차대차 - 추돌,안전운전불이행,건조,맑음,단일로 - 터널,화물,남,61세,중상,화물,남,58세,상해없음
2020072700100109,2020년 7월 27일 08시,월요일,대구광역시 동구 신천동,경상사고,0,0,1,0,차대사람 - 보도통행중,안전운전불이행,건조,맑음,단일로 - 기타,승용,여,55세,상해없음,보행자,남,32세,경상
2020072700100110,2020년 7월 27일 08시,월요일,대구광역시 수성구 시지동,경상사고,0,0,1,0,차대사람 - 기타,안전운전불이행,건조,맑음,단일로 - 기타,승용,남,67세,상해없음,보행자,여,48세,경상
2020072700100111,2020년 7월 27일 08시,월요일,대구광역시 달서구 두류동,경상사고,0,0,1,0,차대차 - 측면충돌,안전운전불이행,건조,맑음,교차로 - 교차로안,승용,여,23세,기타불명,승용,남,65세,경상
2020072700100147,2020년 7월 27일 09시,월요일,대구광역시 동구 봉무동,부상신고사고,0,0,0,1,차대차 - 측면충돌,안전운전불이행,건조,맑음,교차로 - 교차로안,승용,남,89세,상해없음,승용,여,52세,부상신고
2020072700100148,2020년 7월 27일 09시,월요일,대구광역시 북구 노원동3가,중상사고,0,1,0,0,차대차 - 측면충돌,안전운전불이행,건조,맑음,단일로 - 기타,화물,남,54세,상해없음,이륜,남,73세,중상
2020072700100252,2020년 7월 27일 12시,월요일,대구광역시 서구 내당동,중상사고,0,1,2,0,차대차 - 측면충돌,안전운전불이행,건조,맑음,교차로 - 교차로부근,승용,여,62세,경상,승용,남,29세,중상
2020072700100330,2020년 7월 27일 14시,월요일,대구광역시 수성구 두산동,경상사고,0,0,1,0,차대차 - 측면충돌,안전운전불이행,건조,맑음,단일로 - 기타,승용,남,40세,상해없음,승용,남,32세,경상
2020072700100331,2020년 7월 27일 14시,월요일,대구광역시 수성구 범어동,부상신고사고,0,0,0,1,차대차 - 측면충돌,안전운전불이행,건조,맑음,단일로 - 기타,승용,여,67세,상해없음,승용,남,48세,부상신고
2020072700100332,2020년 7월 27일 14시,월요일,대구광역시 서구 비산동,경상사고,0,0,1,0,차대사람 - 기타,안전운전불이행,건조,맑음,기타 - 기타,승용,남,27세,기타불명,보행자,남,47세,경상
2020072700100369,2020년 7월 27일 15시,월요일,대구광역시 동구 효목동,경상사고,0,0,1,1,차대차 - 측면충돌,직진우회전진행방해,건조,맑음,교차로 - 교차로안,이륜,남,44세,부상신고,승용,여,36세,경상
2020072700100370,2020년 7월 27일 15시,월요일,대구광역시 수성구 지산동,경상사고,0,0,1,1,차대차 - 측면충돌,신호위반,건조,맑음,교차로 - 교차로부근,승용,남,67세,상해없음,승용,남,59세,상해없음
2020072700100405,2020년 7월 27일 16시,월요일,대구광역시 달서구 월성동,경상사고,0,0,1,0,차대사람 - 횡단중,보행자보호의무위반,건조,맑음,교차로 - 교차로안,승용,남,66세,상해없음,보행자,여,23세,경상
2020072700100406,2020년 7월 27일 16시,월요일,대구광역시 달성군 논공읍,부상신고사고,0,0,0,1,차대차 - 측면충돌,안전운전불이행,젖음/습기,비,교차로 - 교차로부근,승용,여,57세,상해없음,승용,남,46세,부상신고
2020072700100407,2020년 7월 27일 16시,월요일,대구광역시 서구 비산동,부상신고사고,0,0,0,1,차대사람 - 기타,안전운전불이행,젖음/습기,비,단일로 - 기타,기타불명,기타불명,미분류,기타불명,보행자,여,72세,부상신고
2020072700100408,2020년 7월 27일 16시,월요일,대구광역시 북구 구암동,경상사고,0,0,1,0,차대차 - 측면충돌,신호위반,건조,흐림,교차로 - 교차로안,화물,남,40세,상해없음,승용,여,37세,경상
2020072700100444,2020년 7월 27일 17시,월요일,대구광역시 남구 봉덕동,경상사고,0,0,3,0,차대차 - 측면충돌,안전운전불이행,젖음/습기,비,교차로 - 교차로부근,승용,남,62세,경상,화물,남,57세,경상
2020072700100445,2020년 7월 27일 17시,월요일,대구광역시 수성구 범어동,경상사고,0,0,2,0,차대차 - 측면충돌,안전운전불이행,건조,맑음,단일로 - 기타,승용,남,71세,상해없음,승용,남,50세,경상
2020072700100446,2020년 7월 27일 17시,월요일,대구광역시 달서구 이곡동,중상사고,0,2,0,0,차대차 - 기타,안전거리미확보,건조,맑음,단일로 - 기타,승용,남,70세,상해없음,승용,남,35세,중상
2020072700100482,2020년 7월 27일 18시,월요일,대구광역시 수성구 수성동2가,경상사고,0,0,4,0,차대차 - 측면충돌,안전운전불이행,젖음/습기,맑음,단일로 - 기타,승용,남,32세,기타불명,승용,남,36세,경상
2020072700100510,2020년 7월 27일 19시,월요일,대구광역시 동구 검사동,중상사고,0,1,0,0,차대사람 - 횡단중,안전운전불이행,젖음/습기,비,교차로 - 교차로안,화물,남,61세,상해없음,보행자,여,47세,중상
2020072700100511,2020년 7월 27일 19시,월요일,대구광역시 동구 율하동,경상사고,0,0,1,0,차대사람 - 횡단중,안전운전불이행,젖음/습기,비,단일로 - 기타,승용,남,43세,상해없음,보행자,남,68세,경상
2020072700100512,2020년 7월 27일 19시,월요일,대구광역시 수성구 범물동,경상사고,0,0,1,0,차대차 - 추돌,신호위반,건조,맑음,교차로 - 교차로안,승용,여,20세,상해없음,승용,남,33세,경상
2020072700100513,2020년 7월 27일 19시,월요일,대구광역시 달서구 송현동,중상사고,0,1,0,0,차대사람 - 횡단중,안전운전불이행,젖음/습기,비,단일로 - 기타,화물,남,65세,상해없음,보행자,여,71세,중상
2020072700100514,2020년 7월 27일 19시,월요일,대구광역시 달성군 다사읍,경상사고,0,0,1,0,차대차 - 기타,안전운전불이행,젖음/습기,비,단일로 - 기타,승용,여,43세,상해없음,승용,여,25세,경상
2020072700100515,2020년 7월 27일 19시,월요일,대구광역시 서구 이현동,경상사고,0,0,1,0,차대차 - 기타,안전운전불이행,젖음/습기,비,교차로 - 교차로안,승용,남,60세,상해없음,승용,여,58세,경상
2020072700100547,2020년 7월 27일 20시,월요일,대구광역시 남구 봉덕동,경상사고,0,0,1,0,차대차 - 정면충돌,중앙선침범,젖음/습기,비,교차로 - 교차로부근,화물,남,53세,상해없음,승용,남,59세,경상
2020072700100548,2020년 7월 27일 20시,월요일,대구광역시 달서구 상인동,경상사고,0,0,2,0,차대차 - 측면충돌,교차로운행방법위반,젖음/습기,비,교차로 - 교차로안,승용,남,55세,경상,승용,남,36세,경상
2020072700100575,2020년 7월 27일 21시,월요일,대구광역시 달서구 송현동,중상사고,0,1,1,0,차대차 - 측면충돌,교차로운행방법위반,젖음/습기,비,교차로 - 교차로안,화물,남,67세,경상,승용,여,68세,중상
2020072700100576,2020년 7월 27일 21시,월요일,대구광역시 중구 삼덕동1가,경상사고,0,0,1,0,차대차 - 기타,안전운전불이행,젖음/습기,비,단일로 - 기타,승용,남,51세,상해없음,승용,남,38세,경상
2020072700100621,2020년 7월 27일 23시,월요일,대구광역시 달서구 장동,경상사고,0,0,2,0,차대차 - 측면충돌,안전운전불이행,건조,맑음,단일로 - 기타,승용,남,63세,상해없음,승용,남,56세,경상
2020072700100622,2020년 7월 27일 23시,월요일,대구광역시 북구 침산동,경상사고,0,0,1,0,차대차 - 측면충돌,과속,젖음/습기,비,단일로 - 지하차도(도로)내,승용,남,28세,상해없음,승용,남,41세,경상
2020072700100623,2020년 7월 27일 23시,월요일,대구광역시 북구 침산동,중상사고,0,2,1,0,차대차 - 측면충돌,안전운전불이행,젖음/습기,비,단일로 - 지하차도(도로)내,승용,남,65세,상해없음,승용,남,43세,경상
2020072800100020,2020년 7월 28일 01시,화요일,대구광역시 달서구 용산동,경상사고,0,0,2,0,차대차 - 기타,안전운전불이행,젖음/습기,비,단일로 - 기타,승용,남,25세,상해없음,승용,여,43세,경상
2020072800100027,2020년 7월 28일 02시,화요일,대구광역시 수성구 수성동1가,중상사고,0,1,0,0,차대사람 - 차도통행중,안전운전불이행,젖음/습기,비,단일로 - 기타,승용,남,68세,상해없음,보행자,남,73세,중상
2020072800100028,2020년 7월 28일 02시,화요일,대구광역시 수성구 만촌동,경상사고,0,0,1,0,차량단독 - 공작물충돌,안전운전불이행,젖음/습기,비,교차로 - 교차로안,승용,남,38세,상해없음,,,,
2020072800100029,2020년 7월 28일 02시,화요일,대구광역시 서구 내당동,경상사고,0,0,2,0,차대차 - 측면충돌,교차로운행방법위반,젖음/습기,비,교차로 - 교차로안,승용,남,52세,상해없음,승용,남,42세,경상
2020072800100030,2020년 7월 28일 02시,화요일,대구광역시 중구 교동,경상사고,0,0,1,0,차대차 - 정면충돌,신호위반,젖음/습기,비,교차로 - 교차로안,승용,남,25세,상해없음,승용,남,60세,경상
2020072800100057,2020년 7월 28일 05시,화요일,대구광역시 달서구 송현동,중상사고,0,1,0,1,차대사람 - 기타,안전운전불이행,젖음/습기,비,교차로 - 교차로횡단보도내,승용,남,64세,상해없음,보행자,남,24세,부상신고
2020072800100065,2020년 7월 28일 06시,화요일,대구광역시 달서구 장기동,경상사고,0,0,2,0,차대차 - 측면충돌,교차로운행방법위반,젖음/습기,비,단일로 - 기타,화물,남,52세,경상,화물,남,57세,경상
2020072800100082,2020년 7월 28일 07시,화요일,대구광역시 달서구 상인동,경상사고,0,0,1,0,차대차 - 측면충돌,안전운전불이행,젖음/습기,비,단일로 - 기타,승용,남,63세,상해없음,승용,남,69세,경상
2020072800100083,2020년 7월 28일 07시,화요일,대구광역시 서구 평리동,경상사고,0,0,2,0,차대차 - 측면충돌,신호위반,젖음/습기,비,교차로 - 교차로안,승용,남,68세,상해없음,승용,남,25세,상해없음
2020072800100158,2020년 7월 28일 10시,화요일,대구광역시 동구 효목동,경상사고,0,0,1,0,차대차 - 측면충돌,안전운전불이행,건조,맑음,교차로 - 교차로안,화물,남,41세,기타불명,승용,여,52세,경상
2020072800100205,2020년 7월 28일 12시,화요일,대구광역시 동구 입석동,경상사고,0,0,1,0,차대사람 - 기타,안전운전불이행,건조,맑음,단일로 - 기타,승합,남,51세,상해없음,보행자,남,66세,경상
2020072800100229,2020년 7월 28일 13시,화요일,대구광역시 동구 봉무동,경상사고,0,0,2,0,차대차 - 측면충돌,안전거리미확보,건조,맑음,단일로 - 기타,화물,남,67세,상해없음,승용,여,46세,경상
2020072800100230,2020년 7월 28일 13시,화요일,대구광역시 수성구 만촌동,중상사고,0,1,5,0,차대차 - 추돌,안전운전불이행,건조,맑음,단일로 - 기타,화물,남,64세,경상,승용,남,39세,경상
2020072800100231,2020년 7월 28일 13시,화요일,대구광역시 달성군 다사읍,경상사고,0,0,1,0,차대차 - 측면충돌,안전운전불이행,건조,맑음,단일로 - 기타,승용,여,61세,상해없음,이륜,남,46세,경상
2020072800100232,2020년 7월 28일 13시,화요일,대구광역시 서구 평리동,경상사고,0,0,1,0,차대사람 - 차도통행중,안전운전불이행,건조,맑음,단일로 - 기타,원동기,남,33세,상해없음,보행자,남,7세,경상
2020072800100233,2020년 7월 28일 13시,화요일,대구광역시 달서구 용산동,경상사고,0,0,2,0,차대차 - 기타,교차로운행방법위반,건조,맑음,교차로 - 교차로안,승용,남,63세,경상,이륜,남,41세,경상
2020072800100235,2020년 7월 28일 13시,화요일,대구광역시 북구 읍내동,경상사고,0,0,2,0,차대차 - 기타,안전운전불이행,건조,맑음,단일로 - 기타,승용,여,50세,상해없음,승용,남,33세,경상
2020072800100257,2020년 7월 28일 14시,화요일,대구광역시 수성구 만촌동,경상사고,0,0,2,0,차대차 - 기타,안전운전불이행,건조,맑음,기타 - 기타,건설기계,남,60세,상해없음,승용,남,23세,상해없음
2020072800100297,2020년 7월 28일 15시,화요일,대구광역시 달성군 현풍읍,경상사고,0,0,2,0,차대차 - 정면충돌,안전운전불이행,건조,맑음,기타 - 기타,승용,여,34세,경상,화물,남,26세,경상
2020072800100298,2020년 7월 28일 15시,화요일,대구광역시 달서구 감삼동,중상사고,0,1,0,0,차대차 - 추돌,차로위반,건조,맑음,단일로 - 기타,이륜,여,65세,중상,화물,남,53세,상해없음
2020072800100299,2020년 7월 28일 15시,화요일,대구광역시 달서구 본리동,중상사고,0,1,0,0,차대차 - 측면충돌,신호위반,건조,맑음,교차로 - 교차로안,승용,남,56세,상해없음,이륜,남,21세,중상
2020072800100328,2020년 7월 28일 16시,화요일,대구광역시 동구 동호동,중상사고,0,1,0,1,차대차 - 측면충돌,안전거리미확보,건조,맑음,단일로 - 교량,승용,여,54세,부상신고,승용,여,49세,중상
2020072800100329,2020년 7월 28일 16시,화요일,대구광역시 수성구 황금동,경상사고,0,0,1,0,차대차 - 측면충돌,교차로운행방법위반,젖음/습기,흐림,교차로 - 교차로안,승용,남,43세,상해없음,승용,남,26세,경상
2020072800100330,2020년 7월 28일 16시,화요일,대구광역시 달성군 다사읍,부상신고사고,0,0,0,1,차대사람 - 기타,안전운전불이행,건조,맑음,단일로 - 기타,승용,남,28세,상해없음,보행자,남,65세,부상신고
2020072800100331,2020년 7월 28일 16시,화요일,대구광역시 중구 태평로1가,부상신고사고,0,0,0,1,차대차 - 측면충돌,안전운전불이행,건조,맑음,단일로 - 기타,자전거,여,62세,부상신고,승용,여,43세,상해없음
2020072800100370,2020년 7월 28일 17시,화요일,대구광역시 동구 효목동,중상사고,0,1,0,0,차대사람 - 길가장자리구역통행중,안전운전불이행,젖음/습기,비,교차로 - 교차로안,승용,여,56세,상해없음,보행자,남,76세,중상
2020072800100371,2020년 7월 28일 17시,화요일,대구광역시 서구 내당동,경상사고,0,0,1,0,차대사람 - 차도통행중,안전운전불이행,건조,맑음,교차로 - 교차로부근,승용,남,48세,상해없음,보행자,여,29세,경상
2020072800100372,2020년 7월 28일 17시,화요일,대구광역시 중구 남산동,경상사고,0,0,1,0,차대차 - 측면충돌,안전운전불이행,젖음/습기,맑음,단일로 - 기타,승용,남,61세,상해없음,승용,남,58세,경상
2020072800100373,2020년 7월 28일 17시,화요일,대구광역시 북구 매천동,경상사고,0,0,1,0,차대차 - 기타,안전운전불이행,젖음/습기,비,교차로 - 교차로안,이륜,남,42세,경상,승용,여,32세,상해없음
2020072800100417,2020년 7월 28일 18시,화요일,대구광역시 동구 용계동,경상사고,0,0,1,0,차대차 - 기타,안전운전불이행,젖음/습기,비,단일로 - 기타,이륜,남,46세,경상,화물,남,64세,상해없음
2020072800100418,2020년 7월 28일 18시,화요일,대구광역시 서구 이현동,경상사고,0,0,1,0,차대차 - 측면충돌,안전거리미확보,젖음/습기,비,단일로 - 기타,화물,남,45세,기타불명,승용,남,46세,경상
2020072800100419,2020년 7월 28일 18시,화요일,대구광역시 달서구 용산동,경상사고,0,0,1,0,차대사람 - 횡단중,보행자보호의무위반,건조,맑음,교차로 - 교차로횡단보도내,승용,남,61세,상해없음,보행자,남,10세,경상
2020072800100458,2020년 7월 28일 19시,화요일,대구광역시 달서구 진천동,중상사고,0,1,0,0,차대사람 - 횡단중,신호위반,젖음/습기,비,교차로 - 교차로횡단보도내,원동기,남,24세,상해없음,보행자,여,26세,중상
2020072800100459,2020년 7월 28일 19시,화요일,대구광역시 중구 대신동,경상사고,0,0,1,0,차대차 - 기타,기타,젖음/습기,비,단일로 - 기타,승용,남,61세,기타불명,이륜,남,29세,경상
2020072800100500,2020년 7월 28일 20시,화요일,대구광역시 남구 대명동,중상사고,0,1,0,0,차대차 - 측면충돌,직진우회전진행방해,젖음/습기,비,교차로 - 교차로안,이륜,남,39세,중상,승용,남,57세,상해없음
2020072800100501,2020년 7월 28일 20시,화요일,대구광역시 동구 율하동,부상신고사고,0,0,0,1,차대차 - 측면충돌,안전운전불이행,젖음/습기,비,교차로 - 교차로부근,이륜,남,32세,부상신고,이륜,남,51세,상해없음
2020072800100502,2020년 7월 28일 20시,화요일,대구광역시 동구 신암동,부상신고사고,0,0,0,1,차대차 - 기타,안전운전불이행,젖음/습기,비,교차로 - 교차로부근,기타불명,기타불명,미분류,기타불명,이륜,남,51세,부상신고
2020072800100503,2020년 7월 28일 20시,화요일,대구광역시 동구 신암동,경상사고,0,0,2,0,차대차 - 측면충돌,직진우회전진행방해,젖음/습기,비,교차로 - 교차로안,승용,남,62세,경상,승용,남,38세,경상
2020072800100504,2020년 7월 28일 20시,화요일,대구광역시 수성구 두산동,경상사고,0,0,1,0,차대차 - 측면충돌,차로위반,젖음/습기,비,단일로 - 기타,승용,남,58세,상해없음,이륜,남,33세,경상
2020072800100505,2020년 7월 28일 20시,화요일,대구광역시 달서구 진천동,경상사고,0,0,1,0,차대차 - 추돌,안전운전불이행,젖음/습기,비,교차로 - 교차로부근,승용,남,27세,상해없음,승용,남,33세,경상
2020072800100506,2020년 7월 28일 20시,화요일,대구광역시 달서구 월성동,중상사고,0,1,0,0,차대사람 - 횡단중,보행자보호의무위반,젖음/습기,비,교차로 - 교차로횡단보도내,화물,남,55세,상해없음,보행자,여,47세,중상
2020072800100507,2020년 7월 28일 20시,화요일,대구광역시 달서구 상인동,경상사고,0,0,1,0,차대차 - 측면충돌,안전거리미확보,젖음/습기,비,단일로 - 기타,승용,남,65세,상해없음,이륜,남,24세,경상
2020072800100508,2020년 7월 28일 20시,화요일,대구광역시 달서구 상인동,경상사고,0,0,1,0,차대차 - 기타,안전거리미확보,젖음/습기,비,단일로 - 기타,승용,여,50세,상해없음,원동기,남,36세,경상
2020072800100537,2020년 7월 28일 21시,화요일,대구광역시 달서구 상인동,경상사고,0,0,1,0,차대사람 - 길가장자리구역통행중,보행자보호의무위반,젖음/습기,비,교차로 - 교차로안,승용,남,37세,상해없음,보행자,남,44세,경상
2020072800100586,2020년 7월 28일 23시,화요일,대구광역시 동구 효목동,경상사고,0,0,1,0,차대차 - 측면충돌,안전운전불이행,젖음/습기,비,교차로 - 교차로횡단보도내,승용,남,60세,상해없음,승용,남,20세,경상
2020072900100017,2020년 7월 29일 00시,수요일,대구광역시 달서구 본동,중상사고,0,1,3,0,차대차 - 정면충돌,신호위반,젖음/습기,비,교차로 - 교차로안,승용,남,56세,상해없음,승용,남,56세,경상
2020072900100018,2020년 7월 29일 00시,수요일,대구광역시 북구 노원동3가,경상사고,0,0,1,0,차대차 - 추돌,안전운전불이행,젖음/습기,비,단일로 - 기타,승용,남,59세,상해없음,승용,남,57세,경상
2020072900100037,2020년 7월 29일 02시,수요일,대구광역시 수성구 신매동,경상사고,0,0,1,0,차대차 - 추돌,안전운전불이행,젖음/습기,비,단일로 - 기타,승용,남,41세,상해없음,승용,남,27세,경상
2020072900100038,2020년 7월 29일 02시,수요일,대구광역시 중구 남산동,경상사고,0,0,1,0,차대차 - 추돌,안전운전불이행,젖음/습기,비,교차로 - 교차로부근,승용,남,34세,상해없음,승용,남,29세,경상
2020072900100049,2020년 7월 29일 03시,수요일,대구광역시 달서구 용산동,경상사고,0,0,1,0,차대차 - 기타,안전운전불이행,젖음/습기,비,단일로 - 기타,승용,여,36세,상해없음,승용,남,61세,경상
2020072900100056,2020년 7월 29일 04시,수요일,대구광역시 남구 대명동,경상사고,0,0,1,0,차대차 - 기타,안전운전불이행,건조,맑음,교차로 - 교차로부근,승용,남,71세,상해없음,이륜,남,19세,경상
2020072900100075,2020년 7월 29일 06시,수요일,대구광역시 달서구 신당동,경상사고,0,0,1,0,차대차 - 기타,안전운전불이행,건조,흐림,교차로 - 교차로부근,승용,남,22세,상해없음,승용,남,50세,경상
2020072900100091,2020년 7월 29일 07시,수요일,대구광역시 중구 봉산동,경상사고,0,0,2,1,차대차 - 측면충돌,안전운전불이행,젖음/습기,흐림,단일로 - 기타,승용,남,49세,상해없음,승용,여,45세,부상신고
2020072900100114,2020년 7월 29일 08시,수요일,대구광역시 남구 대명동,경상사고,0,0,1,0,차대차 - 기타,차로위반,건조,맑음,단일로 - 기타,승용,남,63세,상해없음,이륜,남,31세,경상
2020072900100115,2020년 7월 29일 08시,수요일,대구광역시 수성구 수성동4가,경상사고,0,0,1,0,차대차 - 측면충돌,안전거리미확보,건조,맑음,단일로 - 기타,승용,남,28세,상해없음,승용,여,28세,경상
2020072900100116,2020년 7월 29일 08시,수요일,대구광역시 달서구 유천동,경상사고,0,0,1,0,차대차 - 추돌,안전운전불이행,건조,맑음,단일로 - 기타,승용,남,57세,상해없음,승용,여,67세,경상
2020072900100117,2020년 7월 29일 08시,수요일,대구광역시 북구 대현동,중상사고,0,1,0,0,차대차 - 측면충돌,안전운전불이행,건조,맑음,단일로 - 기타,기타불명,기타불명,미분류,기타불명,이륜,남,61세,중상
2020072900100150,2020년 7월 29일 09시,수요일,대구광역시 남구 봉덕동,경상사고,0,0,2,0,차대차 - 측면충돌,직진우회전진행방해,건조,맑음,교차로 - 교차로안,승용,여,28세,경상,승용,여,32세,경상
2020072900100151,2020년 7월 29일 09시,수요일,대구광역시 중구 남산동,경상사고,0,0,1,1,차대차 - 추돌,안전운전불이행,건조,맑음,단일로 - 기타,승용,남,66세,상해없음,승용,여,34세,경상
2020072900100152,2020년 7월 29일 09시,수요일,대구광역시 달서구 이곡동,경상사고,0,0,1,0,차대차 - 측면충돌,안전운전불이행,젖음/습기,비,교차로 - 교차로부근,승용,여,26세,상해없음,승용,남,29세,경상
2020072900100209,2020년 7월 29일 11시,수요일,대구광역시 남구 봉덕동,경상사고,0,0,1,0,차대차 - 측면충돌,안전운전불이행,젖음/습기,비,단일로 - 기타,승용,남,66세,상해없음,승용,남,32세,경상
2020072900100210,2020년 7월 29일 11시,수요일,대구광역시 남구 이천동,경상사고,0,0,1,0,차대차 - 기타,안전운전불이행,건조,맑음,단일로 - 지하차도(도로)내,승용,여,30세,상해없음,승용,남,25세,경상
2020072900100247,2020년 7월 29일 12시,수요일,대구광역시 남구 봉덕동,중상사고,0,1,0,0,차대사람 - 보도통행중,기타,젖음/습기,비,단일로 - 기타,이륜,남,40세,상해없음,보행자,여,75세,중상
2020072900100248,2020년 7월 29일 12시,수요일,대구광역시 동구 신암동,경상사고,0,0,2,0,차대차 - 기타,안전운전불이행,젖음/습기,비,교차로 - 교차로안,승용,남,41세,상해없음,승용,남,40세,경상
2020072900100249,2020년 7월 29일 12시,수요일,대구광역시 북구 동천동,경상사고,0,0,1,0,차대차 - 측면충돌,직진우회전진행방해,젖음/습기,비,교차로 - 교차로안,화물,남,57세,상해없음,이륜,남,45세,경상
2020072900100349,2020년 7월 29일 15시,수요일,대구광역시 북구 대현동,경상사고,0,0,1,0,차대차 - 추돌,안전운전불이행,건조,맑음,교차로 - 교차로부근,이륜,남,53세,상해없음,승용,남,59세,경상
2020072900100350,2020년 7월 29일 15시,수요일,대구광역시 북구 복현동,경상사고,0,0,1,0,차대차 - 추돌,안전운전불이행,젖음/습기,비,단일로 - 기타,승용,남,18세,상해없음,승용,여,52세,경상
2020072900100384,2020년 7월 29일 16시,수요일,대구광역시 동구 서호동,경상사고,0,0,1,0,차대차 - 기타,안전운전불이행,젖음/습기,흐림,교차로 - 교차로안,승용,여,56세,상해없음,이륜,남,61세,경상
2020072900100385,2020년 7월 29일 16시,수요일,대구광역시 달서구 송현동,경상사고,0,0,2,0,차대차 - 기타,안전거리미확보,건조,맑음,단일로 - 기타,승합,남,54세,상해없음,승용,여,23세,경상
2020072900100386,2020년 7월 29일 16시,수요일,대구광역시 중구 삼덕동3가,경상사고,0,0,3,0,차대차 - 기타,안전거리미확보,건조,맑음,단일로 - 기타,화물,남,66세,상해없음,승용,여,34세,경상
2020072900100387,2020년 7월 29일 16시,수요일,대구광역시 달서구 용산동,중상사고,0,1,0,0,차대차 - 측면충돌,신호위반,건조,맑음,교차로 - 교차로안,승용,여,43세,상해없음,승용,남,34세,중상
2020072900100416,2020년 7월 29일 17시,수요일,대구광역시 달서구 월성동,경상사고,0,0,1,0,차대차 - 측면충돌,안전거리미확보,건조,맑음,단일로 - 기타,화물,남,49세,상해없음,승용,여,43세,경상
2020072900100417,2020년 7월 29일 17시,수요일,대구광역시 중구 봉산동,경상사고,0,0,1,0,차대차 - 후진중충돌,안전운전불이행,건조,맑음,교차로 - 교차로부근,승용,남,47세,상해없음,승용,남,37세,경상
2020072900100418,2020년 7월 29일 17시,수요일,대구광역시 달서구 감삼동,경상사고,0,0,1,0,차대차 - 측면충돌,차로위반,건조,맑음,단일로 - 기타,승용,여,54세,상해없음,승용,여,39세,경상
2020072900100456,2020년 7월 29일 18시,수요일,대구광역시 남구 대명동,경상사고,0,0,1,0,차대사람 - 보도통행중,기타,젖음/습기,흐림,기타 - 기타,승용,남,64세,상해없음,보행자,여,30세,경상