사고번호,사고일시,요일,시군구,사고내용,사망자수,중상자수,경상자수,부상신고자수,사고유형,법규위반,노면상태,기상상태,도로형태,가해운전자 차종,가해운전자 성별,가해운전자 연령,가해운전자 상해정도,피해운전자 차종,피해운전자 성별,피해운전자 연령,피해운전자 상해정도
2020080700100181,2020년 8월 7일 10시,금요일,대구광역시 북구 동천동,경상사고,0,0,1,0,차대차 - 측면충돌,안전거리미확보,젖음/습기,비,단일로 - 기타,승용,여,40세,기타불명,승용,여,52세,경상
2020080700100213,2020년 8월 7일 11시,금요일,대구광역시 동구 신천동,중상사고,0,1,2,0,차대차 - 측면충돌,안전운전불이행,젖음/습기,비,교차로 - 교차로안,승용,남,72세,중상,승용,남,25세,경상
2020080700100214,2020년 8월 7일 11시,금요일,대구광역시 동구 신서동,경상사고,0,0,2,0,차대차 - 측면충돌,신호위반,젖음/습기,비,교차로 - 교차로안,승용,여,45세,경상,승용,남,63세,경상
2020080700100215,2020년 8월 7일 11시,금요일,대구광역시 달서구 장기동,경상사고,0,0,3,0,차대차 - 측면충돌,안전운전불이행,젖음/습기,비,단일로 - 기타,승용,여,51세,상해없음,승용,남,55세,경상
2020080700100266,2020년 8월 7일 13시,금요일,대구광역시 동구 서호동,경상사고,0,0,1,0,차대차 - 기타,안전운전불이행,젖음/습기,비,교차로 - 교차로안,승용,남,55세,상해없음,이륜,남,27세,경상
2020080700100267,2020년 8월 7일 13시,금요일,대구광역시 달서구 대곡동,경상사고,0,0,2,0,차대차 - 추돌,안전운전불이행,젖음/습기,비,단일로 - 기타,승용,남,23세,경상,승용,남,46세,경상
2020080700100296,2020년 8월 7일 14시,금요일,대구광역시 수성구 범물동,부상신고사고,0,0,0,1,차대차 - 측면충돌,직진우회전진행방해,젖음/습기,비,교차로 - 교차로안,승용,남,26세,상해없음,이륜,남,53세,부상신고
2020080700100297,2020년 8월 7일 14시,금요일,대구광역시 수성구 만촌동,경상사고,0,0,2,0,차대차 - 추돌,안전운전불이행,젖음/습기,흐림,교차로 - 교차로부근,화물,남,57세,상해없음,승용,여,63세,경상
2020080700100298,2020년 8월 7일 14시,금요일,대구광역시 서구 내당동,경상사고,0,0,1,0,차대차 - 측면충돌,안전운전불이행,젖음/습기,비,교차로 - 교차로안,이륜,남,28세,경상,승용,여,41세,상해없음
2020080700100336,2020년 8월 7일 15시,금요일,대구광역시 서구 상리동,경상사고,0,0,5,0,차대차 - 기타,안전운전불이행,젖음/습기,비,단일로 - 기타,특수,남,50세,상해없음,승용,남,22세,경상
2020080700100341,2020년 8월 7일 15시,금요일,대구광역시 남구 대명동,경상사고,0,0,1,0,차대사람 - 기타,안전운전불이행,젖음/습기,비,주차장 - 주차장,승용,여,55세,상해없음,보행자,남,39세,경상
2020080700100342,2020년 8월 7일 15시,금요일,대구광역시 달성군 하빈면,경상사고,0,0,1,0,차대차 - 추돌,안전운전불이행,건조,맑음,기타 - 기타,승용,남,73세,상해없음,화물,남,43세,경상
2020080700100343,2020년 8월 7일 15시,금요일,대구광역시 서구 비산동,경상사고,0,0,1,0,차대사람 - 기타,안전운전불이행,건조,맑음,단일로 - 기타,승용,남,65세,상해없음,보행자,남,31세,경상
2020080700100344,2020년 8월 7일 15시,금요일,대구광역시 북구 구암동,경상사고,0,0,1,0,차대차 - 측면충돌,안전운전불이행,젖음/습기,비,교차로 - 교차로안,승용,남,59세,상해없음,이륜,남,52세,경상
2020080700100369,2020년 8월 7일 16시,금요일,대구광역시 동구 용수동,경상사고,0,0,1,0,차량단독 - 공작물충돌,안전운전불이행,젖음/습기,비,단일로 - 기타,승용,여,52세,경상,,,,
2020080700100370,2020년 8월 7일 16시,금요일,대구광역시 수성구 만촌동,경상사고,0,0,1,0,차대차 - 정면충돌,안전운전불이행,젖음/습기,비,단일로 - 기타,화물,남,34세,상해없음,승용,남,43세,경상
2020080700100371,2020년 8월 7일 16시,금요일,대구광역시 서구 평리동,경상사고,0,0,2,0,차대차 - 기타,기타,젖음/습기,비,교차로 - 교차로안,승용,남,28세,경상,화물,남,59세,경상
2020080700100372,2020년 8월 7일 16시,금요일,대구광역시 북구 매천동,경상사고,0,0,1,0,차대사람 - 기타,안전운전불이행,젖음/습기,비,단일로 - 기타,기타불명,기타불명,미분류,기타불명,보행자,남,44세,경상
2020080700100413,2020년 8월 7일 17시,금요일,대구광역시 남구 대명동,경상사고,0,0,2,0,차대차 - 측면충돌,과속,젖음/습기,비,단일로 - 교량,승용,남,55세,경상,화물,남,25세,경상
2020080700100414,2020년 8월 7일 17시,금요일,대구광역시 수성구 황금동,경상사고,0,0,1,0,차대차 - 측면충돌,안전거리미확보,건조,맑음,단일로 - 기타,승용,여,46세,기타불명,승용,남,40세,경상
2020080700100415,2020년 8월 7일 17시,금요일,대구광역시 북구 읍내동,경상사고,0,0,1,0,차대차 - 측면충돌,안전운전불이행,젖음/습기,비,교차로 - 교차로부근,승용,남,71세,상해없음,이륜,남,20세,경상
2020080700100460,2020년 8월 7일 18시,금요일,대구광역시 수성구 만촌동,경상사고,0,0,1,0,차대차 - 측면충돌,안전거리미확보,젖음/습기,비,교차로 - 교차로부근,승용,남,37세,상해없음,화물,남,60세,경상
2020080700100461,2020년 8월 7일 18시,금요일,대구광역시 달서구 도원동,경상사고,0,0,2,0,차대차 - 추돌,안전거리미확보,젖음/습기,비,단일로 - 기타,승용,남,24세,상해없음,승용,여,42세,경상
2020080700100462,2020년 8월 7일 18시,금요일,대구광역시 북구 동천동,부상신고사고,0,0,0,1,차대차 - 측면충돌,교차로운행방법위반,젖음/습기,비,교차로 - 교차로안,승용,남,46세,상해없음,원동기,남,20세,부상신고
2020080700100502,2020년 8월 7일 19시,금요일,대구광역시 남구 봉덕동,경상사고,0,0,3,0,차대차 - 측면충돌,직진우회전진행방해,젖음/습기,비,단일로 - 기타,승용,여,79세,상해없음,승용,남,45세,경상
2020080700100503,2020년 8월 7일 19시,금요일,대구광역시 동구 신기동,경상사고,0,0,1,0,차대차 - 추돌,안전운전불이행,젖음/습기,비,단일로 - 기타,승용,남,58세,상해없음,승용,남,53세,경상
2020080700100504,2020년 8월 7일 19시,금요일,대구광역시 수성구 수성동4가,경상사고,0,0,2,0,차대차 - 기타,차로위반,젖음/습기,비,교차로 - 교차로부근,이륜,남,34세,상해없음,승용,남,66세,경상
2020080700100505,2020년 8월 7일 19시,금요일,대구광역시 중구 동산동,경상사고,0,0,2,0,차대차 - 기타,안전운전불이행,젖음/습기,비,단일로 - 기타,승용,남,24세,상해없음,승용,남,63세,경상
2020080700100539,2020년 8월 7일 20시,금요일,대구광역시 수성구 지산동,경상사고,0,0,1,1,차대차 - 측면충돌,교차로운행방법위반,젖음/습기,비,교차로 - 교차로안,승용,남,42세,부상신고,원동기,남,46세,경상
2020080700100540,2020년 8월 7일 20시,금요일,대구광역시 수성구 중동,경상사고,0,0,1,0,차대차 - 추돌,안전운전불이행,건조,맑음,교차로 - 교차로부근,승용,여,58세,상해없음,승용,여,28세,상해없음
2020080700100541,2020년 8월 7일 20시,금요일,대구광역시 달서구 진천동,경상사고,0,0,1,0,차대차 - 측면충돌,안전운전불이행,건조,맑음,교차로 - 교차로안,승용,남,27세,상해없음,승용,여,39세,경상
2020080700100542,2020년 8월 7일 20시,금요일,대구광역시 달성군 현풍읍,경상사고,0,0,1,0,차대차 - 기타,안전운전불이행,젖음/습기,비,교차로 - 교차로안,승용,남,23세,상해없음,이륜,남,44세,경상
2020080700100573,2020년 8월 7일 21시,금요일,대구광역시 달서구 상인동,부상신고사고,0,0,0,1,차대차 - 측면충돌,직진우회전진행방해,건조,맑음,교차로 - 교차로안,승용,남,73세,상해없음,원동기,남,47세,부상신고
2020080700100574,2020년 8월 7일 21시,금요일,대구광역시 서구 평리동,경상사고,0,0,1,0,차대차 - 측면충돌,안전거리미확보,건조,맑음,단일로 - 기타,승용,여,59세,기타불명,승용,남,58세,경상
2020080700100575,2020년 8월 7일 21시,금요일,대구광역시 달서구 감삼동,경상사고,0,0,1,0,차대차 - 측면충돌,차로위반,젖음/습기,비,교차로 - 교차로부근,승용,남,27세,상해없음,승용,여,57세,경상
2020080700100597,2020년 8월 7일 22시,금요일,대구광역시 남구 대명동,경상사고,0,0,3,0,차대차 - 추돌,안전운전불이행,건조,맑음,단일로 - 기타,승용,남,40세,상해없음,승용,남,46세,경상
2020080700100598,2020년 8월 7일 22시,금요일,대구광역시 수성구 매호동,경상사고,0,0,1,0,차대차 - 측면충돌,신호위반,젖음/습기,비,교차로 - 교차로안,승용,남,35세,상해없음,이륜,남,58세,경상
2020080700100599,2020년 8월 7일 22시,금요일,대구광역시 달서구 월성동,경상사고,0,0,1,0,차량단독 - 기타,기타,건조,맑음,단일로 - 기타,승용,남,59세,상해없음,,,,
2020080700100600,2020년 8월 7일 22시,금요일,대구광역시 중구 종로1가,경상사고,0,0,2,0,차대차 - 후진중충돌,안전운전불이행,젖음/습기,비,단일로 - 기타,승용,남,26세,상해없음,승용,남,27세,경상
2020080700100633,2020년 8월 7일 23시,금요일,대구광역시 동구 용계동,경상사고,0,0,1,0,차대차 - 측면충돌,기타,젖음/습기,비,교차로 - 교차로안,승용,남,52세,상해없음,이륜,남,44세,경상
2020080700100634,2020년 8월 7일 23시,금요일,대구광역시 중구 남성로,경상사고,0,0,1,0,차대차 - 측면충돌,안전운전불이행,건조,맑음,교차로 - 교차로안,승용,남,27세,상해없음,승용,남,29세,경상
2020080800100008,2020년 8월 8일 00시,토요일,대구광역시 동구 신천동,중상사고,0,1,0,0,차대사람 - 차도통행중,안전운전불이행,건조,맑음,교차로 - 교차로안,화물,여,42세,상해없음,보행자,여,50세,중상
2020080800100009,2020년 8월 8일 00시,토요일,대구광역시 동구 신암동,경상사고,0,0,1,0,차대차 - 추돌,안전운전불이행,젖음/습기,비,단일로 - 기타,승용,여,55세,경상,건설기계,남,34세,상해없음
2020080800100010,2020년 8월 8일 00시,토요일,대구광역시 달서구 송현동,경상사고,0,0,1,0,차대차 - 기타,불법유턴,젖음/습기,비,교차로 - 교차로횡단보도내,자전거,여,19세,상해없음,승용,남,31세,상해없음
2020080800100048,2020년 8월 8일 02시,토요일,대구광역시 수성구 두산동,중상사고,0,1,0,0,차대사람 - 기타,안전운전불이행,젖음/습기,비,단일로 - 기타,승용,여,36세,상해없음,보행자,여,53세,중상
2020080800100049,2020년 8월 8일 02시,토요일,대구광역시 북구 서변동,중상사고,0,1,2,1,차대차 - 추돌,안전운전불이행,젖음/습기,비,단일로 - 기타,승용,여,28세,부상신고,승용,여,57세,중상
2020080800100059,2020년 8월 8일 03시,토요일,대구광역시 달성군 현풍읍,사망사고,1,1,0,0,차대차 - 추돌,안전운전불이행,젖음/습기,비,단일로 - 기타,승용,남,29세,중상,화물,남,69세,기타불명
2020080800100064,2020년 8월 8일 04시,토요일,대구광역시 북구 고성동3가,중상사고,0,1,0,0,차대차 - 추돌,안전운전불이행,젖음/습기,비,단일로 - 기타,승용,여,51세,상해없음,이륜,남,37세,중상
2020080800100086,2020년 8월 8일 06시,토요일,대구광역시 서구 비산동,부상신고사고,0,0,0,2,차대사람 - 기타,안전운전불이행,젖음/습기,비,단일로 - 기타,승용,남,72세,상해없음,보행자,여,59세,부상신고
2020080800100124,2020년 8월 8일 08시,토요일,대구광역시 동구 신천동,경상사고,0,0,1,0,차대차 - 측면충돌,중앙선침범,젖음/습기,비,단일로 - 기타,승용,여,56세,상해없음,승용,남,44세,경상
2020080800100162,2020년 8월 8일 10시,토요일,대구광역시 달서구 성당동,경상사고,0,0,2,0,차대차 - 추돌,안전운전불이행,건조,맑음,주차장 - 주차장,승용,여,49세,상해없음,승용,남,44세,경상
2020080800100202,2020년 8월 8일 11시,토요일,대구광역시 동구 동호동,경상사고,0,0,1,0,차대차 - 측면충돌,안전거리미확보,젖음/습기,비,단일로 - 기타,승용,남,59세,상해없음,화물,남,41세,경상
2020080800100203,2020년 8월 8일 11시,토요일,대구광역시 달성군 화원읍,경상사고,0,0,1,0,차대차 - 추돌,안전운전불이행,젖음/습기,비,주차장 - 주차장,승용,남,26세,상해없음,화물,남,48세,경상
2020080800100204,2020년 8월 8일 11시,토요일,대구광역시 달서구 이곡동,경상사고,0,0,1,0,차대차 - 기타,신호위반,젖음/습기,비,교차로 - 교차로안,이륜,남,39세,경상,승용,남,61세,상해없음
2020080800100231,2020년 8월 8일 12시,토요일,대구광역시 북구 금호동,중상사고,0,1,0,0,차대사람 - 기타,안전운전불이행,젖음/습기,비,단일로 - 기타,화물,남,45세,상해없음,보행자,남,50세,중상
2020080800100234,2020년 8월 8일 12시,토요일,대구광역시 남구 대명동,경상사고,0,0,1,0,차대차 - 추돌,안전운전불이행,젖음/습기,비,기타 - 기타,승용,여,47세,상해없음,승용,남,65세,경상
2020080800100235,2020년 8월 8일 12시,토요일,대구광역시 북구 노원동1가,중상사고,0,1,2,0,차대차 - 측면충돌,직진우회전진행방해,젖음/습기,비,교차로 - 교차로안,화물,여,63세,상해없음,승용,남,60세,경상
2020080800100269,2020년 8월 8일 13시,토요일,대구광역시 북구 동천동,경상사고,0,0,1,0,차대차 - 기타,교차로운행방법위반,젖음/습기,비,교차로 - 교차로안,승용,남,68세,상해없음,원동기,남,26세,경상
2020080800100303,2020년 8월 8일 14시,토요일,대구광역시 달성군 옥포읍,사망사고,2,1,0,0,차량단독 - 공작물충돌,안전운전불이행,젖음/습기,비,단일로 - 기타,승용,남,52세,중상,,,,
2020080800100306,2020년 8월 8일 14시,토요일,대구광역시 수성구 중동,경상사고,0,0,1,0,차대사람 - 횡단중,신호위반,젖음/습기,비,교차로 - 교차로안,이륜,남,61세,상해없음,보행자,여,25세,경상
2020080800100307,2020년 8월 8일 14시,토요일,대구광역시 수성구 성동,중상사고,0,1,1,1,차대차 - 정면충돌,중앙선침범,젖음/습기,비,단일로 - 기타,승용,남,46세,부상신고,화물,남,32세,중상
2020080800100334,2020년 8월 8일 15시,토요일,대구광역시 북구 복현동,경상사고,0,0,1,0,차대차 - 기타,안전운전불이행,젖음/습기,비,단일로 - 기타,승용,남,37세,상해없음,이륜,남,49세,경상
2020080800100366,2020년 8월 8일 16시,토요일,대구광역시 수성구 상동,중상사고,0,1,0,0,차대차 - 기타,안전운전불이행,젖음/습기,비,단일로 - 기타,승용,남,66세,상해없음,이륜,남,35세,중상
2020080800100367,2020년 8월 8일 16시,토요일,대구광역시 달성군 하빈면,경상사고,0,0,1,0,차량단독 - 공작물충돌,안전운전불이행,젖음/습기,비,단일로 - 기타,화물,남,48세,경상,,,,
2020080800100391,2020년 8월 8일 17시,토요일,대구광역시 동구 덕곡동,경상사고,0,0,1,1,차대차 - 측면충돌,차로위반,건조,맑음,단일로 - 기타,승용,여,47세,부상신고,승용,남,31세,경상
2020080800100392,2020년 8월 8일 17시,토요일,대구광역시 달성군 하빈면,부상신고사고,0,0,0,1,차대차 - 추돌,안전운전불이행,젖음/습기,비,기타 - 기타,승용,여,51세,부상신고,화물,남,64세,상해없음
2020080800100393,2020년 8월 8일 17시,토요일,대구광역시 달서구 호산동,경상사고,0,0,2,0,차대차 - 추돌,안전운전불이행,건조,맑음,기타 - 기타,승용,남,34세,기타불명,승용,남,38세,경상
2020080800100454,2020년 8월 8일 19시,토요일,대구광역시 수성구 두산동,경상사고,0,0,1,0,차대차 - 기타,안전거리미확보,젖음/습기,비,단일로 - 기타,승용,남,50세,기타불명,이륜,남,29세,경상
2020080800100455,2020년 8월 8일 19시,토요일,대구광역시 수성구 수성동3가,부상신고사고,0,0,0,1,차대차 - 측면충돌,안전운전불이행,건조,맑음,단일로 - 기타,이륜,남,23세,부상신고,화물,남,55세,상해없음
2020080800100456,2020년 8월 8일 19시,토요일,대구광역시 달서구 진천동,경상사고,0,0,2,0,차대차 - 기타,안전운전불이행,젖음/습기,비,교차로 - 교차로안,승용,남,66세,상해없음,승용,남,55세,경상
2020080800100457,2020년 8월 8일 19시,토요일,대구광역시 중구 공평동,경상사고,0,0,2,0,차대사람 - 기타,안전운전불이행,젖음/습기,비,교차로 - 교차로안,승용,남,24세,상해없음,보행자,남,20세,경상
2020080800100458,2020년 8월 8일 19시,토요일,대구광역시 달서구 이곡동,중상사고,0,1,0,0,차대사람 - 횡단중,안전운전불이행,젖음/습기,흐림,단일로 - 기타,이륜,남,60세,상해없음,보행자,여,23세,중상
2020080800100459,2020년 8월 8일 19시,토요일,대구광역시 달서구 두류동,경상사고,0,0,1,0,차대차 - 기타,안전운전불이행,젖음/습기,흐림,교차로 - 교차로안,이륜,남,33세,경상,승용,남,36세,상해없음
2020080800100460,2020년 8월 8일 19시,토요일,대구광역시 북구 구암동,부상신고사고,0,0,0,1,차대차 - 기타,교차로운행방법위반,젖음/습기,비,단일로 - 교량,승용,남,56세,부상신고,승용,남,35세,상해없음
2020080800100461,2020년 8월 8일 19시,토요일,대구광역시 북구 동천동,경상사고,0,0,1,0,차대차 - 기타,중앙선침범,젖음/습기,비,단일로 - 기타,승용,남,28세,상해없음,원동기,남,65세,경상
2020080800100498,2020년 8월 8일 20시,토요일,대구광역시 북구 칠성동2가,부상신고사고,0,0,0,1,차대차 - 기타,안전운전불이행,젖음/습기,비,단일로 - 기타,기타불명,기타불명,미분류,기타불명,이륜,남,30세,부상신고
2020080800100531,2020년 8월 8일 21시,토요일,대구광역시 달서구 상인동,중상사고,0,1,0,0,차대차 - 측면충돌,교차로운행방법위반,건조,맑음,교차로 - 교차로안,승용,남,45세,상해없음,승용,여,51세,중상
2020080800100532,2020년 8월 8일 21시,토요일,대구광역시 달성군 가창면,경상사고,0,0,2,0,차대차 - 기타,안전운전불이행,건조,맑음,단일로 - 기타,승용,남,46세,상해없음,승용,남,47세,경상
2020080800100559,2020년 8월 8일 22시,토요일,대구광역시 북구 읍내동,중상사고,0,1,0,0,차대차 - 기타,교차로운행방법위반,젖음/습기,비,교차로 - 교차로안,승용,남,61세,상해없음,승용,남,40세,중상
2020080800100582,2020년 8월 8일 23시,토요일,대구광역시 수성구 두산동,경상사고,0,0,1,0,차대사람 - 횡단중,보행자보호의무위반,젖음/습기,비,단일로 - 기타,승용,남,51세,상해없음,보행자,남,78세,경상
2020080800100583,2020년 8월 8일 23시,토요일,대구광역시 수성구 고모동,중상사고,0,1,1,0,차대차 - 측면충돌,중앙선침범,젖음/습기,비,단일로 - 기타,승용,남,60세,중상,승용,남,59세,경상
2020080800100584,2020년 8월 8일 23시,토요일,대구광역시 달서구 본동,부상신고사고,0,0,0,1,차량단독 - 전도전복 - 전도,안전운전불이행,젖음/습기,비,교차로 - 교차로부근,원동기,남,26세,부상신고,,,,
2020080900100027,2020년 8월 9일 01시,일요일,대구광역시 달서구 감삼동,경상사고,0,0,1,0,차대차 - 기타,안전거리미확보,건조,맑음,교차로 - 교차로부근,승용,여,61세,상해없음,승용,남,24세,경상
2020080900100048,2020년 8월 9일 03시,일요일,대구광역시 수성구 두산동,경상사고,0,0,2,0,차대차 - 측면충돌,안전운전불이행,건조,맑음,단일로 - 기타,승용,남,32세,상해없음,승용,남,30세,경상
2020080900100077,2020년 8월 9일 06시,일요일,대구광역시 수성구 연호동,경상사고,0,0,1,0,차대차 - 정면충돌,중앙선침범,젖음/습기,흐림,단일로 - 기타,승용,남,85세,상해없음,승용,남,85세,경상
2020080900100078,2020년 8월 9일 06시,일요일,대구광역시 달서구 두류동,중상사고,0,2,1,0,차대차 - 추돌,안전거리미확보,건조,맑음,교차로 - 교차로안,승용,여,27세,상해없음,승용,여,42세,경상
2020080900100092,2020년 8월 9일 07시,일요일,대구광역시 남구 대명동,중상사고,0,1,0,0,차대사람 - 기타,안전운전불이행,건조,맑음,기타 - 기타,화물,남,72세,상해없음,보행자,남,75세,중상
2020080900100093,2020년 8월 9일 07시,일요일,대구광역시 달서구 두류동,경상사고,0,0,1,0,차대차 - 추돌,안전운전불이행,젖음/습기,흐림,교차로 - 교차로부근,승용,남,35세,상해없음,화물,남,34세,경상
2020080900100137,2020년 8월 9일 11시,일요일,대구광역시 동구 불로동,경상사고,0,0,1,0,차대차 - 측면충돌,신호위반,건조,맑음,교차로 - 교차로안,자전거,남,70세,경상,승용,남,41세,상해없음
2020080900100154,2020년 8월 9일 12시,일요일,대구광역시 달성군 다사읍,중상사고,0,1,0,1,차대차 - 추돌,안전운전불이행,건조,맑음,교차로 - 교차로부근,화물,남,53세,상해없음,승용,여,45세,중상
2020080900100208,2020년 8월 9일 14시,일요일,대구광역시 동구 미곡동,부상신고사고,0,0,0,1,차량단독 - 전도전복 - 전도,안전운전불이행,젖음/습기,맑음,단일로 - 기타,원동기,남,52세,부상신고,,,,
2020080900100209,2020년 8월 9일 14시,일요일,대구광역시 달서구 상인동,경상사고,0,0,1,0,차대차 - 측면충돌,교차로운행방법위반,건조,맑음,교차로 - 교차로안,승용,남,55세,상해없음,이륜,남,24세,경상
2020080900100210,2020년 8월 9일 14시,일요일,대구광역시 달서구 상인동,부상신고사고,0,0,0,1,차대차 - 측면충돌,안전거리미확보,건조,맑음,교차로 - 교차로부근,승용,남,65세,상해없음,이륜,남,33세,부상신고
2020080900100211,2020년 8월 9일 14시,일요일,대구광역시 서구 비산동,경상사고,0,0,2,0,차대차 - 측면충돌,안전운전불이행,건조,맑음,단일로 - 기타,이륜,남,32세,경상,승용,남,27세,경상
2020080900100212,2020년 8월 9일 14시,일요일,대구광역시 중구 공평동,경상사고,0,0,1,0,차대차 - 측면충돌,안전운전불이행,건조,맑음,단일로 - 기타,승용,여,20세,상해없음,자전거,여,23세,경상
2020080900100235,2020년 8월 9일 15시,일요일,대구광역시 동구 각산동,중상사고,0,1,0,0,차대차 - 측면충돌,안전운전불이행,건조,맑음,단일로 - 기타,승용,여,45세,상해없음,승용,남,50세,중상
2020080900100236,2020년 8월 9일 15시,일요일,대구광역시 달서구 상인동,경상사고,0,0,3,0,차대차 - 측면충돌,교차로운행방법위반,건조,맑음,교차로 - 교차로안,승용,여,23세,경상,승용,남,59세,경상
2020080900100273,2020년 8월 9일 16시,일요일,대구광역시 달성군 화원읍,경상사고,0,0,2,0,차대차 - 측면충돌,안전거리미확보,건조,맑음,교차로 - 교차로안,승용,여,57세,상해없음,승용,남,33세,경상
2020080900100300,2020년 8월 9일 17시,일요일,대구광역시 동구 율하동,경상사고,0,0,2,0,차대차 - 추돌,안전운전불이행,건조,맑음,교차로 - 교차로횡단보도내,승용,남,18세,상해없음,승용,남,50세,경상
2020080900100326,2020년 8월 9일 18시,일요일,대구광역시 동구 율하동,경상사고,0,0,3,0,차대차 - 측면충돌,안전거리미확보,건조,맑음,단일로 - 기타,승용,남,55세,상해없음,승용,남,25세,경상
2020080900100327,2020년 8월 9일 18시,일요일,대구광역시 서구 내당동,사망사고,1,4,1,0,차대차 - 정면충돌,중앙선침범,건조,맑음,단일로 - 기타,승용,남,39세,사망,승용,여,42세,중상
2020080900100363,2020년 8월 9일 19시,일요일,대구광역시 북구 침산동,경상사고,0,0,1,0,차대차 - 기타,차로위반,건조,맑음,교차로 - 교차로안,승용,남,45세,상해없음,이륜,남,21세,경상
2020080900100388,2020년 8월 9일 20시,일요일,대구광역시 동구 신암동,중상사고,0,1,0,0,차대차 - 기타,안전운전불이행,젖음/습기,흐림,교차로 - 교차로부근,승용,남,55세,상해없음,이륜,남,24세,중상
2020080900100389,2020년 8월 9일 20시,일요일,대구광역시 동구 신암동,중상사고,0,1,0,0,차대사람 - 기타,안전운전불이행,건조,맑음,교차로 - 교차로부근,승용,남,79세,상해없음,보행자,남,82세,중상
2020080900100390,2020년 8월 9일 20시,일요일,대구광역시 북구 칠성동2가,경상사고,0,0,1,0,차대사람 - 횡단중,보행자보호의무위반,건조,맑음,교차로 - 교차로횡단보도내,승용,여,58세,상해없음,보행자,남,60세,경상
2020080900100391,2020년 8월 9일 20시,일요일,대구광역시 서구 비산동,경상사고,0,0,1,0,차량단독 - 전도전복 - 전도,안전운전불이행,젖음/습기,맑음,교차로 - 교차로안,이륜,남,41세,경상,,,,
2020080900100434,2020년 8월 9일 22시,일요일,대구광역시 북구 관음동,경상사고,0,0,4,0,차대차 - 추돌,안전운전불이행,젖음/습기,비,교차로 - 교차로부근,승용,남,48세,상해없음,승합,남,46세,경상
2020080900100446,2020년 8월 9일 23시,일요일,대구광역시 동구 방촌동,경상사고,0,0,1,0,차대차 - 기타,안전운전불이행,건조,맑음,교차로 - 교차로횡단보도내,승용,여,60세,상해없음,자전거,남,61세,경상
2020080900100447,2020년 8월 9일 23시,일요일,대구광역시 달성군 다사읍,중상사고,0,2,0,0,차대차 - 기타,안전운전불이행,건조,맑음,단일로 - 기타,승용,남,55세,상해없음,승합,여,51세,중상
2020080900100448,2020년 8월 9일 23시,일요일,대구광역시 달서구 신당동,경상사고,0,0,2,0,차대차 - 기타,신호위반,건조,맑음,교차로 - 교차로안,개인형이동수단(PM),남,60세,경상,이륜,남,38세,경상
2020080900100449,2020년 8월 9일 23시,일요일,대구광역시 달서구 본리동,중상사고,0,1,0,0,차대차 - 기타,신호위반,건조,맑음,단일로 - 기타,승용,남,64세,상해없음,개인형이동수단(PM),여,35세,중상
2020081000100018,2020년 8월 10일 02시,월요일,대구광역시 수성구 범어동,중상사고,0,1,0,0,차대사람 - 기타,안전운전불이행,젖음/습기,비,단일로 - 기타,승용,남,74세,상해없음,보행자,남,55세,중상
2020081000100021,2020년 8월 10일 03시,월요일,대구광역시 수성구 두산동,경상사고,0,0,1,0,차대차 - 추돌,안전운전불이행,건조,맑음,단일로 - 기타,승용,남,29세,상해없음,승용,남,29세,경상
2020081000100037,2020년 8월 10일 06시,월요일,대구광역시 달서구 도원동,경상사고,0,0,1,0,차대차 - 측면충돌,교차로운행방법위반,건조,맑음,교차로 - 교차로안,승용,남,71세,상해없음,승용,남,50세,경상
2020081000100050,2020년 8월 10일 07시,월요일,대구광역시 동구 도동,경상사고,0,0,1,0,차대차 - 추돌,안전운전불이행,젖음/습기,비,단일로 - 기타,승용,여,27세,기타불명,승용,남,25세,경상
2020081000100051,2020년 8월 10일 07시,월요일,대구광역시 서구 비산동,경상사고,0,0,3,0,차대차 - 측면충돌,안전운전불이행,젖음/습기,비,단일로 - 지하차도(도로)내,승용,남,60세,상해없음,승용,남,46세,경상
2020081000100084,2020년 8월 10일 08시,월요일,대구광역시 중구 남성로,중상사고,0,1,0,0,차대차 - 기타,안전운전불이행,젖음/습기,비,단일로 - 기타,승용,여,66세,상해없음,자전거,남,62세,중상
2020081000100121,2020년 8월 10일 09시,월요일,대구광역시 달성군 화원읍,중상사고,0,1,0,0,차대차 - 추돌,안전운전불이행,젖음/습기,비,단일로 - 기타,화물,남,62세,상해없음,승용,남,38세,중상
2020081000100123,2020년 8월 10일 09시,월요일,대구광역시 남구 대명동,경상사고,0,0,1,0,차대사람 - 기타,교차로운행방법위반,젖음/습기,비,교차로 - 교차로안,승용,남,45세,상해없음,보행자,여,86세,경상
2020081000100124,2020년 8월 10일 09시,월요일,대구광역시 동구 신암동,경상사고,0,0,1,0,차대사람 - 보도통행중,기타,젖음/습기,흐림,기타 - 기타,승용,남,70세,상해없음,보행자,여,60세,경상
2020081000100125,2020년 8월 10일 09시,월요일,대구광역시 동구 신암동,경상사고,0,0,1,0,차대차 - 측면충돌,안전운전불이행,건조,흐림,교차로 - 교차로부근,승용,여,62세,상해없음,승용,여,52세,경상
2020081000100126,2020년 8월 10일 09시,월요일,대구광역시 북구 대현동,경상사고,0,0,2,0,차대차 - 기타,중앙선침범,젖음/습기,비,단일로 - 기타,이륜,남,87세,경상,화물,남,36세,경상
2020081000100156,2020년 8월 10일 10시,월요일,대구광역시 동구 효목동,부상신고사고,0,0,0,1,차대차 - 기타,안전운전불이행,젖음/습기,비,단일로 - 고가도로위,자전거,남,57세,부상신고,자전거,남,26세,상해없음