사고번호,사고일시,요일,시군구,사고내용,사망자수,중상자수,경상자수,부상신고자수,사고유형,법규위반,노면상태,기상상태,도로형태,가해운전자 차종,가해운전자 성별,가해운전자 연령,가해운전자 상해정도,피해운전자 차종,피해운전자 성별,피해운전자 연령,피해운전자 상해정도
2020081000100179,2020년 8월 10일 11시,월요일,대구광역시 남구 봉덕동,경상사고,0,0,1,0,차대차 - 정면충돌,중앙선침범,젖음/습기,흐림,단일로 - 기타,화물,남,60세,상해없음,승용,여,39세,경상
2020081000100180,2020년 8월 10일 11시,월요일,대구광역시 동구 서호동,중상사고,0,1,0,0,차대사람 - 차도통행중,안전운전불이행,건조,맑음,단일로 - 기타,승용,남,54세,상해없음,보행자,여,69세,중상
2020081000100181,2020년 8월 10일 11시,월요일,대구광역시 달성군 다사읍,부상신고사고,0,0,0,1,차량단독 - 기타,안전운전불이행,젖음/습기,비,단일로 - 기타,승용,여,35세,부상신고,,,,
2020081000100182,2020년 8월 10일 11시,월요일,대구광역시 중구 남산동,경상사고,0,0,1,0,차대차 - 측면충돌,직진우회전진행방해,젖음/습기,비,교차로 - 교차로안,승용,남,30세,상해없음,승용,여,60세,경상
2020081000100218,2020년 8월 10일 12시,월요일,대구광역시 달서구 송현동,경상사고,0,0,1,0,차대차 - 측면충돌,안전거리미확보,건조,맑음,단일로 - 기타,승용,남,53세,상해없음,원동기,남,48세,경상
2020081000100219,2020년 8월 10일 12시,월요일,대구광역시 중구 봉산동,경상사고,0,0,1,0,차대차 - 기타,중앙선침범,건조,맑음,단일로 - 기타,이륜,남,64세,경상,승용,남,32세,상해없음
2020081000100252,2020년 8월 10일 13시,월요일,대구광역시 남구 대명동,부상신고사고,0,0,0,1,차대사람 - 기타,안전운전불이행,젖음/습기,비,주차장 - 주차장,기타불명,기타불명,미분류,기타불명,보행자,여,86세,부상신고
2020081000100253,2020년 8월 10일 13시,월요일,대구광역시 달서구 진천동,경상사고,0,0,1,0,차대사람 - 횡단중,보행자보호의무위반,건조,맑음,단일로 - 기타,승용,여,64세,상해없음,보행자,여,51세,경상
2020081000100288,2020년 8월 10일 14시,월요일,대구광역시 달서구 송현동,중상사고,0,1,0,0,차대차 - 추돌,안전거리미확보,건조,맑음,교차로 - 교차로부근,승합,남,61세,상해없음,승용,남,47세,중상
2020081000100347,2020년 8월 10일 16시,월요일,대구광역시 북구 사수동,경상사고,0,0,5,0,차대차 - 추돌,안전거리미확보,젖음/습기,비,단일로 - 기타,건설기계,남,98세 이상,상해없음,승용,남,49세,경상
2020081000100390,2020년 8월 10일 17시,월요일,대구광역시 수성구 만촌동,경상사고,0,0,2,0,차대차 - 추돌,안전운전불이행,건조,맑음,교차로 - 교차로부근,승용,여,41세,상해없음,승용,남,57세,상해없음
2020081000100391,2020년 8월 10일 17시,월요일,대구광역시 달서구 성당동,경상사고,0,0,2,0,차대차 - 추돌,안전운전불이행,젖음/습기,비,교차로 - 교차로부근,승용,남,59세,상해없음,승용,남,36세,경상
2020081000100418,2020년 8월 10일 18시,월요일,대구광역시 동구 동호동,경상사고,0,0,4,0,차대차 - 기타,교차로운행방법위반,건조,맑음,교차로 - 교차로안,승용,남,26세,경상,승용,기타불명,미분류,기타불명
2020081000100419,2020년 8월 10일 18시,월요일,대구광역시 서구 내당동,경상사고,0,0,1,0,차대차 - 측면충돌,안전운전불이행,젖음/습기,비,단일로 - 기타,승용,남,40세,상해없음,승용,남,44세,경상
2020081000100420,2020년 8월 10일 18시,월요일,대구광역시 달서구 갈산동,부상신고사고,0,0,0,1,차대차 - 측면충돌,안전운전불이행,젖음/습기,비,교차로 - 교차로안,승용,남,36세,상해없음,이륜,남,55세,부상신고
2020081000100421,2020년 8월 10일 18시,월요일,대구광역시 북구 학정동,경상사고,0,0,1,0,차대차 - 측면충돌,안전운전불이행,젖음/습기,비,단일로 - 기타,원동기,남,30세,경상,승용,여,40세,상해없음
2020081000100422,2020년 8월 10일 18시,월요일,대구광역시 북구 태전동,경상사고,0,0,1,0,차대차 - 측면충돌,안전거리미확보,젖음/습기,비,교차로 - 교차로부근,이륜,남,53세,경상,승용,남,33세,상해없음
2020081000100455,2020년 8월 10일 19시,월요일,대구광역시 수성구 수성동4가,경상사고,0,0,1,0,차대차 - 추돌,안전운전불이행,건조,맑음,단일로 - 기타,승용,남,61세,상해없음,승용,여,67세,상해없음
2020081000100456,2020년 8월 10일 19시,월요일,대구광역시 달서구 상인동,중상사고,0,1,0,0,차대차 - 추돌,안전거리미확보,건조,맑음,단일로 - 기타,승용,남,41세,상해없음,화물,남,68세,중상
2020081000100457,2020년 8월 10일 19시,월요일,대구광역시 중구 동인동4가,중상사고,0,3,0,1,차대차 - 측면충돌,신호위반,젖음/습기,흐림,교차로 - 교차로안,승용,남,57세,부상신고,승용,남,65세,중상
2020081000100458,2020년 8월 10일 19시,월요일,대구광역시 달서구 본리동,경상사고,0,0,1,0,차대차 - 추돌,안전운전불이행,젖음/습기,비,단일로 - 기타,승용,남,39세,상해없음,승용,남,40세,경상
2020081000100490,2020년 8월 10일 20시,월요일,대구광역시 서구 내당동,부상신고사고,0,0,0,1,차대차 - 측면충돌,안전운전불이행,젖음/습기,비,교차로 - 교차로안,이륜,남,31세,부상신고,승용,남,57세,상해없음
2020081000100491,2020년 8월 10일 20시,월요일,대구광역시 북구 태전동,경상사고,0,0,3,0,차대차 - 측면충돌,신호위반,젖음/습기,비,교차로 - 교차로안,승용,남,62세,상해없음,승용,남,32세,경상
2020081000100526,2020년 8월 10일 21시,월요일,대구광역시 서구 비산동,중상사고,0,1,0,1,차대사람 - 기타,안전운전불이행,젖음/습기,비,단일로 - 기타,이륜,남,13세,부상신고,보행자,여,76세,중상
2020081000100586,2020년 8월 10일 23시,월요일,대구광역시 달서구 감삼동,경상사고,0,0,1,0,차대차 - 기타,안전운전불이행,젖음/습기,맑음,기타 - 기타,이륜,남,42세,기타불명,승용,남,34세,경상
2020081100100015,2020년 8월 11일 00시,화요일,대구광역시 달서구 도원동,부상신고사고,0,0,0,1,차대차 - 추돌,안전운전불이행,젖음/습기,비,단일로 - 기타,이륜,남,16세,부상신고,화물,남,51세,상해없음
2020081100100034,2020년 8월 11일 01시,화요일,대구광역시 수성구 지산동,경상사고,0,0,3,0,차대차 - 추돌,안전운전불이행,건조,맑음,단일로 - 기타,승용,남,49세,상해없음,승용,남,53세,경상
2020081100100035,2020년 8월 11일 01시,화요일,대구광역시 달서구 이곡동,중상사고,0,1,0,0,차대차 - 측면충돌,교차로운행방법위반,건조,흐림,교차로 - 교차로횡단보도내,개인형이동수단(PM),여,51세,중상,승용,남,22세,상해없음
2020081100100134,2020년 8월 11일 08시,화요일,대구광역시 동구 신암동,중상사고,0,2,2,0,차대차 - 기타,안전거리미확보,건조,맑음,단일로 - 기타,승용,남,51세,기타불명,승용,여,55세,중상
2020081100100135,2020년 8월 11일 08시,화요일,대구광역시 동구 율암동,경상사고,0,0,1,0,차대차 - 기타,안전운전불이행,건조,맑음,교차로 - 교차로횡단보도내,이륜,남,25세,경상,화물,남,34세,상해없음
2020081100100136,2020년 8월 11일 08시,화요일,대구광역시 북구 노원동3가,경상사고,0,0,1,0,차대차 - 추돌,안전운전불이행,건조,맑음,단일로 - 기타,승용,남,23세,상해없음,승용,남,23세,경상
2020081100100169,2020년 8월 11일 09시,화요일,대구광역시 달서구 용산동,경상사고,0,0,1,2,차대차 - 측면충돌,안전운전불이행,건조,흐림,기타 - 기타,승용,남,57세,상해없음,승용,여,31세,경상
2020081100100204,2020년 8월 11일 10시,화요일,대구광역시 동구 신평동,경상사고,0,0,1,0,차대차 - 기타,안전거리미확보,건조,맑음,교차로 - 교차로안,이륜,남,84세,경상,화물,남,29세,상해없음
2020081100100205,2020년 8월 11일 10시,화요일,대구광역시 동구 신천동,경상사고,0,0,1,0,차대차 - 측면충돌,안전운전불이행,건조,맑음,교차로 - 교차로부근,승용,여,56세,상해없음,승용,남,40세,경상
2020081100100206,2020년 8월 11일 10시,화요일,대구광역시 서구 평리동,중상사고,0,1,0,0,차대차 - 측면충돌,신호위반,건조,맑음,교차로 - 교차로안,승용,여,52세,상해없음,이륜,남,54세,중상
2020081100100207,2020년 8월 11일 10시,화요일,대구광역시 서구 비산동,경상사고,0,0,3,0,차대차 - 추돌,안전운전불이행,건조,맑음,단일로 - 기타,승용,남,73세,상해없음,승용,여,44세,경상
2020081100100208,2020년 8월 11일 10시,화요일,대구광역시 달서구 장기동,경상사고,0,0,1,0,차대차 - 측면충돌,안전운전불이행,건조,맑음,단일로 - 기타,승용,남,73세,상해없음,승용,남,36세,경상
2020081100100209,2020년 8월 11일 10시,화요일,대구광역시 달서구 용산동,경상사고,0,0,1,0,차대차 - 측면충돌,안전운전불이행,건조,맑음,교차로 - 교차로부근,승용,여,41세,상해없음,승용,여,49세,경상
2020081100100242,2020년 8월 11일 11시,화요일,대구광역시 동구 각산동,경상사고,0,0,2,0,차대차 - 측면충돌,안전운전불이행,건조,맑음,단일로 - 기타,승용,남,51세,상해없음,승용,남,60세,경상
2020081100100269,2020년 8월 11일 12시,화요일,대구광역시 달서구 용산동,경상사고,0,0,1,0,차대차 - 측면충돌,안전운전불이행,건조,맑음,단일로 - 기타,자전거,남,12세,경상,화물,남,69세,상해없음
2020081100100293,2020년 8월 11일 13시,화요일,대구광역시 동구 신기동,중상사고,0,1,0,0,차대사람 - 횡단중,보행자보호의무위반,건조,맑음,기타 - 기타,승용,여,54세,상해없음,보행자,남,87세,중상
2020081100100294,2020년 8월 11일 13시,화요일,대구광역시 수성구 만촌동,경상사고,0,0,1,0,차대차 - 추돌,안전운전불이행,건조,맑음,단일로 - 기타,승용,여,61세,상해없음,승용,남,27세,경상
2020081100100295,2020년 8월 11일 13시,화요일,대구광역시 달성군 다사읍,경상사고,0,0,1,0,차대차 - 추돌,안전운전불이행,건조,맑음,교차로 - 교차로부근,승용,여,44세,상해없음,승용,여,41세,경상
2020081100100296,2020년 8월 11일 13시,화요일,대구광역시 달서구 두류동,중상사고,0,1,0,0,차대차 - 측면충돌,신호위반,건조,맑음,교차로 - 교차로안,화물,남,66세,상해없음,원동기,남,77세,중상
2020081100100338,2020년 8월 11일 14시,화요일,대구광역시 수성구 상동,경상사고,0,0,2,0,차대차 - 추돌,안전운전불이행,건조,맑음,단일로 - 기타,승용,남,75세,상해없음,승용,남,49세,경상
2020081100100370,2020년 8월 11일 15시,화요일,대구광역시 수성구 신매동,중상사고,0,1,0,0,차대사람 - 기타,기타,건조,맑음,단일로 - 기타,승합,남,62세,상해없음,보행자,여,68세,중상
2020081100100371,2020년 8월 11일 15시,화요일,대구광역시 북구 복현동,경상사고,0,0,2,0,차대차 - 측면충돌,교차로운행방법위반,젖음/습기,비,교차로 - 교차로안,승용,여,47세,경상,승용,남,52세,경상
2020081100100372,2020년 8월 11일 15시,화요일,대구광역시 달서구 용산동,중상사고,0,1,1,0,차대차 - 추돌,안전운전불이행,젖음/습기,비,단일로 - 기타,건설기계,남,38세,상해없음,승용,여,61세,중상
2020081100100405,2020년 8월 11일 16시,화요일,대구광역시 수성구 시지동,경상사고,0,0,1,0,차대사람 - 횡단중,안전운전불이행,건조,맑음,단일로 - 기타,승용,여,34세,상해없음,보행자,여,55세,경상
2020081100100406,2020년 8월 11일 16시,화요일,대구광역시 달서구 이곡동,경상사고,0,0,1,0,차대차 - 측면충돌,안전거리미확보,건조,맑음,단일로 - 기타,승용,남,79세,상해없음,화물,남,38세,경상
2020081100100439,2020년 8월 11일 17시,화요일,대구광역시 수성구 범어동,중상사고,0,1,0,0,차대사람 - 보도통행중,기타,건조,맑음,단일로 - 기타,승용,여,47세,상해없음,보행자,여,78세,중상
2020081100100477,2020년 8월 11일 18시,화요일,대구광역시 동구 신암동,경상사고,0,0,1,0,차대사람 - 보도통행중,보행자보호의무위반,건조,맑음,단일로 - 기타,승용,남,77세,상해없음,보행자,남,62세,경상
2020081100100478,2020년 8월 11일 18시,화요일,대구광역시 동구 미대동,경상사고,0,0,1,0,차대사람 - 기타,안전운전불이행,건조,흐림,교차로 - 교차로횡단보도내,화물,남,47세,상해없음,보행자,여,59세,경상
2020081100100479,2020년 8월 11일 18시,화요일,대구광역시 동구 입석동,경상사고,0,0,1,0,차대차 - 후진중충돌,불법유턴,건조,맑음,교차로 - 교차로안,승용,남,32세,상해없음,원동기,남,83세,경상
2020081100100480,2020년 8월 11일 18시,화요일,대구광역시 동구 검사동,경상사고,0,0,3,0,차대차 - 기타,안전거리미확보,건조,맑음,단일로 - 기타,승용,여,72세,상해없음,승용,남,62세,경상
2020081100100481,2020년 8월 11일 18시,화요일,대구광역시 달서구 호림동,중상사고,0,1,0,0,차대차 - 기타,직진우회전진행방해,건조,맑음,교차로 - 교차로안,승용,여,47세,상해없음,개인형이동수단(PM),여,25세,중상
2020081100100516,2020년 8월 11일 19시,화요일,대구광역시 동구 동호동,중상사고,0,1,0,0,차대차 - 정면충돌,직진우회전진행방해,건조,맑음,교차로 - 교차로안,승용,남,43세,상해없음,원동기,남,30세,중상
2020081100100517,2020년 8월 11일 19시,화요일,대구광역시 중구 삼덕동1가,경상사고,0,0,1,2,차대차 - 측면충돌,안전거리미확보,건조,맑음,단일로 - 기타,승용,남,31세,부상신고,이륜,남,37세,경상
2020081100100543,2020년 8월 11일 20시,화요일,대구광역시 달서구 본리동,경상사고,0,0,2,0,차대차 - 추돌,안전운전불이행,젖음/습기,비,단일로 - 기타,승용,남,48세,경상,승용,여,41세,경상
2020081100100544,2020년 8월 11일 20시,화요일,대구광역시 달서구 두류동,사망사고,1,0,0,0,차대사람 - 차도통행중,안전운전불이행,젖음/습기,비,교차로 - 교차로부근,승용,남,64세,상해없음,보행자,여,82세,사망
2020081100100545,2020년 8월 11일 20시,화요일,대구광역시 달서구 죽전동,경상사고,0,0,1,0,차대차 - 측면충돌,안전운전불이행,젖음/습기,비,단일로 - 기타,승용,남,45세,상해없음,이륜,남,29세,경상
2020081100100546,2020년 8월 11일 20시,화요일,대구광역시 북구 학정동,경상사고,0,0,1,0,차대차 - 측면충돌,안전운전불이행,젖음/습기,비,교차로 - 교차로부근,화물,남,77세,상해없음,이륜,남,18세,경상
2020081100100570,2020년 8월 11일 21시,화요일,대구광역시 동구 방촌동,중상사고,0,1,0,0,차대차 - 기타,직진우회전진행방해,건조,맑음,교차로 - 교차로안,화물,남,64세,상해없음,승용,남,44세,중상
2020081100100571,2020년 8월 11일 21시,화요일,대구광역시 동구 사복동,경상사고,0,0,1,0,차대차 - 기타,안전운전불이행,젖음/습기,비,단일로 - 기타,화물,여,55세,상해없음,승용,남,26세,경상
2020081100100572,2020년 8월 11일 21시,화요일,대구광역시 북구 산격동,중상사고,0,1,0,0,차대사람 - 기타,안전운전불이행,젖음/습기,비,단일로 - 기타,승용,남,51세,상해없음,보행자,여,60세,중상
2020081100100573,2020년 8월 11일 21시,화요일,대구광역시 달서구 이곡동,중상사고,0,1,0,0,차대사람 - 횡단중,신호위반,젖음/습기,비,교차로 - 교차로횡단보도내,승용,남,33세,상해없음,보행자,여,51세,중상
2020081100100596,2020년 8월 11일 22시,화요일,대구광역시 동구 효목동,중상사고,0,1,0,0,차량단독 - 전도전복 - 전도,기타,젖음/습기,비,단일로 - 기타,이륜,남,45세,중상,,,,
2020081100100597,2020년 8월 11일 22시,화요일,대구광역시 수성구 범어동,부상신고사고,0,0,0,1,차대차 - 기타,안전거리미확보,젖음/습기,흐림,기타 - 기타,기타불명,기타불명,미분류,기타불명,이륜,남,25세,부상신고
2020081100100598,2020년 8월 11일 22시,화요일,대구광역시 서구 중리동,부상신고사고,0,0,0,1,차량단독 - 기타,안전운전불이행,젖음/습기,흐림,단일로 - 기타,이륜,남,28세,부상신고,,,,
2020081100100599,2020년 8월 11일 22시,화요일,대구광역시 달서구 용산동,경상사고,0,0,1,0,차대차 - 추돌,안전운전불이행,건조,맑음,교차로 - 교차로부근,승용,남,26세,상해없음,승용,남,47세,경상
2020081100100617,2020년 8월 11일 23시,화요일,대구광역시 남구 대명동,경상사고,0,0,2,1,차량단독 - 공작물충돌,안전운전불이행,젖음/습기,맑음,단일로 - 기타,승용,남,69세,상해없음,,,,
2020081100100618,2020년 8월 11일 23시,화요일,대구광역시 동구 신천동,경상사고,0,0,2,0,차대차 - 측면충돌,차로위반,건조,맑음,단일로 - 기타,승용,남,53세,상해없음,승용,남,22세,경상
2020081200100017,2020년 8월 12일 01시,수요일,대구광역시 동구 불로동,경상사고,0,0,3,0,차대차 - 측면충돌,차로위반,건조,맑음,단일로 - 기타,승용,남,62세,경상,승용,남,47세,경상
2020081200100027,2020년 8월 12일 02시,수요일,대구광역시 달성군 화원읍,경상사고,0,0,2,0,차대차 - 추돌,안전운전불이행,젖음/습기,비,교차로 - 교차로부근,승용,남,23세,상해없음,승용,남,26세,경상
2020081200100033,2020년 8월 12일 03시,수요일,대구광역시 북구 태전동,경상사고,0,0,1,0,차대차 - 추돌,신호위반,건조,맑음,교차로 - 교차로안,승용,남,46세,상해없음,화물,남,42세,경상
2020081200100069,2020년 8월 12일 07시,수요일,대구광역시 달서구 상인동,경상사고,0,0,1,0,차대사람 - 횡단중,보행자보호의무위반,건조,맑음,교차로 - 교차로횡단보도내,승용,남,53세,상해없음,보행자,여,17세,경상
2020081200100070,2020년 8월 12일 07시,수요일,대구광역시 북구 칠성동1가,중상사고,0,1,0,0,차대차 - 측면충돌,기타,건조,맑음,단일로 - 기타,화물,여,59세,상해없음,자전거,여,73세,중상
2020081200100116,2020년 8월 12일 08시,수요일,대구광역시 남구 대명동,경상사고,0,0,1,0,차대차 - 측면충돌,안전운전불이행,건조,맑음,단일로 - 기타,승용,남,57세,상해없음,승용,남,72세,경상
2020081200100117,2020년 8월 12일 08시,수요일,대구광역시 동구 신기동,경상사고,0,0,1,0,차대차 - 기타,신호위반,건조,맑음,교차로 - 교차로안,승용,남,82세,상해없음,화물,남,31세,경상
2020081200100118,2020년 8월 12일 08시,수요일,대구광역시 북구 태전동,경상사고,0,0,2,0,차대차 - 측면충돌,교차로운행방법위반,건조,맑음,교차로 - 교차로안,승용,남,45세,경상,승용,여,59세,경상
2020081200100182,2020년 8월 12일 10시,수요일,대구광역시 수성구 만촌동,중상사고,0,1,0,0,차대차 - 측면충돌,안전거리미확보,건조,맑음,교차로 - 교차로부근,승용,여,42세,상해없음,승용,남,34세,중상
2020081200100183,2020년 8월 12일 10시,수요일,대구광역시 북구 침산동,중상사고,0,1,0,0,차대차 - 추돌,안전운전불이행,건조,맑음,단일로 - 기타,승용,남,27세,상해없음,승용,남,51세,중상
2020081200100184,2020년 8월 12일 10시,수요일,대구광역시 중구 대봉동,중상사고,0,1,0,1,차대차 - 기타,안전운전불이행,건조,맑음,단일로 - 기타,승용,남,65세,부상신고,이륜,남,60세,중상
2020081200100185,2020년 8월 12일 10시,수요일,대구광역시 달서구 신당동,경상사고,0,0,1,0,차대사람 - 횡단중,보행자보호의무위반,건조,맑음,기타 - 기타,승용,남,56세,상해없음,보행자,여,23세,경상
2020081200100186,2020년 8월 12일 10시,수요일,대구광역시 달서구 감삼동,경상사고,0,0,1,0,차대차 - 측면충돌,차로위반,건조,맑음,단일로 - 기타,화물,남,54세,상해없음,화물,여,72세,경상
2020081200100187,2020년 8월 12일 10시,수요일,대구광역시 북구 동호동,경상사고,0,0,3,0,차대차 - 기타,안전운전불이행,건조,맑음,교차로 - 교차로안,승용,남,71세,상해없음,승용,여,50세,경상
2020081200100216,2020년 8월 12일 11시,수요일,대구광역시 북구 칠성동2가,부상신고사고,0,0,0,1,차대차 - 측면충돌,안전운전불이행,건조,맑음,교차로 - 교차로횡단보도내,원동기,여,19세,부상신고,승용,남,71세,상해없음
2020081200100217,2020년 8월 12일 11시,수요일,대구광역시 북구 노원동3가,경상사고,0,0,1,0,차대차 - 측면충돌,안전운전불이행,건조,맑음,교차로 - 교차로부근,화물,남,51세,상해없음,승용,여,68세,경상
2020081200100218,2020년 8월 12일 11시,수요일,대구광역시 북구 서변동,경상사고,0,0,2,0,차대차 - 추돌,안전운전불이행,건조,맑음,단일로 - 기타,승용,여,45세,상해없음,화물,남,46세,경상
2020081200100219,2020년 8월 12일 11시,수요일,대구광역시 북구 읍내동,경상사고,0,0,2,0,차대차 - 추돌,교차로운행방법위반,건조,맑음,교차로 - 교차로안,승용,남,54세,상해없음,승용,여,52세,경상
2020081200100250,2020년 8월 12일 12시,수요일,대구광역시 달서구 진천동,중상사고,0,1,0,0,차대차 - 측면충돌,직진우회전진행방해,건조,맑음,교차로 - 교차로안,승용,여,49세,상해없음,이륜,남,72세,중상
2020081200100251,2020년 8월 12일 12시,수요일,대구광역시 북구 칠성동1가,중상사고,0,1,0,0,차대차 - 기타,기타,건조,맑음,교차로 - 교차로부근,승용,남,68세,상해없음,이륜,남,52세,중상
2020081200100287,2020년 8월 12일 13시,수요일,대구광역시 중구 대봉동,경상사고,0,0,1,1,차대차 - 측면충돌,신호위반,건조,맑음,교차로 - 교차로안,승용,남,42세,상해없음,승용,남,32세,경상
2020081200100288,2020년 8월 12일 13시,수요일,대구광역시 달서구 두류동,경상사고,0,0,1,0,차대차 - 후진중충돌,안전운전불이행,건조,맑음,교차로 - 교차로부근,승용,여,60세,상해없음,이륜,남,38세,경상
2020081200100322,2020년 8월 12일 14시,수요일,대구광역시 남구 대명동,중상사고,0,1,0,0,차대차 - 측면충돌,안전운전불이행,건조,맑음,기타 - 기타,이륜,남,48세,상해없음,자전거,여,58세,중상
2020081200100352,2020년 8월 12일 15시,수요일,대구광역시 동구 율하동,경상사고,0,0,1,0,차대차 - 기타,안전운전불이행,건조,맑음,교차로 - 교차로부근,승용,남,67세,상해없음,특수,남,37세,경상
2020081200100354,2020년 8월 12일 15시,수요일,대구광역시 동구 불로동,경상사고,0,0,1,0,차대차 - 측면충돌,안전운전불이행,건조,맑음,단일로 - 기타,승용,남,48세,상해없음,승용,여,55세,경상
2020081200100355,2020년 8월 12일 15시,수요일,대구광역시 수성구 황금동,경상사고,0,0,3,0,차대차 - 측면충돌,안전거리미확보,건조,맑음,단일로 - 기타,승용,여,35세,경상,승용,여,44세,경상
2020081200100356,2020년 8월 12일 15시,수요일,대구광역시 중구 동인동4가,중상사고,0,1,0,1,차대차 - 기타,신호위반,건조,맑음,교차로 - 교차로안,승용,남,27세,상해없음,화물,남,64세,중상
2020081200100397,2020년 8월 12일 16시,수요일,대구광역시 남구 대명동,부상신고사고,0,0,0,1,차대차 - 측면충돌,안전운전불이행,건조,맑음,단일로 - 기타,기타불명,기타불명,미분류,기타불명,이륜,남,24세,부상신고
2020081200100398,2020년 8월 12일 16시,수요일,대구광역시 남구 대명동,중상사고,0,1,1,0,차대차 - 측면충돌,신호위반,건조,맑음,단일로 - 지하차도(도로)내,이륜,남,31세,중상,화물,남,59세,경상
2020081200100399,2020년 8월 12일 16시,수요일,대구광역시 수성구 범어동,경상사고,0,0,2,0,차대차 - 측면충돌,안전거리미확보,건조,맑음,교차로 - 교차로안,화물,남,81세,상해없음,승합,남,50세,경상
2020081200100400,2020년 8월 12일 16시,수요일,대구광역시 달서구 상인동,경상사고,0,0,1,0,차대사람 - 기타,안전운전불이행,건조,맑음,교차로 - 교차로안,승용,여,39세,상해없음,보행자,여,6세,경상
2020081200100401,2020년 8월 12일 16시,수요일,대구광역시 북구 침산동,경상사고,0,0,1,0,차대차 - 측면충돌,안전거리미확보,건조,맑음,단일로 - 기타,승용,여,48세,상해없음,승용,남,60세,경상
2020081200100402,2020년 8월 12일 16시,수요일,대구광역시 서구 내당동,부상신고사고,0,0,0,1,차대사람 - 기타,안전운전불이행,건조,맑음,기타 - 기타,승용,남,66세,상해없음,보행자,여,28세,부상신고
2020081200100403,2020년 8월 12일 16시,수요일,대구광역시 중구 남산동,경상사고,0,0,1,2,차대차 - 기타,안전운전불이행,건조,맑음,단일로 - 기타,승용,남,23세,상해없음,승용,남,65세,상해없음
2020081200100439,2020년 8월 12일 17시,수요일,대구광역시 수성구 만촌동,경상사고,0,0,2,0,차대차 - 측면충돌,안전거리미확보,건조,맑음,단일로 - 기타,화물,여,56세,상해없음,승용,남,23세,경상
2020081200100440,2020년 8월 12일 17시,수요일,대구광역시 달서구 본동,경상사고,0,0,1,0,차대차 - 측면충돌,안전운전불이행,건조,맑음,단일로 - 기타,승용,남,51세,상해없음,원동기,남,20세,경상
2020081200100441,2020년 8월 12일 17시,수요일,대구광역시 북구 산격동,부상신고사고,0,0,0,1,차량단독 - 공작물충돌,안전운전불이행,건조,맑음,단일로 - 기타,이륜,남,48세,부상신고,,,,
2020081200100485,2020년 8월 12일 18시,수요일,대구광역시 달서구 송현동,중상사고,0,1,0,0,차대차 - 추돌,안전거리미확보,건조,맑음,교차로 - 교차로안,승용,남,42세,상해없음,이륜,남,45세,중상
2020081200100486,2020년 8월 12일 18시,수요일,대구광역시 서구 평리동,경상사고,0,0,1,0,차대차 - 측면충돌,안전운전불이행,건조,맑음,단일로 - 기타,기타불명,기타불명,미분류,기타불명,이륜,남,31세,경상
2020081200100513,2020년 8월 12일 19시,수요일,대구광역시 달서구 이곡동,경상사고,0,0,2,0,차대차 - 측면충돌,안전거리미확보,건조,맑음,단일로 - 기타,승용,여,59세,경상,승용,여,51세,경상
2020081200100539,2020년 8월 12일 20시,수요일,대구광역시 수성구 수성동3가,중상사고,0,2,1,0,차대차 - 정면충돌,안전운전불이행,건조,맑음,단일로 - 기타,승용,남,64세,상해없음,승용,남,29세,경상
2020081200100540,2020년 8월 12일 20시,수요일,대구광역시 달성군 논공읍,사망사고,1,0,0,0,차대사람 - 횡단중,안전운전불이행,건조,맑음,교차로 - 교차로안,승용,남,54세,상해없음,보행자,남,58세,사망
2020081200100541,2020년 8월 12일 20시,수요일,대구광역시 중구 삼덕동1가,경상사고,0,0,1,0,차대사람 - 기타,안전운전불이행,건조,맑음,단일로 - 기타,승용,남,62세,상해없음,보행자,여,23세,경상
2020081200100542,2020년 8월 12일 20시,수요일,대구광역시 북구 구암동,부상신고사고,0,0,0,1,차대차 - 기타,안전운전불이행,건조,맑음,교차로 - 교차로안,기타불명,기타불명,미분류,기타불명,자전거,여,45세,부상신고
2020081200100569,2020년 8월 12일 21시,수요일,대구광역시 달성군 구지면,경상사고,0,0,1,0,차대차 - 기타,안전거리미확보,건조,맑음,교차로 - 교차로안,승용,남,30세,상해없음,화물,남,47세,경상
2020081200100570,2020년 8월 12일 21시,수요일,대구광역시 서구 평리동,경상사고,0,0,1,0,차대사람 - 기타,안전운전불이행,건조,맑음,단일로 - 기타,이륜,남,38세,상해없음,보행자,여,66세,경상
2020081200100623,2020년 8월 12일 23시,수요일,대구광역시 달서구 감삼동,경상사고,0,0,1,0,차대차 - 측면충돌,안전운전불이행,건조,맑음,단일로 - 기타,승용,남,41세,상해없음,자전거,남,35세,경상
2020081200100624,2020년 8월 12일 23시,수요일,대구광역시 달서구 이곡동,경상사고,0,0,1,0,차대차 - 측면충돌,안전운전불이행,건조,맑음,교차로 - 교차로부근,승용,남,21세,상해없음,승용,남,30세,경상
2020081300100016,2020년 8월 13일 01시,목요일,대구광역시 수성구 중동,경상사고,0,0,2,0,차대차 - 추돌,안전운전불이행,건조,맑음,교차로 - 교차로부근,승용,남,30세,상해없음,승용,남,46세,경상
2020081300100034,2020년 8월 13일 04시,목요일,대구광역시 수성구 두산동,경상사고,0,0,1,0,차대사람 - 횡단중,안전운전불이행,건조,맑음,단일로 - 기타,승용,남,62세,상해없음,보행자,여,22세,경상
2020081300100065,2020년 8월 13일 07시,목요일,대구광역시 서구 상리동,경상사고,0,0,1,0,차대차 - 추돌,안전운전불이행,건조,맑음,단일로 - 기타,승용,여,40세,상해없음,승용,남,70세,경상