사고번호,사고일시,요일,시군구,사고내용,사망자수,중상자수,경상자수,부상신고자수,사고유형,법규위반,노면상태,기상상태,도로형태,가해운전자 차종,가해운전자 성별,가해운전자 연령,가해운전자 상해정도,피해운전자 차종,피해운전자 성별,피해운전자 연령,피해운전자 상해정도
2020081300100091,2020년 8월 13일 08시,목요일,대구광역시 동구 방촌동,경상사고,0,0,1,0,차대차 - 기타,안전거리미확보,건조,맑음,단일로 - 기타,승용,여,41세,상해없음,승용,여,64세,경상
2020081300100092,2020년 8월 13일 08시,목요일,대구광역시 수성구 범어동,경상사고,0,0,1,0,차대차 - 추돌,안전운전불이행,건조,맑음,기타 - 기타,화물,남,57세,상해없음,승용,남,31세,경상
2020081300100093,2020년 8월 13일 08시,목요일,대구광역시 달서구 두류동,경상사고,0,0,1,0,차대차 - 추돌,안전운전불이행,건조,맑음,기타 - 기타,승용,남,24세,상해없음,승용,남,42세,상해없음
2020081300100149,2020년 8월 13일 10시,목요일,대구광역시 동구 신천동,부상신고사고,0,0,0,1,차대차 - 측면충돌,안전운전불이행,건조,맑음,단일로 - 기타,원동기,남,36세,부상신고,승용,남,43세,상해없음
2020081300100150,2020년 8월 13일 10시,목요일,대구광역시 수성구 범어동,경상사고,0,0,1,0,차대사람 - 보도통행중,기타,건조,맑음,기타 - 기타,승용,여,60세,상해없음,보행자,남,56세,경상
2020081300100151,2020년 8월 13일 10시,목요일,대구광역시 달서구 감삼동,경상사고,0,0,1,0,차대사람 - 기타,기타,건조,맑음,단일로 - 기타,승용,남,46세,상해없음,보행자,남,58세,경상
2020081300100194,2020년 8월 13일 11시,목요일,대구광역시 달성군 논공읍,경상사고,0,0,2,0,차대차 - 추돌,안전운전불이행,건조,맑음,단일로 - 기타,화물,여,18세,상해없음,승용,남,76세,경상
2020081300100195,2020년 8월 13일 11시,목요일,대구광역시 중구 동인동2가,경상사고,0,0,1,0,차대차 - 추돌,안전운전불이행,건조,맑음,교차로 - 교차로안,승용,남,45세,상해없음,승용,여,52세,경상
2020081300100196,2020년 8월 13일 11시,목요일,대구광역시 북구 구암동,경상사고,0,0,1,0,차대차 - 기타,안전운전불이행,건조,맑음,단일로 - 기타,이륜,남,48세,경상,화물,남,55세,상해없음
2020081300100231,2020년 8월 13일 12시,목요일,대구광역시 수성구 사월동,경상사고,0,0,3,0,차대차 - 측면충돌,교차로운행방법위반,건조,맑음,교차로 - 교차로안,승용,남,49세,경상,화물,남,30세,경상
2020081300100232,2020년 8월 13일 12시,목요일,대구광역시 서구 이현동,중상사고,0,1,0,0,차대차 - 측면충돌,교차로운행방법위반,건조,맑음,교차로 - 교차로안,승용,남,50세,상해없음,승용,여,58세,중상
2020081300100233,2020년 8월 13일 12시,목요일,대구광역시 서구 비산동,중상사고,0,1,0,0,차대사람 - 차도통행중,안전운전불이행,건조,맑음,교차로 - 교차로안,승용,남,49세,상해없음,보행자,여,71세,중상
2020081300100298,2020년 8월 13일 14시,목요일,대구광역시 수성구 만촌동,경상사고,0,0,5,0,차대차 - 추돌,안전운전불이행,건조,맑음,단일로 - 기타,승용,여,43세,상해없음,승용,여,47세,경상
2020081300100299,2020년 8월 13일 14시,목요일,대구광역시 달성군 다사읍,경상사고,0,0,1,0,차대차 - 기타,안전운전불이행,건조,맑음,단일로 - 기타,화물,남,54세,상해없음,승용,여,31세,경상
2020081300100300,2020년 8월 13일 14시,목요일,대구광역시 북구 동천동,부상신고사고,0,0,0,1,차대차 - 측면충돌,안전운전불이행,건조,맑음,교차로 - 교차로횡단보도내,자전거,남,84세,부상신고,화물,남,49세,상해없음
2020081300100345,2020년 8월 13일 15시,목요일,대구광역시 남구 봉덕동,경상사고,0,0,1,1,차대차 - 측면충돌,중앙선침범,건조,맑음,단일로 - 기타,이륜,여,71세,부상신고,승용,남,38세,경상
2020081300100346,2020년 8월 13일 15시,목요일,대구광역시 동구 신천동,경상사고,0,0,1,0,차대사람 - 기타,안전운전불이행,건조,맑음,단일로 - 기타,승용,남,76세,상해없음,보행자,여,19세,경상
2020081300100347,2020년 8월 13일 15시,목요일,대구광역시 중구 대신동,경상사고,0,0,1,0,차대차 - 측면충돌,신호위반,건조,맑음,교차로 - 교차로안,승용,여,57세,상해없음,승용,남,44세,경상
2020081300100348,2020년 8월 13일 15시,목요일,대구광역시 북구 읍내동,경상사고,0,0,1,0,차대차 - 측면충돌,직진우회전진행방해,건조,맑음,교차로 - 교차로안,승용,여,61세,상해없음,이륜,남,36세,경상
2020081300100391,2020년 8월 13일 16시,목요일,대구광역시 북구 읍내동,경상사고,0,0,1,0,차대차 - 측면충돌,안전운전불이행,건조,맑음,교차로 - 교차로안,이륜,남,28세,경상,승용,남,59세,상해없음
2020081300100423,2020년 8월 13일 17시,목요일,대구광역시 달성군 유가읍,중상사고,0,1,1,0,차대차 - 기타,중앙선침범,건조,맑음,기타 - 기타,승용,남,40세,중상,승용,남,56세,경상
2020081300100461,2020년 8월 13일 18시,목요일,대구광역시 동구 부동,경상사고,0,0,1,0,차대차 - 추돌,안전운전불이행,건조,맑음,단일로 - 기타,화물,남,48세,상해없음,승용,남,37세,경상
2020081300100466,2020년 8월 13일 18시,목요일,대구광역시 동구 동호동,경상사고,0,0,1,0,차대차 - 측면충돌,안전운전불이행,건조,맑음,단일로 - 기타,승용,여,46세,상해없음,승용,남,59세,경상
2020081300100467,2020년 8월 13일 18시,목요일,대구광역시 동구 각산동,경상사고,0,0,1,0,차대차 - 측면충돌,안전거리미확보,건조,맑음,단일로 - 기타,승용,남,45세,상해없음,승용,여,36세,경상
2020081300100468,2020년 8월 13일 18시,목요일,대구광역시 달성군 유가읍,경상사고,0,0,1,0,차대차 - 추돌,안전운전불이행,건조,맑음,교차로 - 교차로부근,승용,남,42세,상해없음,이륜,남,52세,경상
2020081300100469,2020년 8월 13일 18시,목요일,대구광역시 북구 산격동,경상사고,0,0,1,0,차대사람 - 횡단중,신호위반,건조,맑음,교차로 - 교차로부근,이륜,남,81세,상해없음,보행자,남,52세,경상
2020081300100470,2020년 8월 13일 18시,목요일,대구광역시 서구 비산동,부상신고사고,0,0,0,1,차대차 - 측면충돌,중앙선침범,건조,맑음,단일로 - 기타,이륜,여,46세,부상신고,화물,남,47세,상해없음
2020081300100471,2020년 8월 13일 18시,목요일,대구광역시 중구 동인동2가,경상사고,0,0,1,0,차대차 - 추돌,안전운전불이행,건조,맑음,교차로 - 교차로부근,승합,남,33세,상해없음,승용,남,52세,경상
2020081300100517,2020년 8월 13일 19시,목요일,대구광역시 수성구 매호동,중상사고,0,1,0,0,차대사람 - 횡단중,보행자보호의무위반,건조,맑음,교차로 - 교차로횡단보도내,승용,남,70세,상해없음,보행자,여,76세,중상
2020081300100518,2020년 8월 13일 19시,목요일,대구광역시 달서구 용산동,경상사고,0,0,1,0,차대차 - 측면충돌,안전운전불이행,건조,맑음,교차로 - 교차로부근,승용,남,55세,기타불명,승용,여,53세,경상
2020081300100519,2020년 8월 13일 19시,목요일,대구광역시 달서구 감삼동,경상사고,0,0,4,0,차대차 - 추돌,안전운전불이행,건조,맑음,교차로 - 교차로부근,이륜,남,28세,경상,승용,남,29세,경상
2020081300100543,2020년 8월 13일 20시,목요일,대구광역시 수성구 만촌동,경상사고,0,0,1,0,차대차 - 측면충돌,안전운전불이행,건조,맑음,단일로 - 기타,승용,남,64세,상해없음,승용,남,39세,경상
2020081300100544,2020년 8월 13일 20시,목요일,대구광역시 달서구 상인동,중상사고,0,1,1,0,차대차 - 기타,안전운전불이행,건조,맑음,단일로 - 기타,승용,여,55세,상해없음,이륜,여,59세,중상
2020081300100545,2020년 8월 13일 20시,목요일,대구광역시 달성군 화원읍,중상사고,0,1,1,0,차대차 - 측면충돌,안전운전불이행,건조,맑음,교차로 - 교차로부근,화물,여,50세,상해없음,승용,남,67세,중상
2020081300100546,2020년 8월 13일 20시,목요일,대구광역시 중구 동성로2가,경상사고,0,0,1,0,차대사람 - 기타,안전운전불이행,건조,맑음,단일로 - 기타,승용,남,33세,상해없음,보행자,여,28세,경상
2020081300100574,2020년 8월 13일 21시,목요일,대구광역시 달서구 감삼동,경상사고,0,0,1,0,차대차 - 측면충돌,안전거리미확보,건조,맑음,단일로 - 기타,승용,남,24세,상해없음,승용,남,67세,경상
2020081300100605,2020년 8월 13일 22시,목요일,대구광역시 달서구 송현동,경상사고,0,0,1,0,차대차 - 측면충돌,안전운전불이행,건조,맑음,단일로 - 기타,승용,남,27세,상해없음,승용,남,52세,경상
2020081300100606,2020년 8월 13일 22시,목요일,대구광역시 북구 칠성동2가,경상사고,0,0,1,0,차대차 - 측면충돌,차로위반,건조,맑음,단일로 - 기타,승용,남,67세,상해없음,승용,여,49세,경상
2020081300100626,2020년 8월 13일 23시,목요일,대구광역시 동구 율하동,경상사고,0,0,1,0,차량단독 - 공작물충돌,안전운전불이행,건조,맑음,단일로 - 기타,승용,남,26세,상해없음,,,,
2020081300100627,2020년 8월 13일 23시,목요일,대구광역시 달서구 이곡동,사망사고,1,0,1,0,차대차 - 기타,신호위반,건조,맑음,교차로 - 교차로안,이륜,남,38세,사망,화물,남,43세,경상
2020081400100018,2020년 8월 14일 00시,금요일,대구광역시 동구 봉무동,경상사고,0,0,1,0,차대사람 - 차도통행중,안전운전불이행,건조,맑음,단일로 - 기타,화물,남,53세,상해없음,보행자,여,19세,경상
2020081400100019,2020년 8월 14일 00시,금요일,대구광역시 동구 율하동,경상사고,0,0,1,0,차대차 - 기타,교차로운행방법위반,건조,맑음,교차로 - 교차로안,승용,남,27세,상해없음,승용,여,35세,경상
2020081400100020,2020년 8월 14일 00시,금요일,대구광역시 북구 노원동2가,경상사고,0,0,1,1,차대차 - 측면충돌,신호위반,건조,맑음,교차로 - 교차로안,승용,남,61세,상해없음,승용,남,55세,경상
2020081400100021,2020년 8월 14일 00시,금요일,대구광역시 북구 팔달동,경상사고,0,0,1,0,차대차 - 측면충돌,신호위반,건조,맑음,교차로 - 교차로안,이륜,남,18세,상해없음,승용,남,45세,상해없음
2020081400100092,2020년 8월 14일 07시,금요일,대구광역시 수성구 범어동,중상사고,0,1,0,0,차대차 - 측면충돌,신호위반,건조,맑음,교차로 - 교차로횡단보도내,승용,여,45세,상해없음,원동기,여,63세,중상
2020081400100093,2020년 8월 14일 07시,금요일,대구광역시 달서구 죽전동,경상사고,0,0,2,0,차대차 - 기타,안전운전불이행,건조,맑음,단일로 - 기타,승용,남,58세,상해없음,승용,남,75세,경상
2020081400100124,2020년 8월 14일 08시,금요일,대구광역시 남구 봉덕동,중상사고,0,1,3,0,차대차 - 추돌,안전거리미확보,건조,맑음,단일로 - 터널,승용,여,33세,중상,승용,남,37세,경상
2020081400100125,2020년 8월 14일 08시,금요일,대구광역시 달서구 상인동,경상사고,0,0,2,0,차대차 - 측면충돌,교차로운행방법위반,건조,맑음,교차로 - 교차로안,승용,남,54세,상해없음,이륜,남,20세,경상
2020081400100150,2020년 8월 14일 09시,금요일,대구광역시 동구 불로동,경상사고,0,0,1,0,차대사람 - 기타,안전운전불이행,건조,맑음,단일로 - 기타,승용,남,71세,상해없음,보행자,여,29세,경상
2020081400100151,2020년 8월 14일 09시,금요일,대구광역시 달서구 성당동,경상사고,0,0,1,0,차대차 - 측면충돌,안전거리미확보,건조,맑음,단일로 - 기타,승용,여,26세,상해없음,승용,여,58세,경상
2020081400100189,2020년 8월 14일 10시,금요일,대구광역시 중구 남산동,경상사고,0,0,1,1,차대차 - 측면충돌,교차로운행방법위반,건조,맑음,교차로 - 교차로부근,승용,남,64세,부상신고,승용,남,31세,경상
2020081400100190,2020년 8월 14일 10시,금요일,대구광역시 달서구 호림동,경상사고,0,0,1,0,차대차 - 측면충돌,중앙선침범,건조,맑음,단일로 - 기타,자전거,남,37세,경상,화물,남,55세,상해없음
2020081400100191,2020년 8월 14일 10시,금요일,대구광역시 달서구 용산동,경상사고,0,0,2,0,차대차 - 측면충돌,안전운전불이행,건조,맑음,교차로 - 교차로안,승용,남,65세,상해없음,승용,남,78세,경상
2020081400100229,2020년 8월 14일 11시,금요일,대구광역시 동구 신천동,경상사고,0,0,2,0,차대차 - 추돌,차로위반,건조,맑음,단일로 - 기타,승용,남,51세,경상,승용,남,70세,경상
2020081400100230,2020년 8월 14일 11시,금요일,대구광역시 서구 원대동1가,경상사고,0,0,3,0,차대차 - 측면충돌,안전거리미확보,건조,맑음,교차로 - 교차로부근,건설기계,남,59세,상해없음,승용,남,59세,경상
2020081400100231,2020년 8월 14일 11시,금요일,대구광역시 달서구 용산동,경상사고,0,0,1,0,차대차 - 측면충돌,안전운전불이행,건조,맑음,기타 - 기타,승용,남,40세,상해없음,자전거,여,53세,경상
2020081400100278,2020년 8월 14일 12시,금요일,대구광역시 남구 이천동,경상사고,0,0,1,0,차대차 - 측면충돌,안전운전불이행,건조,맑음,단일로 - 기타,승용,남,42세,상해없음,승용,남,29세,경상
2020081400100279,2020년 8월 14일 12시,금요일,대구광역시 달성군 다사읍,중상사고,0,1,0,0,차대사람 - 기타,안전운전불이행,건조,맑음,단일로 - 기타,승용,남,51세,상해없음,보행자,여,79세,중상
2020081400100280,2020년 8월 14일 12시,금요일,대구광역시 북구 검단동,경상사고,0,0,1,0,차대차 - 측면충돌,안전거리미확보,건조,맑음,단일로 - 기타,승용,남,54세,상해없음,이륜,남,54세,경상
2020081400100281,2020년 8월 14일 12시,금요일,대구광역시 중구 문화동,경상사고,0,0,2,0,차대차 - 측면충돌,안전운전불이행,건조,맑음,단일로 - 기타,승용,남,62세,기타불명,승용,여,55세,경상
2020081400100318,2020년 8월 14일 13시,금요일,대구광역시 동구 효목동,부상신고사고,0,0,0,1,차대사람 - 보도통행중,기타,건조,맑음,기타 - 기타,기타불명,기타불명,미분류,기타불명,보행자,남,62세,부상신고
2020081400100319,2020년 8월 14일 13시,금요일,대구광역시 달성군 다사읍,경상사고,0,0,1,0,차대차 - 기타,안전운전불이행,건조,맑음,기타 - 기타,승용,남,76세,상해없음,자전거,남,9세,경상
2020081400100320,2020년 8월 14일 13시,금요일,대구광역시 중구 대봉동,경상사고,0,0,1,0,차대차 - 기타,안전운전불이행,건조,맑음,교차로 - 교차로부근,승용,남,56세,상해없음,이륜,남,38세,경상
2020081400100321,2020년 8월 14일 13시,금요일,대구광역시 달서구 용산동,경상사고,0,0,3,0,차대차 - 측면충돌,안전운전불이행,건조,맑음,기타 - 기타,승용,여,30세,경상,승용,남,37세,경상
2020081400100354,2020년 8월 14일 14시,금요일,대구광역시 동구 율하동,경상사고,0,0,1,0,차대사람 - 기타,안전운전불이행,건조,맑음,기타 - 기타,자전거,남,11세,상해없음,보행자,여,64세,경상
2020081400100355,2020년 8월 14일 14시,금요일,대구광역시 수성구 지산동,경상사고,0,0,1,0,차대차 - 측면충돌,안전거리미확보,건조,맑음,단일로 - 기타,승용,남,32세,상해없음,승용,남,27세,경상
2020081400100392,2020년 8월 14일 15시,금요일,대구광역시 수성구 중동,경상사고,0,0,2,0,차대차 - 측면충돌,안전운전불이행,건조,맑음,단일로 - 기타,승용,여,42세,상해없음,승합,남,48세,경상
2020081400100393,2020년 8월 14일 15시,금요일,대구광역시 달서구 두류동,경상사고,0,0,1,0,차대차 - 추돌,안전운전불이행,건조,맑음,기타 - 기타,승용,남,57세,상해없음,승용,남,37세,경상
2020081400100394,2020년 8월 14일 15시,금요일,대구광역시 달서구 용산동,중상사고,0,1,2,0,차대차 - 추돌,차로위반,건조,맑음,단일로 - 기타,화물,남,51세,경상,승용,남,22세,중상
2020081400100430,2020년 8월 14일 16시,금요일,대구광역시 남구 봉덕동,경상사고,0,0,2,0,차대차 - 측면충돌,안전거리미확보,건조,맑음,교차로 - 교차로안,화물,남,59세,경상,승용,남,37세,경상
2020081400100431,2020년 8월 14일 16시,금요일,대구광역시 수성구 황금동,경상사고,0,0,1,0,차대차 - 측면충돌,안전운전불이행,건조,맑음,교차로 - 교차로안,승용,여,40세,상해없음,승용,남,33세,경상
2020081400100432,2020년 8월 14일 16시,금요일,대구광역시 중구 동인동4가,중상사고,0,1,0,0,차대사람 - 횡단중,보행자보호의무위반,건조,맑음,교차로 - 교차로횡단보도내,화물,남,24세,상해없음,보행자,남,7세,중상
2020081400100433,2020년 8월 14일 16시,금요일,대구광역시 달서구 용산동,중상사고,0,1,2,0,차대차 - 측면충돌,안전운전불이행,건조,맑음,단일로 - 기타,승용,여,43세,상해없음,이륜,남,25세,중상
2020081400100483,2020년 8월 14일 17시,금요일,대구광역시 수성구 시지동,경상사고,0,0,1,0,차량단독 - 공작물충돌,안전운전불이행,건조,맑음,단일로 - 기타,승용,남,67세,경상,,,,
2020081400100484,2020년 8월 14일 17시,금요일,대구광역시 서구 비산동,경상사고,0,0,1,0,차대차 - 기타,안전운전불이행,건조,맑음,교차로 - 교차로부근,화물,남,30세,상해없음,승용,남,62세,경상
2020081400100485,2020년 8월 14일 17시,금요일,대구광역시 달서구 감삼동,경상사고,0,0,1,0,차대차 - 추돌,안전운전불이행,건조,맑음,단일로 - 기타,승용,남,64세,상해없음,승용,여,47세,경상
2020081400100486,2020년 8월 14일 17시,금요일,대구광역시 달서구 감삼동,경상사고,0,0,2,0,차대차 - 측면충돌,안전거리미확보,건조,맑음,단일로 - 기타,승용,여,28세,경상,승용,남,49세,경상
2020081400100533,2020년 8월 14일 18시,금요일,대구광역시 북구 복현동,경상사고,0,0,3,0,차대차 - 측면충돌,안전운전불이행,건조,맑음,단일로 - 기타,화물,남,40세,상해없음,승용,여,47세,경상
2020081400100577,2020년 8월 14일 19시,금요일,대구광역시 달서구 신당동,경상사고,0,0,1,0,차대차 - 측면충돌,안전거리미확보,건조,흐림,단일로 - 기타,승용,남,62세,상해없음,이륜,남,21세,경상
2020081400100578,2020년 8월 14일 19시,금요일,대구광역시 북구 팔달동,경상사고,0,0,1,0,차대차 - 측면충돌,불법유턴,건조,맑음,단일로 - 기타,승용,남,73세,상해없음,이륜,남,24세,경상
2020081400100612,2020년 8월 14일 20시,금요일,대구광역시 동구 율하동,경상사고,0,0,1,0,차대차 - 후진중충돌,안전운전불이행,건조,맑음,교차로 - 교차로부근,화물,여,53세,상해없음,이륜,여,30세,경상
2020081400100613,2020년 8월 14일 20시,금요일,대구광역시 수성구 매호동,중상사고,0,1,0,0,차대사람 - 횡단중,안전운전불이행,건조,맑음,단일로 - 기타,승용,여,29세,상해없음,보행자,여,57세,중상
2020081400100614,2020년 8월 14일 20시,금요일,대구광역시 달서구 상인동,중상사고,0,1,0,0,차대차 - 기타,신호위반,건조,맑음,교차로 - 교차로안,승용,여,52세,상해없음,승용,남,42세,중상
2020081400100615,2020년 8월 14일 20시,금요일,대구광역시 달성군 유가읍,중상사고,0,2,4,0,차대차 - 측면충돌,신호위반,건조,맑음,교차로 - 교차로안,이륜,남,37세,중상,승용,남,45세,경상
2020081400100616,2020년 8월 14일 20시,금요일,대구광역시 중구 대봉동,경상사고,0,0,1,0,차대차 - 측면충돌,직진우회전진행방해,건조,맑음,교차로 - 교차로안,승용,남,46세,상해없음,이륜,남,37세,경상
2020081400100617,2020년 8월 14일 20시,금요일,대구광역시 달서구 호산동,경상사고,0,0,1,0,차대사람 - 횡단중,안전운전불이행,건조,맑음,기타 - 기타,승용,여,56세,상해없음,보행자,남,52세,경상
2020081400100647,2020년 8월 14일 21시,금요일,대구광역시 수성구 만촌동,경상사고,0,0,1,0,차대차 - 추돌,안전운전불이행,건조,맑음,교차로 - 교차로부근,승용,남,57세,상해없음,이륜,여,33세,경상
2020081400100648,2020년 8월 14일 21시,금요일,대구광역시 북구 태전동,중상사고,0,1,0,1,차대차 - 기타,안전운전불이행,건조,맑음,단일로 - 기타,승용,남,68세,상해없음,이륜,남,19세,부상신고
2020081400100675,2020년 8월 14일 22시,금요일,대구광역시 남구 봉덕동,경상사고,0,0,1,0,차대차 - 기타,안전운전불이행,건조,맑음,단일로 - 기타,승용,남,33세,상해없음,승용,여,27세,경상
2020081500100020,2020년 8월 15일 00시,토요일,대구광역시 수성구 황금동,경상사고,0,0,1,0,차대사람 - 기타,안전운전불이행,건조,맑음,단일로 - 기타,승용,남,64세,상해없음,보행자,남,39세,경상
2020081500100041,2020년 8월 15일 01시,토요일,대구광역시 북구 산격동,중상사고,0,2,0,0,차대차 - 측면충돌,차로위반,건조,맑음,교차로 - 교차로부근,승용,남,49세,상해없음,이륜,남,39세,중상
2020081500100069,2020년 8월 15일 03시,토요일,대구광역시 수성구 만촌동,사망사고,1,0,1,0,차대차 - 측면충돌,신호위반,건조,맑음,교차로 - 교차로안,이륜,남,30세,사망,승용,남,58세,경상
2020081500100104,2020년 8월 15일 06시,토요일,대구광역시 동구 동호동,경상사고,0,0,1,0,차대차 - 측면충돌,안전운전불이행,건조,맑음,교차로 - 교차로횡단보도내,자전거,남,84세,경상,승용,남,68세,상해없음
2020081500100117,2020년 8월 15일 07시,토요일,대구광역시 동구 진인동,경상사고,0,0,2,0,차대차 - 추돌,안전거리미확보,건조,맑음,단일로 - 기타,건설기계,남,45세,상해없음,승용,남,57세,경상
2020081500100124,2020년 8월 15일 08시,토요일,대구광역시 동구 신암동,경상사고,0,0,1,0,차대사람 - 기타,안전운전불이행,건조,맑음,기타 - 기타,기타불명,기타불명,미분류,기타불명,보행자,여,77세,경상
2020081500100125,2020년 8월 15일 08시,토요일,대구광역시 달서구 상인동,경상사고,0,0,2,0,차대차 - 측면충돌,신호위반,건조,맑음,교차로 - 교차로안,승용,남,59세,경상,승용,남,71세,경상
2020081500100145,2020년 8월 15일 09시,토요일,대구광역시 남구 봉덕동,경상사고,0,0,1,0,차대사람 - 차도통행중,안전운전불이행,건조,맑음,단일로 - 기타,승용,여,51세,상해없음,보행자,여,47세,경상
2020081500100146,2020년 8월 15일 09시,토요일,대구광역시 달서구 본리동,경상사고,0,0,1,0,차대차 - 추돌,안전운전불이행,건조,맑음,단일로 - 기타,승용,남,55세,상해없음,승용,남,27세,경상
2020081500100166,2020년 8월 15일 10시,토요일,대구광역시 달성군 논공읍,중상사고,0,1,0,0,차대차 - 측면충돌,안전운전불이행,건조,맑음,단일로 - 기타,화물,남,35세,상해없음,승용,남,60세,중상
2020081500100169,2020년 8월 15일 10시,토요일,대구광역시 동구 신암동,부상신고사고,0,0,0,3,차대차 - 추돌,안전거리미확보,건조,맑음,단일로 - 기타,승용,남,71세,상해없음,승용,여,47세,부상신고
2020081500100170,2020년 8월 15일 10시,토요일,대구광역시 수성구 만촌동,경상사고,0,0,1,0,차대차 - 추돌,안전운전불이행,건조,맑음,단일로 - 기타,건설기계,남,45세,상해없음,승용,여,39세,경상
2020081500100208,2020년 8월 15일 11시,토요일,대구광역시 달서구 상인동,경상사고,0,0,1,0,차대차 - 추돌,안전운전불이행,건조,맑음,단일로 - 기타,승용,남,78세,상해없음,승용,남,50세,경상
2020081500100209,2020년 8월 15일 11시,토요일,대구광역시 달성군 논공읍,경상사고,0,0,4,0,차대차 - 추돌,안전운전불이행,건조,기타,단일로 - 터널,승용,남,28세,기타불명,승용,남,66세,경상
2020081500100210,2020년 8월 15일 11시,토요일,대구광역시 중구 삼덕동2가,중상사고,0,1,0,0,차대차 - 기타,안전거리미확보,건조,맑음,단일로 - 기타,승용,남,66세,상해없음,이륜,남,29세,중상
2020081500100211,2020년 8월 15일 11시,토요일,대구광역시 달서구 신당동,경상사고,0,0,1,0,차대차 - 기타,교차로운행방법위반,건조,맑음,교차로 - 교차로안,화물,남,47세,상해없음,승용,남,25세,경상
2020081500100239,2020년 8월 15일 12시,토요일,대구광역시 수성구 두산동,경상사고,0,0,1,0,차대사람 - 기타,안전운전불이행,건조,맑음,단일로 - 기타,승용,여,65세,상해없음,보행자,남,36세,경상
2020081500100276,2020년 8월 15일 13시,토요일,대구광역시 남구 대명동,중상사고,0,1,1,0,차대차 - 추돌,안전운전불이행,건조,맑음,교차로 - 교차로안,이륜,남,37세,중상,승용,여,26세,경상
2020081500100277,2020년 8월 15일 13시,토요일,대구광역시 수성구 황금동,경상사고,0,0,1,0,차대차 - 기타,신호위반,건조,맑음,단일로 - 기타,원동기,남,28세,상해없음,자전거,남,14세,경상
2020081500100333,2020년 8월 15일 15시,토요일,대구광역시 수성구 범어동,경상사고,0,0,2,0,차대차 - 측면충돌,신호위반,건조,맑음,교차로 - 교차로안,승용,여,63세,상해없음,승용,여,43세,경상
2020081500100334,2020년 8월 15일 15시,토요일,대구광역시 서구 평리동,경상사고,0,0,2,0,차대차 - 측면충돌,안전운전불이행,건조,맑음,단일로 - 기타,이륜,남,24세,상해없음,이륜,남,33세,경상
2020081500100335,2020년 8월 15일 15시,토요일,대구광역시 서구 평리동,부상신고사고,0,0,0,1,차대차 - 측면충돌,안전운전불이행,건조,맑음,단일로 - 기타,승용,남,69세,상해없음,화물,남,63세,상해없음
2020081500100399,2020년 8월 15일 17시,토요일,대구광역시 달서구 대천동,부상신고사고,0,0,0,1,차량단독 - 공작물충돌,안전운전불이행,건조,맑음,단일로 - 기타,원동기,남,65세,부상신고,,,,
2020081500100439,2020년 8월 15일 18시,토요일,대구광역시 남구 대명동,경상사고,0,0,1,0,차대사람 - 보도통행중,신호위반,건조,맑음,단일로 - 기타,화물,남,68세,상해없음,보행자,남,60세,경상
2020081500100440,2020년 8월 15일 18시,토요일,대구광역시 달서구 송현동,중상사고,0,1,0,0,차대차 - 측면충돌,교차로운행방법위반,건조,맑음,교차로 - 교차로안,승용,남,67세,상해없음,자전거,남,76세,중상
2020081500100441,2020년 8월 15일 18시,토요일,대구광역시 서구 평리동,중상사고,0,2,0,0,차대차 - 측면충돌,안전운전불이행,건조,맑음,단일로 - 기타,승합,여,52세,상해없음,이륜,남,57세,중상
2020081500100442,2020년 8월 15일 18시,토요일,대구광역시 달서구 신당동,경상사고,0,0,1,0,차대사람 - 횡단중,보행자보호의무위반,건조,맑음,교차로 - 교차로횡단보도내,기타불명,기타불명,미분류,기타불명,보행자,여,29세,경상
2020081500100469,2020년 8월 15일 19시,토요일,대구광역시 수성구 상동,중상사고,0,1,0,0,차대차 - 추돌,안전운전불이행,건조,맑음,단일로 - 기타,승용,남,26세,상해없음,승용,남,23세,중상
2020081500100470,2020년 8월 15일 19시,토요일,대구광역시 달서구 본동,경상사고,0,0,1,0,차대차 - 추돌,안전운전불이행,건조,맑음,단일로 - 기타,승용,남,65세,상해없음,승용,여,47세,경상
2020081500100472,2020년 8월 15일 19시,토요일,대구광역시 달서구 대곡동,중상사고,0,2,3,0,차대차 - 측면충돌,안전거리미확보,건조,맑음,단일로 - 기타,승용,남,52세,경상,승용,남,24세,중상
2020081500100473,2020년 8월 15일 19시,토요일,대구광역시 북구 태전동,경상사고,0,0,1,0,차대차 - 추돌,안전운전불이행,건조,맑음,단일로 - 기타,원동기,남,54세,상해없음,승용,남,72세,경상
2020081500100498,2020년 8월 15일 20시,토요일,대구광역시 수성구 욱수동,경상사고,0,0,3,0,차대차 - 추돌,안전운전불이행,건조,맑음,교차로 - 교차로부근,승용,남,68세,상해없음,승용,남,50세,경상
2020081500100499,2020년 8월 15일 20시,토요일,대구광역시 달서구 진천동,중상사고,0,1,0,0,차대차 - 측면충돌,안전거리미확보,건조,맑음,단일로 - 기타,승용,남,60세,상해없음,원동기,남,49세,중상
2020081500100500,2020년 8월 15일 20시,토요일,대구광역시 달서구 도원동,중상사고,0,1,0,0,차대차 - 측면충돌,안전운전불이행,건조,맑음,단일로 - 기타,승용,남,22세,상해없음,승용,여,64세,중상