사고번호,사고일시,요일,시군구,사고내용,사망자수,중상자수,경상자수,부상신고자수,사고유형,법규위반,노면상태,기상상태,도로형태,가해운전자 차종,가해운전자 성별,가해운전자 연령,가해운전자 상해정도,피해운전자 차종,피해운전자 성별,피해운전자 연령,피해운전자 상해정도
2020081500100501,2020년 8월 15일 20시,토요일,대구광역시 북구 노원동3가,경상사고,0,0,1,1,차대차 - 측면충돌,안전거리미확보,건조,맑음,단일로 - 기타,화물,남,49세,상해없음,승용,남,24세,경상
2020081500100521,2020년 8월 15일 21시,토요일,대구광역시 수성구 만촌동,경상사고,0,0,1,0,차대차 - 측면충돌,안전거리미확보,건조,맑음,단일로 - 기타,승용,남,65세,상해없음,승용,남,41세,경상
2020081500100522,2020년 8월 15일 21시,토요일,대구광역시 북구 사수동,중상사고,0,1,0,0,차대사람 - 횡단중,보행자보호의무위반,건조,맑음,교차로 - 교차로횡단보도내,승용,남,41세,상해없음,보행자,여,69세,중상
2020081500100543,2020년 8월 15일 22시,토요일,대구광역시 서구 평리동,중상사고,0,1,1,0,차대사람 - 기타,안전운전불이행,건조,맑음,단일로 - 기타,승용,여,59세,상해없음,보행자,여,45세,중상
2020081500100559,2020년 8월 15일 23시,토요일,대구광역시 수성구 두산동,경상사고,0,0,2,0,차대차 - 측면충돌,안전거리미확보,건조,맑음,단일로 - 기타,승용,남,56세,경상,승용,여,60세,경상
2020081600100014,2020년 8월 16일 00시,일요일,대구광역시 달서구 성당동,경상사고,0,0,1,0,차대차 - 기타,안전운전불이행,건조,맑음,단일로 - 기타,승용,남,57세,상해없음,승용,남,46세,상해없음
2020081600100030,2020년 8월 16일 01시,일요일,대구광역시 북구 산격동,경상사고,0,0,2,0,차대차 - 측면충돌,교차로운행방법위반,건조,맑음,교차로 - 교차로부근,승용,남,56세,상해없음,승용,남,26세,경상
2020081600100065,2020년 8월 16일 04시,일요일,대구광역시 동구 입석동,경상사고,0,0,1,0,차대차 - 정면충돌,신호위반,건조,맑음,교차로 - 교차로안,원동기,남,68세,경상,승용,남,53세,상해없음
2020081600100071,2020년 8월 16일 05시,일요일,대구광역시 달서구 성당동,경상사고,0,0,1,0,차대차 - 기타,신호위반,건조,맑음,교차로 - 교차로안,승합,남,30세,기타불명,승용,남,46세,상해없음
2020081600100072,2020년 8월 16일 05시,일요일,대구광역시 중구 공평동,부상신고사고,0,0,0,1,차대사람 - 기타,신호위반,건조,맑음,단일로 - 기타,승용,남,25세,상해없음,보행자,남,30세,부상신고
2020081600100092,2020년 8월 16일 07시,일요일,대구광역시 달서구 용산동,중상사고,0,1,0,0,차대차 - 측면충돌,신호위반,건조,맑음,교차로 - 교차로안,승용,여,45세,기타불명,승용,남,60세,중상
2020081600100103,2020년 8월 16일 08시,일요일,대구광역시 서구 중리동,경상사고,0,0,1,0,차대차 - 측면충돌,신호위반,건조,맑음,교차로 - 교차로안,승용,여,61세,상해없음,승용,남,65세,경상
2020081600100104,2020년 8월 16일 08시,일요일,대구광역시 중구 대봉동,경상사고,0,0,2,0,차대차 - 기타,안전운전불이행,건조,맑음,단일로 - 기타,승용,남,33세,상해없음,승용,여,52세,경상
2020081600100127,2020년 8월 16일 09시,일요일,대구광역시 중구 대신동,경상사고,0,0,1,0,차대차 - 추돌,안전운전불이행,건조,맑음,단일로 - 기타,승용,남,41세,상해없음,이륜,남,69세,경상
2020081600100162,2020년 8월 16일 11시,일요일,대구광역시 달성군 화원읍,중상사고,0,1,0,0,차대차 - 기타,안전운전불이행,건조,기타,교차로 - 교차로부근,승용,남,59세,상해없음,자전거,남,61세,중상
2020081600100194,2020년 8월 16일 12시,일요일,대구광역시 수성구 두산동,경상사고,0,0,1,0,차대차 - 측면충돌,교차로운행방법위반,건조,맑음,교차로 - 교차로안,이륜,남,17세,경상,승용,남,44세,상해없음
2020081600100195,2020년 8월 16일 12시,일요일,대구광역시 달성군 하빈면,중상사고,0,1,0,0,차대사람 - 기타,안전운전불이행,건조,맑음,단일로 - 기타,승용,남,55세,상해없음,보행자,남,13세,중상
2020081600100196,2020년 8월 16일 12시,일요일,대구광역시 북구 산격동,경상사고,0,0,1,0,차대차 - 측면충돌,안전운전불이행,건조,맑음,단일로 - 기타,승용,남,74세,상해없음,이륜,남,53세,경상
2020081600100197,2020년 8월 16일 12시,일요일,대구광역시 서구 평리동,경상사고,0,0,1,0,차대차 - 후진중충돌,안전운전불이행,건조,맑음,기타 - 기타,승용,남,43세,상해없음,승용,남,31세,경상
2020081600100198,2020년 8월 16일 12시,일요일,대구광역시 중구 동성로2가,경상사고,0,0,1,1,차대차 - 추돌,안전운전불이행,건조,맑음,단일로 - 기타,승용,여,60세,상해없음,승용,기타불명,미분류,기타불명
2020081600100228,2020년 8월 16일 13시,일요일,대구광역시 동구 효목동,경상사고,0,0,1,0,차대차 - 기타,교차로운행방법위반,건조,맑음,교차로 - 교차로안,승용,여,59세,상해없음,승합,남,56세,경상
2020081600100261,2020년 8월 16일 14시,일요일,대구광역시 달서구 대곡동,중상사고,0,1,0,0,차대차 - 기타,안전거리미확보,건조,맑음,단일로 - 기타,승용,남,20세,상해없음,이륜,남,65세,중상
2020081600100262,2020년 8월 16일 14시,일요일,대구광역시 북구 고성동2가,부상신고사고,0,0,0,1,차대차 - 측면충돌,안전운전불이행,건조,맑음,단일로 - 기타,자전거,남,83세,부상신고,승용,여,69세,상해없음
2020081600100295,2020년 8월 16일 15시,일요일,대구광역시 수성구 신매동,부상신고사고,0,0,0,3,차대차 - 기타,안전운전불이행,건조,맑음,단일로 - 기타,승용,여,42세,부상신고,승용,남,49세,부상신고
2020081600100296,2020년 8월 16일 15시,일요일,대구광역시 중구 태평로1가,중상사고,0,1,0,0,차대차 - 기타,안전운전불이행,건조,맑음,단일로 - 기타,기타불명,기타불명,미분류,기타불명,이륜,남,65세,중상
2020081600100328,2020년 8월 16일 16시,일요일,대구광역시 달성군 논공읍,경상사고,0,0,1,0,차대차 - 추돌,안전운전불이행,건조,맑음,교차로 - 교차로부근,승용,남,66세,기타불명,승용,여,60세,경상
2020081600100356,2020년 8월 16일 17시,일요일,대구광역시 동구 신서동,중상사고,0,1,0,0,차량단독 - 전도전복 - 전도,안전운전불이행,건조,맑음,교차로 - 교차로부근,이륜,남,16세,상해없음,,,,
2020081600100357,2020년 8월 16일 17시,일요일,대구광역시 서구 비산동,경상사고,0,0,1,0,차대차 - 측면충돌,안전운전불이행,건조,맑음,교차로 - 교차로부근,이륜,남,28세,경상,승용,남,31세,상해없음
2020081600100358,2020년 8월 16일 17시,일요일,대구광역시 중구 남산동,중상사고,0,1,0,0,차대사람 - 횡단중,보행자보호의무위반,건조,맑음,단일로 - 기타,승용,남,27세,상해없음,보행자,여,65세,중상
2020081600100406,2020년 8월 16일 18시,일요일,대구광역시 남구 이천동,부상신고사고,0,0,0,1,차대차 - 기타,기타,건조,맑음,교차로 - 교차로부근,승합,기타불명,미분류,기타불명,이륜,남,42세,부상신고
2020081600100407,2020년 8월 16일 18시,일요일,대구광역시 서구 평리동,중상사고,0,1,0,0,차대차 - 측면충돌,안전거리미확보,건조,맑음,단일로 - 기타,이륜,남,39세,중상,승용,남,69세,상해없음
2020081600100433,2020년 8월 16일 19시,일요일,대구광역시 서구 내당동,경상사고,0,0,2,0,차대차 - 측면충돌,직진우회전진행방해,건조,맑음,교차로 - 교차로안,이륜,남,43세,경상,승용,남,60세,경상
2020081600100434,2020년 8월 16일 19시,일요일,대구광역시 중구 봉산동,경상사고,0,0,1,0,차대차 - 측면충돌,신호위반,건조,맑음,단일로 - 기타,승용,여,47세,상해없음,이륜,남,24세,경상
2020081600100465,2020년 8월 16일 20시,일요일,대구광역시 수성구 지산동,경상사고,0,0,1,0,차대차 - 측면충돌,안전운전불이행,건조,맑음,단일로 - 기타,승용,남,76세,상해없음,승용,남,30세,경상
2020081600100510,2020년 8월 16일 22시,일요일,대구광역시 달서구 월성동,경상사고,0,0,2,0,차대차 - 측면충돌,안전거리미확보,건조,맑음,단일로 - 기타,승용,남,38세,상해없음,승용,남,21세,경상
2020081700100009,2020년 8월 17일 00시,월요일,대구광역시 남구 대명동,경상사고,0,0,4,0,차대차 - 측면충돌,중앙선침범,건조,맑음,교차로 - 교차로안,이륜,남,21세,경상,승용,남,63세,경상
2020081700100036,2020년 8월 17일 05시,월요일,대구광역시 남구 대명동,경상사고,0,0,2,0,차대차 - 정면충돌,안전운전불이행,건조,맑음,교차로 - 교차로부근,승용,남,34세,상해없음,화물,남,28세,경상
2020081700100061,2020년 8월 17일 07시,월요일,대구광역시 북구 산격동,경상사고,0,0,1,0,차대차 - 측면충돌,안전운전불이행,건조,맑음,단일로 - 기타,승용,남,55세,상해없음,자전거,남,76세,경상
2020081700100077,2020년 8월 17일 08시,월요일,대구광역시 동구 각산동,경상사고,0,0,1,0,차대사람 - 기타,기타,건조,맑음,기타 - 기타,기타불명,기타불명,미분류,기타불명,보행자,여,59세,경상
2020081700100107,2020년 8월 17일 09시,월요일,대구광역시 수성구 범어동,중상사고,0,1,0,0,차대차 - 기타,차로위반,건조,맑음,교차로 - 교차로부근,승용,남,56세,상해없음,이륜,남,27세,중상
2020081700100134,2020년 8월 17일 10시,월요일,대구광역시 수성구 지산동,중상사고,0,1,0,0,차대사람 - 횡단중,보행자보호의무위반,건조,맑음,단일로 - 기타,승용,남,50세,상해없음,보행자,남,70세,중상
2020081700100163,2020년 8월 17일 11시,월요일,대구광역시 동구 방촌동,경상사고,0,0,1,0,차대차 - 추돌,안전운전불이행,건조,맑음,단일로 - 기타,승용,여,50세,상해없음,승용,남,67세,경상
2020081700100164,2020년 8월 17일 11시,월요일,대구광역시 수성구 범어동,중상사고,0,1,0,0,차대사람 - 기타,안전운전불이행,건조,맑음,교차로 - 교차로안,승합,남,57세,상해없음,보행자,여,77세,중상
2020081700100198,2020년 8월 17일 12시,월요일,대구광역시 남구 봉덕동,경상사고,0,0,1,1,차대차 - 추돌,안전거리미확보,건조,맑음,단일로 - 기타,승용,남,34세,상해없음,승용,남,41세,경상
2020081700100199,2020년 8월 17일 12시,월요일,대구광역시 달서구 상인동,경상사고,0,0,2,0,차대차 - 측면충돌,안전운전불이행,건조,맑음,교차로 - 교차로부근,승용,남,50세,상해없음,승용,남,40세,경상
2020081700100200,2020년 8월 17일 12시,월요일,대구광역시 달성군 유가읍,경상사고,0,0,1,0,차대차 - 후진중충돌,안전운전불이행,건조,맑음,교차로 - 교차로부근,승용,여,62세,상해없음,승용,남,31세,경상
2020081700100201,2020년 8월 17일 12시,월요일,대구광역시 달서구 감삼동,경상사고,0,0,4,0,차대차 - 측면충돌,신호위반,건조,맑음,단일로 - 기타,이륜,남,39세,경상,승용,남,33세,경상
2020081700100239,2020년 8월 17일 13시,월요일,대구광역시 달서구 진천동,경상사고,0,0,1,0,차대사람 - 횡단중,안전운전불이행,건조,맑음,교차로 - 교차로안,승용,여,46세,상해없음,보행자,여,33세,경상
2020081700100240,2020년 8월 17일 13시,월요일,대구광역시 달서구 송현동,경상사고,0,0,1,0,차대차 - 후진중충돌,안전운전불이행,건조,맑음,교차로 - 교차로안,승용,남,37세,상해없음,승용,남,40세,경상
2020081700100241,2020년 8월 17일 13시,월요일,대구광역시 달서구 신당동,사망사고,1,0,0,0,차대차 - 정면충돌,신호위반,건조,맑음,교차로 - 교차로안,승용,여,65세,상해없음,이륜,남,27세,사망
2020081700100242,2020년 8월 17일 13시,월요일,대구광역시 달서구 감삼동,경상사고,0,0,3,0,차대차 - 추돌,안전운전불이행,건조,맑음,기타 - 기타,승용,남,58세,상해없음,승용,여,49세,경상
2020081700100279,2020년 8월 17일 14시,월요일,대구광역시 달서구 월성동,경상사고,0,0,2,0,차대차 - 측면충돌,안전거리미확보,건조,맑음,단일로 - 기타,승용,남,61세,경상,승용,남,38세,경상
2020081700100280,2020년 8월 17일 14시,월요일,대구광역시 서구 평리동,경상사고,0,0,1,0,차대차 - 측면충돌,안전거리미확보,건조,맑음,단일로 - 기타,승용,여,59세,상해없음,승용,남,44세,경상
2020081700100319,2020년 8월 17일 15시,월요일,대구광역시 남구 봉덕동,경상사고,0,0,1,0,차대사람 - 횡단중,보행자보호의무위반,건조,맑음,교차로 - 교차로횡단보도내,승합,남,60세,상해없음,보행자,여,19세,경상
2020081700100320,2020년 8월 17일 15시,월요일,대구광역시 수성구 범어동,경상사고,0,0,1,0,차대차 - 측면충돌,차로위반,건조,맑음,단일로 - 기타,화물,남,53세,상해없음,승용,남,43세,경상
2020081700100321,2020년 8월 17일 15시,월요일,대구광역시 달서구 본리동,경상사고,0,0,1,0,차대차 - 측면충돌,안전운전불이행,건조,맑음,단일로 - 기타,승용,남,65세,상해없음,승용,여,31세,경상
2020081700100359,2020년 8월 17일 16시,월요일,대구광역시 동구 지저동,부상신고사고,0,0,0,1,차대차 - 기타,기타,건조,맑음,단일로 - 기타,이륜,남,21세,부상신고,화물,남,38세,상해없음
2020081700100360,2020년 8월 17일 16시,월요일,대구광역시 동구 신암동,경상사고,0,0,2,0,차대차 - 측면충돌,직진우회전진행방해,건조,맑음,교차로 - 교차로안,화물,남,60세,상해없음,화물,남,27세,경상
2020081700100361,2020년 8월 17일 16시,월요일,대구광역시 수성구 범어동,경상사고,0,0,1,0,차대차 - 측면충돌,안전운전불이행,건조,맑음,단일로 - 기타,이륜,남,25세,경상,승용,남,43세,상해없음
2020081700100362,2020년 8월 17일 16시,월요일,대구광역시 수성구 시지동,경상사고,0,0,2,0,차대차 - 측면충돌,차로위반,건조,맑음,단일로 - 기타,승용,남,63세,상해없음,승용,여,26세,경상
2020081700100363,2020년 8월 17일 16시,월요일,대구광역시 달서구 진천동,경상사고,0,0,3,0,차대차 - 측면충돌,차로위반,건조,맑음,단일로 - 기타,승용,여,46세,경상,승용,여,35세,경상
2020081700100364,2020년 8월 17일 16시,월요일,대구광역시 달서구 호산동,중상사고,0,1,0,0,차대차 - 기타,교차로운행방법위반,건조,맑음,교차로 - 교차로횡단보도내,승용,여,48세,상해없음,자전거,남,79세,중상
2020081700100403,2020년 8월 17일 17시,월요일,대구광역시 동구 율하동,경상사고,0,0,2,0,차대차 - 측면충돌,안전운전불이행,건조,맑음,교차로 - 교차로안,승용,남,57세,상해없음,승용,여,44세,경상
2020081700100404,2020년 8월 17일 17시,월요일,대구광역시 달서구 송현동,경상사고,0,0,1,0,차대차 - 측면충돌,안전운전불이행,건조,맑음,교차로 - 교차로안,승용,남,50세,상해없음,승용,여,46세,경상
2020081700100405,2020년 8월 17일 17시,월요일,대구광역시 달성군 구지면,경상사고,0,0,1,0,차대차 - 기타,신호위반,건조,맑음,교차로 - 교차로안,화물,남,52세,상해없음,승용,남,35세,경상
2020081700100406,2020년 8월 17일 17시,월요일,대구광역시 북구 금호동,중상사고,0,1,0,0,차대차 - 측면충돌,신호위반,건조,맑음,교차로 - 교차로부근,건설기계,남,51세,상해없음,이륜,남,35세,중상
2020081700100407,2020년 8월 17일 17시,월요일,대구광역시 달서구 월암동,경상사고,0,0,1,0,차대차 - 추돌,안전운전불이행,건조,맑음,기타 - 기타,승용,남,51세,상해없음,승용,여,46세,경상
2020081700100408,2020년 8월 17일 17시,월요일,대구광역시 달서구 신당동,경상사고,0,0,1,0,차대차 - 측면충돌,안전거리미확보,건조,맑음,교차로 - 교차로부근,승용,남,40세,상해없음,이륜,남,36세,경상
2020081700100409,2020년 8월 17일 17시,월요일,대구광역시 달서구 장동,부상신고사고,0,0,0,1,차대차 - 측면충돌,차로위반,건조,맑음,교차로 - 교차로부근,승용,남,27세,부상신고,건설기계,남,67세,상해없음
2020081700100441,2020년 8월 17일 18시,월요일,대구광역시 수성구 황금동,중상사고,0,1,0,0,차대차 - 기타,차로위반,건조,맑음,단일로 - 기타,승용,남,76세,상해없음,이륜,남,58세,중상
2020081700100442,2020년 8월 17일 18시,월요일,대구광역시 달서구 상인동,경상사고,0,0,1,0,차대차 - 측면충돌,안전거리미확보,건조,맑음,단일로 - 기타,승용,여,60세,상해없음,이륜,남,24세,경상
2020081700100443,2020년 8월 17일 18시,월요일,대구광역시 달성군 다사읍,부상신고사고,0,0,0,1,차대차 - 기타,직진우회전진행방해,건조,맑음,교차로 - 교차로안,승용,남,30세,부상신고,승용,남,28세,상해없음
2020081700100476,2020년 8월 17일 19시,월요일,대구광역시 수성구 신매동,경상사고,0,0,6,0,차대차 - 측면충돌,안전운전불이행,건조,맑음,단일로 - 기타,승용,남,44세,경상,승용,여,29세,경상
2020081700100477,2020년 8월 17일 19시,월요일,대구광역시 달서구 진천동,경상사고,0,0,1,0,차대차 - 측면충돌,직진우회전진행방해,건조,맑음,교차로 - 교차로안,승용,여,64세,상해없음,승용,남,29세,경상
2020081700100478,2020년 8월 17일 19시,월요일,대구광역시 달서구 두류동,경상사고,0,0,2,0,차대차 - 추돌,안전운전불이행,건조,맑음,단일로 - 기타,승용,남,35세,상해없음,승용,남,35세,경상
2020081700100479,2020년 8월 17일 19시,월요일,대구광역시 달서구 감삼동,경상사고,0,0,2,0,차대차 - 측면충돌,안전운전불이행,건조,맑음,단일로 - 기타,이륜,남,53세,경상,승용,남,22세,경상
2020081700100480,2020년 8월 17일 19시,월요일,대구광역시 달서구 용산동,경상사고,0,0,1,0,차대차 - 기타,안전운전불이행,건조,맑음,주차장 - 주차장,승용,여,46세,상해없음,이륜,여,41세,경상
2020081700100517,2020년 8월 17일 20시,월요일,대구광역시 달서구 이곡동,경상사고,0,0,1,0,차대사람 - 기타,안전운전불이행,건조,맑음,기타 - 기타,승용,여,50세,상해없음,보행자,남,69세,경상
2020081700100536,2020년 8월 17일 21시,월요일,대구광역시 달서구 진천동,경상사고,0,0,1,0,차대차 - 측면충돌,안전운전불이행,건조,맑음,교차로 - 교차로안,이륜,남,24세,경상,승용,남,65세,상해없음
2020081700100537,2020년 8월 17일 21시,월요일,대구광역시 달성군 가창면,중상사고,0,1,1,0,차대차 - 추돌,안전운전불이행,건조,기타,기타 - 기타,승용,남,60세,상해없음,자전거,남,40세,중상
2020081700100570,2020년 8월 17일 23시,월요일,대구광역시 수성구 만촌동,중상사고,0,1,0,0,차대사람 - 차도통행중,안전운전불이행,건조,맑음,단일로 - 기타,승용,남,31세,상해없음,보행자,여,86세,중상
2020081800100017,2020년 8월 18일 01시,화요일,대구광역시 달서구 대천동,경상사고,0,0,6,0,차대차 - 기타,과속,건조,맑음,교차로 - 교차로안,승용,남,28세,경상,승용,남,46세,경상
2020081800100036,2020년 8월 18일 04시,화요일,대구광역시 북구 읍내동,중상사고,0,1,1,0,차대차 - 측면충돌,신호위반,건조,맑음,교차로 - 교차로안,승용,남,18세,상해없음,승용,남,65세,경상
2020081800100106,2020년 8월 18일 08시,화요일,대구광역시 중구 대봉동,경상사고,0,0,1,0,차대차 - 측면충돌,안전운전불이행,건조,맑음,단일로 - 기타,승용,남,75세,상해없음,승용,여,40세,경상
2020081800100107,2020년 8월 18일 08시,화요일,대구광역시 동구 각산동,경상사고,0,0,2,0,차대차 - 기타,안전운전불이행,건조,맑음,단일로 - 기타,승용,남,37세,경상,승용,남,70세,경상
2020081800100108,2020년 8월 18일 08시,화요일,대구광역시 수성구 범어동,경상사고,0,0,1,0,차대차 - 측면충돌,직진우회전진행방해,건조,맑음,교차로 - 교차로안,승용,남,55세,상해없음,승용,남,64세,경상
2020081800100109,2020년 8월 18일 08시,화요일,대구광역시 북구 침산동,경상사고,0,0,1,0,차대차 - 추돌,안전운전불이행,건조,맑음,교차로 - 교차로부근,승용,남,72세,상해없음,승용,남,58세,상해없음
2020081800100110,2020년 8월 18일 08시,화요일,대구광역시 북구 산격동,경상사고,0,0,1,0,차대차 - 측면충돌,안전거리미확보,건조,맑음,단일로 - 기타,승용,남,83세,상해없음,승용,남,50세,경상
2020081800100111,2020년 8월 18일 08시,화요일,대구광역시 달서구 장동,경상사고,0,0,1,0,차대차 - 측면충돌,신호위반,건조,맑음,교차로 - 교차로안,승용,여,47세,경상,화물,남,44세,상해없음
2020081800100176,2020년 8월 18일 10시,화요일,대구광역시 수성구 황금동,경상사고,0,0,1,0,차대차 - 추돌,안전운전불이행,건조,맑음,교차로 - 교차로부근,승용,여,68세,상해없음,승용,남,49세,경상
2020081800100223,2020년 8월 18일 11시,화요일,대구광역시 중구 동인동3가,경상사고,0,0,1,0,차대차 - 기타,기타,건조,맑음,단일로 - 기타,건설기계,남,59세,상해없음,이륜,남,32세,경상
2020081800100263,2020년 8월 18일 12시,화요일,대구광역시 동구 효목동,경상사고,0,0,1,0,차대사람 - 차도통행중,안전운전불이행,건조,맑음,교차로 - 교차로안,승용,남,60세,상해없음,보행자,여,8세,경상
2020081800100264,2020년 8월 18일 12시,화요일,대구광역시 수성구 지산동,부상신고사고,0,0,0,1,차대차 - 측면충돌,기타,건조,맑음,교차로 - 교차로안,이륜,남,32세,부상신고,승용,여,61세,상해없음
2020081800100265,2020년 8월 18일 12시,화요일,대구광역시 서구 내당동,중상사고,0,1,0,0,차대차 - 측면충돌,안전거리미확보,건조,맑음,단일로 - 기타,승용,남,64세,상해없음,이륜,남,47세,중상
2020081800100306,2020년 8월 18일 13시,화요일,대구광역시 남구 봉덕동,중상사고,0,1,0,0,차량단독 - 공작물충돌,안전운전불이행,건조,맑음,단일로 - 기타,승용,남,84세,중상,,,,
2020081800100307,2020년 8월 18일 13시,화요일,대구광역시 동구 신천동,경상사고,0,0,1,0,차대차 - 기타,교차로운행방법위반,건조,맑음,교차로 - 교차로안,이륜,남,26세,경상,이륜,남,19세,상해없음
2020081800100308,2020년 8월 18일 13시,화요일,대구광역시 달서구 진천동,중상사고,0,1,0,0,차대차 - 측면충돌,신호위반,건조,맑음,교차로 - 교차로안,승용,여,29세,상해없음,승용,남,57세,중상
2020081800100309,2020년 8월 18일 13시,화요일,대구광역시 달성군 다사읍,중상사고,0,1,0,0,차대차 - 기타,안전거리미확보,건조,맑음,단일로 - 기타,승용,여,54세,상해없음,이륜,남,57세,중상
2020081800100310,2020년 8월 18일 13시,화요일,대구광역시 북구 산격동,경상사고,0,0,2,0,차대차 - 측면충돌,안전운전불이행,건조,맑음,교차로 - 교차로안,승용,여,50세,경상,승용,여,47세,경상
2020081800100311,2020년 8월 18일 13시,화요일,대구광역시 달서구 감삼동,경상사고,0,0,2,0,차대차 - 측면충돌,차로위반,건조,맑음,단일로 - 기타,승용,남,52세,경상,승용,여,53세,경상
2020081800100356,2020년 8월 18일 14시,화요일,대구광역시 동구 지저동,경상사고,0,0,2,0,차대차 - 측면충돌,안전거리미확보,건조,맑음,단일로 - 기타,승용,남,76세,상해없음,승용,남,33세,상해없음
2020081800100357,2020년 8월 18일 14시,화요일,대구광역시 동구 방촌동,부상신고사고,0,0,0,1,차대사람 - 기타,안전운전불이행,건조,맑음,단일로 - 기타,승용,여,66세,기타불명,보행자,여,75세,부상신고
2020081800100358,2020년 8월 18일 14시,화요일,대구광역시 북구 노원동1가,중상사고,0,1,0,0,차대차 - 정면충돌,중앙선침범,건조,맑음,단일로 - 기타,자전거,남,72세,중상,화물,남,45세,상해없음
2020081800100359,2020년 8월 18일 14시,화요일,대구광역시 서구 비산동,부상신고사고,0,0,0,1,차대차 - 측면충돌,안전운전불이행,건조,맑음,교차로 - 교차로안,자전거,남,14세,부상신고,화물,남,52세,상해없음
2020081800100389,2020년 8월 18일 15시,화요일,대구광역시 남구 이천동,경상사고,0,0,2,0,차대차 - 측면충돌,차로위반,건조,맑음,교차로 - 교차로부근,승용,여,44세,경상,승용,남,42세,경상
2020081800100390,2020년 8월 18일 15시,화요일,대구광역시 수성구 범어동,경상사고,0,0,1,0,차대차 - 기타,교차로운행방법위반,건조,맑음,교차로 - 교차로안,승용,남,30세,상해없음,승용,남,52세,경상
2020081800100391,2020년 8월 18일 15시,화요일,대구광역시 달서구 갈산동,경상사고,0,0,1,0,차대차 - 측면충돌,직진우회전진행방해,건조,맑음,교차로 - 교차로안,화물,남,49세,상해없음,화물,남,51세,경상
2020081800100481,2020년 8월 18일 17시,화요일,대구광역시 달서구 상인동,중상사고,0,1,0,0,차대사람 - 횡단중,안전운전불이행,건조,맑음,단일로 - 기타,승용,남,48세,상해없음,보행자,여,10세,중상
2020081800100482,2020년 8월 18일 17시,화요일,대구광역시 달서구 본동,부상신고사고,0,0,0,1,차대차 - 측면충돌,교차로운행방법위반,건조,맑음,교차로 - 교차로안,승용,남,71세,상해없음,이륜,남,65세,부상신고
2020081800100483,2020년 8월 18일 17시,화요일,대구광역시 달서구 월성동,경상사고,0,0,2,0,차대차 - 추돌,안전거리미확보,건조,맑음,단일로 - 기타,건설기계,남,62세,상해없음,승용,여,49세,경상
2020081800100484,2020년 8월 18일 17시,화요일,대구광역시 달서구 본동,경상사고,0,0,2,0,차대차 - 측면충돌,안전거리미확보,건조,맑음,교차로 - 교차로안,승용,여,61세,경상,승용,남,35세,경상
2020081800100485,2020년 8월 18일 17시,화요일,대구광역시 달성군 구지면,경상사고,0,0,3,0,차대차 - 기타,교차로운행방법위반,건조,맑음,교차로 - 교차로안,승용,남,30세,경상,승용,남,25세,경상
2020081800100486,2020년 8월 18일 17시,화요일,대구광역시 서구 비산동,부상신고사고,0,0,0,1,차대사람 - 기타,안전운전불이행,건조,맑음,주차장 - 주차장,화물,남,47세,상해없음,보행자,남,42세,부상신고
2020081800100536,2020년 8월 18일 18시,화요일,대구광역시 달서구 송현동,경상사고,0,0,1,0,차대차 - 측면충돌,안전운전불이행,건조,맑음,단일로 - 기타,승용,여,32세,상해없음,원동기,남,17세,경상
2020081800100537,2020년 8월 18일 18시,화요일,대구광역시 달서구 송현동,경상사고,0,0,1,0,차대차 - 기타,안전운전불이행,건조,맑음,교차로 - 교차로안,화물,남,59세,상해없음,이륜,남,32세,경상
2020081800100538,2020년 8월 18일 18시,화요일,대구광역시 달성군 옥포읍,경상사고,0,0,1,0,차대차 - 추돌,안전거리미확보,건조,맑음,기타 - 기타,승용,남,53세,상해없음,승용,남,21세,경상
2020081800100539,2020년 8월 18일 18시,화요일,대구광역시 북구 산격동,중상사고,0,1,6,0,차대차 - 측면충돌,안전운전불이행,건조,맑음,교차로 - 교차로부근,승용,여,59세,경상,승용,남,33세,중상
2020081800100540,2020년 8월 18일 18시,화요일,대구광역시 달서구 갈산동,경상사고,0,0,3,0,차대차 - 기타,직진우회전진행방해,건조,맑음,교차로 - 교차로안,화물,남,48세,경상,승용,남,32세,경상
2020081800100578,2020년 8월 18일 19시,화요일,대구광역시 서구 평리동,중상사고,0,1,0,0,차대차 - 측면충돌,중앙선침범,건조,맑음,단일로 - 기타,승용,남,58세,상해없음,이륜,남,69세,중상
2020081800100579,2020년 8월 18일 19시,화요일,대구광역시 달서구 성당동,경상사고,0,0,2,0,차대차 - 측면충돌,안전거리미확보,건조,맑음,기타 - 기타,화물,남,65세,상해없음,승용,남,21세,경상
2020081800100611,2020년 8월 18일 20시,화요일,대구광역시 수성구 수성동1가,경상사고,0,0,1,0,차대차 - 측면충돌,안전운전불이행,건조,맑음,단일로 - 기타,승용,남,47세,상해없음,원동기,남,29세,경상
2020081800100612,2020년 8월 18일 20시,화요일,대구광역시 달서구 월성동,경상사고,0,0,1,0,차대차 - 측면충돌,안전운전불이행,건조,맑음,단일로 - 기타,승용,여,55세,상해없음,승용,남,45세,경상
2020081800100613,2020년 8월 18일 20시,화요일,대구광역시 달서구 월성동,경상사고,0,0,1,2,차대차 - 측면충돌,안전거리미확보,건조,맑음,단일로 - 기타,승용,남,37세,상해없음,승용,남,18세,경상
2020081800100614,2020년 8월 18일 20시,화요일,대구광역시 달성군 유가읍,경상사고,0,0,2,0,차대차 - 기타,안전운전불이행,건조,맑음,교차로 - 교차로안,승용,여,52세,경상,이륜,남,44세,경상