사고번호,사고일시,요일,시군구,사고내용,사망자수,중상자수,경상자수,부상신고자수,사고유형,법규위반,노면상태,기상상태,도로형태,가해운전자 차종,가해운전자 성별,가해운전자 연령,가해운전자 상해정도,피해운전자 차종,피해운전자 성별,피해운전자 연령,피해운전자 상해정도
2020081800100615,2020년 8월 18일 20시,화요일,대구광역시 달서구 감삼동,중상사고,0,1,0,0,차대사람 - 기타,안전운전불이행,건조,맑음,단일로 - 기타,승용,남,52세,상해없음,보행자,여,66세,중상
2020081800100616,2020년 8월 18일 20시,화요일,대구광역시 달서구 파호동,경상사고,0,0,2,0,차대차 - 측면충돌,교차로운행방법위반,건조,맑음,교차로 - 교차로안,승용,여,31세,상해없음,승용,남,21세,경상
2020081800100643,2020년 8월 18일 21시,화요일,대구광역시 남구 대명동,경상사고,0,0,1,0,차대차 - 측면충돌,안전운전불이행,건조,맑음,교차로 - 교차로안,이륜,남,39세,경상,승용,남,52세,상해없음
2020081800100644,2020년 8월 18일 21시,화요일,대구광역시 동구 신암동,경상사고,0,0,1,0,차량단독 - 전도전복 - 전도,안전운전불이행,건조,맑음,단일로 - 기타,원동기,남,18세,경상,,,,
2020081800100671,2020년 8월 18일 22시,화요일,대구광역시 달서구 본리동,경상사고,0,0,2,0,차대차 - 후진중충돌,안전운전불이행,건조,맑음,주차장 - 주차장,승용,남,73세,상해없음,승용,여,48세,경상
2020081800100693,2020년 8월 18일 23시,화요일,대구광역시 수성구 만촌동,중상사고,0,1,0,1,차대차 - 추돌,안전운전불이행,건조,맑음,단일로 - 기타,승용,남,53세,상해없음,승용,남,46세,부상신고
2020081800100694,2020년 8월 18일 23시,화요일,대구광역시 북구 침산동,경상사고,0,0,1,0,차대차 - 측면충돌,신호위반,건조,맑음,교차로 - 교차로안,승용,남,33세,상해없음,승용,남,43세,경상
2020081900100034,2020년 8월 19일 04시,수요일,대구광역시 달서구 송현동,중상사고,0,1,1,0,차대차 - 측면충돌,안전운전불이행,건조,맑음,교차로 - 교차로안,승용,남,28세,상해없음,승용,남,36세,경상
2020081900100045,2020년 8월 19일 05시,수요일,대구광역시 달성군 다사읍,중상사고,0,1,0,0,차대사람 - 횡단중,안전운전불이행,건조,맑음,교차로 - 교차로안,승용,남,69세,상해없음,보행자,여,75세,중상
2020081900100105,2020년 8월 19일 08시,수요일,대구광역시 달서구 진천동,경상사고,0,0,2,0,차대차 - 측면충돌,안전거리미확보,건조,맑음,단일로 - 기타,승용,여,26세,상해없음,승용,남,58세,경상
2020081900100106,2020년 8월 19일 08시,수요일,대구광역시 북구 복현동,경상사고,0,0,1,0,차대차 - 추돌,안전거리미확보,건조,맑음,교차로 - 교차로안,승용,남,76세,상해없음,승용,여,64세,경상
2020081900100107,2020년 8월 19일 08시,수요일,대구광역시 달서구 감삼동,경상사고,0,0,3,0,차대차 - 측면충돌,안전운전불이행,건조,맑음,단일로 - 기타,승용,남,53세,경상,승용,여,48세,경상
2020081900100141,2020년 8월 19일 09시,수요일,대구광역시 중구 문화동,경상사고,0,0,1,0,차대차 - 기타,신호위반,건조,맑음,교차로 - 교차로부근,자전거,남,55세,경상,승용,남,57세,상해없음
2020081900100179,2020년 8월 19일 10시,수요일,대구광역시 동구 효목동,경상사고,0,0,1,1,차대차 - 측면충돌,안전거리미확보,건조,맑음,단일로 - 기타,승용,남,72세,부상신고,승용,남,45세,경상
2020081900100180,2020년 8월 19일 10시,수요일,대구광역시 동구 신기동,경상사고,0,0,1,0,차대차 - 기타,안전운전불이행,건조,맑음,교차로 - 교차로안,승용,여,55세,상해없음,화물,남,39세,경상
2020081900100181,2020년 8월 19일 10시,수요일,대구광역시 달서구 파호동,경상사고,0,0,1,0,차대차 - 추돌,안전운전불이행,건조,맑음,교차로 - 교차로부근,화물,남,46세,상해없음,승용,여,29세,경상
2020081900100210,2020년 8월 19일 11시,수요일,대구광역시 남구 대명동,경상사고,0,0,2,0,차대차 - 측면충돌,교차로운행방법위반,건조,맑음,교차로 - 교차로안,이륜,여,49세,상해없음,승용,여,42세,경상
2020081900100211,2020년 8월 19일 11시,수요일,대구광역시 동구 방촌동,부상신고사고,0,0,0,1,차대차 - 기타,안전거리미확보,건조,맑음,단일로 - 기타,승용,남,55세,상해없음,원동기,남,17세,상해없음
2020081900100212,2020년 8월 19일 11시,수요일,대구광역시 동구 신평동,경상사고,0,0,1,0,차대차 - 기타,직진우회전진행방해,건조,맑음,교차로 - 교차로안,승용,남,76세,상해없음,이륜,남,19세,경상
2020081900100213,2020년 8월 19일 11시,수요일,대구광역시 수성구 범어동,중상사고,0,1,0,0,차대차 - 측면충돌,안전운전불이행,건조,맑음,교차로 - 교차로부근,승용,남,67세,상해없음,이륜,남,51세,중상
2020081900100214,2020년 8월 19일 11시,수요일,대구광역시 수성구 두산동,경상사고,0,0,2,0,차대차 - 측면충돌,안전운전불이행,건조,맑음,교차로 - 교차로안,화물,남,25세,경상,승용,여,57세,경상
2020081900100215,2020년 8월 19일 11시,수요일,대구광역시 달서구 월암동,경상사고,0,0,1,0,차대차 - 측면충돌,교차로운행방법위반,건조,맑음,교차로 - 교차로안,승용,여,62세,상해없음,화물,남,26세,경상
2020081900100250,2020년 8월 19일 12시,수요일,대구광역시 동구 검사동,중상사고,0,1,0,0,차대차 - 측면충돌,안전운전불이행,건조,맑음,단일로 - 기타,승용,여,56세,상해없음,자전거,여,72세,중상
2020081900100251,2020년 8월 19일 12시,수요일,대구광역시 수성구 범어동,경상사고,0,0,4,0,차대차 - 추돌,안전운전불이행,건조,맑음,단일로 - 기타,승용,남,20세,상해없음,승용,여,36세,경상
2020081900100252,2020년 8월 19일 12시,수요일,대구광역시 수성구 신매동,경상사고,0,0,1,0,차대차 - 측면충돌,안전거리미확보,건조,맑음,단일로 - 기타,화물,남,80세,상해없음,승용,남,69세,경상
2020081900100253,2020년 8월 19일 12시,수요일,대구광역시 서구 중리동,경상사고,0,0,1,0,차대차 - 추돌,안전운전불이행,건조,맑음,단일로 - 기타,이륜,남,50세,기타불명,이륜,남,52세,경상
2020081900100254,2020년 8월 19일 12시,수요일,대구광역시 달서구 이곡동,경상사고,0,0,2,0,차대차 - 측면충돌,교차로운행방법위반,건조,맑음,교차로 - 교차로안,승용,여,61세,상해없음,승용,남,36세,경상
2020081900100337,2020년 8월 19일 14시,수요일,대구광역시 수성구 지산동,경상사고,0,0,1,0,차대차 - 기타,차로위반,건조,맑음,단일로 - 기타,승용,남,48세,상해없음,승용,여,57세,경상
2020081900100338,2020년 8월 19일 14시,수요일,대구광역시 달서구 진천동,경상사고,0,0,1,0,차대차 - 측면충돌,안전거리미확보,건조,맑음,단일로 - 기타,승용,여,71세,상해없음,이륜,남,32세,경상
2020081900100339,2020년 8월 19일 14시,수요일,대구광역시 북구 팔달동,경상사고,0,0,1,0,차대차 - 기타,안전운전불이행,건조,맑음,단일로 - 기타,승용,남,70세,상해없음,승용,남,35세,경상
2020081900100373,2020년 8월 19일 15시,수요일,대구광역시 수성구 연호동,사망사고,1,0,0,0,차대사람 - 기타,안전운전불이행,건조,맑음,단일로 - 기타,승용,여,74세,상해없음,보행자,남,71세,사망
2020081900100374,2020년 8월 19일 15시,수요일,대구광역시 수성구 두산동,경상사고,0,0,1,0,차대차 - 추돌,안전운전불이행,건조,맑음,단일로 - 기타,이륜,남,53세,상해없음,승용,여,42세,경상
2020081900100375,2020년 8월 19일 15시,수요일,대구광역시 달서구 월성동,중상사고,0,1,0,0,차대사람 - 기타,기타,건조,맑음,단일로 - 기타,승용,남,67세,상해없음,보행자,남,7세,중상
2020081900100376,2020년 8월 19일 15시,수요일,대구광역시 중구 남산동,경상사고,0,0,1,0,차대차 - 추돌,안전운전불이행,건조,맑음,단일로 - 기타,승용,여,59세,상해없음,승용,남,60세,경상
2020081900100419,2020년 8월 19일 16시,수요일,대구광역시 남구 대명동,경상사고,0,0,1,0,차대차 - 측면충돌,차로위반,건조,맑음,단일로 - 기타,승용,여,76세,상해없음,승용,여,45세,경상
2020081900100420,2020년 8월 19일 16시,수요일,대구광역시 동구 동호동,경상사고,0,0,2,0,차대차 - 측면충돌,신호위반,건조,맑음,교차로 - 교차로안,승용,남,29세,상해없음,승용,남,55세,경상
2020081900100421,2020년 8월 19일 16시,수요일,대구광역시 동구 지저동,경상사고,0,0,1,0,차대차 - 측면충돌,안전운전불이행,건조,맑음,단일로 - 기타,승용,여,37세,경상,승용,여,64세,상해없음
2020081900100460,2020년 8월 19일 17시,수요일,대구광역시 북구 노원동3가,경상사고,0,0,1,0,차대차 - 측면충돌,안전거리미확보,건조,맑음,단일로 - 기타,승용,남,42세,상해없음,승용,남,30세,경상
2020081900100506,2020년 8월 19일 18시,수요일,대구광역시 남구 대명동,경상사고,0,0,1,0,차대차 - 추돌,안전운전불이행,건조,맑음,단일로 - 기타,기타불명,기타불명,미분류,기타불명,승용,여,43세,경상
2020081900100507,2020년 8월 19일 18시,수요일,대구광역시 수성구 만촌동,부상신고사고,0,0,0,1,차대차 - 추돌,안전운전불이행,건조,맑음,단일로 - 기타,승용,여,21세,부상신고,승용,여,51세,상해없음
2020081900100508,2020년 8월 19일 18시,수요일,대구광역시 수성구 사월동,경상사고,0,0,1,0,차대차 - 측면충돌,안전운전불이행,건조,맑음,단일로 - 기타,승용,남,35세,상해없음,승용,여,51세,경상
2020081900100509,2020년 8월 19일 18시,수요일,대구광역시 서구 평리동,중상사고,0,1,1,0,차대차 - 측면충돌,안전운전불이행,건조,맑음,교차로 - 교차로안,이륜,남,37세,중상,이륜,남,27세,경상
2020081900100510,2020년 8월 19일 18시,수요일,대구광역시 중구 공평동,경상사고,0,0,2,1,차대차 - 측면충돌,안전운전불이행,건조,맑음,교차로 - 교차로부근,화물,남,57세,부상신고,승용,여,36세,경상
2020081900100511,2020년 8월 19일 18시,수요일,대구광역시 달서구 신당동,중상사고,0,1,4,0,차대차 - 추돌,안전운전불이행,건조,맑음,단일로 - 기타,화물,남,52세,상해없음,승용,남,33세,중상
2020081900100512,2020년 8월 19일 18시,수요일,대구광역시 달서구 신당동,중상사고,0,1,0,0,차대차 - 측면충돌,안전운전불이행,건조,맑음,기타 - 기타,승용,남,56세,상해없음,이륜,남,29세,중상
2020081900100513,2020년 8월 19일 18시,수요일,대구광역시 북구 태전동,중상사고,0,1,0,0,차대차 - 측면충돌,안전운전불이행,건조,맑음,단일로 - 기타,승용,여,25세,상해없음,자전거,남,66세,중상
2020081900100550,2020년 8월 19일 19시,수요일,대구광역시 달서구 두류동,경상사고,0,0,1,0,차대차 - 기타,안전운전불이행,건조,맑음,단일로 - 기타,원동기,남,28세,상해없음,승용,여,42세,경상
2020081900100591,2020년 8월 19일 20시,수요일,대구광역시 중구 동인동2가,중상사고,0,1,2,0,차대차 - 측면충돌,신호위반,건조,맑음,교차로 - 교차로안,이륜,남,41세,중상,승용,남,33세,경상
2020081900100641,2020년 8월 19일 22시,수요일,대구광역시 수성구 만촌동,중상사고,0,1,0,1,차대차 - 측면충돌,신호위반,건조,맑음,교차로 - 교차로안,승용,여,19세,부상신고,승용,남,58세,중상
2020082000100006,2020년 8월 20일 00시,목요일,대구광역시 수성구 두산동,경상사고,0,0,1,0,차대사람 - 횡단중,안전운전불이행,건조,맑음,교차로 - 교차로횡단보도내,승용,남,33세,상해없음,보행자,남,62세,경상
2020082000100007,2020년 8월 20일 00시,목요일,대구광역시 달성군 구지면,경상사고,0,0,1,0,차대차 - 기타,안전운전불이행,건조,기타,교차로 - 교차로부근,승용,남,55세,상해없음,이륜,남,29세,경상
2020082000100024,2020년 8월 20일 02시,목요일,대구광역시 중구 삼덕동1가,경상사고,0,0,1,0,차대사람 - 길가장자리구역통행중,안전운전불이행,건조,맑음,단일로 - 기타,승용,남,19세,상해없음,보행자,남,21세,경상
2020082000100034,2020년 8월 20일 05시,목요일,대구광역시 달서구 대곡동,사망사고,1,0,0,0,차대차 - 측면충돌,불법유턴,건조,맑음,교차로 - 교차로안,승용,남,53세,상해없음,자전거,남,71세,사망
2020082000100057,2020년 8월 20일 06시,목요일,대구광역시 북구 산격동,중상사고,0,1,0,0,차량단독 - 기타,안전운전불이행,건조,맑음,단일로 - 기타,승합,남,55세,상해없음,,,,
2020082000100058,2020년 8월 20일 06시,목요일,대구광역시 북구 태전동,경상사고,0,0,2,0,차대차 - 기타,안전운전불이행,건조,맑음,교차로 - 교차로안,승용,여,49세,상해없음,승용,남,22세,경상
2020082000100080,2020년 8월 20일 07시,목요일,대구광역시 수성구 만촌동,경상사고,0,0,1,0,차대차 - 측면충돌,안전운전불이행,건조,맑음,단일로 - 기타,승용,여,43세,상해없음,이륜,여,58세,경상
2020082000100117,2020년 8월 20일 08시,목요일,대구광역시 달서구 두류동,경상사고,0,0,4,0,차대차 - 기타,불법유턴,건조,맑음,교차로 - 교차로횡단보도내,이륜,남,66세,경상,승용,남,41세,경상
2020082000100118,2020년 8월 20일 08시,목요일,대구광역시 달서구 감삼동,경상사고,0,0,1,0,차대차 - 추돌,안전운전불이행,건조,맑음,단일로 - 기타,승용,여,35세,상해없음,승용,여,47세,경상
2020082000100142,2020년 8월 20일 09시,목요일,대구광역시 수성구 만촌동,경상사고,0,0,1,0,차대차 - 추돌,안전운전불이행,건조,맑음,단일로 - 기타,승용,남,22세,상해없음,화물,남,39세,경상
2020082000100143,2020년 8월 20일 09시,목요일,대구광역시 수성구 범어동,경상사고,0,0,1,0,차대차 - 측면충돌,안전거리미확보,건조,맑음,교차로 - 교차로부근,승용,남,46세,상해없음,승용,여,45세,경상
2020082000100144,2020년 8월 20일 09시,목요일,대구광역시 수성구 만촌동,경상사고,0,0,2,0,차대차 - 추돌,안전운전불이행,건조,맑음,교차로 - 교차로부근,승용,여,36세,상해없음,승용,남,57세,경상
2020082000100175,2020년 8월 20일 10시,목요일,대구광역시 수성구 범어동,경상사고,0,0,1,0,차대차 - 추돌,안전운전불이행,건조,맑음,단일로 - 기타,승용,남,66세,상해없음,승용,여,59세,경상
2020082000100176,2020년 8월 20일 10시,목요일,대구광역시 달서구 갈산동,경상사고,0,0,1,0,차대차 - 기타,신호위반,건조,맑음,교차로 - 교차로안,승용,남,46세,상해없음,이륜,남,38세,경상
2020082000100210,2020년 8월 20일 11시,목요일,대구광역시 서구 이현동,경상사고,0,0,1,0,차대차 - 기타,신호위반,건조,맑음,교차로 - 교차로안,화물,남,74세,상해없음,승용,남,55세,경상
2020082000100211,2020년 8월 20일 11시,목요일,대구광역시 서구 평리동,경상사고,0,0,3,0,차대사람 - 차도통행중,안전운전불이행,건조,맑음,교차로 - 교차로안,승용,남,69세,경상,보행자,남,62세,경상
2020082000100255,2020년 8월 20일 12시,목요일,대구광역시 북구 고성동2가,경상사고,0,0,1,0,차대차 - 측면충돌,안전운전불이행,건조,맑음,단일로 - 기타,개인형이동수단(PM),남,51세,경상,승용,여,46세,상해없음
2020082000100304,2020년 8월 20일 13시,목요일,대구광역시 남구 대명동,부상신고사고,0,0,0,1,차대사람 - 보도통행중,기타,건조,맑음,단일로 - 지하차도(도로)내,승용,남,44세,상해없음,보행자,여,21세,부상신고
2020082000100305,2020년 8월 20일 13시,목요일,대구광역시 달서구 월암동,경상사고,0,0,1,0,차대차 - 측면충돌,직진우회전진행방해,건조,맑음,교차로 - 교차로안,승용,남,44세,상해없음,승용,남,43세,경상
2020082000100306,2020년 8월 20일 13시,목요일,대구광역시 서구 평리동,경상사고,0,0,1,0,차대차 - 추돌,안전거리미확보,건조,맑음,교차로 - 교차로안,건설기계,남,57세,상해없음,승용,남,73세,경상
2020082000100344,2020년 8월 20일 14시,목요일,대구광역시 중구 태평로2가,경상사고,0,0,1,0,차대차 - 측면충돌,안전거리미확보,건조,맑음,단일로 - 기타,건설기계,남,42세,상해없음,승용,여,37세,경상
2020082000100378,2020년 8월 20일 15시,목요일,대구광역시 남구 대명동,경상사고,0,0,1,0,차대차 - 측면충돌,교차로운행방법위반,건조,맑음,교차로 - 교차로안,승용,여,73세,상해없음,화물,남,38세,경상
2020082000100416,2020년 8월 20일 16시,목요일,대구광역시 달서구 본동,경상사고,0,0,3,0,차대차 - 측면충돌,차로위반,건조,맑음,교차로 - 교차로부근,승용,여,50세,경상,화물,남,47세,경상
2020082000100454,2020년 8월 20일 17시,목요일,대구광역시 동구 불로동,경상사고,0,0,1,0,차대차 - 측면충돌,안전운전불이행,건조,맑음,교차로 - 교차로안,승용,남,66세,상해없음,승용,남,44세,경상
2020082000100455,2020년 8월 20일 17시,목요일,대구광역시 동구 신암동,경상사고,0,0,3,0,차대차 - 측면충돌,차로위반,건조,맑음,교차로 - 교차로안,승용,여,56세,경상,승용,남,20세,경상
2020082000100456,2020년 8월 20일 17시,목요일,대구광역시 달서구 진천동,부상신고사고,0,0,0,1,차대사람 - 길가장자리구역통행중,안전운전불이행,건조,맑음,단일로 - 기타,승용,여,27세,상해없음,보행자,여,33세,부상신고
2020082000100457,2020년 8월 20일 17시,목요일,대구광역시 중구 삼덕동3가,경상사고,0,0,2,1,차대차 - 측면충돌,교차로운행방법위반,건조,맑음,교차로 - 교차로안,승용,남,58세,경상,승용,남,40세,부상신고
2020082000100458,2020년 8월 20일 17시,목요일,대구광역시 달서구 장동,경상사고,0,0,1,0,차대차 - 측면충돌,안전운전불이행,건조,맑음,단일로 - 기타,승용,남,66세,상해없음,승용,여,50세,경상
2020082000100503,2020년 8월 20일 18시,목요일,대구광역시 동구 신암동,중상사고,0,1,0,0,차대차 - 기타,안전거리미확보,건조,맑음,단일로 - 기타,승용,남,20세,상해없음,승합,남,64세,상해없음
2020082000100504,2020년 8월 20일 18시,목요일,대구광역시 달서구 월성동,경상사고,0,0,1,0,차대사람 - 횡단중,안전운전불이행,건조,맑음,교차로 - 교차로횡단보도내,화물,남,48세,상해없음,보행자,남,14세,경상
2020082000100505,2020년 8월 20일 18시,목요일,대구광역시 달서구 진천동,중상사고,0,1,1,0,차대차 - 측면충돌,안전거리미확보,건조,맑음,단일로 - 기타,승용,남,26세,중상,이륜,남,29세,경상
2020082000100506,2020년 8월 20일 18시,목요일,대구광역시 달서구 송현동,경상사고,0,0,1,0,차대차 - 측면충돌,안전운전불이행,건조,맑음,기타 - 기타,승용,여,27세,상해없음,승용,남,62세,경상
2020082000100507,2020년 8월 20일 18시,목요일,대구광역시 달성군 화원읍,경상사고,0,0,1,0,차대차 - 측면충돌,안전운전불이행,건조,맑음,단일로 - 기타,화물,남,56세,상해없음,승용,남,26세,경상
2020082000100508,2020년 8월 20일 18시,목요일,대구광역시 달서구 이곡동,중상사고,0,1,0,0,차대차 - 기타,신호위반,건조,맑음,단일로 - 기타,승용,남,49세,상해없음,자전거,남,53세,중상
2020082000100509,2020년 8월 20일 18시,목요일,대구광역시 북구 읍내동,경상사고,0,0,3,0,차대차 - 측면충돌,안전운전불이행,건조,맑음,교차로 - 교차로부근,승용,남,38세,경상,승용,남,44세,경상
2020082000100510,2020년 8월 20일 18시,목요일,대구광역시 북구 읍내동,경상사고,0,0,1,0,차대차 - 기타,안전운전불이행,건조,맑음,교차로 - 교차로부근,승용,여,38세,상해없음,승용,여,46세,경상
2020082000100543,2020년 8월 20일 19시,목요일,대구광역시 중구 대봉동,경상사고,0,0,1,0,차대사람 - 보도통행중,보행자보호의무위반,건조,맑음,단일로 - 기타,승용,여,37세,상해없음,보행자,여,72세,경상
2020082000100544,2020년 8월 20일 19시,목요일,대구광역시 달서구 성당동,중상사고,0,1,1,0,차대차 - 기타,안전거리미확보,건조,맑음,단일로 - 기타,승용,여,41세,경상,승용,남,67세,중상
2020082000100573,2020년 8월 20일 20시,목요일,대구광역시 달성군 다사읍,경상사고,0,0,1,0,차대차 - 추돌,안전운전불이행,건조,맑음,기타 - 기타,승용,여,23세,기타불명,승용,여,27세,경상
2020082000100574,2020년 8월 20일 20시,목요일,대구광역시 달서구 신당동,경상사고,0,0,1,0,차대차 - 후진중충돌,안전운전불이행,건조,맑음,단일로 - 기타,승용,남,53세,상해없음,이륜,남,25세,경상
2020082000100599,2020년 8월 20일 21시,목요일,대구광역시 북구 칠성동2가,부상신고사고,0,0,0,1,차대차 - 측면충돌,안전운전불이행,건조,맑음,교차로 - 교차로부근,이륜,남,37세,부상신고,승용,여,54세,상해없음
2020082000100611,2020년 8월 20일 22시,목요일,대구광역시 달성군 논공읍,중상사고,0,2,0,0,차대차 - 측면충돌,안전운전불이행,건조,맑음,단일로 - 기타,승용,남,40세,상해없음,승용,남,25세,중상
2020082000100614,2020년 8월 20일 22시,목요일,대구광역시 서구 비산동,경상사고,0,0,1,0,차량단독 - 전도전복 - 전도,안전운전불이행,건조,맑음,교차로 - 교차로안,이륜,남,53세,경상,,,,
2020082100100028,2020년 8월 21일 02시,금요일,대구광역시 북구 산격동,중상사고,0,1,0,0,차대차 - 측면충돌,안전운전불이행,건조,맑음,단일로 - 기타,이륜,남,24세,중상,승합,남,64세,기타불명
2020082100100033,2020년 8월 21일 03시,금요일,대구광역시 중구 삼덕동1가,부상신고사고,0,0,0,1,차대사람 - 기타,안전운전불이행,건조,맑음,단일로 - 기타,기타불명,기타불명,미분류,기타불명,보행자,여,24세,부상신고
2020082100100039,2020년 8월 21일 04시,금요일,대구광역시 남구 대명동,중상사고,0,1,0,0,차대차 - 추돌,안전운전불이행,건조,맑음,단일로 - 기타,승용,남,36세,상해없음,승용,남,24세,중상
2020082100100040,2020년 8월 21일 04시,금요일,대구광역시 달서구 신당동,부상신고사고,0,0,0,1,차대차 - 기타,신호위반,건조,맑음,교차로 - 교차로안,원동기,남,21세,부상신고,승용,남,61세,상해없음
2020082100100144,2020년 8월 21일 09시,금요일,대구광역시 동구 효목동,경상사고,0,0,1,0,차대차 - 기타,교차로운행방법위반,건조,맑음,교차로 - 교차로안,건설기계,남,60세,상해없음,승용,여,46세,경상
2020082100100171,2020년 8월 21일 10시,금요일,대구광역시 달성군 유가읍,경상사고,0,0,1,0,차대차 - 기타,안전운전불이행,건조,맑음,단일로 - 기타,이륜,남,31세,경상,화물,남,45세,상해없음
2020082100100206,2020년 8월 21일 11시,금요일,대구광역시 달서구 대곡동,중상사고,0,1,2,0,차대차 - 추돌,안전운전불이행,건조,맑음,단일로 - 기타,승용,남,67세,상해없음,승용,남,62세,중상
2020082100100236,2020년 8월 21일 12시,금요일,대구광역시 수성구 신매동,경상사고,0,0,3,0,차대차 - 기타,안전운전불이행,건조,맑음,기타 - 기타,승용,여,64세,경상,승용,여,53세,경상
2020082100100237,2020년 8월 21일 12시,금요일,대구광역시 북구 동천동,경상사고,0,0,2,0,차대차 - 기타,신호위반,건조,맑음,교차로 - 교차로안,이륜,남,60세,경상,이륜,남,18세,경상
2020082100100265,2020년 8월 21일 13시,금요일,대구광역시 동구 신암동,경상사고,0,0,1,0,차량단독 - 기타,안전운전불이행,건조,맑음,단일로 - 기타,승합,남,52세,상해없음,,,,
2020082100100266,2020년 8월 21일 13시,금요일,대구광역시 달성군 유가읍,경상사고,0,0,1,0,차대차 - 기타,안전운전불이행,건조,맑음,교차로 - 교차로안,이륜,남,34세,상해없음,자전거,남,9세,경상
2020082100100267,2020년 8월 21일 13시,금요일,대구광역시 서구 평리동,경상사고,0,0,1,0,차대차 - 후진중충돌,안전운전불이행,건조,맑음,단일로 - 기타,승용,여,65세,상해없음,승용,남,24세,경상
2020082100100268,2020년 8월 21일 13시,금요일,대구광역시 남구 대명동,경상사고,0,0,1,0,차대차 - 기타,안전운전불이행,건조,맑음,단일로 - 기타,화물,여,51세,상해없음,승합,남,49세,상해없음
2020082100100304,2020년 8월 21일 14시,금요일,대구광역시 수성구 수성동2가,경상사고,0,0,2,0,차대차 - 측면충돌,안전운전불이행,건조,맑음,단일로 - 기타,승용,여,60세,경상,승용,여,46세,경상
2020082100100334,2020년 8월 21일 15시,금요일,대구광역시 남구 봉덕동,경상사고,0,0,1,0,차대차 - 측면충돌,안전운전불이행,건조,맑음,단일로 - 고가도로위,화물,남,57세,상해없음,승용,남,74세,경상
2020082100100335,2020년 8월 21일 15시,금요일,대구광역시 동구 신기동,경상사고,0,0,1,0,차대차 - 측면충돌,안전운전불이행,건조,맑음,단일로 - 기타,이륜,남,55세,상해없음,승용,남,35세,경상
2020082100100336,2020년 8월 21일 15시,금요일,대구광역시 달서구 본동,경상사고,0,0,1,0,차대차 - 측면충돌,신호위반,건조,맑음,교차로 - 교차로안,이륜,남,63세,경상,승용,여,44세,상해없음
2020082100100337,2020년 8월 21일 15시,금요일,대구광역시 중구 봉산동,부상신고사고,0,0,0,1,차대차 - 측면충돌,안전거리미확보,건조,맑음,단일로 - 기타,승용,남,27세,부상신고,승용,남,42세,상해없음
2020082100100375,2020년 8월 21일 16시,금요일,대구광역시 수성구 만촌동,중상사고,0,1,0,0,차량단독 - 기타,안전운전불이행,건조,맑음,기타 - 기타,승합,남,58세,상해없음,,,,
2020082100100376,2020년 8월 21일 16시,금요일,대구광역시 북구 읍내동,중상사고,0,1,0,0,차대사람 - 기타,안전운전불이행,건조,맑음,단일로 - 기타,승용,여,64세,상해없음,보행자,여,28세,중상
2020082100100407,2020년 8월 21일 17시,금요일,대구광역시 북구 금호동,경상사고,0,0,4,0,차대차 - 추돌,안전운전불이행,건조,맑음,단일로 - 기타,승용,남,51세,상해없음,승용,남,26세,경상
2020082100100410,2020년 8월 21일 17시,금요일,대구광역시 달성군 유가읍,중상사고,0,2,0,0,차대차 - 측면충돌,신호위반,건조,맑음,교차로 - 교차로안,이륜,남,46세,중상,이륜,남,25세,중상
2020082100100411,2020년 8월 21일 17시,금요일,대구광역시 달성군 다사읍,사망사고,1,0,0,1,차대차 - 측면충돌,신호위반,건조,맑음,교차로 - 교차로안,화물,남,62세,상해없음,이륜,남,41세,사망
2020082100100412,2020년 8월 21일 17시,금요일,대구광역시 중구 달성동,부상신고사고,0,0,0,1,차대차 - 기타,안전운전불이행,건조,맑음,단일로 - 기타,이륜,남,34세,부상신고,승용,여,49세,상해없음
2020082100100446,2020년 8월 21일 18시,금요일,대구광역시 달서구 진천동,경상사고,0,0,2,0,차대차 - 측면충돌,안전운전불이행,건조,맑음,단일로 - 기타,승용,남,53세,상해없음,원동기,남,22세,경상
2020082100100447,2020년 8월 21일 18시,금요일,대구광역시 달서구 용산동,경상사고,0,0,2,0,차대차 - 추돌,안전운전불이행,건조,맑음,교차로 - 교차로부근,승용,남,69세,상해없음,승용,남,59세,경상
2020082100100448,2020년 8월 21일 18시,금요일,대구광역시 달서구 본리동,경상사고,0,0,1,0,차대차 - 측면충돌,안전거리미확보,건조,맑음,단일로 - 기타,승용,여,37세,기타불명,승용,여,52세,경상
2020082100100498,2020년 8월 21일 19시,금요일,대구광역시 수성구 사월동,중상사고,0,1,0,0,차대사람 - 횡단중,안전운전불이행,건조,맑음,단일로 - 기타,이륜,남,27세,상해없음,보행자,남,57세,중상
2020082100100499,2020년 8월 21일 19시,금요일,대구광역시 수성구 신매동,경상사고,0,0,1,0,차대차 - 추돌,안전운전불이행,건조,맑음,교차로 - 교차로부근,승용,남,22세,상해없음,승용,여,55세,경상
2020082100100500,2020년 8월 21일 19시,금요일,대구광역시 서구 평리동,사망사고,1,0,0,0,차대사람 - 차도통행중,안전운전불이행,건조,맑음,교차로 - 교차로안,승용,여,61세,상해없음,보행자,남,78세,사망
2020082100100538,2020년 8월 21일 20시,금요일,대구광역시 수성구 만촌동,경상사고,0,0,1,0,차대차 - 측면충돌,안전운전불이행,건조,맑음,단일로 - 기타,승용,남,24세,상해없음,승용,남,55세,경상
2020082100100575,2020년 8월 21일 21시,금요일,대구광역시 달성군 유가읍,중상사고,0,1,0,0,차대차 - 측면충돌,안전운전불이행,건조,맑음,단일로 - 기타,승용,남,43세,상해없음,이륜,남,27세,중상