사고번호,사고일시,요일,시군구,사고내용,사망자수,중상자수,경상자수,부상신고자수,사고유형,법규위반,노면상태,기상상태,도로형태,가해운전자 차종,가해운전자 성별,가해운전자 연령,가해운전자 상해정도,피해운전자 차종,피해운전자 성별,피해운전자 연령,피해운전자 상해정도
2020082100100600,2020년 8월 21일 22시,금요일,대구광역시 남구 봉덕동,경상사고,0,0,1,0,차대사람 - 기타,기타,건조,맑음,단일로 - 기타,승합,남,45세,상해없음,보행자,남,47세,경상
2020082100100601,2020년 8월 21일 22시,금요일,대구광역시 동구 불로동,경상사고,0,0,5,0,차대차 - 추돌,안전거리미확보,건조,맑음,교차로 - 교차로부근,화물,남,63세,상해없음,승용,남,43세,경상
2020082200100012,2020년 8월 22일 00시,토요일,대구광역시 수성구 두산동,중상사고,0,1,0,0,차대사람 - 차도통행중,안전운전불이행,건조,맑음,단일로 - 기타,승용,남,43세,상해없음,보행자,여,43세,중상
2020082200100013,2020년 8월 22일 00시,토요일,대구광역시 수성구 만촌동,경상사고,0,0,1,0,차대차 - 측면충돌,기타,건조,맑음,단일로 - 기타,기타불명,기타불명,미분류,기타불명,승용,남,40세,경상
2020082200100034,2020년 8월 22일 01시,토요일,대구광역시 중구 동인동2가,중상사고,0,1,3,0,차대차 - 추돌,안전운전불이행,건조,맑음,교차로 - 교차로부근,승용,남,26세,상해없음,승용,남,67세,경상
2020082200100043,2020년 8월 22일 02시,토요일,대구광역시 수성구 황금동,경상사고,0,0,1,0,차대사람 - 횡단중,안전운전불이행,건조,맑음,단일로 - 기타,이륜,남,25세,상해없음,보행자,남,31세,경상
2020082200100059,2020년 8월 22일 04시,토요일,대구광역시 동구 신무동,부상신고사고,0,0,0,1,차량단독 - 공작물충돌,안전운전불이행,건조,맑음,단일로 - 기타,승용,남,58세,부상신고,,,,
2020082200100069,2020년 8월 22일 05시,토요일,대구광역시 북구 노원동3가,중상사고,0,1,0,0,차대차 - 측면충돌,안전거리미확보,건조,맑음,단일로 - 기타,승용,남,62세,상해없음,원동기,여,52세,중상
2020082200100082,2020년 8월 22일 06시,토요일,대구광역시 동구 신암동,중상사고,0,1,0,0,차대사람 - 기타,안전운전불이행,기타,맑음,교차로 - 교차로부근,기타불명,기타불명,미분류,기타불명,보행자,여,77세,중상
2020082200100119,2020년 8월 22일 08시,토요일,대구광역시 동구 방촌동,경상사고,0,0,1,0,차대차 - 측면충돌,교차로운행방법위반,건조,맑음,교차로 - 교차로안,화물,남,64세,상해없음,자전거,남,63세,경상
2020082200100120,2020년 8월 22일 08시,토요일,대구광역시 서구 비산동,경상사고,0,0,1,0,차대차 - 정면충돌,안전운전불이행,건조,맑음,교차로 - 교차로부근,화물,남,52세,상해없음,화물,남,50세,경상
2020082200100147,2020년 8월 22일 09시,토요일,대구광역시 달서구 송현동,부상신고사고,0,0,0,1,차대차 - 측면충돌,안전거리미확보,건조,맑음,단일로 - 기타,승용,남,68세,상해없음,승합,남,58세,상해없음
2020082200100178,2020년 8월 22일 10시,토요일,대구광역시 동구 효목동,경상사고,0,0,1,0,차대차 - 기타,안전운전불이행,건조,맑음,단일로 - 기타,승용,여,64세,상해없음,승용,남,60세,경상
2020082200100179,2020년 8월 22일 10시,토요일,대구광역시 북구 읍내동,경상사고,0,0,1,0,차대차 - 기타,직진우회전진행방해,건조,맑음,교차로 - 교차로안,화물,남,55세,상해없음,승용,여,50세,경상
2020082200100243,2020년 8월 22일 12시,토요일,대구광역시 수성구 수성동4가,경상사고,0,0,1,0,차대차 - 측면충돌,차로위반,건조,맑음,교차로 - 교차로부근,승용,여,44세,상해없음,이륜,남,50세,경상
2020082200100278,2020년 8월 22일 13시,토요일,대구광역시 동구 방촌동,부상신고사고,0,0,0,1,차대차 - 측면충돌,안전운전불이행,건조,맑음,단일로 - 기타,자전거,남,85세,부상신고,승용,여,26세,상해없음
2020082200100279,2020년 8월 22일 13시,토요일,대구광역시 수성구 상동,경상사고,0,0,2,0,차대차 - 기타,안전운전불이행,건조,맑음,단일로 - 기타,승용,남,64세,상해없음,승용,여,44세,경상
2020082200100280,2020년 8월 22일 13시,토요일,대구광역시 북구 대현동,경상사고,0,0,1,0,차대사람 - 기타,안전운전불이행,건조,맑음,단일로 - 기타,승용,여,37세,기타불명,보행자,남,62세,경상
2020082200100311,2020년 8월 22일 14시,토요일,대구광역시 남구 이천동,경상사고,0,0,1,0,차대차 - 추돌,안전운전불이행,건조,맑음,단일로 - 교량,승용,남,33세,상해없음,화물,남,45세,경상
2020082200100312,2020년 8월 22일 14시,토요일,대구광역시 동구 방촌동,경상사고,0,0,2,1,차대차 - 측면충돌,안전거리미확보,건조,맑음,교차로 - 교차로안,이륜,남,45세,부상신고,승용,여,39세,경상
2020082200100313,2020년 8월 22일 14시,토요일,대구광역시 남구 대명동,경상사고,0,0,2,0,차대차 - 측면충돌,안전거리미확보,건조,맑음,단일로 - 기타,이륜,남,18세,경상,승용,남,56세,경상
2020082200100362,2020년 8월 22일 15시,토요일,대구광역시 동구 방촌동,경상사고,0,0,3,0,차대차 - 추돌,안전운전불이행,건조,맑음,단일로 - 기타,승용,여,47세,상해없음,승용,남,28세,경상
2020082200100363,2020년 8월 22일 15시,토요일,대구광역시 수성구 범어동,경상사고,0,0,3,0,차대차 - 측면충돌,교차로운행방법위반,건조,맑음,교차로 - 교차로안,승용,여,26세,상해없음,승용,남,46세,경상
2020082200100364,2020년 8월 22일 15시,토요일,대구광역시 달성군 다사읍,경상사고,0,0,2,0,차대차 - 측면충돌,중앙선침범,건조,맑음,단일로 - 기타,승용,남,29세,기타불명,화물,남,51세,경상
2020082200100365,2020년 8월 22일 15시,토요일,대구광역시 달성군 옥포읍,경상사고,0,0,1,0,차대차 - 측면충돌,신호위반,건조,맑음,교차로 - 교차로안,승용,여,59세,상해없음,승용,여,26세,경상
2020082200100366,2020년 8월 22일 15시,토요일,대구광역시 북구 복현동,경상사고,0,0,1,0,차대사람 - 길가장자리구역통행중,안전운전불이행,건조,맑음,단일로 - 기타,승용,여,64세,상해없음,보행자,남,25세,경상
2020082200100367,2020년 8월 22일 15시,토요일,대구광역시 달서구 감삼동,경상사고,0,0,3,0,차대차 - 측면충돌,안전운전불이행,건조,맑음,단일로 - 기타,이륜,여,38세,경상,승용,남,73세,경상
2020082200100399,2020년 8월 22일 16시,토요일,대구광역시 북구 복현동,중상사고,0,1,0,0,차대차 - 기타,신호위반,건조,맑음,교차로 - 교차로부근,승용,남,56세,상해없음,이륜,남,35세,중상
2020082200100446,2020년 8월 22일 17시,토요일,대구광역시 중구 대신동,경상사고,0,0,1,0,차대차 - 기타,기타,건조,맑음,교차로 - 교차로안,승용,남,51세,상해없음,이륜,남,49세,경상
2020082200100447,2020년 8월 22일 17시,토요일,대구광역시 달서구 장기동,경상사고,0,0,1,0,차대차 - 기타,안전운전불이행,건조,맑음,교차로 - 교차로부근,승용,남,67세,상해없음,개인형이동수단(PM),남,45세,경상
2020082200100483,2020년 8월 22일 18시,토요일,대구광역시 수성구 범어동,경상사고,0,0,1,0,차대차 - 측면충돌,안전운전불이행,건조,맑음,단일로 - 기타,승용,여,24세,상해없음,승용,여,31세,경상
2020082200100484,2020년 8월 22일 18시,토요일,대구광역시 달서구 상인동,경상사고,0,0,1,0,차대차 - 측면충돌,직진우회전진행방해,건조,맑음,교차로 - 교차로안,승용,여,39세,상해없음,이륜,남,18세,경상
2020082200100485,2020년 8월 22일 18시,토요일,대구광역시 달성군 현풍읍,중상사고,0,1,0,0,차대차 - 측면충돌,안전운전불이행,건조,맑음,교차로 - 교차로안,이륜,남,43세,중상,승용,남,63세,상해없음
2020082200100523,2020년 8월 22일 19시,토요일,대구광역시 남구 대명동,경상사고,0,0,2,0,차대차 - 추돌,안전거리미확보,건조,맑음,교차로 - 교차로부근,승용,여,25세,기타불명,승용,여,30세,경상
2020082200100556,2020년 8월 22일 20시,토요일,대구광역시 수성구 노변동,중상사고,0,1,0,0,차대차 - 측면충돌,차로위반,건조,맑음,단일로 - 기타,승용,남,47세,상해없음,승용,남,52세,중상
2020082200100557,2020년 8월 22일 20시,토요일,대구광역시 수성구 범어동,경상사고,0,0,2,0,차대차 - 측면충돌,신호위반,건조,맑음,교차로 - 교차로안,승용,남,40세,상해없음,승용,남,21세,경상
2020082200100558,2020년 8월 22일 20시,토요일,대구광역시 달서구 두류동,경상사고,0,0,2,0,차대차 - 측면충돌,교차로운행방법위반,건조,흐림,교차로 - 교차로안,특수,남,30세,상해없음,승용,남,49세,경상
2020082200100595,2020년 8월 22일 21시,토요일,대구광역시 수성구 노변동,부상신고사고,0,0,0,1,차대사람 - 기타,기타,건조,맑음,기타 - 기타,기타불명,기타불명,미분류,기타불명,보행자,여,16세,부상신고
2020082200100596,2020년 8월 22일 21시,토요일,대구광역시 달성군 하빈면,중상사고,0,2,0,0,차대차 - 기타,중앙선침범,건조,맑음,기타 - 기타,승용,여,59세,중상,화물,남,46세,중상
2020082200100613,2020년 8월 22일 22시,토요일,대구광역시 동구 신천동,중상사고,0,1,0,0,차대차 - 후진중충돌,안전운전불이행,건조,맑음,단일로 - 기타,승용,남,29세,상해없음,이륜,남,27세,중상
2020082200100614,2020년 8월 22일 22시,토요일,대구광역시 달서구 본동,중상사고,0,1,0,0,차대사람 - 기타,안전운전불이행,건조,맑음,교차로 - 교차로안,승용,남,36세,상해없음,보행자,남,59세,중상
2020082300100012,2020년 8월 23일 00시,일요일,대구광역시 남구 대명동,중상사고,0,1,0,0,차대차 - 측면충돌,교차로운행방법위반,건조,맑음,교차로 - 교차로안,승용,남,63세,상해없음,이륜,남,28세,중상
2020082300100013,2020년 8월 23일 00시,일요일,대구광역시 달서구 상인동,중상사고,0,1,0,0,차대사람 - 횡단중,신호위반,젖음/습기,비,교차로 - 교차로안,기타불명,기타불명,미분류,기타불명,보행자,여,23세,중상
2020082300100024,2020년 8월 23일 01시,일요일,대구광역시 북구 칠성동1가,경상사고,0,0,1,1,차대차 - 기타,안전운전불이행,건조,맑음,교차로 - 교차로부근,승용,남,25세,부상신고,승용,남,68세,경상
2020082300100049,2020년 8월 23일 03시,일요일,대구광역시 북구 대현동,중상사고,0,1,0,0,차대사람 - 보도통행중,안전운전불이행,건조,맑음,기타 - 기타,승용,남,29세,상해없음,보행자,여,89세,중상
2020082300100050,2020년 8월 23일 03시,일요일,대구광역시 중구 삼덕동1가,부상신고사고,0,0,0,1,차대사람 - 기타,안전운전불이행,건조,맑음,단일로 - 기타,승용,남,24세,상해없음,보행자,남,23세,부상신고
2020082300100051,2020년 8월 23일 03시,일요일,대구광역시 중구 동산동,경상사고,0,0,4,0,차대차 - 정면충돌,중앙선침범,건조,맑음,단일로 - 기타,이륜,남,19세,상해없음,승용,남,76세,경상
2020082300100108,2020년 8월 23일 09시,일요일,대구광역시 동구 봉무동,경상사고,0,0,2,0,차대차 - 추돌,안전운전불이행,건조,맑음,교차로 - 교차로부근,승용,남,48세,상해없음,승용,여,39세,경상
2020082300100121,2020년 8월 23일 10시,일요일,대구광역시 수성구 만촌동,경상사고,0,0,1,0,차대차 - 측면충돌,안전운전불이행,건조,맑음,교차로 - 교차로안,승용,남,61세,상해없음,승용,여,34세,경상
2020082300100142,2020년 8월 23일 11시,일요일,대구광역시 수성구 중동,경상사고,0,0,1,0,차대차 - 측면충돌,안전운전불이행,건조,맑음,단일로 - 기타,승용,남,63세,상해없음,승용,남,43세,경상
2020082300100161,2020년 8월 23일 12시,일요일,대구광역시 달성군 가창면,경상사고,0,0,1,0,차대차 - 정면충돌,중앙선침범,건조,맑음,단일로 - 기타,승용,남,61세,상해없음,자전거,남,50세,경상
2020082300100184,2020년 8월 23일 13시,일요일,대구광역시 달서구 송현동,부상신고사고,0,0,0,1,차대사람 - 기타,기타,건조,맑음,교차로 - 교차로안,기타불명,기타불명,미분류,기타불명,보행자,남,34세,부상신고
2020082300100185,2020년 8월 23일 13시,일요일,대구광역시 달성군 다사읍,경상사고,0,0,3,0,차대차 - 기타,안전운전불이행,건조,맑음,단일로 - 기타,이륜,남,38세,상해없음,승용,남,36세,경상
2020082300100186,2020년 8월 23일 13시,일요일,대구광역시 서구 비산동,경상사고,0,0,1,0,차대차 - 측면충돌,안전운전불이행,건조,맑음,교차로 - 교차로안,특수,남,55세,상해없음,이륜,남,30세,경상
2020082300100223,2020년 8월 23일 14시,일요일,대구광역시 동구 신천동,경상사고,0,0,1,0,차대차 - 기타,기타,건조,맑음,기타 - 기타,승용,남,30세,상해없음,승용,남,68세,상해없음
2020082300100250,2020년 8월 23일 15시,일요일,대구광역시 달서구 상인동,중상사고,0,1,5,0,차대차 - 측면충돌,교차로운행방법위반,건조,맑음,교차로 - 교차로안,승용,남,72세,경상,승용,여,60세,중상
2020082300100283,2020년 8월 23일 16시,일요일,대구광역시 동구 봉무동,경상사고,0,0,1,0,차대사람 - 기타,기타,건조,맑음,기타 - 기타,자전거,남,28세,상해없음,보행자,여,3세,경상
2020082300100284,2020년 8월 23일 16시,일요일,대구광역시 서구 내당동,경상사고,0,0,1,1,차대차 - 정면충돌,안전운전불이행,건조,맑음,단일로 - 기타,승용,남,64세,상해없음,승용,남,50세,상해없음
2020082300100317,2020년 8월 23일 17시,일요일,대구광역시 수성구 수성동4가,중상사고,0,1,0,0,차대차 - 측면충돌,신호위반,건조,맑음,교차로 - 교차로안,승용,남,53세,상해없음,이륜,남,31세,중상
2020082300100318,2020년 8월 23일 17시,일요일,대구광역시 달서구 이곡동,경상사고,0,0,2,0,차대차 - 측면충돌,안전운전불이행,건조,맑음,단일로 - 기타,화물,남,47세,상해없음,승용,남,30세,경상
2020082300100319,2020년 8월 23일 17시,일요일,대구광역시 북구 동천동,경상사고,0,0,2,0,차대차 - 측면충돌,안전운전불이행,건조,맑음,교차로 - 교차로안,이륜,남,17세,상해없음,승용,여,28세,경상
2020082300100343,2020년 8월 23일 18시,일요일,대구광역시 수성구 사월동,경상사고,0,0,1,0,차대차 - 측면충돌,기타,건조,맑음,단일로 - 기타,승용,남,65세,상해없음,이륜,남,20세,경상
2020082300100371,2020년 8월 23일 19시,일요일,대구광역시 남구 대명동,경상사고,0,0,1,0,차대사람 - 기타,안전운전불이행,건조,맑음,단일로 - 기타,승용,남,24세,상해없음,보행자,여,57세,경상
2020082300100372,2020년 8월 23일 19시,일요일,대구광역시 수성구 수성동1가,경상사고,0,0,1,0,차대사람 - 보도통행중,보행자보호의무위반,건조,맑음,교차로 - 교차로부근,이륜,남,41세,상해없음,보행자,남,54세,경상
2020082300100374,2020년 8월 23일 19시,일요일,대구광역시 서구 평리동,경상사고,0,0,4,0,차대차 - 측면충돌,안전거리미확보,건조,맑음,단일로 - 기타,승용,남,68세,상해없음,승용,남,22세,경상
2020082300100407,2020년 8월 23일 20시,일요일,대구광역시 수성구 상동,중상사고,0,1,0,0,차대차 - 측면충돌,안전운전불이행,건조,맑음,단일로 - 기타,이륜,남,26세,기타불명,자전거,남,73세,중상
2020082300100408,2020년 8월 23일 20시,일요일,대구광역시 달서구 감삼동,경상사고,0,0,1,0,차대차 - 측면충돌,신호위반,건조,맑음,단일로 - 기타,승용,남,26세,상해없음,이륜,여,31세,경상
2020082300100442,2020년 8월 23일 22시,일요일,대구광역시 달서구 송현동,경상사고,0,0,1,0,차대사람 - 횡단중,안전운전불이행,건조,맑음,단일로 - 기타,승용,여,57세,상해없음,보행자,여,17세,경상
2020082300100458,2020년 8월 23일 23시,일요일,대구광역시 서구 평리동,중상사고,0,1,3,1,차대차 - 측면충돌,안전운전불이행,건조,맑음,단일로 - 기타,승용,남,62세,부상신고,승용,남,66세,경상
2020082400100010,2020년 8월 24일 00시,월요일,대구광역시 북구 노원동3가,경상사고,0,0,1,0,차대차 - 기타,과속,건조,맑음,교차로 - 교차로부근,승용,남,26세,상해없음,승용,남,54세,경상
2020082400100033,2020년 8월 24일 04시,월요일,대구광역시 중구 봉산동,경상사고,0,0,2,0,차대차 - 추돌,안전운전불이행,건조,맑음,교차로 - 교차로부근,승용,남,64세,상해없음,승용,남,55세,상해없음
2020082400100054,2020년 8월 24일 06시,월요일,대구광역시 북구 복현동,경상사고,0,0,1,1,차대차 - 기타,교차로운행방법위반,건조,맑음,교차로 - 교차로부근,승용,여,52세,부상신고,승합,남,47세,경상
2020082400100117,2020년 8월 24일 08시,월요일,대구광역시 동구 괴전동,중상사고,0,1,0,0,차대사람 - 기타,기타,건조,맑음,단일로 - 기타,개인형이동수단(PM),여,41세,상해없음,보행자,여,4세,중상
2020082400100118,2020년 8월 24일 08시,월요일,대구광역시 서구 내당동,중상사고,0,1,0,0,차대차 - 측면충돌,안전운전불이행,건조,맑음,교차로 - 교차로안,승용,남,49세,상해없음,이륜,남,31세,중상
2020082400100159,2020년 8월 24일 09시,월요일,대구광역시 서구 평리동,중상사고,0,1,0,0,차대사람 - 보도통행중,안전운전불이행,젖음/습기,맑음,단일로 - 기타,원동기,남,68세,상해없음,보행자,여,66세,중상
2020082400100194,2020년 8월 24일 10시,월요일,대구광역시 북구 복현동,경상사고,0,0,1,0,차대사람 - 횡단중,안전운전불이행,건조,맑음,기타 - 기타,승용,여,43세,상해없음,보행자,남,71세,경상
2020082400100225,2020년 8월 24일 11시,월요일,대구광역시 달서구 진천동,경상사고,0,0,1,0,차대차 - 측면충돌,안전운전불이행,건조,맑음,교차로 - 교차로부근,이륜,남,46세,상해없음,자전거,여,78세,경상
2020082400100226,2020년 8월 24일 11시,월요일,대구광역시 서구 평리동,경상사고,0,0,1,0,차대차 - 기타,안전운전불이행,건조,맑음,단일로 - 기타,승용,남,61세,상해없음,승용,남,63세,상해없음
2020082400100227,2020년 8월 24일 11시,월요일,대구광역시 달서구 신당동,경상사고,0,0,1,0,차대차 - 기타,안전운전불이행,건조,맑음,교차로 - 교차로부근,승용,여,48세,상해없음,화물,남,31세,경상
2020082400100255,2020년 8월 24일 12시,월요일,대구광역시 수성구 연호동,경상사고,0,0,1,0,차대차 - 기타,안전운전불이행,건조,맑음,기타 - 기타,승용,남,20세,상해없음,승합,남,55세,상해없음
2020082400100256,2020년 8월 24일 12시,월요일,대구광역시 중구 동인동2가,경상사고,0,0,2,0,차대차 - 측면충돌,신호위반,건조,맑음,교차로 - 교차로안,승용,여,72세,경상,화물,남,39세,상해없음
2020082400100284,2020년 8월 24일 13시,월요일,대구광역시 달성군 가창면,경상사고,0,0,1,0,차대차 - 기타,안전운전불이행,건조,맑음,기타 - 기타,승용,여,59세,상해없음,승용,여,61세,경상
2020082400100323,2020년 8월 24일 14시,월요일,대구광역시 동구 효목동,경상사고,0,0,1,0,차대차 - 측면충돌,안전운전불이행,건조,맑음,단일로 - 기타,승합,남,55세,상해없음,개인형이동수단(PM),여,31세,경상
2020082400100324,2020년 8월 24일 14시,월요일,대구광역시 수성구 파동,경상사고,0,0,1,1,차대차 - 측면충돌,안전운전불이행,건조,맑음,교차로 - 교차로안,승용,여,58세,부상신고,승용,여,56세,경상
2020082400100325,2020년 8월 24일 14시,월요일,대구광역시 중구 남산동,경상사고,0,0,1,0,차대사람 - 보도통행중,기타,건조,맑음,기타 - 기타,기타불명,기타불명,미분류,기타불명,보행자,여,26세,경상
2020082400100373,2020년 8월 24일 15시,월요일,대구광역시 수성구 만촌동,부상신고사고,0,0,0,1,차대사람 - 기타,기타,건조,흐림,단일로 - 기타,기타불명,기타불명,미분류,기타불명,보행자,남,14세,부상신고
2020082400100374,2020년 8월 24일 15시,월요일,대구광역시 북구 산격동,경상사고,0,0,1,0,차대차 - 측면충돌,안전운전불이행,건조,맑음,교차로 - 교차로부근,승용,남,77세,상해없음,이륜,남,71세,경상
2020082400100420,2020년 8월 24일 16시,월요일,대구광역시 북구 매천동,경상사고,0,0,1,0,차대차 - 기타,안전운전불이행,건조,맑음,단일로 - 기타,승용,남,35세,상해없음,승용,남,47세,경상
2020082400100421,2020년 8월 24일 16시,월요일,대구광역시 북구 읍내동,경상사고,0,0,4,0,차대차 - 기타,안전운전불이행,건조,맑음,단일로 - 기타,승용,남,71세,상해없음,승용,여,26세,경상
2020082400100461,2020년 8월 24일 17시,월요일,대구광역시 달서구 상인동,경상사고,0,0,1,0,차대사람 - 횡단중,안전운전불이행,건조,맑음,교차로 - 교차로안,승용,여,52세,상해없음,보행자,여,76세,경상
2020082400100462,2020년 8월 24일 17시,월요일,대구광역시 서구 평리동,경상사고,0,0,2,0,차대차 - 측면충돌,안전거리미확보,건조,맑음,단일로 - 기타,승용,남,59세,상해없음,이륜,남,18세,경상
2020082400100511,2020년 8월 24일 18시,월요일,대구광역시 달서구 상인동,경상사고,0,0,1,0,차대차 - 기타,직진우회전진행방해,건조,맑음,교차로 - 교차로안,개인형이동수단(PM),남,39세,경상,승용,남,41세,상해없음
2020082400100555,2020년 8월 24일 19시,월요일,대구광역시 남구 대명동,경상사고,0,0,1,0,차대차 - 추돌,안전운전불이행,건조,맑음,단일로 - 기타,승용,여,62세,상해없음,이륜,남,21세,경상
2020082400100556,2020년 8월 24일 19시,월요일,대구광역시 남구 대명동,경상사고,0,0,1,0,차대차 - 기타,안전운전불이행,건조,맑음,단일로 - 기타,승용,남,62세,상해없음,이륜,남,18세,경상
2020082400100557,2020년 8월 24일 19시,월요일,대구광역시 동구 신서동,경상사고,0,0,2,0,차대차 - 기타,안전운전불이행,건조,맑음,기타 - 기타,이륜,남,16세,상해없음,승용,남,28세,경상
2020082400100558,2020년 8월 24일 19시,월요일,대구광역시 북구 산격동,경상사고,0,0,1,0,차대차 - 기타,안전운전불이행,건조,맑음,단일로 - 기타,이륜,남,60세,상해없음,이륜,남,24세,경상
2020082400100559,2020년 8월 24일 19시,월요일,대구광역시 서구 평리동,중상사고,0,1,1,0,차대차 - 추돌,안전운전불이행,건조,맑음,교차로 - 교차로횡단보도내,승용,남,51세,경상,이륜,남,48세,중상
2020082400100560,2020년 8월 24일 19시,월요일,대구광역시 달서구 죽전동,경상사고,0,0,1,0,차대사람 - 기타,안전운전불이행,건조,맑음,단일로 - 기타,승용,남,54세,상해없음,보행자,남,44세,경상
2020082400100595,2020년 8월 24일 20시,월요일,대구광역시 수성구 수성동2가,경상사고,0,0,2,0,차대차 - 기타,안전운전불이행,건조,맑음,단일로 - 기타,승합,남,58세,상해없음,승용,여,31세,경상
2020082400100596,2020년 8월 24일 20시,월요일,대구광역시 수성구 지산동,경상사고,0,0,1,0,차대사람 - 횡단중,보행자보호의무위반,건조,맑음,교차로 - 교차로횡단보도내,승용,남,28세,상해없음,보행자,남,40세,경상
2020082400100597,2020년 8월 24일 20시,월요일,대구광역시 달성군 현풍읍,경상사고,0,0,1,0,차대사람 - 기타,기타,건조,맑음,단일로 - 기타,승합,남,57세,상해없음,보행자,여,53세,경상
2020082400100598,2020년 8월 24일 20시,월요일,대구광역시 달서구 이곡동,경상사고,0,0,1,0,차대차 - 후진중충돌,기타,건조,맑음,단일로 - 기타,승용,여,41세,상해없음,승용,여,41세,경상
2020082400100619,2020년 8월 24일 21시,월요일,대구광역시 달서구 이곡동,경상사고,0,0,3,0,차대차 - 측면충돌,안전거리미확보,건조,맑음,단일로 - 기타,이륜,남,23세,상해없음,승용,남,22세,경상
2020082400100620,2020년 8월 24일 21시,월요일,대구광역시 북구 태전동,부상신고사고,0,0,0,2,차대차 - 측면충돌,교차로운행방법위반,건조,맑음,교차로 - 교차로안,승용,여,57세,상해없음,승용,남,19세,부상신고
2020082400100656,2020년 8월 24일 23시,월요일,대구광역시 수성구 수성동2가,경상사고,0,0,3,0,차대차 - 측면충돌,신호위반,건조,맑음,교차로 - 교차로안,승용,남,64세,상해없음,승용,남,20세,경상
2020082400100657,2020년 8월 24일 23시,월요일,대구광역시 수성구 상동,경상사고,0,0,1,0,차대차 - 추돌,안전운전불이행,건조,맑음,단일로 - 기타,승용,남,30세,상해없음,승용,남,34세,경상
2020082400100658,2020년 8월 24일 23시,월요일,대구광역시 수성구 지산동,경상사고,0,0,1,0,차량단독 - 기타,안전운전불이행,건조,맑음,교차로 - 교차로안,이륜,남,53세,경상,,,,
2020082500100009,2020년 8월 25일 00시,화요일,대구광역시 동구 동호동,경상사고,0,0,1,0,차량단독 - 전도전복 - 전도,안전운전불이행,건조,맑음,단일로 - 기타,이륜,남,27세,경상,,,,
2020082500100019,2020년 8월 25일 01시,화요일,대구광역시 수성구 두산동,중상사고,0,1,0,0,차대사람 - 기타,안전운전불이행,건조,맑음,단일로 - 기타,승용,남,25세,상해없음,보행자,남,36세,중상
2020082500100020,2020년 8월 25일 01시,화요일,대구광역시 달서구 송현동,중상사고,0,1,0,0,차대차 - 측면충돌,신호위반,건조,맑음,교차로 - 교차로안,승용,남,29세,상해없음,원동기,남,30세,중상
2020082500100021,2020년 8월 25일 01시,화요일,대구광역시 서구 평리동,중상사고,0,2,1,0,차대차 - 측면충돌,신호위반,건조,맑음,교차로 - 교차로안,이륜,여,19세,중상,승용,남,27세,경상
2020082500100029,2020년 8월 25일 02시,화요일,대구광역시 수성구 황금동,부상신고사고,0,0,0,1,차대사람 - 보도통행중,안전운전불이행,건조,맑음,단일로 - 기타,승용,남,56세,상해없음,보행자,남,30세,부상신고
2020082500100040,2020년 8월 25일 04시,화요일,대구광역시 달서구 대천동,중상사고,0,1,0,0,차량단독 - 기타,안전운전불이행,건조,맑음,단일로 - 기타,이륜,남,28세,중상,,,,
2020082500100046,2020년 8월 25일 05시,화요일,대구광역시 북구 구암동,부상신고사고,0,0,0,1,차대차 - 측면충돌,안전운전불이행,건조,맑음,교차로 - 교차로부근,화물,남,66세,상해없음,자전거,남,55세,부상신고
2020082500100058,2020년 8월 25일 06시,화요일,대구광역시 달서구 본동,중상사고,0,2,1,0,차대차 - 추돌,안전운전불이행,건조,맑음,교차로 - 교차로부근,승용,여,39세,상해없음,승용,여,59세,중상
2020082500100085,2020년 8월 25일 07시,화요일,대구광역시 동구 방촌동,경상사고,0,0,1,0,차대차 - 추돌,안전운전불이행,건조,맑음,단일로 - 기타,승용,남,22세,상해없음,승용,남,48세,경상
2020082500100086,2020년 8월 25일 07시,화요일,대구광역시 달서구 성당동,경상사고,0,0,1,0,차대차 - 추돌,안전거리미확보,건조,맑음,단일로 - 기타,화물,남,44세,상해없음,승용,여,28세,경상
2020082500100087,2020년 8월 25일 07시,화요일,대구광역시 북구 노원동3가,경상사고,0,0,1,0,차대차 - 기타,안전운전불이행,건조,맑음,단일로 - 기타,승용,남,32세,상해없음,승용,남,49세,상해없음
2020082500100120,2020년 8월 25일 08시,화요일,대구광역시 수성구 범어동,경상사고,0,0,3,0,차대차 - 측면충돌,안전운전불이행,건조,맑음,교차로 - 교차로부근,승용,여,48세,기타불명,승용,여,29세,경상
2020082500100121,2020년 8월 25일 08시,화요일,대구광역시 서구 원대동1가,중상사고,0,1,0,0,차대사람 - 기타,안전운전불이행,건조,맑음,교차로 - 교차로안,승용,남,46세,상해없음,보행자,여,76세,중상
2020082500100122,2020년 8월 25일 08시,화요일,대구광역시 북구 동천동,경상사고,0,0,1,0,차대사람 - 횡단중,안전운전불이행,건조,맑음,교차로 - 교차로부근,승용,남,61세,상해없음,보행자,여,63세,경상
2020082500100164,2020년 8월 25일 09시,화요일,대구광역시 북구 동변동,경상사고,0,0,1,0,차대차 - 측면충돌,안전거리미확보,건조,맑음,단일로 - 기타,승용,남,70세,상해없음,승용,여,44세,경상
2020082500100192,2020년 8월 25일 10시,화요일,대구광역시 달서구 상인동,경상사고,0,0,1,0,차대차 - 측면충돌,안전거리미확보,건조,맑음,교차로 - 교차로횡단보도내,승용,남,61세,상해없음,승용,남,34세,경상