사고번호,사고일시,요일,시군구,사고내용,사망자수,중상자수,경상자수,부상신고자수,사고유형,법규위반,노면상태,기상상태,도로형태,가해운전자 차종,가해운전자 성별,가해운전자 연령,가해운전자 상해정도,피해운전자 차종,피해운전자 성별,피해운전자 연령,피해운전자 상해정도
2020090200100024,2020년 9월 2일 02시,수요일,대구광역시 남구 대명동,중상사고,0,2,0,0,차대차 - 기타,안전운전불이행,젖음/습기,비,단일로 - 기타,이륜,남,20세,상해없음,이륜,남,19세,중상
2020090200100065,2020년 9월 2일 07시,수요일,대구광역시 남구 이천동,경상사고,0,0,1,0,차대차 - 측면충돌,신호위반,젖음/습기,비,교차로 - 교차로안,이륜,남,63세,상해없음,승용,여,56세,경상
2020090200100066,2020년 9월 2일 07시,수요일,대구광역시 달서구 본동,경상사고,0,0,1,0,차대차 - 측면충돌,안전운전불이행,건조,맑음,단일로 - 기타,승용,여,62세,상해없음,승용,남,75세,상해없음
2020090200100067,2020년 9월 2일 07시,수요일,대구광역시 중구 동인동1가,중상사고,0,1,0,0,차대사람 - 길가장자리구역통행중,안전운전불이행,건조,맑음,단일로 - 기타,화물,남,67세,상해없음,보행자,여,59세,중상
2020090200100068,2020년 9월 2일 07시,수요일,대구광역시 달서구 성당동,중상사고,0,1,0,0,차대차 - 기타,안전운전불이행,젖음/습기,비,단일로 - 기타,화물,남,56세,상해없음,기타불명,남,82세,중상
2020090200100120,2020년 9월 2일 09시,수요일,대구광역시 달서구 상인동,경상사고,0,0,1,0,차대차 - 추돌,안전거리미확보,젖음/습기,비,단일로 - 기타,승용,여,56세,상해없음,승용,남,47세,경상
2020090200100162,2020년 9월 2일 11시,수요일,대구광역시 수성구 수성동2가,경상사고,0,0,1,0,차대차 - 기타,차로위반,건조,맑음,교차로 - 교차로부근,이륜,남,19세,상해없음,승용,여,47세,경상
2020090200100163,2020년 9월 2일 11시,수요일,대구광역시 북구 구암동,경상사고,0,0,1,0,차대차 - 추돌,안전운전불이행,젖음/습기,흐림,단일로 - 기타,승용,여,48세,상해없음,승용,남,28세,경상
2020090200100183,2020년 9월 2일 12시,수요일,대구광역시 서구 중리동,부상신고사고,0,0,0,1,차대차 - 측면충돌,신호위반,건조,맑음,교차로 - 교차로안,이륜,남,51세,부상신고,화물,남,67세,상해없음
2020090200100210,2020년 9월 2일 13시,수요일,대구광역시 북구 국우동,경상사고,0,0,1,0,차대차 - 추돌,안전운전불이행,건조,맑음,단일로 - 기타,승용,남,47세,기타불명,승용,여,46세,경상
2020090200100233,2020년 9월 2일 14시,수요일,대구광역시 달서구 용산동,경상사고,0,0,1,0,차대차 - 기타,기타,건조,맑음,단일로 - 기타,화물,남,52세,상해없음,화물,남,46세,경상
2020090200100263,2020년 9월 2일 15시,수요일,대구광역시 중구 북성로1가,경상사고,0,0,1,0,차대사람 - 길가장자리구역통행중,안전운전불이행,건조,맑음,교차로 - 교차로부근,승용,남,78세,상해없음,보행자,남,62세,경상
2020090200100326,2020년 9월 2일 17시,수요일,대구광역시 수성구 범어동,경상사고,0,0,2,1,차대차 - 측면충돌,안전운전불이행,건조,맑음,교차로 - 교차로부근,승용,남,32세,경상,승용,남,64세,경상
2020090200100327,2020년 9월 2일 17시,수요일,대구광역시 수성구 범물동,경상사고,0,0,1,0,차대차 - 측면충돌,안전운전불이행,건조,맑음,교차로 - 교차로안,이륜,남,39세,경상,승용,남,48세,상해없음
2020090200100328,2020년 9월 2일 17시,수요일,대구광역시 달서구 송현동,경상사고,0,0,2,0,차대차 - 추돌,기타,젖음/습기,비,단일로 - 기타,승용,남,66세,상해없음,승용,남,31세,경상
2020090200100358,2020년 9월 2일 18시,수요일,대구광역시 달서구 상인동,경상사고,0,0,1,0,차대차 - 후진중충돌,안전운전불이행,젖음/습기,비,단일로 - 기타,승합,남,64세,상해없음,승용,남,55세,경상
2020090200100359,2020년 9월 2일 18시,수요일,대구광역시 달서구 감삼동,중상사고,0,1,0,0,차대차 - 기타,안전운전불이행,젖음/습기,비,교차로 - 교차로안,기타불명,기타불명,미분류,기타불명,이륜,남,25세,중상
2020090200100408,2020년 9월 2일 19시,수요일,대구광역시 서구 평리동,중상사고,0,1,0,0,차대사람 - 횡단중,신호위반,젖음/습기,비,단일로 - 기타,승용,남,23세,상해없음,보행자,남,50세,중상
2020090200100460,2020년 9월 2일 20시,수요일,대구광역시 수성구 지산동,경상사고,0,0,1,0,차대차 - 추돌,안전운전불이행,건조,맑음,교차로 - 교차로부근,승용,남,58세,상해없음,승용,여,63세,경상
2020090200100461,2020년 9월 2일 20시,수요일,대구광역시 수성구 수성동4가,경상사고,0,0,1,0,차대차 - 기타,안전운전불이행,젖음/습기,비,단일로 - 기타,승용,남,49세,상해없음,이륜,남,35세,경상
2020090200100462,2020년 9월 2일 20시,수요일,대구광역시 달서구 송현동,경상사고,0,0,2,0,차대차 - 후진중충돌,안전운전불이행,건조,맑음,단일로 - 기타,승용,남,58세,상해없음,승용,남,19세,경상
2020090200100463,2020년 9월 2일 20시,수요일,대구광역시 서구 평리동,경상사고,0,0,1,0,차대차 - 추돌,안전운전불이행,젖음/습기,비,교차로 - 교차로부근,승용,남,57세,상해없음,승용,남,32세,경상
2020090200100493,2020년 9월 2일 21시,수요일,대구광역시 달성군 논공읍,사망사고,1,0,0,0,차량단독 - 공작물충돌,안전운전불이행,침수,비,단일로 - 기타,이륜,남,24세,사망,,,,
2020090200100525,2020년 9월 2일 22시,수요일,대구광역시 수성구 지산동,중상사고,0,1,0,0,차대차 - 기타,안전운전불이행,젖음/습기,비,단일로 - 기타,승용,남,45세,상해없음,이륜,남,41세,중상
2020090200100551,2020년 9월 2일 23시,수요일,대구광역시 달서구 갈산동,중상사고,0,3,1,0,차대차 - 측면충돌,교차로운행방법위반,젖음/습기,비,교차로 - 교차로안,화물,남,58세,상해없음,승용,남,36세,경상
2020090300100019,2020년 9월 3일 01시,목요일,대구광역시 중구 삼덕동2가,경상사고,0,0,1,0,차대사람 - 기타,안전운전불이행,젖음/습기,비,단일로 - 기타,승용,남,28세,상해없음,보행자,여,29세,경상
2020090300100045,2020년 9월 3일 04시,목요일,대구광역시 서구 평리동,경상사고,0,0,1,0,차대차 - 측면충돌,안전운전불이행,젖음/습기,비,교차로 - 교차로안,승용,남,19세,상해없음,승용,남,52세,경상
2020090300100073,2020년 9월 3일 07시,목요일,대구광역시 북구 복현동,경상사고,0,0,1,0,차대차 - 추돌,안전거리미확보,젖음/습기,기타,교차로 - 교차로부근,승용,남,70세,상해없음,승용,남,29세,경상
2020090300100103,2020년 9월 3일 08시,목요일,대구광역시 동구 효목동,경상사고,0,0,1,0,차대사람 - 횡단중,보행자보호의무위반,젖음/습기,흐림,교차로 - 교차로안,승용,남,34세,상해없음,보행자,여,73세,경상
2020090300100104,2020년 9월 3일 08시,목요일,대구광역시 수성구 만촌동,중상사고,0,1,0,0,차대사람 - 보도통행중,기타,건조,맑음,기타 - 기타,승용,여,49세,상해없음,보행자,여,19세,중상
2020090300100105,2020년 9월 3일 08시,목요일,대구광역시 달서구 송현동,부상신고사고,0,0,0,1,차대차 - 측면충돌,안전운전불이행,건조,맑음,교차로 - 교차로부근,화물,남,49세,상해없음,승용,여,29세,부상신고
2020090300100136,2020년 9월 3일 09시,목요일,대구광역시 동구 동호동,중상사고,0,1,0,0,차대차 - 기타,안전운전불이행,건조,맑음,교차로 - 교차로안,이륜,남,41세,중상,화물,남,56세,상해없음
2020090300100137,2020년 9월 3일 09시,목요일,대구광역시 동구 율하동,경상사고,0,0,1,0,차량단독 - 기타,안전운전불이행,건조,맑음,기타 - 기타,승합,남,40세,상해없음,,,,
2020090300100138,2020년 9월 3일 09시,목요일,대구광역시 수성구 파동,경상사고,0,0,2,0,차대차 - 추돌,안전운전불이행,건조,맑음,기타 - 기타,승용,남,28세,기타불명,승용,남,30세,경상
2020090300100155,2020년 9월 3일 10시,목요일,대구광역시 수성구 두산동,중상사고,0,2,0,0,차대차 - 측면충돌,안전운전불이행,건조,맑음,교차로 - 교차로부근,승용,여,59세,중상,이륜,남,36세,중상
2020090300100156,2020년 9월 3일 10시,목요일,대구광역시 달성군 유가읍,경상사고,0,0,1,0,차대차 - 기타,안전운전불이행,건조,맑음,교차로 - 교차로부근,화물,남,61세,상해없음,이륜,남,92세,경상
2020090300100171,2020년 9월 3일 11시,목요일,대구광역시 수성구 범물동,경상사고,0,0,1,0,차대사람 - 기타,안전운전불이행,건조,맑음,단일로 - 기타,원동기,남,76세,상해없음,보행자,여,76세,경상
2020090300100202,2020년 9월 3일 12시,목요일,대구광역시 중구 대신동,부상신고사고,0,0,0,1,차대사람 - 길가장자리구역통행중,안전운전불이행,건조,맑음,단일로 - 기타,승용,남,66세,상해없음,보행자,남,32세,부상신고
2020090300100203,2020년 9월 3일 12시,목요일,대구광역시 달서구 용산동,중상사고,0,1,0,0,차대차 - 측면충돌,안전운전불이행,건조,맑음,기타 - 기타,이륜,남,55세,상해없음,개인형이동수단(PM),여,44세,중상
2020090300100224,2020년 9월 3일 13시,목요일,대구광역시 달성군 다사읍,경상사고,0,0,1,0,차대차 - 측면충돌,안전운전불이행,건조,맑음,단일로 - 기타,승용,여,65세,상해없음,화물,남,70세,경상
2020090300100225,2020년 9월 3일 13시,목요일,대구광역시 북구 태전동,경상사고,0,0,1,0,차대차 - 측면충돌,차로위반,건조,맑음,단일로 - 기타,승용,여,65세,상해없음,화물,남,55세,경상
2020090300100261,2020년 9월 3일 14시,목요일,대구광역시 남구 대명동,경상사고,0,0,1,0,차대차 - 기타,기타,건조,맑음,교차로 - 교차로안,승용,남,55세,상해없음,자전거,남,8세,경상
2020090300100262,2020년 9월 3일 14시,목요일,대구광역시 달서구 월성동,부상신고사고,0,0,0,1,차대차 - 추돌,안전거리미확보,건조,맑음,교차로 - 교차로부근,승용,여,56세,상해없음,승용,남,20세,부상신고
2020090300100263,2020년 9월 3일 14시,목요일,대구광역시 서구 내당동,중상사고,0,1,0,0,차대차 - 기타,기타,건조,맑음,교차로 - 교차로부근,승용,남,45세,상해없음,이륜,남,69세,중상
2020090300100264,2020년 9월 3일 14시,목요일,대구광역시 달서구 장기동,경상사고,0,0,1,0,차대차 - 측면충돌,안전운전불이행,건조,맑음,단일로 - 기타,화물,남,46세,상해없음,이륜,남,21세,경상
2020090300100293,2020년 9월 3일 15시,목요일,대구광역시 서구 내당동,경상사고,0,0,1,0,차대차 - 기타,신호위반,건조,맑음,단일로 - 기타,승용,여,56세,상해없음,이륜,남,38세,경상
2020090300100351,2020년 9월 3일 17시,목요일,대구광역시 수성구 사월동,경상사고,0,0,2,0,차대차 - 측면충돌,신호위반,건조,맑음,교차로 - 교차로안,승용,여,48세,경상,승용,남,31세,경상
2020090300100352,2020년 9월 3일 17시,목요일,대구광역시 달서구 상인동,부상신고사고,0,0,0,1,차대차 - 측면충돌,교차로운행방법위반,건조,맑음,교차로 - 교차로부근,승용,여,42세,상해없음,이륜,남,24세,부상신고
2020090300100353,2020년 9월 3일 17시,목요일,대구광역시 달서구 송현동,경상사고,0,0,1,0,차대차 - 측면충돌,안전운전불이행,건조,맑음,단일로 - 기타,승용,여,58세,상해없음,원동기,남,24세,경상
2020090300100355,2020년 9월 3일 17시,목요일,대구광역시 북구 산격동,경상사고,0,0,1,0,차대차 - 측면충돌,안전운전불이행,건조,맑음,교차로 - 교차로안,이륜,남,68세,경상,승용,남,48세,상해없음
2020090300100356,2020년 9월 3일 17시,목요일,대구광역시 서구 평리동,경상사고,0,0,2,0,차대차 - 측면충돌,직진우회전진행방해,건조,맑음,교차로 - 교차로안,승용,남,52세,상해없음,승용,남,63세,상해없음
2020090300100357,2020년 9월 3일 17시,목요일,대구광역시 달서구 용산동,경상사고,0,0,3,0,차대차 - 측면충돌,신호위반,건조,맑음,교차로 - 교차로안,승용,여,58세,상해없음,승용,남,56세,경상
2020090300100388,2020년 9월 3일 18시,목요일,대구광역시 동구 율암동,경상사고,0,0,4,0,차대차 - 측면충돌,교차로운행방법위반,건조,맑음,교차로 - 교차로안,승용,여,28세,상해없음,승용,여,24세,경상
2020090300100389,2020년 9월 3일 18시,목요일,대구광역시 달성군 유가읍,경상사고,0,0,1,0,차대사람 - 기타,안전운전불이행,건조,맑음,교차로 - 교차로안,기타불명,기타불명,미분류,기타불명,보행자,여,41세,경상
2020090300100390,2020년 9월 3일 18시,목요일,대구광역시 북구 노원동2가,중상사고,0,1,0,0,차대차 - 기타,안전운전불이행,건조,맑음,단일로 - 기타,이륜,남,45세,상해없음,승합,남,54세,상해없음
2020090300100429,2020년 9월 3일 19시,목요일,대구광역시 동구 봉무동,중상사고,0,1,0,0,차량단독 - 전도전복 - 전도,안전운전불이행,건조,맑음,단일로 - 기타,이륜,남,70세,중상,,,,
2020090300100498,2020년 9월 3일 21시,목요일,대구광역시 동구 율하동,경상사고,0,0,2,0,차대차 - 측면충돌,교차로운행방법위반,건조,맑음,교차로 - 교차로안,이륜,남,16세,상해없음,승용,남,26세,경상
2020090300100499,2020년 9월 3일 21시,목요일,대구광역시 달서구 상인동,경상사고,0,0,1,0,차대차 - 측면충돌,안전운전불이행,건조,맑음,교차로 - 교차로부근,승용,여,63세,상해없음,이륜,남,18세,경상
2020090300100518,2020년 9월 3일 22시,목요일,대구광역시 북구 동천동,경상사고,0,0,1,0,차대차 - 측면충돌,안전운전불이행,건조,맑음,교차로 - 교차로부근,승용,남,66세,기타불명,원동기,남,33세,경상
2020090300100535,2020년 9월 3일 23시,목요일,대구광역시 수성구 두산동,경상사고,0,0,1,0,차대차 - 기타,안전운전불이행,건조,맑음,교차로 - 교차로부근,화물,남,53세,상해없음,이륜,남,20세,경상
2020090300100536,2020년 9월 3일 23시,목요일,대구광역시 수성구 사월동,경상사고,0,0,1,0,차대사람 - 횡단중,신호위반,건조,맑음,교차로 - 교차로부근,이륜,남,16세,상해없음,보행자,남,34세,경상
2020090400100018,2020년 9월 4일 01시,금요일,대구광역시 수성구 수성동2가,중상사고,0,2,1,0,차대차 - 기타,신호위반,건조,맑음,단일로 - 기타,이륜,남,17세,경상,자전거,남,51세,중상
2020090400100024,2020년 9월 4일 02시,금요일,대구광역시 수성구 두산동,경상사고,0,0,1,0,차대차 - 측면충돌,안전운전불이행,건조,맑음,교차로 - 교차로안,승용,남,54세,상해없음,승용,남,36세,경상
2020090400100029,2020년 9월 4일 04시,금요일,대구광역시 서구 평리동,경상사고,0,0,1,0,차대차 - 측면충돌,직진우회전진행방해,건조,맑음,교차로 - 교차로안,승용,여,26세,상해없음,승용,남,62세,경상
2020090400100030,2020년 9월 4일 04시,금요일,대구광역시 달서구 본리동,경상사고,0,0,1,0,차대차 - 정면충돌,불법유턴,젖음/습기,비,기타 - 기타,승용,남,66세,기타불명,화물,남,70세,경상
2020090400100046,2020년 9월 4일 06시,금요일,대구광역시 동구 신천동,경상사고,0,0,1,0,차대차 - 기타,안전운전불이행,건조,맑음,단일로 - 기타,화물,남,55세,상해없음,승용,여,62세,경상
2020090400100070,2020년 9월 4일 07시,금요일,대구광역시 수성구 황금동,부상신고사고,0,0,0,1,차대사람 - 차도통행중,안전운전불이행,건조,맑음,교차로 - 교차로안,화물,여,46세,상해없음,보행자,남,20세,부상신고
2020090400100103,2020년 9월 4일 08시,금요일,대구광역시 동구 각산동,경상사고,0,0,1,0,차대차 - 측면충돌,안전운전불이행,건조,맑음,단일로 - 기타,승용,남,56세,상해없음,승용,남,34세,경상
2020090400100134,2020년 9월 4일 09시,금요일,대구광역시 동구 신암동,중상사고,0,1,0,0,차대차 - 추돌,안전거리미확보,건조,맑음,단일로 - 기타,승용,여,55세,상해없음,승용,여,48세,중상
2020090400100166,2020년 9월 4일 10시,금요일,대구광역시 달서구 진천동,경상사고,0,0,1,0,차대차 - 측면충돌,교차로운행방법위반,건조,맑음,교차로 - 교차로안,승용,여,55세,상해없음,승용,여,44세,경상
2020090400100167,2020년 9월 4일 10시,금요일,대구광역시 중구 달성동,부상신고사고,0,0,0,1,차대차 - 측면충돌,불법유턴,건조,맑음,교차로 - 교차로부근,자전거,남,79세,부상신고,화물,남,58세,상해없음
2020090400100210,2020년 9월 4일 11시,금요일,대구광역시 달서구 신당동,경상사고,0,0,1,0,차량단독 - 기타,안전운전불이행,기타,맑음,교차로 - 교차로안,원동기,남,50세,경상,,,,
2020090400100237,2020년 9월 4일 12시,금요일,대구광역시 달서구 송현동,중상사고,0,1,2,0,차대차 - 추돌,안전운전불이행,건조,맑음,교차로 - 교차로부근,승용,남,27세,상해없음,승용,남,73세,중상
2020090400100238,2020년 9월 4일 12시,금요일,대구광역시 달성군 화원읍,경상사고,0,0,1,0,차대차 - 기타,안전운전불이행,건조,맑음,교차로 - 교차로부근,화물,남,59세,상해없음,승용,남,67세,경상
2020090400100239,2020년 9월 4일 12시,금요일,대구광역시 달성군 현풍읍,경상사고,0,0,2,0,차대차 - 기타,교차로운행방법위반,건조,맑음,교차로 - 교차로안,승용,남,76세,경상,이륜,남,43세,경상
2020090400100240,2020년 9월 4일 12시,금요일,대구광역시 달서구 신당동,경상사고,0,0,1,0,차대차 - 후진중충돌,안전운전불이행,건조,맑음,단일로 - 기타,승용,여,53세,상해없음,승용,남,30세,경상
2020090400100264,2020년 9월 4일 13시,금요일,대구광역시 달서구 장기동,경상사고,0,0,4,0,차대차 - 측면충돌,불법유턴,건조,맑음,기타 - 기타,승용,남,51세,기타불명,승용,남,56세,경상
2020090400100296,2020년 9월 4일 14시,금요일,대구광역시 수성구 만촌동,경상사고,0,0,1,0,차대차 - 측면충돌,안전운전불이행,건조,맑음,교차로 - 교차로안,승용,남,81세,상해없음,승용,남,66세,경상
2020090400100333,2020년 9월 4일 15시,금요일,대구광역시 수성구 매호동,경상사고,0,0,3,0,차대차 - 측면충돌,안전운전불이행,건조,맑음,교차로 - 교차로안,승용,여,49세,경상,화물,남,49세,경상
2020090400100334,2020년 9월 4일 15시,금요일,대구광역시 북구 산격동,경상사고,0,0,1,0,차대차 - 측면충돌,안전운전불이행,건조,맑음,교차로 - 교차로부근,승용,남,62세,상해없음,승용,여,34세,경상
2020090400100335,2020년 9월 4일 15시,금요일,대구광역시 북구 칠성동2가,중상사고,0,1,0,0,차대차 - 측면충돌,중앙선침범,건조,맑음,교차로 - 교차로부근,자전거,여,62세,중상,승용,남,62세,상해없음
2020090400100336,2020년 9월 4일 15시,금요일,대구광역시 달서구 본리동,경상사고,0,0,1,0,차대차 - 추돌,안전운전불이행,건조,맑음,단일로 - 기타,화물,남,38세,상해없음,이륜,남,24세,경상
2020090400100374,2020년 9월 4일 16시,금요일,대구광역시 동구 신천동,경상사고,0,0,1,0,차대차 - 기타,안전운전불이행,건조,맑음,단일로 - 기타,화물,남,50세,상해없음,승용,여,39세,경상
2020090400100375,2020년 9월 4일 16시,금요일,대구광역시 동구 입석동,부상신고사고,0,0,0,1,차대차 - 측면충돌,안전운전불이행,건조,맑음,단일로 - 기타,승합,남,43세,기타불명,승용,여,24세,부상신고
2020090400100376,2020년 9월 4일 16시,금요일,대구광역시 달성군 화원읍,경상사고,0,0,1,0,차대차 - 측면충돌,안전운전불이행,건조,맑음,기타 - 기타,승용,남,60세,상해없음,이륜,남,75세,경상
2020090400100377,2020년 9월 4일 16시,금요일,대구광역시 북구 대현동,중상사고,0,1,2,0,차대차 - 기타,안전운전불이행,건조,맑음,단일로 - 기타,화물,남,32세,경상,승용,남,40세,중상
2020090400100378,2020년 9월 4일 16시,금요일,대구광역시 서구 내당동,경상사고,0,0,2,0,차대차 - 측면충돌,교차로운행방법위반,건조,맑음,교차로 - 교차로안,승용,남,55세,상해없음,승용,여,53세,경상
2020090400100422,2020년 9월 4일 17시,금요일,대구광역시 동구 불로동,경상사고,0,0,5,0,차대차 - 추돌,안전운전불이행,건조,맑음,단일로 - 기타,승용,기타불명,미분류,기타불명,승합,여,61세,경상
2020090400100429,2020년 9월 4일 17시,금요일,대구광역시 수성구 만촌동,경상사고,0,0,1,0,차대차 - 추돌,안전운전불이행,건조,맑음,단일로 - 기타,승용,남,36세,상해없음,이륜,남,68세,경상
2020090400100430,2020년 9월 4일 17시,금요일,대구광역시 수성구 중동,경상사고,0,0,1,0,차대차 - 추돌,안전운전불이행,건조,맑음,단일로 - 기타,승용,남,41세,기타불명,승용,남,44세,경상
2020090400100476,2020년 9월 4일 18시,금요일,대구광역시 동구 신암동,중상사고,0,1,0,0,차대차 - 기타,안전거리미확보,건조,맑음,기타 - 기타,승용,남,24세,상해없음,이륜,남,30세,중상
2020090400100477,2020년 9월 4일 18시,금요일,대구광역시 수성구 매호동,중상사고,0,1,0,0,차대사람 - 길가장자리구역통행중,안전운전불이행,건조,맑음,단일로 - 기타,승용,남,54세,상해없음,보행자,여,64세,중상
2020090400100478,2020년 9월 4일 18시,금요일,대구광역시 달서구 상인동,중상사고,0,1,0,0,차대차 - 측면충돌,교차로운행방법위반,건조,맑음,교차로 - 교차로안,승용,여,62세,기타불명,이륜,남,36세,중상
2020090400100479,2020년 9월 4일 18시,금요일,대구광역시 서구 내당동,경상사고,0,0,1,0,차대차 - 기타,안전운전불이행,건조,맑음,교차로 - 교차로부근,승용,여,30세,기타불명,이륜,남,22세,경상
2020090400100480,2020년 9월 4일 18시,금요일,대구광역시 달서구 성당동,경상사고,0,0,1,0,차대차 - 측면충돌,안전거리미확보,건조,맑음,단일로 - 기타,승용,남,30세,상해없음,승용,여,59세,경상
2020090400100518,2020년 9월 4일 19시,금요일,대구광역시 북구 태전동,경상사고,0,0,1,1,차대차 - 측면충돌,안전운전불이행,건조,맑음,교차로 - 교차로부근,승용,남,48세,상해없음,이륜,남,22세,경상
2020090400100519,2020년 9월 4일 19시,금요일,대구광역시 북구 읍내동,경상사고,0,0,1,0,차대차 - 측면충돌,차로위반,건조,맑음,단일로 - 기타,승용,남,69세,상해없음,승합,남,61세,상해없음
2020090400100520,2020년 9월 4일 19시,금요일,대구광역시 북구 서변동,중상사고,0,1,0,0,차대차 - 기타,교차로운행방법위반,건조,맑음,교차로 - 교차로안,승용,남,51세,상해없음,승용,남,62세,중상
2020090400100544,2020년 9월 4일 20시,금요일,대구광역시 수성구 범물동,경상사고,0,0,6,0,차대차 - 기타,신호위반,건조,맑음,교차로 - 교차로안,승용,여,49세,경상,승용,남,36세,경상
2020090400100545,2020년 9월 4일 20시,금요일,대구광역시 달서구 진천동,부상신고사고,0,0,0,1,차대차 - 측면충돌,안전거리미확보,건조,맑음,단일로 - 기타,승용,여,40세,상해없음,이륜,남,26세,부상신고
2020090400100546,2020년 9월 4일 20시,금요일,대구광역시 달성군 다사읍,경상사고,0,0,1,0,차대차 - 기타,안전운전불이행,건조,맑음,단일로 - 교량,원동기,남,26세,상해없음,자전거,남,18세,경상
2020090400100547,2020년 9월 4일 20시,금요일,대구광역시 서구 평리동,경상사고,0,0,1,0,차대차 - 측면충돌,안전운전불이행,건조,맑음,단일로 - 기타,개인형이동수단(PM),남,32세,경상,승용,남,40세,상해없음
2020090400100585,2020년 9월 4일 21시,금요일,대구광역시 서구 내당동,경상사고,0,0,1,1,차대차 - 측면충돌,안전운전불이행,건조,맑음,단일로 - 기타,승용,여,53세,부상신고,승합,남,57세,경상
2020090400100608,2020년 9월 4일 22시,금요일,대구광역시 남구 대명동,경상사고,0,0,2,0,차대차 - 추돌,안전운전불이행,건조,맑음,단일로 - 기타,승용,남,53세,상해없음,승합,남,43세,경상
2020090400100625,2020년 9월 4일 23시,금요일,대구광역시 달서구 본리동,경상사고,0,0,2,0,차대사람 - 횡단중,신호위반,건조,맑음,교차로 - 교차로안,승용,남,43세,상해없음,보행자,남,27세,경상
2020090500100028,2020년 9월 5일 02시,토요일,대구광역시 동구 불로동,중상사고,0,2,1,0,차대차 - 측면충돌,중앙선침범,건조,흐림,단일로 - 기타,승용,남,41세,중상,승용,남,57세,경상
2020090500100029,2020년 9월 5일 02시,토요일,대구광역시 달성군 화원읍,경상사고,0,0,1,0,차대사람 - 기타,안전운전불이행,건조,맑음,기타 - 기타,승용,남,28세,상해없음,보행자,남,31세,경상
2020090500100043,2020년 9월 5일 05시,토요일,대구광역시 수성구 범물동,사망사고,1,0,1,0,차대사람 - 기타,안전운전불이행,건조,맑음,단일로 - 기타,자전거,남,36세,사망,보행자,여,77세,경상
2020090500100065,2020년 9월 5일 07시,토요일,대구광역시 달서구 호산동,중상사고,0,1,1,0,차대차 - 기타,교차로운행방법위반,건조,맑음,교차로 - 교차로안,승용,남,30세,중상,승용,남,56세,경상
2020090500100066,2020년 9월 5일 07시,토요일,대구광역시 북구 구암동,중상사고,0,1,0,0,차대차 - 측면충돌,교차로운행방법위반,건조,맑음,교차로 - 교차로안,화물,남,29세,상해없음,승용,여,48세,중상
2020090500100124,2020년 9월 5일 10시,토요일,대구광역시 북구 읍내동,경상사고,0,0,1,0,차대차 - 기타,안전운전불이행,건조,맑음,단일로 - 기타,화물,남,27세,상해없음,승용,남,50세,경상
2020090500100188,2020년 9월 5일 12시,토요일,대구광역시 수성구 두산동,경상사고,0,0,1,0,차대차 - 측면충돌,안전거리미확보,젖음/습기,비,단일로 - 기타,이륜,남,42세,경상,승용,남,53세,상해없음
2020090500100189,2020년 9월 5일 12시,토요일,대구광역시 북구 산격동,경상사고,0,0,1,0,차대차 - 측면충돌,직진우회전진행방해,건조,맑음,교차로 - 교차로안,이륜,남,29세,경상,승용,남,55세,상해없음
2020090500100235,2020년 9월 5일 13시,토요일,대구광역시 수성구 상동,경상사고,0,0,2,0,차대차 - 측면충돌,안전운전불이행,건조,맑음,단일로 - 기타,이륜,남,25세,경상,승용,남,60세,경상
2020090500100236,2020년 9월 5일 13시,토요일,대구광역시 북구 연경동,경상사고,0,0,1,0,차대차 - 측면충돌,안전거리미확보,건조,맑음,단일로 - 기타,승용,남,81세,상해없음,승용,남,79세,상해없음
2020090500100269,2020년 9월 5일 14시,토요일,대구광역시 동구 신기동,중상사고,0,1,0,0,차대차 - 기타,차로위반,건조,맑음,단일로 - 기타,승용,남,25세,상해없음,승용,남,68세,중상
2020090500100270,2020년 9월 5일 14시,토요일,대구광역시 수성구 범어동,경상사고,0,0,1,0,차대차 - 측면충돌,신호위반,건조,맑음,단일로 - 기타,승용,여,39세,상해없음,이륜,남,37세,경상
2020090500100271,2020년 9월 5일 14시,토요일,대구광역시 수성구 황금동,경상사고,0,0,1,0,차대차 - 추돌,안전거리미확보,젖음/습기,비,교차로 - 교차로안,승용,남,42세,상해없음,이륜,남,27세,경상
2020090500100272,2020년 9월 5일 14시,토요일,대구광역시 수성구 만촌동,부상신고사고,0,0,0,1,차대차 - 측면충돌,안전운전불이행,젖음/습기,비,교차로 - 교차로안,이륜,남,24세,부상신고,승용,기타불명,미분류,기타불명
2020090500100273,2020년 9월 5일 14시,토요일,대구광역시 달서구 상인동,경상사고,0,0,3,0,차대차 - 측면충돌,안전운전불이행,건조,맑음,교차로 - 교차로부근,승용,남,36세,상해없음,승용,남,39세,경상
2020090500100274,2020년 9월 5일 14시,토요일,대구광역시 북구 침산동,중상사고,0,1,0,0,차대사람 - 차도통행중,안전운전불이행,건조,맑음,단일로 - 기타,화물,남,39세,상해없음,보행자,남,35세,중상
2020090500100310,2020년 9월 5일 15시,토요일,대구광역시 동구 괴전동,경상사고,0,0,1,0,차대차 - 측면충돌,안전운전불이행,건조,맑음,단일로 - 기타,승용,여,37세,상해없음,승용,남,33세,경상
2020090500100311,2020년 9월 5일 15시,토요일,대구광역시 서구 비산동,경상사고,0,0,1,0,차대사람 - 기타,안전운전불이행,건조,맑음,단일로 - 기타,승용,남,39세,상해없음,보행자,여,43세,경상
2020090500100312,2020년 9월 5일 15시,토요일,대구광역시 서구 비산동,경상사고,0,0,1,0,차대차 - 기타,안전운전불이행,건조,맑음,교차로 - 교차로부근,승합,남,58세,상해없음,승용,남,34세,상해없음