사고번호,사고일시,요일,시군구,사고내용,사망자수,중상자수,경상자수,부상신고자수,사고유형,법규위반,노면상태,기상상태,도로형태,가해운전자 차종,가해운전자 성별,가해운전자 연령,가해운전자 상해정도,피해운전자 차종,피해운전자 성별,피해운전자 연령,피해운전자 상해정도
2020090500100344,2020년 9월 5일 16시,토요일,대구광역시 달서구 진천동,중상사고,0,1,0,0,차대차 - 기타,안전거리미확보,젖음/습기,비,단일로 - 기타,승용,여,45세,상해없음,원동기,남,50세,중상
2020090500100345,2020년 9월 5일 16시,토요일,대구광역시 중구 대신동,중상사고,0,1,0,0,차량단독 - 전도전복 - 전도,안전운전불이행,젖음/습기,비,교차로 - 교차로부근,이륜,남,72세,중상,,,,
2020090500100346,2020년 9월 5일 16시,토요일,대구광역시 중구 남산동,경상사고,0,0,1,0,차대차 - 측면충돌,차로위반,건조,맑음,단일로 - 기타,승용,남,38세,상해없음,승용,여,55세,경상
2020090500100381,2020년 9월 5일 17시,토요일,대구광역시 남구 대명동,경상사고,0,0,3,0,차대차 - 기타,안전운전불이행,젖음/습기,비,단일로 - 기타,승용,남,40세,상해없음,승용,남,33세,경상
2020090500100382,2020년 9월 5일 17시,토요일,대구광역시 남구 대명동,경상사고,0,0,1,0,차대차 - 기타,신호위반,건조,맑음,교차로 - 교차로안,승용,남,64세,상해없음,이륜,남,30세,경상
2020090500100383,2020년 9월 5일 17시,토요일,대구광역시 남구 대명동,경상사고,0,0,2,0,차대차 - 측면충돌,안전운전불이행,건조,맑음,단일로 - 기타,승용,여,61세,상해없음,승용,여,23세,경상
2020090500100384,2020년 9월 5일 17시,토요일,대구광역시 동구 율하동,경상사고,0,0,1,0,차대차 - 측면충돌,안전운전불이행,건조,맑음,단일로 - 기타,승용,남,22세,상해없음,이륜,남,19세,경상
2020090500100385,2020년 9월 5일 17시,토요일,대구광역시 달서구 대곡동,경상사고,0,0,1,0,차대차 - 측면충돌,직진우회전진행방해,젖음/습기,비,교차로 - 교차로안,승용,여,61세,상해없음,자전거,여,49세,경상
2020090500100386,2020년 9월 5일 17시,토요일,대구광역시 서구 비산동,경상사고,0,0,1,0,차대차 - 측면충돌,안전운전불이행,젖음/습기,비,단일로 - 기타,승용,남,36세,상해없음,승용,남,65세,경상
2020090500100420,2020년 9월 5일 18시,토요일,대구광역시 동구 신천동,중상사고,0,1,0,0,차대차 - 기타,안전거리미확보,젖음/습기,비,단일로 - 기타,승용,남,52세,상해없음,이륜,남,48세,중상
2020090500100421,2020년 9월 5일 18시,토요일,대구광역시 수성구 범어동,부상신고사고,0,0,0,1,차대차 - 기타,안전운전불이행,젖음/습기,비,단일로 - 기타,이륜,남,37세,부상신고,승용,남,52세,상해없음
2020090500100453,2020년 9월 5일 19시,토요일,대구광역시 수성구 지산동,중상사고,0,1,0,0,차대차 - 기타,안전운전불이행,젖음/습기,비,교차로 - 교차로안,승용,남,59세,상해없음,이륜,남,52세,중상
2020090500100490,2020년 9월 5일 20시,토요일,대구광역시 남구 대명동,경상사고,0,0,1,0,차대차 - 기타,안전운전불이행,젖음/습기,비,기타 - 기타,승용,여,72세,상해없음,승용,남,38세,경상
2020090500100523,2020년 9월 5일 21시,토요일,대구광역시 달성군 다사읍,경상사고,0,0,1,0,차대차 - 기타,안전운전불이행,젖음/습기,비,교차로 - 교차로안,원동기,남,49세,경상,승합,남,57세,상해없음
2020090500100524,2020년 9월 5일 21시,토요일,대구광역시 서구 비산동,중상사고,0,1,0,0,차대사람 - 기타,안전운전불이행,젖음/습기,비,단일로 - 기타,승용,남,71세,기타불명,보행자,남,63세,중상
2020090500100525,2020년 9월 5일 21시,토요일,대구광역시 달서구 감삼동,경상사고,0,0,1,0,차대사람 - 기타,안전운전불이행,건조,흐림,단일로 - 기타,승용,남,58세,상해없음,보행자,남,63세,경상
2020090500100564,2020년 9월 5일 23시,토요일,대구광역시 수성구 신매동,경상사고,0,0,2,0,차대차 - 측면충돌,안전거리미확보,젖음/습기,비,단일로 - 기타,이륜,남,25세,경상,승용,남,67세,경상
2020090500100565,2020년 9월 5일 23시,토요일,대구광역시 달서구 대천동,경상사고,0,0,2,0,차대차 - 추돌,안전거리미확보,젖음/습기,비,단일로 - 기타,승용,여,47세,상해없음,승용,남,37세,경상
2020090500100566,2020년 9월 5일 23시,토요일,대구광역시 달성군 현풍읍,경상사고,0,0,1,0,차대사람 - 기타,안전운전불이행,건조,맑음,기타 - 기타,승용,남,46세,상해없음,보행자,남,51세,경상
2020090500100567,2020년 9월 5일 23시,토요일,대구광역시 북구 태전동,중상사고,0,1,0,0,차대사람 - 횡단중,신호위반,젖음/습기,비,교차로 - 교차로횡단보도내,승용,남,38세,상해없음,보행자,남,25세,중상
2020090600100015,2020년 9월 6일 00시,일요일,대구광역시 중구 하서동,경상사고,0,0,1,0,차대차 - 추돌,안전운전불이행,건조,맑음,교차로 - 교차로부근,승용,남,32세,상해없음,이륜,남,21세,경상
2020090600100016,2020년 9월 6일 00시,일요일,대구광역시 달서구 두류동,경상사고,0,0,2,0,차대차 - 추돌,안전운전불이행,젖음/습기,비,교차로 - 교차로부근,승용,여,41세,상해없음,승용,남,43세,경상
2020090600100024,2020년 9월 6일 01시,일요일,대구광역시 달서구 본리동,경상사고,0,0,1,0,차대차 - 추돌,안전운전불이행,건조,맑음,단일로 - 기타,화물,남,41세,상해없음,승용,남,61세,경상
2020090600100035,2020년 9월 6일 02시,일요일,대구광역시 수성구 수성동4가,경상사고,0,0,4,0,차대차 - 측면충돌,안전운전불이행,젖음/습기,비,교차로 - 교차로부근,승용,남,21세,상해없음,승용,남,19세,경상
2020090600100036,2020년 9월 6일 02시,일요일,대구광역시 중구 시장북로,경상사고,0,0,1,0,차대사람 - 기타,신호위반,건조,흐림,교차로 - 교차로안,승용,남,61세,상해없음,보행자,여,22세,경상
2020090600100042,2020년 9월 6일 03시,일요일,대구광역시 달서구 신당동,경상사고,0,0,1,0,차대사람 - 횡단중,보행자보호의무위반,젖음/습기,비,단일로 - 기타,승용,남,25세,상해없음,보행자,여,20세,경상
2020090600100045,2020년 9월 6일 04시,일요일,대구광역시 수성구 황금동,중상사고,0,1,1,0,차대차 - 추돌,안전운전불이행,건조,맑음,교차로 - 교차로부근,승용,남,25세,상해없음,승용,남,42세,중상
2020090600100057,2020년 9월 6일 06시,일요일,대구광역시 수성구 상동,중상사고,0,1,0,0,차량단독 - 공작물충돌,안전운전불이행,건조,맑음,교차로 - 교차로부근,승용,남,31세,상해없음,,,,
2020090600100080,2020년 9월 6일 09시,일요일,대구광역시 수성구 황금동,중상사고,0,1,0,0,차대차 - 기타,신호위반,건조,맑음,단일로 - 기타,승용,남,31세,상해없음,원동기,남,53세,중상
2020090600100094,2020년 9월 6일 10시,일요일,대구광역시 달성군 다사읍,중상사고,0,1,0,0,차대사람 - 기타,보행자보호의무위반,건조,맑음,교차로 - 교차로안,승용,여,45세,상해없음,보행자,여,73세,중상
2020090600100111,2020년 9월 6일 11시,일요일,대구광역시 달서구 두류동,경상사고,0,0,2,0,차대차 - 측면충돌,안전운전불이행,건조,맑음,단일로 - 기타,승용,남,67세,경상,화물,남,67세,경상
2020090600100132,2020년 9월 6일 12시,일요일,대구광역시 달서구 유천동,경상사고,0,0,1,0,차대차 - 측면충돌,신호위반,젖음/습기,비,단일로 - 기타,승용,남,64세,상해없음,자전거,남,13세,경상
2020090600100154,2020년 9월 6일 13시,일요일,대구광역시 수성구 만촌동,중상사고,0,1,0,0,차대차 - 측면충돌,안전운전불이행,건조,맑음,교차로 - 교차로부근,승용,남,26세,상해없음,이륜,남,39세,중상
2020090600100155,2020년 9월 6일 13시,일요일,대구광역시 달서구 신당동,중상사고,0,1,0,0,차대차 - 측면충돌,안전거리미확보,건조,맑음,단일로 - 기타,승용,남,23세,상해없음,이륜,남,26세,중상
2020090600100178,2020년 9월 6일 14시,일요일,대구광역시 동구 신기동,경상사고,0,0,4,1,차대차 - 후진중충돌,안전운전불이행,젖음/습기,비,단일로 - 기타,승용,남,69세,부상신고,승용,여,40세,경상
2020090600100204,2020년 9월 6일 15시,일요일,대구광역시 달서구 상인동,중상사고,0,1,0,0,차대차 - 측면충돌,교차로운행방법위반,젖음/습기,비,교차로 - 교차로안,승용,여,67세,상해없음,이륜,남,53세,중상
2020090600100228,2020년 9월 6일 16시,일요일,대구광역시 달서구 송현동,경상사고,0,0,1,0,차대차 - 기타,안전운전불이행,젖음/습기,비,단일로 - 기타,승용,남,67세,상해없음,승용,여,37세,경상
2020090600100229,2020년 9월 6일 16시,일요일,대구광역시 북구 태전동,부상신고사고,0,0,0,1,차대차 - 측면충돌,안전운전불이행,젖음/습기,비,단일로 - 기타,자전거,남,12세,부상신고,승용,여,48세,상해없음
2020090600100253,2020년 9월 6일 17시,일요일,대구광역시 동구 율하동,중상사고,0,1,0,0,차대사람 - 횡단중,보행자보호의무위반,젖음/습기,비,단일로 - 기타,승용,여,69세,상해없음,보행자,남,50세,중상
2020090600100254,2020년 9월 6일 17시,일요일,대구광역시 동구 신암동,경상사고,0,0,4,0,차대차 - 추돌,안전거리미확보,건조,맑음,단일로 - 기타,승용,남,54세,상해없음,승용,여,39세,경상
2020090600100255,2020년 9월 6일 17시,일요일,대구광역시 달서구 월성동,경상사고,0,0,3,0,차대차 - 측면충돌,신호위반,젖음/습기,비,교차로 - 교차로안,승용,여,49세,상해없음,승용,남,26세,경상
2020090600100256,2020년 9월 6일 17시,일요일,대구광역시 달성군 다사읍,경상사고,0,0,1,0,차대차 - 기타,안전운전불이행,젖음/습기,비,단일로 - 기타,승용,남,47세,상해없음,이륜,남,42세,경상
2020090600100275,2020년 9월 6일 18시,일요일,대구광역시 수성구 상동,경상사고,0,0,1,0,차대차 - 측면충돌,안전운전불이행,젖음/습기,비,교차로 - 교차로부근,승용,남,19세,상해없음,승용,남,60세,경상
2020090600100276,2020년 9월 6일 18시,일요일,대구광역시 달서구 본동,경상사고,0,0,4,1,차대차 - 측면충돌,중앙선침범,젖음/습기,비,단일로 - 기타,이륜,여,18세,부상신고,승용,남,59세,경상
2020090600100277,2020년 9월 6일 18시,일요일,대구광역시 북구 동천동,중상사고,0,1,0,0,차대차 - 기타,안전거리미확보,젖음/습기,비,단일로 - 기타,승용,남,39세,상해없음,이륜,남,40세,중상
2020090600100309,2020년 9월 6일 19시,일요일,대구광역시 수성구 상동,중상사고,0,1,0,0,차대사람 - 기타,안전운전불이행,건조,맑음,단일로 - 기타,기타불명,기타불명,미분류,기타불명,보행자,여,14세,중상
2020090600100310,2020년 9월 6일 19시,일요일,대구광역시 북구 칠성동2가,경상사고,0,0,1,0,차대차 - 측면충돌,불법유턴,젖음/습기,흐림,단일로 - 기타,승용,남,22세,상해없음,원동기,남,21세,경상
2020090600100311,2020년 9월 6일 19시,일요일,대구광역시 달서구 이곡동,중상사고,0,1,0,0,차대차 - 측면충돌,신호위반,젖음/습기,비,교차로 - 교차로안,화물,남,54세,상해없음,승용,남,37세,중상
2020090600100347,2020년 9월 6일 20시,일요일,대구광역시 동구 신서동,경상사고,0,0,1,0,차대차 - 측면충돌,안전운전불이행,건조,맑음,단일로 - 기타,승용,남,51세,상해없음,승용,남,30세,경상
2020090600100348,2020년 9월 6일 20시,일요일,대구광역시 달서구 월성동,경상사고,0,0,1,0,차대차 - 측면충돌,안전거리미확보,건조,맑음,단일로 - 기타,승용,남,56세,상해없음,승용,남,55세,경상
2020090600100378,2020년 9월 6일 21시,일요일,대구광역시 수성구 두산동,중상사고,0,1,1,0,차대차 - 추돌,안전운전불이행,젖음/습기,비,단일로 - 기타,승용,남,33세,상해없음,이륜,남,16세,경상
2020090600100379,2020년 9월 6일 21시,일요일,대구광역시 달서구 송현동,중상사고,0,1,0,0,차대사람 - 횡단중,신호위반,젖음/습기,비,교차로 - 교차로횡단보도내,이륜,남,17세,상해없음,보행자,남,52세,중상
2020090600100399,2020년 9월 6일 22시,일요일,대구광역시 수성구 매호동,경상사고,0,0,1,0,차대차 - 추돌,안전운전불이행,젖음/습기,비,단일로 - 기타,승용,여,35세,상해없음,승용,여,27세,경상
2020090700100023,2020년 9월 7일 02시,월요일,대구광역시 서구 비산동,경상사고,0,0,1,0,차대차 - 측면충돌,안전운전불이행,젖음/습기,비,단일로 - 기타,승용,남,31세,상해없음,승용,남,46세,경상
2020090700100024,2020년 9월 7일 02시,월요일,대구광역시 달서구 감삼동,경상사고,0,0,1,0,차대차 - 기타,안전운전불이행,젖음/습기,비,단일로 - 기타,승용,남,40세,상해없음,이륜,남,29세,경상
2020090700100042,2020년 9월 7일 05시,월요일,대구광역시 북구 칠성동1가,중상사고,0,1,0,0,차대사람 - 횡단중,안전운전불이행,젖음/습기,비,교차로 - 교차로횡단보도내,승용,남,72세,상해없음,보행자,여,74세,중상
2020090700100043,2020년 9월 7일 05시,월요일,대구광역시 달서구 파호동,경상사고,0,0,1,0,차대차 - 기타,중앙선침범,건조,맑음,단일로 - 기타,기타불명,기타불명,미분류,기타불명,승용,남,72세,경상
2020090700100053,2020년 9월 7일 06시,월요일,대구광역시 동구 신천동,경상사고,0,0,3,0,차대차 - 기타,안전거리미확보,건조,맑음,단일로 - 기타,승용,여,55세,경상,승용,남,51세,경상
2020090700100054,2020년 9월 7일 06시,월요일,대구광역시 달서구 이곡동,경상사고,0,0,1,0,차대차 - 기타,교차로운행방법위반,젖음/습기,비,교차로 - 교차로안,승합,남,46세,상해없음,승합,남,58세,상해없음
2020090700100075,2020년 9월 7일 07시,월요일,대구광역시 동구 신천동,경상사고,0,0,2,0,차대차 - 추돌,안전운전불이행,젖음/습기,비,교차로 - 교차로부근,승용,남,30세,상해없음,승용,남,59세,경상
2020090700100133,2020년 9월 7일 09시,월요일,대구광역시 중구 포정동,중상사고,0,1,0,0,차대사람 - 횡단중,안전운전불이행,젖음/습기,비,교차로 - 교차로안,이륜,남,60세,상해없음,보행자,남,78세,중상
2020090700100134,2020년 9월 7일 09시,월요일,대구광역시 북구 팔달동,경상사고,0,0,2,0,차대차 - 측면충돌,안전운전불이행,젖음/습기,흐림,단일로 - 기타,승용,여,42세,경상,승용,여,53세,경상
2020090700100182,2020년 9월 7일 11시,월요일,대구광역시 수성구 성동,부상신고사고,0,0,0,1,차량단독 - 공작물충돌,안전운전불이행,젖음/습기,비,단일로 - 기타,승용,남,56세,부상신고,,,,
2020090700100183,2020년 9월 7일 11시,월요일,대구광역시 달서구 두류동,경상사고,0,0,4,0,차대차 - 추돌,안전운전불이행,젖음/습기,비,교차로 - 교차로부근,승용,여,55세,경상,승용,여,47세,경상
2020090700100211,2020년 9월 7일 12시,월요일,대구광역시 수성구 범어동,경상사고,0,0,4,0,차대차 - 기타,안전운전불이행,건조,맑음,단일로 - 기타,화물,남,61세,상해없음,승용,여,50세,경상
2020090700100212,2020년 9월 7일 12시,월요일,대구광역시 달서구 송현동,경상사고,0,0,1,0,차대차 - 측면충돌,교차로운행방법위반,건조,맑음,교차로 - 교차로안,이륜,남,53세,상해없음,승용,남,24세,경상
2020090700100213,2020년 9월 7일 12시,월요일,대구광역시 달서구 감삼동,경상사고,0,0,1,0,차대차 - 기타,안전운전불이행,젖음/습기,비,단일로 - 기타,화물,남,46세,상해없음,이륜,남,30세,경상
2020090700100214,2020년 9월 7일 12시,월요일,대구광역시 북구 태전동,경상사고,0,0,1,0,차대사람 - 차도통행중,불법유턴,젖음/습기,맑음,단일로 - 기타,승용,남,65세,상해없음,보행자,남,25세,경상
2020090700100248,2020년 9월 7일 13시,월요일,대구광역시 수성구 매호동,경상사고,0,0,1,0,차대차 - 측면충돌,안전운전불이행,건조,맑음,교차로 - 교차로안,승용,여,59세,상해없음,이륜,남,29세,경상
2020090700100249,2020년 9월 7일 13시,월요일,대구광역시 수성구 범어동,경상사고,0,0,1,0,차대차 - 측면충돌,안전운전불이행,젖음/습기,흐림,단일로 - 기타,승용,남,39세,상해없음,승용,남,29세,경상
2020090700100250,2020년 9월 7일 13시,월요일,대구광역시 달성군 다사읍,경상사고,0,0,2,0,차대차 - 측면충돌,신호위반,건조,맑음,교차로 - 교차로안,승용,남,49세,경상,이륜,남,18세,경상
2020090700100251,2020년 9월 7일 13시,월요일,대구광역시 북구 태전동,경상사고,0,0,3,0,차대차 - 기타,안전거리미확보,건조,맑음,단일로 - 기타,화물,남,66세,상해없음,승용,남,47세,경상
2020090700100286,2020년 9월 7일 14시,월요일,대구광역시 동구 중대동,경상사고,0,0,1,0,차량단독 - 도로외이탈 - 기타,안전운전불이행,젖음/습기,비,단일로 - 기타,승용,남,73세,경상,,,,
2020090700100353,2020년 9월 7일 16시,월요일,대구광역시 남구 대명동,경상사고,0,0,1,0,차대차 - 측면충돌,안전운전불이행,건조,맑음,단일로 - 기타,승용,여,60세,상해없음,승합,남,30세,경상
2020090700100354,2020년 9월 7일 16시,월요일,대구광역시 남구 대명동,경상사고,0,0,1,0,차대차 - 측면충돌,중앙선침범,건조,맑음,단일로 - 기타,화물,남,47세,상해없음,자전거,남,46세,경상
2020090700100385,2020년 9월 7일 17시,월요일,대구광역시 동구 신암동,경상사고,0,0,1,0,차대사람 - 기타,안전운전불이행,건조,맑음,단일로 - 기타,화물,남,51세,상해없음,보행자,여,67세,경상
2020090700100386,2020년 9월 7일 17시,월요일,대구광역시 달서구 장기동,중상사고,0,1,0,0,차대차 - 추돌,안전거리미확보,건조,맑음,단일로 - 기타,승용,여,29세,상해없음,이륜,남,43세,중상
2020090700100425,2020년 9월 7일 18시,월요일,대구광역시 수성구 매호동,경상사고,0,0,1,0,차대사람 - 보도통행중,기타,건조,맑음,단일로 - 기타,원동기,남,90세,상해없음,보행자,여,21세,경상
2020090700100426,2020년 9월 7일 18시,월요일,대구광역시 서구 비산동,경상사고,0,0,3,0,차대차 - 측면충돌,안전거리미확보,건조,맑음,교차로 - 교차로부근,승용,남,24세,상해없음,승용,남,25세,경상
2020090700100468,2020년 9월 7일 19시,월요일,대구광역시 수성구 삼덕동,경상사고,0,0,1,0,차대차 - 추돌,안전운전불이행,건조,맑음,단일로 - 기타,승용,남,38세,상해없음,승용,여,35세,경상
2020090700100469,2020년 9월 7일 19시,월요일,대구광역시 달서구 장기동,경상사고,0,0,1,0,차대사람 - 횡단중,안전운전불이행,건조,맑음,단일로 - 기타,승용,남,62세,상해없음,보행자,남,61세,경상
2020090700100513,2020년 9월 7일 20시,월요일,대구광역시 달서구 도원동,부상신고사고,0,0,0,1,차대사람 - 횡단중,안전운전불이행,건조,맑음,단일로 - 기타,승용,남,61세,상해없음,보행자,남,73세,부상신고
2020090700100514,2020년 9월 7일 20시,월요일,대구광역시 북구 복현동,경상사고,0,0,1,0,차대사람 - 기타,안전운전불이행,건조,맑음,기타 - 기타,승용,남,40세,상해없음,보행자,남,52세,경상
2020090700100515,2020년 9월 7일 20시,월요일,대구광역시 중구 포정동,경상사고,0,0,1,0,차대차 - 추돌,안전운전불이행,건조,맑음,교차로 - 교차로부근,승용,남,37세,상해없음,승용,남,41세,경상
2020090700100544,2020년 9월 7일 21시,월요일,대구광역시 달서구 진천동,경상사고,0,0,1,0,차대차 - 기타,교차로운행방법위반,건조,맑음,교차로 - 교차로안,이륜,남,39세,경상,이륜,남,54세,상해없음
2020090700100545,2020년 9월 7일 21시,월요일,대구광역시 달성군 다사읍,경상사고,0,0,2,0,차대사람 - 횡단중,보행자보호의무위반,건조,맑음,교차로 - 교차로안,승용,남,51세,상해없음,보행자,남,58세,경상
2020090700100546,2020년 9월 7일 21시,월요일,대구광역시 북구 국우동,경상사고,0,0,1,0,차대차 - 측면충돌,안전운전불이행,건조,맑음,단일로 - 기타,승용,여,37세,상해없음,자전거,남,17세,경상
2020090700100567,2020년 9월 7일 22시,월요일,대구광역시 달서구 상인동,경상사고,0,0,2,1,차대차 - 측면충돌,안전운전불이행,건조,맑음,단일로 - 기타,승용,여,26세,부상신고,승용,여,48세,경상
2020090700100568,2020년 9월 7일 22시,월요일,대구광역시 달서구 두류동,경상사고,0,0,2,0,차대차 - 기타,안전운전불이행,건조,맑음,교차로 - 교차로안,승용,남,53세,경상,승합,남,58세,경상
2020090700100578,2020년 9월 7일 23시,월요일,대구광역시 달서구 월암동,중상사고,0,1,0,0,차대차 - 기타,안전운전불이행,건조,맑음,단일로 - 기타,승용,남,31세,상해없음,화물,남,57세,중상
2020090800100010,2020년 9월 8일 00시,화요일,대구광역시 북구 침산동,경상사고,0,0,1,0,차대차 - 측면충돌,안전거리미확보,건조,맑음,교차로 - 교차로부근,승용,남,38세,상해없음,승용,남,57세,경상
2020090800100046,2020년 9월 8일 06시,화요일,대구광역시 동구 효목동,경상사고,0,0,1,0,차대차 - 측면충돌,직진우회전진행방해,건조,맑음,교차로 - 교차로안,승용,남,52세,상해없음,승용,여,48세,경상
2020090800100076,2020년 9월 8일 07시,화요일,대구광역시 달서구 월성동,부상신고사고,0,0,0,1,차대차 - 측면충돌,기타,건조,맑음,교차로 - 교차로부근,자전거,남,24세,부상신고,승용,여,41세,상해없음
2020090800100077,2020년 9월 8일 07시,화요일,대구광역시 북구 노원동2가,경상사고,0,0,1,0,차대차 - 측면충돌,안전운전불이행,건조,맑음,단일로 - 교량,기타불명,기타불명,미분류,기타불명,승용,여,32세,경상
2020090800100078,2020년 9월 8일 07시,화요일,대구광역시 북구 칠성동1가,경상사고,0,0,1,0,차대차 - 측면충돌,안전운전불이행,건조,맑음,교차로 - 교차로안,자전거,남,70세,경상,승용,남,47세,상해없음
2020090800100119,2020년 9월 8일 08시,화요일,대구광역시 수성구 만촌동,경상사고,0,0,1,0,차대사람 - 기타,보행자보호의무위반,건조,맑음,단일로 - 기타,화물,남,40세,상해없음,보행자,여,27세,경상
2020090800100120,2020년 9월 8일 08시,화요일,대구광역시 북구 침산동,부상신고사고,0,0,0,1,차대차 - 추돌,안전운전불이행,건조,맑음,단일로 - 기타,이륜,남,61세,부상신고,화물,남,50세,상해없음
2020090800100156,2020년 9월 8일 09시,화요일,대구광역시 달성군 화원읍,경상사고,0,0,1,0,차대차 - 기타,안전운전불이행,건조,맑음,교차로 - 교차로안,화물,남,60세,상해없음,자전거,남,72세,경상
2020090800100157,2020년 9월 8일 09시,화요일,대구광역시 달서구 용산동,경상사고,0,0,1,0,차대차 - 측면충돌,직진우회전진행방해,건조,맑음,교차로 - 교차로안,승용,여,51세,상해없음,승용,남,65세,경상
2020090800100184,2020년 9월 8일 10시,화요일,대구광역시 수성구 범어동,중상사고,0,1,0,0,차대차 - 추돌,안전운전불이행,건조,맑음,단일로 - 기타,승용,남,57세,중상,승합,남,55세,상해없음
2020090800100185,2020년 9월 8일 10시,화요일,대구광역시 달서구 상인동,경상사고,0,0,2,0,차대차 - 측면충돌,안전거리미확보,건조,맑음,단일로 - 기타,승용,여,54세,경상,승용,남,33세,경상
2020090800100221,2020년 9월 8일 11시,화요일,대구광역시 동구 방촌동,경상사고,0,0,1,0,차대사람 - 기타,안전운전불이행,건조,맑음,단일로 - 기타,승용,여,60세,상해없음,보행자,여,62세,경상
2020090800100252,2020년 9월 8일 12시,화요일,대구광역시 남구 대명동,경상사고,0,0,1,0,차대차 - 정면충돌,안전운전불이행,건조,맑음,기타 - 기타,이륜,남,21세,상해없음,자전거,남,57세,경상
2020090800100253,2020년 9월 8일 12시,화요일,대구광역시 동구 신천동,경상사고,0,0,3,0,차대차 - 측면충돌,안전운전불이행,건조,맑음,기타 - 기타,승용,남,72세,기타불명,승용,여,38세,경상
2020090800100254,2020년 9월 8일 12시,화요일,대구광역시 달성군 다사읍,중상사고,0,1,3,0,차대차 - 기타,교차로운행방법위반,건조,맑음,교차로 - 교차로안,화물,남,53세,경상,승용,여,34세,경상
2020090800100313,2020년 9월 8일 14시,화요일,대구광역시 동구 신천동,중상사고,0,1,0,0,차대차 - 측면충돌,신호위반,건조,맑음,교차로 - 교차로안,승용,여,54세,상해없음,이륜,남,30세,중상
2020090800100314,2020년 9월 8일 14시,화요일,대구광역시 서구 이현동,경상사고,0,0,1,0,차대차 - 측면충돌,불법유턴,건조,맑음,단일로 - 기타,승용,남,60세,상해없음,이륜,남,68세,경상
2020090800100351,2020년 9월 8일 15시,화요일,대구광역시 수성구 두산동,경상사고,0,0,1,0,차대차 - 측면충돌,안전운전불이행,건조,맑음,교차로 - 교차로안,승용,남,34세,상해없음,승합,남,69세,상해없음
2020090800100352,2020년 9월 8일 15시,화요일,대구광역시 수성구 범물동,중상사고,0,1,0,0,차대사람 - 횡단중,안전운전불이행,건조,맑음,교차로 - 교차로횡단보도내,승용,여,60세,상해없음,보행자,남,10세,중상
2020090800100353,2020년 9월 8일 15시,화요일,대구광역시 서구 이현동,경상사고,0,0,1,0,차대차 - 기타,안전거리미확보,건조,맑음,단일로 - 기타,화물,남,38세,상해없음,승용,여,50세,경상
2020090800100404,2020년 9월 8일 16시,화요일,대구광역시 달성군 구지면,부상신고사고,0,0,0,1,차대차 - 측면충돌,신호위반,건조,맑음,교차로 - 교차로안,이륜,여,78세,부상신고,화물,남,59세,상해없음
2020090800100405,2020년 9월 8일 16시,화요일,대구광역시 서구 평리동,부상신고사고,0,0,0,1,차대사람 - 길가장자리구역통행중,안전운전불이행,건조,맑음,단일로 - 기타,기타불명,기타불명,미분류,기타불명,보행자,남,59세,부상신고
2020090800100406,2020년 9월 8일 16시,화요일,대구광역시 달서구 본리동,중상사고,0,1,0,1,차대차 - 추돌,안전운전불이행,건조,맑음,교차로 - 교차로부근,화물,남,63세,상해없음,승용,남,52세,중상
2020090800100407,2020년 9월 8일 16시,화요일,대구광역시 북구 구암동,경상사고,0,0,1,0,차대차 - 기타,안전운전불이행,건조,맑음,단일로 - 기타,승용,여,54세,상해없음,이륜,남,20세,경상
2020090800100444,2020년 9월 8일 17시,화요일,대구광역시 수성구 중동,중상사고,0,1,0,0,차대차 - 측면충돌,안전거리미확보,건조,맑음,기타 - 기타,승용,남,58세,기타불명,승용,여,50세,중상
2020090800100445,2020년 9월 8일 17시,화요일,대구광역시 서구 내당동,경상사고,0,0,1,1,차대차 - 측면충돌,신호위반,건조,맑음,단일로 - 기타,승용,남,70세,부상신고,승용,남,38세,경상
2020090800100484,2020년 9월 8일 18시,화요일,대구광역시 달서구 상인동,경상사고,0,0,1,0,차대차 - 측면충돌,신호위반,젖음/습기,비,교차로 - 교차로안,승용,남,53세,상해없음,이륜,남,24세,경상
2020090800100485,2020년 9월 8일 18시,화요일,대구광역시 달서구 상인동,경상사고,0,0,1,0,차대차 - 측면충돌,교차로운행방법위반,건조,맑음,교차로 - 교차로안,승용,남,67세,상해없음,승용,남,30세,경상
2020090800100486,2020년 9월 8일 18시,화요일,대구광역시 달성군 현풍읍,경상사고,0,0,1,0,차대차 - 추돌,안전운전불이행,건조,맑음,교차로 - 교차로안,승용,여,58세,상해없음,승용,남,41세,경상
2020090800100487,2020년 9월 8일 18시,화요일,대구광역시 북구 칠성동2가,경상사고,0,0,1,0,차대차 - 측면충돌,불법유턴,건조,맑음,단일로 - 기타,승용,여,27세,상해없음,승용,여,58세,경상
2020090800100488,2020년 9월 8일 18시,화요일,대구광역시 달서구 갈산동,경상사고,0,0,1,0,차대차 - 측면충돌,기타,건조,맑음,단일로 - 기타,화물,남,46세,상해없음,승용,남,63세,경상
2020090800100525,2020년 9월 8일 19시,화요일,대구광역시 동구 율하동,경상사고,0,0,2,0,차대차 - 기타,안전운전불이행,건조,맑음,교차로 - 교차로안,승용,남,75세,상해없음,이륜,남,20세,경상
2020090800100526,2020년 9월 8일 19시,화요일,대구광역시 동구 동호동,중상사고,0,1,0,0,차대차 - 기타,교차로운행방법위반,건조,맑음,교차로 - 교차로부근,화물,남,42세,상해없음,이륜,남,32세,중상