사고번호,사고일시,요일,시군구,사고내용,사망자수,중상자수,경상자수,부상신고자수,사고유형,법규위반,노면상태,기상상태,도로형태,가해운전자 차종,가해운전자 성별,가해운전자 연령,가해운전자 상해정도,피해운전자 차종,피해운전자 성별,피해운전자 연령,피해운전자 상해정도
2020091400100336,2020년 9월 14일 14시,월요일,대구광역시 서구 원대동3가,부상신고사고,0,0,0,2,차대사람 - 기타,보행자보호의무위반,건조,맑음,단일로 - 기타,원동기,여,38세,부상신고,보행자,여,81세,부상신고
2020091400100369,2020년 9월 14일 15시,월요일,대구광역시 수성구 황금동,중상사고,0,1,1,0,차대차 - 추돌,안전운전불이행,건조,맑음,단일로 - 기타,승용,여,21세,상해없음,승용,여,46세,중상
2020091400100370,2020년 9월 14일 15시,월요일,대구광역시 북구 칠성동2가,경상사고,0,0,1,0,차대차 - 기타,안전운전불이행,건조,맑음,단일로 - 기타,화물,남,52세,상해없음,승용,여,58세,상해없음
2020091400100371,2020년 9월 14일 15시,월요일,대구광역시 서구 내당동,부상신고사고,0,0,0,1,차대차 - 측면충돌,안전운전불이행,건조,맑음,단일로 - 기타,화물,남,48세,상해없음,자전거,남,77세,부상신고
2020091400100410,2020년 9월 14일 16시,월요일,대구광역시 수성구 지산동,중상사고,0,1,1,0,차대차 - 측면충돌,안전운전불이행,건조,맑음,단일로 - 기타,건설기계,남,63세,상해없음,승용,여,70세,중상
2020091400100411,2020년 9월 14일 16시,월요일,대구광역시 서구 평리동,부상신고사고,0,0,0,1,차대차 - 측면충돌,중앙선침범,건조,맑음,교차로 - 교차로안,자전거,남,77세,부상신고,승용,남,55세,상해없음
2020091400100412,2020년 9월 14일 16시,월요일,대구광역시 중구 남산동,중상사고,0,1,0,0,차대사람 - 기타,안전운전불이행,건조,맑음,주차장 - 주차장,승용,남,51세,상해없음,보행자,여,52세,중상
2020091400100413,2020년 9월 14일 16시,월요일,대구광역시 북구 동변동,중상사고,0,1,0,0,차대차 - 기타,안전운전불이행,건조,맑음,단일로 - 기타,이륜,남,58세,상해없음,자전거,남,8세,중상
2020091400100460,2020년 9월 14일 17시,월요일,대구광역시 수성구 범물동,경상사고,0,0,1,0,차대차 - 측면충돌,신호위반,건조,맑음,교차로 - 교차로부근,승용,남,23세,상해없음,자전거,여,64세,경상
2020091400100462,2020년 9월 14일 17시,월요일,대구광역시 북구 고성동2가,경상사고,0,0,2,0,차대차 - 측면충돌,안전운전불이행,건조,맑음,교차로 - 교차로안,승용,여,42세,경상,승용,남,33세,경상
2020091400100497,2020년 9월 14일 18시,월요일,대구광역시 남구 대명동,중상사고,0,1,1,0,차대차 - 측면충돌,신호위반,건조,맑음,교차로 - 교차로안,이륜,남,18세,중상,승용,남,29세,경상
2020091400100498,2020년 9월 14일 18시,월요일,대구광역시 서구 평리동,부상신고사고,0,0,0,1,차대사람 - 길가장자리구역통행중,안전운전불이행,건조,맑음,단일로 - 기타,기타불명,기타불명,미분류,기타불명,보행자,남,76세,부상신고
2020091400100499,2020년 9월 14일 18시,월요일,대구광역시 북구 국우동,중상사고,0,1,1,0,차대차 - 기타,직진우회전진행방해,건조,맑음,교차로 - 교차로안,이륜,남,56세,경상,이륜,남,51세,중상
2020091400100539,2020년 9월 14일 19시,월요일,대구광역시 중구 덕산동,경상사고,0,0,1,1,차대차 - 측면충돌,안전운전불이행,건조,맑음,교차로 - 교차로부근,자전거,남,52세,부상신고,승합,남,61세,상해없음
2020091400100587,2020년 9월 14일 21시,월요일,대구광역시 동구 신기동,중상사고,0,1,0,0,차대차 - 측면충돌,교차로운행방법위반,건조,맑음,교차로 - 교차로안,화물,남,45세,상해없음,이륜,남,19세,중상
2020091400100588,2020년 9월 14일 21시,월요일,대구광역시 달성군 화원읍,경상사고,0,0,1,0,차대차 - 기타,안전거리미확보,건조,맑음,기타 - 기타,승용,남,22세,상해없음,이륜,남,44세,경상
2020091400100612,2020년 9월 14일 22시,월요일,대구광역시 달성군 화원읍,사망사고,1,0,0,0,차대차 - 기타,신호위반,건조,맑음,교차로 - 교차로안,이륜,남,18세,사망,승용,남,41세,상해없음
2020091400100627,2020년 9월 14일 23시,월요일,대구광역시 남구 봉덕동,경상사고,0,0,1,0,차대차 - 측면충돌,안전운전불이행,건조,맑음,단일로 - 기타,승용,남,57세,상해없음,승용,남,34세,경상
2020091400100628,2020년 9월 14일 23시,월요일,대구광역시 북구 복현동,경상사고,0,0,1,0,차량단독 - 전도전복 - 전도,안전운전불이행,건조,맑음,단일로 - 기타,이륜,여,47세,경상,,,,
2020091500100024,2020년 9월 15일 01시,화요일,대구광역시 남구 대명동,중상사고,0,1,0,0,차대차 - 측면충돌,안전운전불이행,건조,맑음,단일로 - 지하차도(도로)내,이륜,남,23세,중상,승용,남,58세,기타불명
2020091500100025,2020년 9월 15일 01시,화요일,대구광역시 달성군 다사읍,경상사고,0,0,3,0,차대차 - 측면충돌,교차로운행방법위반,건조,맑음,교차로 - 교차로안,승용,남,20세,상해없음,승용,남,43세,경상
2020091500100040,2020년 9월 15일 05시,화요일,대구광역시 서구 평리동,경상사고,0,0,1,0,차대차 - 측면충돌,신호위반,건조,맑음,교차로 - 교차로안,승용,남,83세,상해없음,승합,남,68세,경상
2020091500100072,2020년 9월 15일 07시,화요일,대구광역시 동구 율하동,경상사고,0,0,2,0,차대차 - 추돌,안전운전불이행,건조,맑음,단일로 - 기타,화물,남,31세,상해없음,승용,여,35세,경상
2020091500100073,2020년 9월 15일 07시,화요일,대구광역시 수성구 만촌동,중상사고,0,1,0,0,차대차 - 정면충돌,안전운전불이행,건조,맑음,단일로 - 기타,화물,남,41세,상해없음,기타불명,여,66세,중상
2020091500100074,2020년 9월 15일 07시,화요일,대구광역시 북구 팔달동,중상사고,0,1,0,0,차대사람 - 기타,안전운전불이행,건조,맑음,단일로 - 기타,승용,남,47세,상해없음,보행자,남,72세,중상
2020091500100106,2020년 9월 15일 08시,화요일,대구광역시 동구 서호동,경상사고,0,0,4,0,차대차 - 측면충돌,차로위반,건조,맑음,단일로 - 기타,승용,여,66세,상해없음,승용,여,48세,경상
2020091500100107,2020년 9월 15일 08시,화요일,대구광역시 수성구 만촌동,경상사고,0,0,1,0,차대차 - 측면충돌,신호위반,건조,맑음,단일로 - 기타,승용,여,43세,상해없음,승용,남,33세,경상
2020091500100134,2020년 9월 15일 09시,화요일,대구광역시 동구 율하동,경상사고,0,0,1,0,차대차 - 측면충돌,안전운전불이행,건조,맑음,교차로 - 교차로안,승용,여,29세,상해없음,자전거,여,54세,경상
2020091500100135,2020년 9월 15일 09시,화요일,대구광역시 수성구 중동,중상사고,0,1,0,0,차대차 - 측면충돌,기타,건조,맑음,교차로 - 교차로부근,화물,남,37세,기타불명,자전거,여,70세,중상
2020091500100136,2020년 9월 15일 09시,화요일,대구광역시 달서구 진천동,중상사고,0,1,0,0,차대사람 - 차도통행중,기타,건조,맑음,단일로 - 기타,승합,남,55세,상해없음,보행자,여,77세,중상
2020091500100160,2020년 9월 15일 10시,화요일,대구광역시 수성구 중동,경상사고,0,0,1,0,차대차 - 측면충돌,차로위반,건조,맑음,단일로 - 기타,승용,여,53세,상해없음,승용,여,47세,경상
2020091500100190,2020년 9월 15일 11시,화요일,대구광역시 북구 태전동,경상사고,0,0,1,0,차대사람 - 기타,신호위반,건조,맑음,교차로 - 교차로부근,승용,남,81세,상해없음,보행자,남,16세,경상
2020091500100233,2020년 9월 15일 12시,화요일,대구광역시 동구 방촌동,경상사고,0,0,2,0,차대차 - 추돌,안전운전불이행,건조,맑음,기타 - 기타,승용,남,75세,기타불명,화물,남,51세,경상
2020091500100234,2020년 9월 15일 12시,화요일,대구광역시 북구 칠성동1가,중상사고,0,1,1,0,차대차 - 기타,안전운전불이행,건조,맑음,단일로 - 기타,승용,여,40세,경상,승용,남,62세,상해없음
2020091500100235,2020년 9월 15일 12시,화요일,대구광역시 북구 서변동,경상사고,0,0,1,0,차량단독 - 기타,안전운전불이행,건조,맑음,기타 - 기타,자전거,남,73세,경상,,,,
2020091500100269,2020년 9월 15일 13시,화요일,대구광역시 서구 평리동,경상사고,0,0,1,0,차대사람 - 기타,안전운전불이행,건조,맑음,단일로 - 기타,승용,남,32세,상해없음,보행자,여,55세,경상
2020091500100270,2020년 9월 15일 13시,화요일,대구광역시 중구 봉산동,경상사고,0,0,1,0,차대차 - 측면충돌,차로위반,건조,맑음,단일로 - 기타,승용,남,58세,상해없음,승용,남,30세,경상
2020091500100310,2020년 9월 15일 14시,화요일,대구광역시 동구 신천동,경상사고,0,0,2,0,차대차 - 측면충돌,안전운전불이행,건조,맑음,단일로 - 기타,화물,남,57세,상해없음,이륜,남,21세,경상
2020091500100344,2020년 9월 15일 15시,화요일,대구광역시 수성구 만촌동,경상사고,0,0,2,0,차대차 - 기타,안전운전불이행,건조,맑음,단일로 - 기타,승용,남,67세,상해없음,승용,여,44세,경상
2020091500100345,2020년 9월 15일 15시,화요일,대구광역시 수성구 수성동1가,경상사고,0,0,4,0,차대차 - 추돌,안전운전불이행,건조,맑음,교차로 - 교차로부근,승용,남,42세,상해없음,승용,남,41세,경상
2020091500100346,2020년 9월 15일 15시,화요일,대구광역시 서구 내당동,경상사고,0,0,1,0,차대차 - 측면충돌,안전운전불이행,건조,맑음,단일로 - 기타,승용,남,59세,상해없음,승용,여,62세,기타불명
2020091500100347,2020년 9월 15일 15시,화요일,대구광역시 달서구 용산동,경상사고,0,0,1,0,차대차 - 추돌,안전거리미확보,건조,맑음,단일로 - 기타,이륜,남,22세,기타불명,승용,여,49세,경상
2020091500100382,2020년 9월 15일 16시,화요일,대구광역시 수성구 파동,중상사고,0,1,1,0,차대차 - 추돌,안전운전불이행,건조,맑음,단일로 - 고가도로위,승용,여,35세,상해없음,승용,여,50세,중상
2020091500100383,2020년 9월 15일 16시,화요일,대구광역시 남구 봉덕동,부상신고사고,0,0,0,1,차대차 - 기타,안전운전불이행,건조,맑음,교차로 - 교차로안,승용,여,29세,상해없음,자전거,남,10세,부상신고
2020091500100384,2020년 9월 15일 16시,화요일,대구광역시 달서구 진천동,경상사고,0,0,1,0,차대차 - 측면충돌,안전운전불이행,건조,맑음,교차로 - 교차로안,승용,여,47세,상해없음,원동기,남,47세,경상
2020091500100423,2020년 9월 15일 17시,화요일,대구광역시 남구 대명동,경상사고,0,0,1,0,차대차 - 측면충돌,직진우회전진행방해,건조,맑음,교차로 - 교차로안,승용,남,63세,상해없음,이륜,여,41세,경상
2020091500100460,2020년 9월 15일 18시,화요일,대구광역시 남구 봉덕동,경상사고,0,0,1,0,차대차 - 추돌,안전거리미확보,건조,맑음,단일로 - 기타,승용,남,29세,상해없음,화물,남,25세,경상
2020091500100461,2020년 9월 15일 18시,화요일,대구광역시 수성구 황금동,중상사고,0,1,0,0,차대사람 - 차도통행중,안전운전불이행,건조,맑음,단일로 - 기타,승용,남,65세,상해없음,보행자,여,82세,중상
2020091500100462,2020년 9월 15일 18시,화요일,대구광역시 달서구 도원동,경상사고,0,0,1,0,차대차 - 측면충돌,안전거리미확보,건조,맑음,단일로 - 기타,화물,남,58세,상해없음,승용,남,24세,경상
2020091500100501,2020년 9월 15일 19시,화요일,대구광역시 남구 대명동,중상사고,0,1,0,0,차대차 - 측면충돌,신호위반,건조,맑음,교차로 - 교차로부근,화물,여,67세,상해없음,이륜,남,41세,중상
2020091500100502,2020년 9월 15일 19시,화요일,대구광역시 동구 방촌동,경상사고,0,0,1,0,차대차 - 측면충돌,교차로운행방법위반,건조,맑음,교차로 - 교차로안,원동기,남,40세,상해없음,자전거,남,21세,경상
2020091500100503,2020년 9월 15일 19시,화요일,대구광역시 수성구 수성동3가,경상사고,0,0,1,0,차대차 - 측면충돌,안전운전불이행,건조,맑음,주차장 - 주차장,승용,여,58세,상해없음,승용,남,26세,경상
2020091500100504,2020년 9월 15일 19시,화요일,대구광역시 달서구 상인동,경상사고,0,0,1,0,차대차 - 기타,신호위반,건조,맑음,교차로 - 교차로횡단보도내,원동기,남,22세,상해없음,자전거,남,17세,경상
2020091500100505,2020년 9월 15일 19시,화요일,대구광역시 서구 비산동,경상사고,0,0,1,0,차대차 - 측면충돌,안전거리미확보,건조,맑음,단일로 - 기타,승용,여,71세,상해없음,승용,남,25세,경상
2020091500100579,2020년 9월 15일 23시,화요일,대구광역시 수성구 상동,경상사고,0,0,1,0,차대차 - 측면충돌,신호위반,건조,맑음,단일로 - 기타,이륜,남,43세,기타불명,승용,남,44세,경상
2020091500100580,2020년 9월 15일 23시,화요일,대구광역시 서구 평리동,경상사고,0,0,1,0,차대차 - 기타,신호위반,건조,맑음,교차로 - 교차로안,기타불명,기타불명,미분류,기타불명,이륜,남,21세,경상
2020091600100039,2020년 9월 16일 05시,수요일,대구광역시 달서구 신당동,경상사고,0,0,1,0,차대차 - 정면충돌,신호위반,젖음/습기,비,교차로 - 교차로안,승용,남,71세,상해없음,승용,남,29세,경상
2020091600100062,2020년 9월 16일 07시,수요일,대구광역시 북구 산격동,경상사고,0,0,5,0,차대차 - 측면충돌,안전운전불이행,젖음/습기,비,단일로 - 기타,승용,남,29세,상해없음,승용,남,39세,경상
2020091600100063,2020년 9월 16일 07시,수요일,대구광역시 서구 내당동,경상사고,0,0,1,0,차대차 - 측면충돌,안전거리미확보,젖음/습기,흐림,단일로 - 기타,화물,남,42세,상해없음,승용,여,52세,경상
2020091600100064,2020년 9월 16일 07시,수요일,대구광역시 북구 팔달동,경상사고,0,0,2,0,차대차 - 추돌,안전거리미확보,젖음/습기,비,단일로 - 기타,승용,여,30세,상해없음,승용,남,33세,경상
2020091600100100,2020년 9월 16일 08시,수요일,대구광역시 중구 북성로1가,부상신고사고,0,0,0,2,차대차 - 측면충돌,교차로운행방법위반,건조,맑음,교차로 - 교차로안,승용,남,62세,기타불명,승용,남,36세,부상신고
2020091600100101,2020년 9월 16일 08시,수요일,대구광역시 달서구 장기동,경상사고,0,0,1,0,차대차 - 측면충돌,안전운전불이행,건조,맑음,교차로 - 교차로부근,승용,남,72세,상해없음,승용,여,39세,경상
2020091600100138,2020년 9월 16일 09시,수요일,대구광역시 달서구 두류동,경상사고,0,0,1,0,차대차 - 측면충돌,교차로운행방법위반,건조,맑음,교차로 - 교차로안,화물,남,40세,상해없음,원동기,여,51세,경상
2020091600100139,2020년 9월 16일 09시,수요일,대구광역시 북구 태전동,경상사고,0,0,2,0,차대차 - 측면충돌,안전거리미확보,젖음/습기,비,단일로 - 기타,승용,여,66세,경상,승용,남,21세,경상
2020091600100177,2020년 9월 16일 10시,수요일,대구광역시 수성구 수성동2가,경상사고,0,0,1,1,차대차 - 측면충돌,안전운전불이행,건조,맑음,단일로 - 기타,화물,남,53세,부상신고,화물,남,45세,경상
2020091600100178,2020년 9월 16일 10시,수요일,대구광역시 서구 이현동,경상사고,0,0,1,0,차대차 - 측면충돌,안전운전불이행,건조,맑음,교차로 - 교차로안,화물,남,42세,상해없음,자전거,여,53세,경상
2020091600100179,2020년 9월 16일 10시,수요일,대구광역시 서구 평리동,중상사고,0,1,0,0,차대차 - 정면충돌,교차로운행방법위반,젖음/습기,맑음,교차로 - 교차로안,승용,여,52세,상해없음,이륜,남,76세,중상
2020091600100207,2020년 9월 16일 11시,수요일,대구광역시 달서구 호산동,중상사고,0,1,0,0,차대차 - 추돌,안전운전불이행,건조,맑음,교차로 - 교차로부근,화물,남,28세,상해없음,승용,남,42세,중상
2020091600100208,2020년 9월 16일 11시,수요일,대구광역시 달서구 본리동,중상사고,0,1,0,0,차대차 - 기타,교차로운행방법위반,건조,맑음,교차로 - 교차로안,화물,남,40세,상해없음,이륜,남,55세,중상
2020091600100254,2020년 9월 16일 13시,수요일,대구광역시 북구 침산동,경상사고,0,0,3,0,차대차 - 기타,안전운전불이행,건조,맑음,교차로 - 교차로부근,승용,남,62세,상해없음,승용,남,36세,경상
2020091600100255,2020년 9월 16일 13시,수요일,대구광역시 달서구 감삼동,중상사고,0,1,0,0,차대차 - 측면충돌,교차로운행방법위반,건조,맑음,교차로 - 교차로안,승용,남,31세,상해없음,이륜,남,54세,중상
2020091600100281,2020년 9월 16일 14시,수요일,대구광역시 수성구 중동,경상사고,0,0,1,1,차대차 - 추돌,신호위반,건조,맑음,교차로 - 교차로안,이륜,여,81세,부상신고,이륜,남,31세,경상
2020091600100282,2020년 9월 16일 14시,수요일,대구광역시 달성군 다사읍,경상사고,0,0,1,0,차대사람 - 기타,안전운전불이행,건조,맑음,주차장 - 주차장,화물,남,35세,상해없음,보행자,여,59세,경상
2020091600100309,2020년 9월 16일 15시,수요일,대구광역시 남구 봉덕동,부상신고사고,0,0,0,1,차대사람 - 기타,안전운전불이행,건조,맑음,단일로 - 기타,승용,여,48세,기타불명,보행자,여,21세,부상신고
2020091600100310,2020년 9월 16일 15시,수요일,대구광역시 수성구 지산동,경상사고,0,0,2,0,차대차 - 측면충돌,안전운전불이행,건조,맑음,교차로 - 교차로부근,승용,여,38세,경상,승용,여,59세,경상
2020091600100311,2020년 9월 16일 15시,수요일,대구광역시 서구 비산동,중상사고,0,1,0,0,차량단독 - 기타,안전운전불이행,건조,맑음,단일로 - 기타,승합,남,54세,상해없음,,,,
2020091600100348,2020년 9월 16일 16시,수요일,대구광역시 달서구 송현동,경상사고,0,0,3,0,차대차 - 측면충돌,차로위반,건조,맑음,단일로 - 기타,화물,남,52세,상해없음,화물,남,55세,경상
2020091600100349,2020년 9월 16일 16시,수요일,대구광역시 서구 중리동,경상사고,0,0,1,0,차대차 - 측면충돌,안전운전불이행,건조,맑음,교차로 - 교차로부근,승용,여,67세,상해없음,승용,남,59세,경상
2020091600100393,2020년 9월 16일 17시,수요일,대구광역시 동구 효목동,중상사고,0,2,2,0,차대차 - 추돌,안전거리미확보,건조,맑음,단일로 - 기타,승용,남,58세,상해없음,승용,여,58세,중상
2020091600100394,2020년 9월 16일 17시,수요일,대구광역시 서구 내당동,경상사고,0,0,1,0,차대차 - 측면충돌,안전운전불이행,건조,맑음,단일로 - 기타,이륜,남,24세,경상,승용,남,60세,상해없음
2020091600100430,2020년 9월 16일 18시,수요일,대구광역시 남구 대명동,경상사고,0,0,1,0,차대사람 - 기타,안전운전불이행,건조,맑음,교차로 - 교차로안,승용,남,67세,상해없음,보행자,남,7세,경상
2020091600100431,2020년 9월 16일 18시,수요일,대구광역시 동구 봉무동,경상사고,0,0,1,0,차대차 - 측면충돌,중앙선침범,건조,맑음,단일로 - 기타,승용,여,55세,상해없음,승용,남,61세,경상
2020091600100432,2020년 9월 16일 18시,수요일,대구광역시 수성구 지산동,중상사고,0,1,0,0,차대사람 - 횡단중,안전운전불이행,건조,맑음,단일로 - 기타,승용,남,52세,상해없음,보행자,남,8세,중상
2020091600100433,2020년 9월 16일 18시,수요일,대구광역시 달서구 월성동,경상사고,0,0,1,0,차대차 - 측면충돌,교차로운행방법위반,건조,맑음,교차로 - 교차로안,화물,남,61세,상해없음,이륜,남,54세,경상
2020091600100434,2020년 9월 16일 18시,수요일,대구광역시 북구 산격동,경상사고,0,0,2,0,차대차 - 기타,안전운전불이행,건조,맑음,단일로 - 기타,승용,여,60세,경상,승용,남,31세,경상
2020091600100435,2020년 9월 16일 18시,수요일,대구광역시 달서구 용산동,경상사고,0,0,2,0,차대차 - 추돌,안전운전불이행,건조,맑음,단일로 - 기타,승용,남,64세,상해없음,승용,남,27세,경상
2020091600100479,2020년 9월 16일 19시,수요일,대구광역시 달성군 현풍읍,경상사고,0,0,2,0,차대차 - 측면충돌,안전운전불이행,건조,맑음,주차장 - 주차장,승용,남,31세,상해없음,승용,남,68세,경상
2020091600100511,2020년 9월 16일 20시,수요일,대구광역시 북구 침산동,중상사고,0,1,0,0,차대차 - 기타,안전운전불이행,건조,맑음,단일로 - 기타,승용,여,65세,상해없음,자전거,남,84세,중상
2020091600100512,2020년 9월 16일 20시,수요일,대구광역시 달서구 이곡동,중상사고,0,1,0,0,차대사람 - 차도통행중,안전운전불이행,건조,맑음,단일로 - 기타,승용,여,52세,상해없음,보행자,여,57세,중상
2020091600100535,2020년 9월 16일 21시,수요일,대구광역시 수성구 상동,중상사고,0,1,0,0,차대사람 - 횡단중,안전운전불이행,건조,맑음,단일로 - 기타,승합,남,39세,상해없음,보행자,남,64세,중상
2020091600100554,2020년 9월 16일 22시,수요일,대구광역시 달서구 감삼동,경상사고,0,0,1,0,차대차 - 측면충돌,신호위반,건조,맑음,단일로 - 기타,이륜,남,29세,상해없음,이륜,남,58세,경상
2020091600100572,2020년 9월 16일 23시,수요일,대구광역시 서구 내당동,경상사고,0,0,1,0,차대차 - 측면충돌,안전거리미확보,건조,맑음,교차로 - 교차로부근,승용,여,34세,상해없음,승용,남,53세,경상
2020091600100573,2020년 9월 16일 23시,수요일,대구광역시 북구 관음동,중상사고,0,1,0,0,차대차 - 측면충돌,신호위반,건조,맑음,교차로 - 교차로안,승용,여,23세,상해없음,승용,남,24세,중상
2020091700100005,2020년 9월 17일 00시,목요일,대구광역시 동구 신천동,경상사고,0,0,1,0,차대차 - 측면충돌,안전거리미확보,건조,맑음,단일로 - 기타,화물,남,42세,상해없음,이륜,남,32세,경상
2020091700100006,2020년 9월 17일 00시,목요일,대구광역시 달서구 호산동,중상사고,0,1,1,0,차대차 - 후진중충돌,안전운전불이행,건조,맑음,교차로 - 교차로부근,승용,남,30세,상해없음,화물,남,31세,중상
2020091700100024,2020년 9월 17일 03시,목요일,대구광역시 서구 비산동,경상사고,0,0,1,1,차대차 - 측면충돌,신호위반,건조,맑음,교차로 - 교차로안,개인형이동수단(PM),남,18세,부상신고,승용,남,64세,경상
2020091700100073,2020년 9월 17일 07시,목요일,대구광역시 수성구 신매동,경상사고,0,0,1,0,차대차 - 추돌,안전운전불이행,건조,맑음,단일로 - 기타,승용,남,32세,상해없음,승용,남,30세,경상
2020091700100074,2020년 9월 17일 07시,목요일,대구광역시 중구 대신동,경상사고,0,0,1,0,차대사람 - 기타,안전운전불이행,건조,맑음,단일로 - 기타,화물,남,63세,상해없음,보행자,여,54세,경상
2020091700100169,2020년 9월 17일 10시,목요일,대구광역시 수성구 지산동,경상사고,0,0,1,0,차대차 - 기타,안전운전불이행,건조,맑음,교차로 - 교차로부근,승용,남,69세,상해없음,이륜,남,32세,경상
2020091700100220,2020년 9월 17일 12시,목요일,대구광역시 남구 대명동,경상사고,0,0,1,0,차대차 - 측면충돌,기타,건조,맑음,단일로 - 지하차도(도로)내,원동기,남,26세,경상,화물,남,52세,상해없음
2020091700100221,2020년 9월 17일 12시,목요일,대구광역시 중구 남산동,중상사고,0,1,0,0,차량단독 - 기타,기타,건조,맑음,단일로 - 기타,승합,남,55세,상해없음,,,,
2020091700100290,2020년 9월 17일 14시,목요일,대구광역시 남구 대명동,경상사고,0,0,1,0,차대사람 - 길가장자리구역통행중,안전운전불이행,건조,맑음,단일로 - 기타,승용,여,65세,상해없음,보행자,여,61세,경상
2020091700100291,2020년 9월 17일 14시,목요일,대구광역시 중구 동인동4가,중상사고,0,1,0,0,차대차 - 측면충돌,안전운전불이행,건조,맑음,교차로 - 교차로안,승용,남,55세,상해없음,자전거,여,72세,중상
2020091700100320,2020년 9월 17일 15시,목요일,대구광역시 수성구 범어동,경상사고,0,0,1,0,차대차 - 추돌,안전운전불이행,건조,맑음,단일로 - 기타,승용,남,77세,상해없음,승용,여,36세,경상
2020091700100321,2020년 9월 17일 15시,목요일,대구광역시 달서구 상인동,경상사고,0,0,1,0,차대차 - 추돌,안전운전불이행,건조,맑음,단일로 - 기타,승용,남,20세,상해없음,승용,여,72세,경상
2020091700100322,2020년 9월 17일 15시,목요일,대구광역시 서구 내당동,경상사고,0,0,1,0,차대차 - 기타,안전운전불이행,건조,맑음,교차로 - 교차로안,승용,남,75세,상해없음,승용,여,53세,경상
2020091700100359,2020년 9월 17일 16시,목요일,대구광역시 동구 율하동,경상사고,0,0,1,0,차대차 - 측면충돌,안전거리미확보,젖음/습기,비,교차로 - 교차로안,이륜,남,17세,경상,승용,여,37세,상해없음
2020091700100360,2020년 9월 17일 16시,목요일,대구광역시 동구 신암동,중상사고,0,1,0,0,차대사람 - 횡단중,보행자보호의무위반,건조,맑음,교차로 - 교차로횡단보도내,승용,남,55세,상해없음,보행자,남,17세,중상
2020091700100361,2020년 9월 17일 16시,목요일,대구광역시 북구 연경동,중상사고,0,1,1,0,차대차 - 측면충돌,교차로운행방법위반,젖음/습기,비,교차로 - 교차로안,승합,남,27세,상해없음,승합,남,64세,중상
2020091700100401,2020년 9월 17일 17시,목요일,대구광역시 북구 복현동,부상신고사고,0,0,0,1,차대차 - 측면충돌,안전운전불이행,건조,맑음,단일로 - 기타,승용,남,30세,기타불명,자전거,남,31세,부상신고
2020091700100402,2020년 9월 17일 17시,목요일,대구광역시 서구 중리동,경상사고,0,0,1,0,차대차 - 기타,안전운전불이행,건조,맑음,교차로 - 교차로안,승용,남,55세,상해없음,이륜,남,29세,경상
2020091700100437,2020년 9월 17일 18시,목요일,대구광역시 남구 대명동,경상사고,0,0,1,0,차대차 - 기타,안전운전불이행,건조,맑음,단일로 - 기타,승용,남,55세,상해없음,승용,남,74세,경상
2020091700100438,2020년 9월 17일 18시,목요일,대구광역시 남구 봉덕동,경상사고,0,0,1,0,차대차 - 후진중충돌,안전운전불이행,젖음/습기,비,교차로 - 교차로부근,승용,남,38세,상해없음,승용,남,63세,경상
2020091700100439,2020년 9월 17일 18시,목요일,대구광역시 동구 지저동,경상사고,0,0,7,0,차대차 - 측면충돌,안전운전불이행,건조,맑음,단일로 - 기타,이륜,남,24세,상해없음,승용,여,45세,경상
2020091700100440,2020년 9월 17일 18시,목요일,대구광역시 수성구 범어동,중상사고,0,1,0,0,차대사람 - 횡단중,안전운전불이행,건조,맑음,단일로 - 기타,승용,남,84세,상해없음,보행자,남,22세,중상
2020091700100441,2020년 9월 17일 18시,목요일,대구광역시 달서구 진천동,중상사고,0,1,1,0,차대차 - 추돌,안전거리미확보,건조,맑음,교차로 - 교차로안,승용,남,65세,상해없음,사륜오토바이(ATV),남,26세,중상
2020091700100443,2020년 9월 17일 18시,목요일,대구광역시 달서구 본리동,경상사고,0,0,2,0,차대차 - 기타,안전운전불이행,건조,맑음,단일로 - 기타,승용,남,18세,상해없음,승용,여,47세,경상
2020091700100444,2020년 9월 17일 18시,목요일,대구광역시 북구 팔달동,중상사고,0,1,0,0,차대사람 - 길가장자리구역통행중,안전운전불이행,건조,맑음,단일로 - 기타,승용,남,27세,상해없음,보행자,남,78세,중상
2020091700100480,2020년 9월 17일 19시,목요일,대구광역시 수성구 사월동,경상사고,0,0,1,0,차대사람 - 횡단중,보행자보호의무위반,젖음/습기,비,교차로 - 교차로부근,승용,남,59세,상해없음,보행자,여,36세,경상
2020091700100481,2020년 9월 17일 19시,목요일,대구광역시 수성구 신매동,중상사고,0,1,1,0,차대차 - 측면충돌,안전운전불이행,젖음/습기,비,교차로 - 교차로부근,승용,남,63세,상해없음,화물,남,26세,중상
2020091700100482,2020년 9월 17일 19시,목요일,대구광역시 달서구 월성동,경상사고,0,0,2,0,차대차 - 기타,안전거리미확보,건조,맑음,단일로 - 기타,승용,남,57세,상해없음,승용,남,20세,경상
2020091700100483,2020년 9월 17일 19시,목요일,대구광역시 달서구 월성동,경상사고,0,0,1,0,차대차 - 측면충돌,안전운전불이행,젖음/습기,비,교차로 - 교차로안,승용,남,36세,상해없음,승용,여,29세,경상
2020091700100484,2020년 9월 17일 19시,목요일,대구광역시 달성군 옥포읍,경상사고,0,0,2,0,차대차 - 측면충돌,신호위반,젖음/습기,비,교차로 - 교차로안,승용,남,71세,상해없음,승용,남,65세,경상