사고번호,사고일시,요일,시군구,사고내용,사망자수,중상자수,경상자수,부상신고자수,사고유형,법규위반,노면상태,기상상태,도로형태,가해운전자 차종,가해운전자 성별,가해운전자 연령,가해운전자 상해정도,피해운전자 차종,피해운전자 성별,피해운전자 연령,피해운전자 상해정도
2020091700100485,2020년 9월 17일 19시,목요일,대구광역시 달서구 장기동,경상사고,0,0,2,0,차대차 - 측면충돌,안전거리미확보,젖음/습기,비,단일로 - 기타,승용,여,37세,상해없음,승용,남,46세,경상
2020091700100517,2020년 9월 17일 20시,목요일,대구광역시 동구 신암동,경상사고,0,0,2,0,차대차 - 추돌,안전운전불이행,건조,맑음,단일로 - 기타,승용,남,61세,상해없음,승용,남,46세,경상
2020091700100547,2020년 9월 17일 21시,목요일,대구광역시 동구 신암동,중상사고,0,1,0,0,차대사람 - 횡단중,보행자보호의무위반,젖음/습기,비,교차로 - 교차로횡단보도내,승용,남,47세,상해없음,보행자,여,59세,중상
2020091700100548,2020년 9월 17일 21시,목요일,대구광역시 달서구 상인동,경상사고,0,0,2,0,차대차 - 측면충돌,신호위반,건조,맑음,교차로 - 교차로안,승용,여,29세,상해없음,승용,여,31세,경상
2020091700100549,2020년 9월 17일 21시,목요일,대구광역시 달서구 송현동,중상사고,0,1,0,0,차대사람 - 횡단중,안전운전불이행,젖음/습기,비,단일로 - 기타,승용,남,50세,상해없음,보행자,남,60세,중상
2020091700100550,2020년 9월 17일 21시,목요일,대구광역시 중구 공평동,경상사고,0,0,1,0,차대차 - 측면충돌,신호위반,건조,맑음,교차로 - 교차로안,승용,남,21세,상해없음,이륜,남,31세,경상
2020091700100583,2020년 9월 17일 22시,목요일,대구광역시 수성구 두산동,부상신고사고,0,0,0,1,차대차 - 추돌,안전운전불이행,젖음/습기,비,단일로 - 기타,기타불명,기타불명,미분류,기타불명,승용,남,26세,부상신고
2020091700100584,2020년 9월 17일 22시,목요일,대구광역시 북구 매천동,중상사고,0,1,3,0,차대차 - 기타,안전운전불이행,건조,맑음,단일로 - 기타,승용,남,51세,상해없음,승용,여,39세,중상
2020091700100597,2020년 9월 17일 23시,목요일,대구광역시 동구 방촌동,사망사고,1,1,1,0,차대차 - 추돌,안전운전불이행,젖음/습기,비,단일로 - 기타,승용,남,29세,사망,특수,남,49세,경상
2020091700100600,2020년 9월 17일 23시,목요일,대구광역시 수성구 만촌동,경상사고,0,0,1,0,차대차 - 추돌,안전운전불이행,젖음/습기,비,단일로 - 기타,승합,남,55세,상해없음,승용,남,49세,상해없음
2020091800100010,2020년 9월 18일 00시,금요일,대구광역시 수성구 욱수동,경상사고,0,0,2,0,차대차 - 측면충돌,안전운전불이행,젖음/습기,비,단일로 - 기타,승용,여,46세,상해없음,승용,남,30세,경상
2020091800100039,2020년 9월 18일 04시,금요일,대구광역시 동구 방촌동,사망사고,1,0,0,0,차대사람 - 기타,안전운전불이행,젖음/습기,비,단일로 - 기타,화물,남,61세,상해없음,보행자,남,82세,사망
2020091800100049,2020년 9월 18일 05시,금요일,대구광역시 달성군 다사읍,경상사고,0,0,1,0,차대차 - 측면충돌,안전거리미확보,건조,맑음,단일로 - 기타,화물,남,56세,상해없음,승용,남,37세,경상
2020091800100059,2020년 9월 18일 06시,금요일,대구광역시 달서구 진천동,중상사고,0,1,0,0,차대사람 - 횡단중,신호위반,건조,맑음,단일로 - 기타,승용,남,38세,상해없음,보행자,여,55세,중상
2020091800100113,2020년 9월 18일 08시,금요일,대구광역시 수성구 범어동,경상사고,0,0,3,0,차대차 - 추돌,안전거리미확보,건조,맑음,단일로 - 기타,승용,남,27세,경상,승용,남,38세,상해없음
2020091800100114,2020년 9월 18일 08시,금요일,대구광역시 북구 칠성동1가,경상사고,0,0,1,0,차대차 - 추돌,안전운전불이행,젖음/습기,맑음,단일로 - 기타,승용,여,54세,상해없음,이륜,남,74세,경상
2020091800100115,2020년 9월 18일 08시,금요일,대구광역시 달서구 장동,경상사고,0,0,1,0,차대차 - 추돌,안전운전불이행,젖음/습기,비,단일로 - 기타,기타불명,기타불명,미분류,기타불명,승용,남,33세,경상
2020091800100116,2020년 9월 18일 08시,금요일,대구광역시 북구 매천동,경상사고,0,0,1,0,차대차 - 추돌,안전거리미확보,젖음/습기,비,교차로 - 교차로부근,승용,여,31세,기타불명,이륜,남,23세,경상
2020091800100117,2020년 9월 18일 08시,금요일,대구광역시 북구 태전동,경상사고,0,0,1,0,차대차 - 측면충돌,안전운전불이행,건조,맑음,단일로 - 기타,승용,여,57세,경상,화물,남,57세,상해없음
2020091800100118,2020년 9월 18일 08시,금요일,대구광역시 북구 매천동,경상사고,0,0,6,0,차대차 - 추돌,안전운전불이행,건조,맑음,단일로 - 기타,승용,여,49세,경상,승용,남,74세,상해없음
2020091800100151,2020년 9월 18일 09시,금요일,대구광역시 북구 침산동,경상사고,0,0,1,0,차대차 - 추돌,안전운전불이행,건조,맑음,단일로 - 기타,화물,남,35세,상해없음,승용,남,59세,경상
2020091800100152,2020년 9월 18일 09시,금요일,대구광역시 중구 동인동4가,경상사고,0,0,1,0,차대차 - 측면충돌,안전운전불이행,건조,맑음,단일로 - 기타,화물,남,35세,상해없음,승용,남,74세,경상
2020091800100184,2020년 9월 18일 10시,금요일,대구광역시 남구 봉덕동,부상신고사고,0,0,0,1,차량단독 - 공작물충돌,기타,건조,맑음,단일로 - 기타,이륜,남,29세,부상신고,,,,
2020091800100185,2020년 9월 18일 10시,금요일,대구광역시 수성구 만촌동,경상사고,0,0,1,0,차대차 - 기타,안전운전불이행,건조,맑음,기타 - 기타,화물,남,73세,기타불명,승용,남,50세,경상
2020091800100337,2020년 9월 18일 14시,금요일,대구광역시 달서구 호산동,경상사고,0,0,1,0,차대차 - 측면충돌,직진우회전진행방해,건조,맑음,교차로 - 교차로안,승용,여,31세,기타불명,화물,남,37세,경상
2020091800100378,2020년 9월 18일 15시,금요일,대구광역시 남구 대명동,경상사고,0,0,1,0,차대차 - 측면충돌,안전운전불이행,건조,맑음,단일로 - 지하차도(도로)내,승용,남,29세,상해없음,승용,남,32세,경상
2020091800100379,2020년 9월 18일 15시,금요일,대구광역시 동구 신암동,중상사고,0,1,0,0,차대차 - 기타,안전운전불이행,건조,맑음,교차로 - 교차로안,승용,남,36세,상해없음,이륜,남,72세,중상
2020091800100380,2020년 9월 18일 15시,금요일,대구광역시 수성구 수성동2가,경상사고,0,0,1,0,차량단독 - 기타,불법유턴,건조,맑음,단일로 - 기타,이륜,남,55세,경상,,,,
2020091800100443,2020년 9월 18일 16시,금요일,대구광역시 수성구 만촌동,경상사고,0,0,1,0,차대차 - 측면충돌,안전운전불이행,건조,맑음,교차로 - 교차로안,승용,여,41세,상해없음,승용,여,31세,경상
2020091800100444,2020년 9월 18일 16시,금요일,대구광역시 달서구 송현동,경상사고,0,0,1,1,차대차 - 측면충돌,안전운전불이행,건조,맑음,단일로 - 기타,이륜,남,43세,상해없음,승용,남,62세,경상
2020091800100445,2020년 9월 18일 16시,금요일,대구광역시 달서구 이곡동,경상사고,0,0,1,0,차대차 - 측면충돌,안전거리미확보,건조,맑음,단일로 - 기타,승용,남,65세,상해없음,승용,남,66세,상해없음
2020091800100446,2020년 9월 18일 16시,금요일,대구광역시 북구 읍내동,경상사고,0,0,1,0,차대차 - 측면충돌,안전운전불이행,건조,맑음,교차로 - 교차로부근,승용,남,35세,상해없음,원동기,남,20세,경상
2020091800100496,2020년 9월 18일 17시,금요일,대구광역시 수성구 범어동,경상사고,0,0,2,0,차대차 - 측면충돌,안전운전불이행,건조,맑음,교차로 - 교차로부근,승용,여,34세,경상,승용,남,27세,경상
2020091800100497,2020년 9월 18일 17시,금요일,대구광역시 달성군 다사읍,경상사고,0,0,1,0,차대차 - 기타,안전운전불이행,건조,맑음,기타 - 기타,승용,여,56세,기타불명,승용,남,51세,경상
2020091800100550,2020년 9월 18일 18시,금요일,대구광역시 남구 대명동,중상사고,0,1,0,0,차대차 - 측면충돌,직진우회전진행방해,건조,맑음,교차로 - 교차로부근,승용,남,66세,상해없음,승용,남,41세,중상
2020091800100551,2020년 9월 18일 18시,금요일,대구광역시 달서구 송현동,경상사고,0,0,1,0,차대차 - 측면충돌,교차로운행방법위반,건조,맑음,교차로 - 교차로안,승용,여,44세,상해없음,승용,남,45세,경상
2020091800100552,2020년 9월 18일 18시,금요일,대구광역시 달서구 감삼동,경상사고,0,0,1,0,차대차 - 측면충돌,차로위반,건조,맑음,기타 - 기타,승용,남,73세,상해없음,승용,남,37세,경상
2020091800100553,2020년 9월 18일 18시,금요일,대구광역시 북구 사수동,경상사고,0,0,1,0,차대차 - 추돌,안전거리미확보,건조,맑음,단일로 - 기타,승합,남,47세,상해없음,승용,여,37세,경상
2020091800100606,2020년 9월 18일 19시,금요일,대구광역시 남구 봉덕동,부상신고사고,0,0,0,1,차대차 - 측면충돌,안전운전불이행,건조,맑음,교차로 - 교차로부근,자전거,남,81세,부상신고,승용,여,42세,상해없음
2020091800100607,2020년 9월 18일 19시,금요일,대구광역시 동구 신천동,중상사고,0,1,1,0,차대차 - 측면충돌,안전운전불이행,건조,맑음,교차로 - 교차로안,화물,남,61세,기타불명,승용,여,40세,경상
2020091800100608,2020년 9월 18일 19시,금요일,대구광역시 달서구 대천동,경상사고,0,0,2,0,차대차 - 측면충돌,차로위반,건조,맑음,단일로 - 기타,승용,남,37세,경상,승용,남,34세,경상
2020091800100609,2020년 9월 18일 19시,금요일,대구광역시 달서구 장동,경상사고,0,0,1,0,차대차 - 기타,안전운전불이행,건조,맑음,단일로 - 기타,승용,남,24세,상해없음,화물,여,33세,경상
2020091800100610,2020년 9월 18일 19시,금요일,대구광역시 북구 동천동,경상사고,0,0,1,0,차대차 - 기타,교차로운행방법위반,건조,맑음,교차로 - 교차로안,승용,남,52세,상해없음,이륜,남,19세,경상
2020091800100611,2020년 9월 18일 19시,금요일,대구광역시 북구 구암동,경상사고,0,0,2,0,차대차 - 측면충돌,신호위반,건조,맑음,교차로 - 교차로안,이륜,남,21세,경상,승합,남,55세,경상
2020091800100642,2020년 9월 18일 20시,금요일,대구광역시 동구 괴전동,경상사고,0,0,1,0,차대차 - 기타,안전거리미확보,건조,맑음,교차로 - 교차로안,승용,여,27세,상해없음,승용,남,69세,경상
2020091800100643,2020년 9월 18일 20시,금요일,대구광역시 달서구 상인동,중상사고,0,1,0,0,차대사람 - 기타,안전운전불이행,건조,맑음,단일로 - 기타,화물,남,43세,상해없음,보행자,남,47세,중상
2020091800100644,2020년 9월 18일 20시,금요일,대구광역시 서구 평리동,경상사고,0,0,1,1,차대차 - 측면충돌,안전운전불이행,건조,맑음,단일로 - 기타,승용,남,22세,부상신고,승용,여,44세,경상
2020091800100676,2020년 9월 18일 21시,금요일,대구광역시 남구 봉덕동,경상사고,0,0,1,0,차대사람 - 기타,안전운전불이행,건조,맑음,단일로 - 기타,승용,남,70세,상해없음,보행자,남,58세,경상
2020091800100732,2020년 9월 18일 23시,금요일,대구광역시 달서구 상인동,경상사고,0,0,1,0,차대차 - 측면충돌,안전거리미확보,건조,맑음,단일로 - 기타,승용,여,60세,상해없음,승용,남,63세,경상
2020091900100013,2020년 9월 19일 00시,토요일,대구광역시 동구 율하동,경상사고,0,0,1,0,차대사람 - 횡단중,안전운전불이행,건조,맑음,교차로 - 교차로안,승용,남,24세,상해없음,보행자,남,26세,경상
2020091900100026,2020년 9월 19일 01시,토요일,대구광역시 남구 봉덕동,경상사고,0,0,1,0,차대차 - 기타,안전운전불이행,건조,맑음,단일로 - 기타,자전거,여,49세,경상,승용,남,56세,상해없음
2020091900100027,2020년 9월 19일 01시,토요일,대구광역시 동구 신천동,중상사고,0,1,0,0,차대차 - 측면충돌,교차로운행방법위반,건조,맑음,교차로 - 교차로안,승용,남,32세,상해없음,이륜,남,37세,중상
2020091900100028,2020년 9월 19일 01시,토요일,대구광역시 중구 서문로2가,부상신고사고,0,0,0,1,차량단독 - 전도전복 - 전복,안전운전불이행,건조,맑음,교차로 - 교차로안,승용,여,48세,부상신고,,,,
2020091900100054,2020년 9월 19일 04시,토요일,대구광역시 북구 국우동,경상사고,0,0,2,0,차대차 - 기타,차로위반,건조,맑음,단일로 - 기타,승용,남,54세,상해없음,승용,남,21세,경상
2020091900100067,2020년 9월 19일 05시,토요일,대구광역시 동구 율암동,경상사고,0,0,2,0,차대차 - 기타,직진우회전진행방해,건조,맑음,교차로 - 교차로안,승용,여,55세,경상,화물,남,65세,경상
2020091900100089,2020년 9월 19일 06시,토요일,대구광역시 달서구 도원동,부상신고사고,0,0,0,1,차대차 - 기타,안전운전불이행,건조,맑음,교차로 - 교차로안,기타불명,기타불명,미분류,기타불명,자전거,남,59세,부상신고
2020091900100133,2020년 9월 19일 08시,토요일,대구광역시 남구 대명동,부상신고사고,0,0,0,1,차대사람 - 보도통행중,안전운전불이행,건조,맑음,단일로 - 기타,화물,남,58세,상해없음,보행자,남,60세,부상신고
2020091900100134,2020년 9월 19일 08시,토요일,대구광역시 달서구 이곡동,경상사고,0,0,1,0,차대차 - 기타,안전운전불이행,건조,맑음,교차로 - 교차로안,승용,남,68세,상해없음,승용,남,57세,경상
2020091900100135,2020년 9월 19일 08시,토요일,대구광역시 북구 구암동,경상사고,0,0,3,0,차대차 - 측면충돌,안전거리미확보,건조,맑음,단일로 - 기타,화물,남,58세,경상,화물,남,43세,경상
2020091900100167,2020년 9월 19일 09시,토요일,대구광역시 서구 비산동,경상사고,0,0,1,1,차대차 - 측면충돌,교차로운행방법위반,건조,맑음,교차로 - 교차로부근,승용,남,57세,부상신고,화물,남,54세,경상
2020091900100199,2020년 9월 19일 10시,토요일,대구광역시 동구 신암동,경상사고,0,0,1,0,차대차 - 기타,안전운전불이행,건조,맑음,단일로 - 교량,이륜,남,67세,경상,승용,남,32세,상해없음
2020091900100200,2020년 9월 19일 10시,토요일,대구광역시 동구 효목동,경상사고,0,0,1,0,차대차 - 기타,안전거리미확보,건조,맑음,단일로 - 기타,승용,여,37세,상해없음,화물,남,42세,경상
2020091900100249,2020년 9월 19일 11시,토요일,대구광역시 북구 조야동,중상사고,0,1,3,0,차대차 - 추돌,안전운전불이행,건조,맑음,단일로 - 기타,승합,남,55세,상해없음,승용,여,50세,경상
2020091900100252,2020년 9월 19일 11시,토요일,대구광역시 달서구 성당동,중상사고,0,1,0,0,차량단독 - 기타,기타,건조,맑음,단일로 - 기타,승합,남,29세,상해없음,,,,
2020091900100253,2020년 9월 19일 11시,토요일,대구광역시 북구 태전동,경상사고,0,0,1,0,차대차 - 정면충돌,안전운전불이행,건조,맑음,단일로 - 기타,승용,남,69세,상해없음,자전거,남,75세,경상
2020091900100300,2020년 9월 19일 12시,토요일,대구광역시 동구 입석동,경상사고,0,0,1,0,차대사람 - 길가장자리구역통행중,안전운전불이행,건조,맑음,단일로 - 기타,승용,여,22세,기타불명,보행자,여,64세,경상
2020091900100301,2020년 9월 19일 12시,토요일,대구광역시 북구 읍내동,중상사고,0,1,0,0,차대차 - 측면충돌,안전운전불이행,건조,맑음,교차로 - 교차로부근,승용,여,46세,상해없음,원동기,남,24세,중상
2020091900100339,2020년 9월 19일 13시,토요일,대구광역시 북구 금호동,경상사고,0,0,1,0,차대차 - 추돌,안전운전불이행,건조,맑음,단일로 - 터널,승용,남,81세,상해없음,승용,남,38세,경상
2020091900100343,2020년 9월 19일 13시,토요일,대구광역시 달서구 도원동,경상사고,0,0,1,0,차대사람 - 차도통행중,보행자보호의무위반,건조,맑음,단일로 - 기타,승합,남,75세,상해없음,보행자,남,8세,경상
2020091900100344,2020년 9월 19일 13시,토요일,대구광역시 달서구 대곡동,부상신고사고,0,0,0,1,차대차 - 기타,신호위반,건조,맑음,교차로 - 교차로안,승합,남,68세,상해없음,승용,남,50세,부상신고
2020091900100345,2020년 9월 19일 13시,토요일,대구광역시 달서구 감삼동,경상사고,0,0,2,0,차대차 - 추돌,안전거리미확보,건조,맑음,단일로 - 기타,건설기계,남,54세,상해없음,승용,여,45세,경상
2020091900100346,2020년 9월 19일 13시,토요일,대구광역시 북구 태전동,경상사고,0,0,1,0,차대차 - 측면충돌,중앙선침범,건조,맑음,단일로 - 기타,승용,남,37세,상해없음,원동기,남,24세,경상
2020091900100391,2020년 9월 19일 14시,토요일,대구광역시 달성군 다사읍,경상사고,0,0,1,0,차대차 - 추돌,안전거리미확보,건조,맑음,단일로 - 기타,승용,남,29세,상해없음,승용,남,32세,경상
2020091900100392,2020년 9월 19일 14시,토요일,대구광역시 서구 비산동,경상사고,0,0,1,0,차대차 - 측면충돌,교차로운행방법위반,건조,맑음,교차로 - 교차로안,이륜,남,47세,상해없음,이륜,남,40세,경상
2020091900100393,2020년 9월 19일 14시,토요일,대구광역시 중구 동인동2가,경상사고,0,0,1,0,차대사람 - 횡단중,보행자보호의무위반,건조,맑음,단일로 - 기타,승용,남,52세,상해없음,보행자,여,18세,경상
2020091900100440,2020년 9월 19일 15시,토요일,대구광역시 수성구 범어동,경상사고,0,0,1,0,차대차 - 기타,기타,건조,맑음,기타 - 기타,승용,남,80세,상해없음,자전거,남,19세,경상
2020091900100489,2020년 9월 19일 16시,토요일,대구광역시 동구 율하동,경상사고,0,0,1,0,차대차 - 추돌,안전거리미확보,건조,맑음,단일로 - 기타,화물,남,51세,상해없음,승용,여,42세,경상
2020091900100490,2020년 9월 19일 16시,토요일,대구광역시 수성구 만촌동,경상사고,0,0,1,0,차대차 - 기타,안전거리미확보,건조,맑음,단일로 - 기타,이륜,남,39세,경상,승용,남,52세,상해없음
2020091900100491,2020년 9월 19일 16시,토요일,대구광역시 달성군 다사읍,경상사고,0,0,3,0,차대차 - 측면충돌,중앙선침범,건조,맑음,교차로 - 교차로안,승용,남,39세,기타불명,승용,남,62세,경상
2020091900100492,2020년 9월 19일 16시,토요일,대구광역시 서구 비산동,경상사고,0,0,1,0,차대사람 - 길가장자리구역통행중,안전운전불이행,건조,맑음,단일로 - 기타,승용,남,69세,상해없음,보행자,남,46세,경상
2020091900100493,2020년 9월 19일 16시,토요일,대구광역시 서구 원대동1가,중상사고,0,1,0,0,차대차 - 측면충돌,교차로운행방법위반,건조,맑음,교차로 - 교차로안,이륜,남,63세,중상,승용,남,53세,상해없음
2020091900100531,2020년 9월 19일 17시,토요일,대구광역시 북구 칠성동2가,중상사고,0,1,0,0,차대차 - 측면충돌,안전운전불이행,건조,맑음,단일로 - 기타,승용,남,25세,상해없음,이륜,남,31세,중상
2020091900100576,2020년 9월 19일 18시,토요일,대구광역시 동구 입석동,사망사고,1,0,0,0,차대사람 - 기타,안전운전불이행,건조,맑음,기타 - 기타,승용,남,70세,상해없음,보행자,남,67세,사망
2020091900100615,2020년 9월 19일 19시,토요일,대구광역시 서구 상리동,경상사고,0,0,2,0,차대차 - 추돌,안전운전불이행,건조,맑음,단일로 - 기타,승용,남,47세,상해없음,승용,남,49세,경상
2020091900100617,2020년 9월 19일 19시,토요일,대구광역시 달서구 호산동,경상사고,0,0,1,0,차대차 - 정면충돌,안전운전불이행,건조,맑음,기타 - 기타,승용,여,24세,상해없음,이륜,남,40세,경상
2020091900100693,2020년 9월 19일 22시,토요일,대구광역시 달서구 감삼동,경상사고,0,0,5,0,차대차 - 기타,안전운전불이행,건조,맑음,단일로 - 기타,승용,남,20세,경상,이륜,남,23세,경상
2020091900100710,2020년 9월 19일 23시,토요일,대구광역시 서구 내당동,경상사고,0,0,2,0,차대차 - 측면충돌,안전운전불이행,건조,맑음,단일로 - 기타,승용,남,53세,경상,이륜,남,38세,경상
2020092000100015,2020년 9월 20일 00시,일요일,대구광역시 수성구 수성동4가,경상사고,0,0,1,0,차대차 - 측면충돌,안전운전불이행,건조,맑음,단일로 - 기타,승용,남,57세,상해없음,승용,여,27세,경상
2020092000100016,2020년 9월 20일 00시,일요일,대구광역시 북구 서변동,중상사고,0,1,0,0,차대차 - 측면충돌,안전운전불이행,건조,맑음,단일로 - 기타,승용,남,55세,상해없음,자전거,남,13세,중상
2020092000100033,2020년 9월 20일 01시,일요일,대구광역시 북구 태전동,중상사고,0,1,0,0,차대차 - 기타,안전운전불이행,건조,맑음,단일로 - 기타,개인형이동수단(PM),남,22세,중상,승용,남,55세,상해없음
2020092000100039,2020년 9월 20일 02시,일요일,대구광역시 수성구 시지동,경상사고,0,0,1,0,차대차 - 측면충돌,차로위반,건조,맑음,단일로 - 기타,승용,남,56세,상해없음,이륜,남,16세,경상
2020092000100049,2020년 9월 20일 03시,일요일,대구광역시 북구 복현동,경상사고,0,0,2,0,차대차 - 후진중충돌,안전운전불이행,건조,맑음,단일로 - 기타,승용,여,42세,상해없음,화물,남,26세,경상
2020092000100058,2020년 9월 20일 04시,일요일,대구광역시 수성구 황금동,경상사고,0,0,1,0,차대차 - 측면충돌,안전운전불이행,건조,맑음,교차로 - 교차로안,승용,여,28세,상해없음,승용,남,40세,경상
2020092000100073,2020년 9월 20일 05시,일요일,대구광역시 북구 산격동,부상신고사고,0,0,0,1,차대차 - 기타,안전운전불이행,건조,맑음,교차로 - 교차로안,이륜,여,23세,부상신고,승용,남,64세,상해없음
2020092000100089,2020년 9월 20일 07시,일요일,대구광역시 수성구 중동,경상사고,0,0,1,0,차대사람 - 기타,안전운전불이행,건조,맑음,기타 - 기타,자전거,여,61세,상해없음,보행자,여,59세,경상
2020092000100104,2020년 9월 20일 08시,일요일,대구광역시 남구 봉덕동,경상사고,0,0,1,0,차대차 - 측면충돌,안전운전불이행,건조,맑음,교차로 - 교차로부근,승용,남,73세,상해없음,승용,남,31세,경상
2020092000100105,2020년 9월 20일 08시,일요일,대구광역시 서구 내당동,중상사고,0,1,0,0,차대차 - 측면충돌,신호위반,건조,맑음,교차로 - 교차로부근,이륜,남,75세,중상,승용,남,27세,상해없음
2020092000100134,2020년 9월 20일 10시,일요일,대구광역시 북구 동호동,경상사고,0,0,2,0,차대차 - 기타,안전운전불이행,건조,맑음,교차로 - 교차로부근,승용,여,60세,상해없음,승용,남,54세,경상
2020092000100162,2020년 9월 20일 11시,일요일,대구광역시 동구 괴전동,중상사고,0,1,0,0,차대사람 - 기타,안전운전불이행,건조,맑음,단일로 - 기타,화물,남,45세,상해없음,보행자,여,57세,중상
2020092000100163,2020년 9월 20일 11시,일요일,대구광역시 동구 효목동,중상사고,0,1,1,0,차대사람 - 횡단중,신호위반,건조,맑음,교차로 - 교차로안,이륜,남,55세,중상,보행자,여,8세,경상
2020092000100234,2020년 9월 20일 13시,일요일,대구광역시 서구 중리동,경상사고,0,0,1,0,차대차 - 측면충돌,신호위반,건조,맑음,교차로 - 교차로부근,승용,여,57세,상해없음,승용,여,57세,경상
2020092000100276,2020년 9월 20일 14시,일요일,대구광역시 수성구 범어동,경상사고,0,0,5,0,차대차 - 추돌,안전운전불이행,건조,맑음,단일로 - 기타,승용,남,50세,상해없음,승용,여,43세,경상
2020092000100277,2020년 9월 20일 14시,일요일,대구광역시 달서구 대천동,경상사고,0,0,2,0,차대차 - 측면충돌,안전거리미확보,건조,맑음,단일로 - 기타,승용,남,24세,상해없음,승합,남,49세,경상
2020092000100278,2020년 9월 20일 14시,일요일,대구광역시 달서구 도원동,경상사고,0,0,2,0,차대차 - 측면충돌,안전운전불이행,건조,맑음,단일로 - 기타,승합,남,58세,상해없음,승용,남,57세,경상
2020092000100279,2020년 9월 20일 14시,일요일,대구광역시 북구 사수동,경상사고,0,0,1,0,차대차 - 기타,안전운전불이행,건조,맑음,단일로 - 기타,승용,남,44세,상해없음,자전거,남,52세,경상
2020092000100315,2020년 9월 20일 15시,일요일,대구광역시 동구 봉무동,경상사고,0,0,3,0,차대차 - 기타,안전운전불이행,건조,맑음,단일로 - 기타,승용,여,57세,상해없음,승용,남,37세,경상
2020092000100316,2020년 9월 20일 15시,일요일,대구광역시 서구 비산동,경상사고,0,0,3,0,차대차 - 추돌,안전운전불이행,건조,맑음,단일로 - 기타,승용,남,74세,상해없음,승용,남,37세,경상
2020092000100353,2020년 9월 20일 16시,일요일,대구광역시 수성구 범물동,경상사고,0,0,1,0,차대차 - 정면충돌,신호위반,건조,맑음,교차로 - 교차로안,승용,여,29세,상해없음,승용,남,70세,경상
2020092000100354,2020년 9월 20일 16시,일요일,대구광역시 서구 내당동,부상신고사고,0,0,0,1,차대차 - 기타,교차로운행방법위반,건조,맑음,교차로 - 교차로안,자전거,여,69세,부상신고,승용,남,66세,상해없음
2020092000100355,2020년 9월 20일 16시,일요일,대구광역시 달서구 신당동,경상사고,0,0,1,0,차대차 - 기타,안전거리미확보,건조,맑음,단일로 - 기타,이륜,남,23세,경상,승용,남,73세,상해없음
2020092000100356,2020년 9월 20일 16시,일요일,대구광역시 달서구 신당동,경상사고,0,0,2,0,차대차 - 추돌,안전운전불이행,건조,맑음,단일로 - 기타,승용,남,67세,상해없음,승용,여,55세,경상
2020092000100392,2020년 9월 20일 17시,일요일,대구광역시 북구 고성동2가,경상사고,0,0,2,0,차대차 - 측면충돌,중앙선침범,건조,맑음,기타 - 기타,이륜,남,25세,경상,승용,남,43세,기타불명
2020092000100393,2020년 9월 20일 17시,일요일,대구광역시 달서구 신당동,경상사고,0,0,1,0,차대차 - 기타,안전운전불이행,건조,맑음,교차로 - 교차로안,승용,여,51세,상해없음,원동기,남,29세,경상
2020092000100419,2020년 9월 20일 18시,일요일,대구광역시 동구 신천동,경상사고,0,0,2,0,차대차 - 정면충돌,안전운전불이행,건조,맑음,단일로 - 기타,이륜,남,26세,경상,자전거,남,16세,경상
2020092000100420,2020년 9월 20일 18시,일요일,대구광역시 북구 태전동,경상사고,0,0,1,0,차대사람 - 기타,안전운전불이행,건조,맑음,단일로 - 기타,승용,남,58세,상해없음,보행자,남,57세,경상
2020092000100443,2020년 9월 20일 19시,일요일,대구광역시 남구 대명동,중상사고,0,2,0,0,차대차 - 정면충돌,불법유턴,건조,맑음,교차로 - 교차로부근,승용,남,51세,상해없음,이륜,남,65세,중상
2020092000100444,2020년 9월 20일 19시,일요일,대구광역시 동구 지저동,중상사고,0,1,0,0,차대차 - 기타,중앙선침범,건조,흐림,단일로 - 기타,승용,남,49세,상해없음,이륜,남,33세,중상
2020092000100479,2020년 9월 20일 20시,일요일,대구광역시 북구 동천동,중상사고,0,1,1,0,차대차 - 측면충돌,중앙선침범,건조,맑음,교차로 - 교차로부근,자전거,남,15세,경상,원동기,남,18세,중상
2020092000100502,2020년 9월 20일 21시,일요일,대구광역시 동구 신암동,경상사고,0,0,1,0,차대차 - 측면충돌,차로위반,건조,맑음,단일로 - 기타,승용,남,34세,상해없음,승용,남,27세,경상
2020092000100516,2020년 9월 20일 22시,일요일,대구광역시 동구 봉무동,경상사고,0,0,1,0,차대차 - 기타,안전운전불이행,건조,맑음,단일로 - 기타,화물,남,35세,상해없음,이륜,남,47세,경상
2020092000100517,2020년 9월 20일 22시,일요일,대구광역시 동구 방촌동,중상사고,0,1,4,0,차대차 - 측면충돌,신호위반,건조,맑음,교차로 - 교차로안,승용,여,61세,경상,승용,남,25세,경상
2020092000100518,2020년 9월 20일 22시,일요일,대구광역시 달서구 용산동,경상사고,0,0,2,0,차대차 - 측면충돌,신호위반,건조,맑음,교차로 - 교차로안,승용,남,21세,상해없음,승용,남,57세,경상
2020092100100009,2020년 9월 21일 00시,월요일,대구광역시 동구 불로동,경상사고,0,0,1,0,차대차 - 기타,신호위반,건조,맑음,교차로 - 교차로안,승용,남,65세,상해없음,승용,남,22세,경상
2020092100100010,2020년 9월 21일 00시,월요일,대구광역시 수성구 신매동,중상사고,0,1,1,0,차대차 - 추돌,안전운전불이행,건조,맑음,단일로 - 기타,승용,남,26세,상해없음,승용,남,53세,경상