사고번호,사고일시,요일,시군구,사고내용,사망자수,중상자수,경상자수,부상신고자수,사고유형,법규위반,노면상태,기상상태,도로형태,가해운전자 차종,가해운전자 성별,가해운전자 연령,가해운전자 상해정도,피해운전자 차종,피해운전자 성별,피해운전자 연령,피해운전자 상해정도
2020092100100011,2020년 9월 21일 00시,월요일,대구광역시 북구 칠성동2가,부상신고사고,0,0,0,1,차대차 - 측면충돌,안전운전불이행,건조,맑음,교차로 - 교차로부근,승용,남,25세,상해없음,이륜,남,19세,부상신고
2020092100100012,2020년 9월 21일 00시,월요일,대구광역시 달서구 파호동,경상사고,0,0,1,0,차대차 - 측면충돌,신호위반,건조,맑음,교차로 - 교차로부근,승용,남,67세,기타불명,이륜,남,17세,경상
2020092100100042,2020년 9월 21일 05시,월요일,대구광역시 달서구 파호동,중상사고,0,1,0,0,차대차 - 정면충돌,안전운전불이행,건조,맑음,단일로 - 기타,승용,남,32세,기타불명,자전거,남,69세,중상
2020092100100056,2020년 9월 21일 06시,월요일,대구광역시 북구 연경동,경상사고,0,0,1,1,차대차 - 측면충돌,신호위반,건조,맑음,교차로 - 교차로안,승용,남,72세,부상신고,승용,여,59세,경상
2020092100100126,2020년 9월 21일 08시,월요일,대구광역시 수성구 수성동4가,경상사고,0,0,1,0,차대차 - 추돌,안전운전불이행,건조,맑음,교차로 - 교차로부근,승용,여,47세,상해없음,승용,여,26세,경상
2020092100100127,2020년 9월 21일 08시,월요일,대구광역시 서구 비산동,경상사고,0,0,2,0,차대차 - 추돌,안전거리미확보,건조,맑음,단일로 - 기타,승용,여,52세,기타불명,승용,여,54세,경상
2020092100100128,2020년 9월 21일 08시,월요일,대구광역시 중구 남산동,경상사고,0,0,3,0,차대차 - 측면충돌,기타,건조,맑음,교차로 - 교차로안,승용,남,64세,경상,승용,여,57세,경상
2020092100100170,2020년 9월 21일 09시,월요일,대구광역시 남구 대명동,사망사고,1,1,1,0,차대차 - 측면충돌,신호위반,건조,맑음,교차로 - 교차로안,승용,남,86세,상해없음,승용,남,51세,경상
2020092100100171,2020년 9월 21일 09시,월요일,대구광역시 달성군 논공읍,중상사고,0,1,0,0,차대차 - 기타,안전운전불이행,건조,맑음,기타 - 기타,이륜,남,50세,중상,화물,남,57세,상해없음
2020092100100172,2020년 9월 21일 09시,월요일,대구광역시 달성군 다사읍,경상사고,0,0,1,0,차대차 - 기타,안전운전불이행,건조,흐림,기타 - 기타,승용,남,28세,상해없음,승용,여,34세,경상
2020092100100173,2020년 9월 21일 09시,월요일,대구광역시 북구 침산동,경상사고,0,0,1,0,차대차 - 측면충돌,안전거리미확보,건조,맑음,단일로 - 기타,승용,남,30세,상해없음,이륜,남,57세,경상
2020092100100174,2020년 9월 21일 09시,월요일,대구광역시 서구 이현동,경상사고,0,0,5,0,차대차 - 측면충돌,안전거리미확보,건조,맑음,단일로 - 기타,건설기계,남,65세,상해없음,승용,남,59세,경상
2020092100100175,2020년 9월 21일 09시,월요일,대구광역시 달서구 파호동,경상사고,0,0,6,0,차대차 - 기타,안전거리미확보,건조,맑음,단일로 - 기타,화물,남,38세,경상,화물,남,49세,경상
2020092100100240,2020년 9월 21일 11시,월요일,대구광역시 동구 신기동,경상사고,0,0,1,0,차대사람 - 길가장자리구역통행중,안전운전불이행,건조,맑음,교차로 - 교차로부근,승용,남,74세,상해없음,보행자,여,67세,경상
2020092100100241,2020년 9월 21일 11시,월요일,대구광역시 동구 신암동,경상사고,0,0,1,0,차대차 - 측면충돌,안전거리미확보,건조,맑음,단일로 - 기타,승용,남,24세,기타불명,승용,남,55세,경상
2020092100100242,2020년 9월 21일 11시,월요일,대구광역시 달서구 유천동,경상사고,0,0,3,0,차대차 - 측면충돌,불법유턴,건조,맑음,단일로 - 기타,승용,여,41세,경상,승용,남,51세,경상
2020092100100243,2020년 9월 21일 11시,월요일,대구광역시 서구 원대동1가,중상사고,0,1,0,0,차대차 - 측면충돌,신호위반,건조,맑음,교차로 - 교차로안,이륜,남,28세,중상,화물,남,71세,상해없음
2020092100100319,2020년 9월 21일 13시,월요일,대구광역시 서구 평리동,경상사고,0,0,1,0,차대차 - 추돌,안전운전불이행,건조,맑음,교차로 - 교차로안,승용,남,77세,상해없음,이륜,남,50세,경상
2020092100100320,2020년 9월 21일 13시,월요일,대구광역시 서구 내당동,중상사고,0,1,0,0,차대차 - 측면충돌,신호위반,건조,맑음,단일로 - 기타,승용,여,36세,상해없음,원동기,남,37세,중상
2020092100100369,2020년 9월 21일 14시,월요일,대구광역시 동구 신서동,경상사고,0,0,1,0,차대차 - 기타,안전운전불이행,건조,맑음,단일로 - 기타,승용,여,41세,상해없음,자전거,여,10세,경상
2020092100100370,2020년 9월 21일 14시,월요일,대구광역시 수성구 만촌동,경상사고,0,0,1,0,차대사람 - 횡단중,안전운전불이행,건조,맑음,교차로 - 교차로안,승용,여,46세,상해없음,보행자,남,73세,경상
2020092100100371,2020년 9월 21일 14시,월요일,대구광역시 수성구 범어동,경상사고,0,0,1,0,차대차 - 측면충돌,안전거리미확보,건조,맑음,단일로 - 기타,화물,남,60세,기타불명,승용,여,30세,경상
2020092100100372,2020년 9월 21일 14시,월요일,대구광역시 북구 복현동,경상사고,0,0,1,0,차대차 - 측면충돌,안전거리미확보,건조,맑음,단일로 - 기타,승용,여,23세,상해없음,승합,남,44세,경상
2020092100100373,2020년 9월 21일 14시,월요일,대구광역시 서구 내당동,경상사고,0,0,1,0,차대차 - 측면충돌,안전운전불이행,건조,맑음,교차로 - 교차로안,승용,남,26세,상해없음,이륜,남,39세,경상
2020092100100416,2020년 9월 21일 15시,월요일,대구광역시 수성구 시지동,중상사고,0,1,0,0,차대차 - 기타,안전거리미확보,건조,맑음,단일로 - 기타,승용,남,30세,상해없음,승용,여,45세,중상
2020092100100417,2020년 9월 21일 15시,월요일,대구광역시 수성구 지산동,경상사고,0,0,1,0,차대사람 - 기타,기타,건조,맑음,기타 - 기타,승용,남,70세,상해없음,보행자,여,23세,경상
2020092100100418,2020년 9월 21일 15시,월요일,대구광역시 서구 평리동,중상사고,0,1,0,0,차대사람 - 기타,안전운전불이행,건조,맑음,단일로 - 기타,화물,여,55세,상해없음,보행자,여,45세,중상
2020092100100419,2020년 9월 21일 15시,월요일,대구광역시 북구 태전동,경상사고,0,0,1,0,차대사람 - 기타,기타,건조,맑음,단일로 - 기타,승용,여,51세,상해없음,보행자,남,27세,경상
2020092100100466,2020년 9월 21일 16시,월요일,대구광역시 동구 방촌동,경상사고,0,0,1,0,차대차 - 측면충돌,신호위반,건조,흐림,교차로 - 교차로안,승용,남,53세,상해없음,승용,여,30세,경상
2020092100100467,2020년 9월 21일 16시,월요일,대구광역시 수성구 파동,경상사고,0,0,1,0,차대사람 - 기타,안전운전불이행,건조,맑음,단일로 - 기타,승합,남,51세,상해없음,보행자,남,44세,경상
2020092100100468,2020년 9월 21일 16시,월요일,대구광역시 수성구 지산동,경상사고,0,0,1,0,차대사람 - 기타,안전운전불이행,건조,맑음,단일로 - 기타,승합,남,55세,상해없음,보행자,남,28세,경상
2020092100100469,2020년 9월 21일 16시,월요일,대구광역시 달서구 월성동,경상사고,0,0,1,0,차대차 - 추돌,안전운전불이행,건조,맑음,단일로 - 기타,화물,남,51세,상해없음,승용,여,34세,경상
2020092100100470,2020년 9월 21일 16시,월요일,대구광역시 달서구 용산동,경상사고,0,0,1,0,차대차 - 추돌,안전운전불이행,건조,맑음,교차로 - 교차로부근,승용,여,51세,상해없음,화물,남,25세,경상
2020092100100518,2020년 9월 21일 17시,월요일,대구광역시 남구 대명동,경상사고,0,0,1,0,차대차 - 측면충돌,안전운전불이행,건조,맑음,교차로 - 교차로부근,승용,남,50세,상해없음,승용,여,59세,경상
2020092100100519,2020년 9월 21일 17시,월요일,대구광역시 달서구 상인동,경상사고,0,0,5,0,차대차 - 측면충돌,안전거리미확보,건조,맑음,단일로 - 기타,승용,남,63세,상해없음,승합,남,54세,경상
2020092100100560,2020년 9월 21일 18시,월요일,대구광역시 동구 신천동,경상사고,0,0,1,0,차대차 - 추돌,안전운전불이행,건조,맑음,교차로 - 교차로부근,승용,여,42세,상해없음,승용,여,41세,경상
2020092100100561,2020년 9월 21일 18시,월요일,대구광역시 수성구 중동,경상사고,0,0,1,0,차대차 - 측면충돌,안전운전불이행,건조,맑음,교차로 - 교차로안,승용,여,21세,상해없음,승용,여,57세,경상
2020092100100562,2020년 9월 21일 18시,월요일,대구광역시 서구 내당동,중상사고,0,1,1,0,차대차 - 추돌,안전거리미확보,건조,맑음,단일로 - 기타,승용,남,27세,상해없음,승용,남,59세,중상
2020092100100619,2020년 9월 21일 19시,월요일,대구광역시 수성구 범어동,경상사고,0,0,1,0,차대차 - 기타,안전거리미확보,건조,맑음,기타 - 기타,승용,여,19세,상해없음,승합,남,36세,상해없음
2020092100100620,2020년 9월 21일 19시,월요일,대구광역시 달서구 상인동,중상사고,0,1,0,0,차대차 - 측면충돌,교차로운행방법위반,건조,맑음,교차로 - 교차로안,승용,여,22세,상해없음,이륜,남,46세,중상
2020092100100621,2020년 9월 21일 19시,월요일,대구광역시 달성군 다사읍,중상사고,0,1,0,0,차대사람 - 횡단중,신호위반,건조,맑음,교차로 - 교차로안,원동기,남,38세,상해없음,보행자,남,33세,중상
2020092100100623,2020년 9월 21일 19시,월요일,대구광역시 북구 산격동,부상신고사고,0,0,0,1,차량단독 - 기타,안전운전불이행,건조,맑음,기타 - 기타,자전거,남,56세,부상신고,,,,
2020092100100624,2020년 9월 21일 19시,월요일,대구광역시 북구 복현동,경상사고,0,0,1,0,차대차 - 측면충돌,안전운전불이행,건조,맑음,교차로 - 교차로안,승용,여,31세,상해없음,승용,여,25세,경상
2020092100100654,2020년 9월 21일 20시,월요일,대구광역시 수성구 상동,경상사고,0,0,1,0,차대차 - 측면충돌,교차로운행방법위반,건조,맑음,교차로 - 교차로안,승용,여,57세,상해없음,승용,여,65세,경상
2020092100100655,2020년 9월 21일 20시,월요일,대구광역시 달성군 화원읍,경상사고,0,0,1,0,차대차 - 추돌,안전운전불이행,건조,맑음,교차로 - 교차로안,승용,남,51세,상해없음,승용,남,51세,경상
2020092100100687,2020년 9월 21일 21시,월요일,대구광역시 북구 산격동,경상사고,0,0,1,0,차대차 - 측면충돌,안전거리미확보,건조,맑음,단일로 - 기타,승용,여,22세,기타불명,승용,남,25세,경상
2020092100100719,2020년 9월 21일 23시,월요일,대구광역시 동구 신천동,중상사고,0,1,2,1,차대차 - 측면충돌,교차로운행방법위반,건조,맑음,교차로 - 교차로안,승용,남,41세,부상신고,승용,남,50세,중상
2020092200100028,2020년 9월 22일 02시,화요일,대구광역시 수성구 범어동,경상사고,0,0,4,0,차대차 - 측면충돌,안전운전불이행,건조,맑음,단일로 - 기타,승합,남,66세,상해없음,승용,남,21세,경상
2020092200100066,2020년 9월 22일 06시,화요일,대구광역시 달서구 두류동,중상사고,0,1,0,0,차대차 - 정면충돌,중앙선침범,건조,맑음,단일로 - 기타,원동기,남,23세,상해없음,자전거,남,79세,중상
2020092200100088,2020년 9월 22일 07시,화요일,대구광역시 동구 각산동,중상사고,0,1,0,1,차대차 - 측면충돌,신호위반,건조,맑음,교차로 - 교차로안,승용,여,65세,부상신고,화물,남,70세,중상
2020092200100089,2020년 9월 22일 07시,화요일,대구광역시 달서구 송현동,중상사고,0,1,0,0,차대차 - 측면충돌,신호위반,건조,맑음,교차로 - 교차로안,승용,여,47세,상해없음,자전거,남,61세,중상
2020092200100090,2020년 9월 22일 07시,화요일,대구광역시 서구 평리동,경상사고,0,0,1,0,차대차 - 측면충돌,안전운전불이행,건조,맑음,단일로 - 기타,화물,남,49세,상해없음,승용,남,43세,경상
2020092200100091,2020년 9월 22일 07시,화요일,대구광역시 북구 동천동,경상사고,0,0,1,0,차대차 - 기타,안전운전불이행,건조,맑음,단일로 - 기타,승용,남,34세,상해없음,승용,여,50세,경상
2020092200100134,2020년 9월 22일 08시,화요일,대구광역시 동구 동호동,경상사고,0,0,1,0,차대차 - 측면충돌,교차로운행방법위반,건조,맑음,교차로 - 교차로안,승용,남,28세,상해없음,자전거,남,14세,경상
2020092200100171,2020년 9월 22일 09시,화요일,대구광역시 수성구 황금동,경상사고,0,0,2,0,차대차 - 측면충돌,안전운전불이행,건조,맑음,단일로 - 기타,승용,남,66세,경상,승용,여,57세,경상
2020092200100207,2020년 9월 22일 10시,화요일,대구광역시 남구 대명동,경상사고,0,0,1,0,차대차 - 측면충돌,안전운전불이행,건조,맑음,단일로 - 기타,승용,남,39세,상해없음,승용,여,30세,경상
2020092200100208,2020년 9월 22일 10시,화요일,대구광역시 동구 방촌동,경상사고,0,0,1,0,차대차 - 측면충돌,교차로운행방법위반,건조,맑음,교차로 - 교차로안,승용,여,40세,상해없음,자전거,남,86세,경상
2020092200100209,2020년 9월 22일 10시,화요일,대구광역시 달성군 옥포읍,경상사고,0,0,4,0,차대차 - 기타,안전거리미확보,건조,맑음,단일로 - 기타,승합,남,38세,경상,승용,여,45세,경상
2020092200100210,2020년 9월 22일 10시,화요일,대구광역시 서구 내당동,경상사고,0,0,1,1,차대차 - 측면충돌,안전운전불이행,건조,맑음,단일로 - 기타,승용,남,64세,상해없음,승용,남,54세,부상신고
2020092200100211,2020년 9월 22일 10시,화요일,대구광역시 중구 남산동,경상사고,0,0,1,0,차대차 - 측면충돌,교차로운행방법위반,건조,맑음,교차로 - 교차로안,승용,남,51세,상해없음,이륜,여,51세,경상
2020092200100246,2020년 9월 22일 11시,화요일,대구광역시 달서구 두류동,중상사고,0,1,0,0,차대사람 - 횡단중,신호위반,건조,맑음,단일로 - 기타,승용,남,75세,상해없음,보행자,여,60세,중상
2020092200100247,2020년 9월 22일 11시,화요일,대구광역시 달서구 감삼동,중상사고,0,1,0,0,차대차 - 후진중충돌,안전운전불이행,건조,맑음,주차장 - 주차장,승용,남,33세,상해없음,승용,여,55세,상해없음
2020092200100248,2020년 9월 22일 11시,화요일,대구광역시 북구 관음동,경상사고,0,0,1,0,차대차 - 측면충돌,안전운전불이행,건조,맑음,단일로 - 기타,화물,남,62세,상해없음,승용,여,57세,경상
2020092200100324,2020년 9월 22일 13시,화요일,대구광역시 남구 봉덕동,경상사고,0,0,1,0,차대차 - 측면충돌,신호위반,건조,맑음,단일로 - 기타,승용,남,30세,상해없음,화물,남,57세,경상
2020092200100325,2020년 9월 22일 13시,화요일,대구광역시 달서구 월성동,부상신고사고,0,0,0,1,차대사람 - 차도통행중,안전운전불이행,건조,맑음,주차장 - 주차장,승용,여,65세,상해없음,보행자,여,39세,부상신고
2020092200100365,2020년 9월 22일 14시,화요일,대구광역시 달서구 성당동,경상사고,0,0,3,3,차대차 - 측면충돌,안전운전불이행,건조,맑음,단일로 - 기타,승용,여,52세,경상,승합,남,56세,부상신고
2020092200100366,2020년 9월 22일 14시,화요일,대구광역시 달성군 하빈면,경상사고,0,0,2,0,차대차 - 측면충돌,안전운전불이행,건조,맑음,교차로 - 교차로안,화물,남,45세,기타불명,승용,남,30세,경상
2020092200100367,2020년 9월 22일 14시,화요일,대구광역시 달성군 화원읍,경상사고,0,0,1,0,차대차 - 추돌,안전운전불이행,건조,맑음,단일로 - 기타,승용,남,33세,상해없음,승용,남,38세,경상
2020092200100368,2020년 9월 22일 14시,화요일,대구광역시 달서구 신당동,경상사고,0,0,1,0,차대차 - 추돌,안전운전불이행,건조,맑음,교차로 - 교차로부근,승용,여,56세,상해없음,승용,여,49세,경상
2020092200100411,2020년 9월 22일 15시,화요일,대구광역시 남구 봉덕동,경상사고,0,0,1,0,차대차 - 측면충돌,안전운전불이행,건조,맑음,교차로 - 교차로부근,화물,남,69세,상해없음,승용,남,32세,경상
2020092200100412,2020년 9월 22일 15시,화요일,대구광역시 달서구 상인동,경상사고,0,0,1,1,차대차 - 측면충돌,안전운전불이행,건조,맑음,교차로 - 교차로횡단보도내,승용,여,38세,부상신고,승용,남,40세,경상
2020092200100413,2020년 9월 22일 15시,화요일,대구광역시 북구 사수동,사망사고,1,0,2,0,차대차 - 측면충돌,안전운전불이행,건조,맑음,교차로 - 교차로부근,승용,남,76세,사망,승용,남,47세,경상
2020092200100479,2020년 9월 22일 16시,화요일,대구광역시 수성구 범어동,경상사고,0,0,2,0,차대차 - 추돌,안전운전불이행,건조,맑음,기타 - 기타,승용,남,48세,상해없음,승용,여,40세,경상
2020092200100480,2020년 9월 22일 16시,화요일,대구광역시 달성군 현풍읍,중상사고,0,1,0,0,차대차 - 측면충돌,안전운전불이행,건조,맑음,단일로 - 기타,승용,남,60세,기타불명,자전거,여,72세,중상
2020092200100481,2020년 9월 22일 16시,화요일,대구광역시 달성군 화원읍,사망사고,1,0,0,0,차대차 - 측면충돌,안전운전불이행,건조,맑음,단일로 - 기타,화물,남,42세,상해없음,승용,남,66세,상해없음
2020092200100527,2020년 9월 22일 17시,화요일,대구광역시 동구 신암동,경상사고,0,0,1,1,차대차 - 기타,교차로운행방법위반,건조,맑음,교차로 - 교차로안,승용,남,35세,부상신고,승용,여,50세,경상
2020092200100528,2020년 9월 22일 17시,화요일,대구광역시 수성구 범어동,경상사고,0,0,1,0,차대사람 - 횡단중,보행자보호의무위반,건조,맑음,교차로 - 교차로횡단보도내,승용,여,48세,상해없음,보행자,남,45세,경상
2020092200100529,2020년 9월 22일 17시,화요일,대구광역시 달서구 송현동,중상사고,0,1,0,0,차대사람 - 기타,안전운전불이행,건조,맑음,교차로 - 교차로횡단보도내,이륜,남,42세,중상,보행자,남,66세,상해없음
2020092200100530,2020년 9월 22일 17시,화요일,대구광역시 달성군 다사읍,경상사고,0,0,1,0,차대차 - 기타,교차로운행방법위반,건조,맑음,교차로 - 교차로안,승용,여,36세,상해없음,승용,남,30세,경상
2020092200100531,2020년 9월 22일 17시,화요일,대구광역시 서구 비산동,경상사고,0,0,1,0,차대차 - 측면충돌,안전거리미확보,건조,맑음,단일로 - 기타,승합,남,59세,상해없음,특수,남,44세,경상
2020092200100533,2020년 9월 22일 17시,화요일,대구광역시 북구 국우동,경상사고,0,0,4,0,차대차 - 측면충돌,직진우회전진행방해,건조,맑음,교차로 - 교차로안,승용,남,30세,경상,화물,남,24세,경상
2020092200100586,2020년 9월 22일 18시,화요일,대구광역시 수성구 중동,중상사고,0,1,0,0,차대차 - 측면충돌,신호위반,건조,맑음,교차로 - 교차로부근,이륜,남,46세,중상,승용,여,52세,상해없음
2020092200100636,2020년 9월 22일 19시,화요일,대구광역시 동구 지묘동,경상사고,0,0,2,0,차대차 - 측면충돌,안전운전불이행,건조,맑음,교차로 - 교차로안,승용,여,61세,상해없음,승용,남,30세,경상
2020092200100637,2020년 9월 22일 19시,화요일,대구광역시 동구 신암동,경상사고,0,0,1,0,차대사람 - 횡단중,보행자보호의무위반,건조,맑음,교차로 - 교차로안,승용,여,29세,상해없음,보행자,남,35세,경상
2020092200100638,2020년 9월 22일 19시,화요일,대구광역시 달서구 죽전동,부상신고사고,0,0,0,1,차대차 - 측면충돌,안전운전불이행,건조,맑음,단일로 - 기타,승용,남,56세,부상신고,승용,여,69세,상해없음
2020092200100672,2020년 9월 22일 20시,화요일,대구광역시 북구 복현동,경상사고,0,0,1,0,차대차 - 기타,안전거리미확보,건조,맑음,단일로 - 기타,승합,남,61세,상해없음,승용,남,31세,경상
2020092200100692,2020년 9월 22일 21시,화요일,대구광역시 북구 산격동,경상사고,0,0,1,0,차대차 - 측면충돌,안전운전불이행,건조,맑음,교차로 - 교차로부근,개인형이동수단(PM),남,18세,경상,승용,남,59세,상해없음
2020092200100693,2020년 9월 22일 21시,화요일,대구광역시 달서구 성당동,중상사고,0,1,0,0,차대차 - 기타,직진우회전진행방해,건조,맑음,교차로 - 교차로안,승용,남,40세,상해없음,이륜,남,55세,중상
2020092200100712,2020년 9월 22일 22시,화요일,대구광역시 수성구 두산동,경상사고,0,0,1,0,차대차 - 추돌,안전운전불이행,건조,맑음,단일로 - 기타,화물,남,48세,상해없음,이륜,남,28세,경상
2020092300100010,2020년 9월 23일 00시,수요일,대구광역시 동구 신천동,경상사고,0,0,1,0,차대차 - 기타,안전운전불이행,건조,맑음,기타 - 기타,기타불명,기타불명,미분류,기타불명,자전거,남,55세,경상
2020092300100033,2020년 9월 23일 03시,수요일,대구광역시 달성군 다사읍,경상사고,0,0,1,0,차대차 - 기타,안전운전불이행,건조,맑음,교차로 - 교차로안,화물,남,64세,상해없음,승용,남,60세,경상
2020092300100081,2020년 9월 23일 07시,수요일,대구광역시 달성군 옥포읍,경상사고,0,0,1,0,차대차 - 기타,신호위반,건조,맑음,교차로 - 교차로안,승용,여,61세,상해없음,승용,남,41세,경상
2020092300100082,2020년 9월 23일 07시,수요일,대구광역시 달서구 장동,중상사고,0,1,0,0,차대차 - 기타,교차로운행방법위반,건조,맑음,교차로 - 교차로안,승용,여,48세,상해없음,자전거,남,81세,중상
2020092300100122,2020년 9월 23일 08시,수요일,대구광역시 달서구 상인동,경상사고,0,0,1,0,차대차 - 측면충돌,안전운전불이행,건조,맑음,교차로 - 교차로안,승합,남,61세,상해없음,승용,남,31세,경상
2020092300100123,2020년 9월 23일 08시,수요일,대구광역시 중구 삼덕동3가,중상사고,0,1,1,1,차대차 - 측면충돌,안전거리미확보,건조,맑음,단일로 - 기타,승용,남,49세,부상신고,승용,남,58세,중상
2020092300100124,2020년 9월 23일 08시,수요일,대구광역시 달서구 이곡동,중상사고,0,1,0,0,차대사람 - 횡단중,보행자보호의무위반,건조,맑음,단일로 - 기타,승용,여,41세,상해없음,보행자,여,62세,중상
2020092300100156,2020년 9월 23일 09시,수요일,대구광역시 달성군 현풍읍,중상사고,0,1,0,0,차대차 - 기타,안전운전불이행,건조,맑음,기타 - 기타,화물,남,49세,상해없음,이륜,남,79세,중상
2020092300100190,2020년 9월 23일 10시,수요일,대구광역시 수성구 범물동,경상사고,0,0,1,0,차대차 - 측면충돌,안전운전불이행,건조,맑음,단일로 - 기타,승용,남,70세,상해없음,승용,여,22세,경상
2020092300100191,2020년 9월 23일 10시,수요일,대구광역시 북구 침산동,경상사고,0,0,2,0,차대차 - 추돌,안전거리미확보,건조,맑음,단일로 - 기타,특수,남,37세,상해없음,승용,남,41세,경상
2020092300100192,2020년 9월 23일 10시,수요일,대구광역시 북구 칠성동2가,경상사고,0,0,1,0,차대차 - 기타,안전운전불이행,건조,맑음,교차로 - 교차로부근,승용,남,55세,상해없음,승용,여,37세,경상
2020092300100193,2020년 9월 23일 10시,수요일,대구광역시 달서구 신당동,경상사고,0,0,1,0,차대차 - 추돌,안전거리미확보,건조,맑음,단일로 - 기타,승용,남,63세,상해없음,승합,남,40세,경상
2020092300100194,2020년 9월 23일 10시,수요일,대구광역시 달서구 용산동,경상사고,0,0,1,0,차량단독 - 공작물충돌,안전운전불이행,건조,맑음,단일로 - 기타,승용,여,59세,경상,,,,
2020092300100226,2020년 9월 23일 11시,수요일,대구광역시 북구 침산동,경상사고,0,0,1,0,차대사람 - 횡단중,보행자보호의무위반,건조,맑음,교차로 - 교차로부근,화물,남,37세,상해없음,보행자,남,69세,경상
2020092300100290,2020년 9월 23일 13시,수요일,대구광역시 달서구 송현동,부상신고사고,0,0,0,1,차대사람 - 차도통행중,안전운전불이행,건조,맑음,교차로 - 교차로부근,화물,남,48세,상해없음,보행자,여,79세,부상신고
2020092300100291,2020년 9월 23일 13시,수요일,대구광역시 북구 칠성동2가,부상신고사고,0,0,0,1,차대차 - 추돌,안전운전불이행,건조,맑음,교차로 - 교차로부근,이륜,남,37세,부상신고,승용,남,63세,상해없음
2020092300100292,2020년 9월 23일 13시,수요일,대구광역시 북구 산격동,경상사고,0,0,1,0,차대차 - 측면충돌,안전운전불이행,건조,맑음,교차로 - 교차로안,자전거,여,66세,경상,승용,남,68세,상해없음
2020092300100293,2020년 9월 23일 13시,수요일,대구광역시 서구 비산동,경상사고,0,0,1,0,차대차 - 기타,직진우회전진행방해,건조,맑음,교차로 - 교차로안,승용,여,45세,상해없음,이륜,남,60세,경상
2020092300100294,2020년 9월 23일 13시,수요일,대구광역시 서구 중리동,경상사고,0,0,1,0,차대차 - 기타,안전운전불이행,건조,맑음,교차로 - 교차로부근,승용,남,53세,상해없음,이륜,남,39세,경상
2020092300100332,2020년 9월 23일 14시,수요일,대구광역시 달성군 화원읍,경상사고,0,0,1,0,차대차 - 기타,안전운전불이행,건조,맑음,교차로 - 교차로안,승용,여,57세,상해없음,승용,남,36세,경상
2020092300100333,2020년 9월 23일 14시,수요일,대구광역시 달서구 용산동,경상사고,0,0,1,0,차대차 - 측면충돌,안전운전불이행,건조,맑음,단일로 - 기타,승용,여,42세,기타불명,승용,남,37세,경상
2020092300100365,2020년 9월 23일 15시,수요일,대구광역시 수성구 범물동,경상사고,0,0,1,0,차대사람 - 기타,안전운전불이행,건조,맑음,단일로 - 기타,승용,여,29세,상해없음,보행자,여,28세,경상
2020092300100366,2020년 9월 23일 15시,수요일,대구광역시 수성구 만촌동,경상사고,0,0,2,0,차대차 - 측면충돌,안전거리미확보,건조,맑음,단일로 - 기타,이륜,남,34세,경상,원동기,남,27세,경상
2020092300100407,2020년 9월 23일 16시,수요일,대구광역시 북구 노원동3가,경상사고,0,0,1,0,차대차 - 측면충돌,안전운전불이행,건조,맑음,단일로 - 기타,화물,남,44세,상해없음,자전거,남,59세,경상
2020092300100408,2020년 9월 23일 16시,수요일,대구광역시 서구 비산동,부상신고사고,0,0,0,2,차대차 - 측면충돌,안전운전불이행,건조,맑음,단일로 - 기타,승용,여,60세,상해없음,승용,여,40세,부상신고
2020092300100409,2020년 9월 23일 16시,수요일,대구광역시 북구 동천동,경상사고,0,0,2,0,차대차 - 기타,안전운전불이행,건조,맑음,단일로 - 기타,승용,여,20세,상해없음,승용,여,36세,경상
2020092300100447,2020년 9월 23일 17시,수요일,대구광역시 남구 이천동,경상사고,0,0,2,0,차대차 - 측면충돌,안전운전불이행,건조,맑음,단일로 - 기타,승용,여,54세,경상,승용,여,24세,경상
2020092300100448,2020년 9월 23일 17시,수요일,대구광역시 동구 신암동,경상사고,0,0,1,0,차대사람 - 기타,안전운전불이행,건조,맑음,단일로 - 기타,승용,남,50세,상해없음,보행자,남,62세,경상
2020092300100449,2020년 9월 23일 17시,수요일,대구광역시 중구 대안동,경상사고,0,0,2,0,차대차 - 측면충돌,교차로운행방법위반,건조,맑음,교차로 - 교차로안,승용,남,60세,상해없음,승용,남,39세,경상
2020092300100491,2020년 9월 23일 18시,수요일,대구광역시 동구 입석동,경상사고,0,0,1,0,차대차 - 기타,안전운전불이행,건조,맑음,단일로 - 기타,승합,남,40세,상해없음,승용,남,54세,기타불명
2020092300100492,2020년 9월 23일 18시,수요일,대구광역시 달성군 유가읍,중상사고,0,1,1,0,차대차 - 측면충돌,안전운전불이행,건조,맑음,교차로 - 교차로안,승용,남,60세,경상,이륜,남,33세,중상
2020092300100493,2020년 9월 23일 18시,수요일,대구광역시 북구 산격동,부상신고사고,0,0,0,1,차대사람 - 보도통행중,안전운전불이행,건조,맑음,교차로 - 교차로안,승용,남,49세,상해없음,보행자,남,38세,부상신고
2020092300100494,2020년 9월 23일 18시,수요일,대구광역시 서구 비산동,중상사고,0,1,0,0,차대차 - 기타,교차로운행방법위반,건조,맑음,교차로 - 교차로안,승용,여,46세,상해없음,이륜,남,28세,중상
2020092300100495,2020년 9월 23일 18시,수요일,대구광역시 북구 서변동,경상사고,0,0,2,0,차대차 - 추돌,안전거리미확보,건조,맑음,단일로 - 기타,승용,남,58세,상해없음,승합,남,50세,경상