사고번호,사고일시,요일,시군구,사고내용,사망자수,중상자수,경상자수,부상신고자수,사고유형,법규위반,노면상태,기상상태,도로형태,가해운전자 차종,가해운전자 성별,가해운전자 연령,가해운전자 상해정도,피해운전자 차종,피해운전자 성별,피해운전자 연령,피해운전자 상해정도
2020100300100113,2020년 10월 3일 10시,토요일,대구광역시 달서구 용산동,경상사고,0,0,2,0,차대차 - 추돌,안전운전불이행,건조,맑음,교차로 - 교차로안,승용,남,68세,상해없음,승용,남,55세,경상
2020100300100124,2020년 10월 3일 11시,토요일,대구광역시 동구 신암동,경상사고,0,0,2,0,차대차 - 측면충돌,신호위반,건조,맑음,교차로 - 교차로안,승용,남,71세,상해없음,화물,남,20세,경상
2020100300100125,2020년 10월 3일 11시,토요일,대구광역시 수성구 황금동,중상사고,0,1,0,0,차대차 - 추돌,안전운전불이행,건조,맑음,단일로 - 기타,승용,남,46세,상해없음,승용,여,58세,중상
2020100300100126,2020년 10월 3일 11시,토요일,대구광역시 서구 평리동,경상사고,0,0,1,0,차대차 - 측면충돌,안전운전불이행,건조,맑음,단일로 - 기타,승용,남,23세,상해없음,승용,여,54세,경상
2020100300100127,2020년 10월 3일 11시,토요일,대구광역시 중구 동성로3가,부상신고사고,0,0,0,1,차대차 - 측면충돌,기타,건조,맑음,교차로 - 교차로안,이륜,남,68세,부상신고,승용,남,66세,상해없음
2020100300100128,2020년 10월 3일 11시,토요일,대구광역시 달서구 두류동,중상사고,0,1,0,0,차대차 - 측면충돌,안전운전불이행,건조,맑음,단일로 - 기타,화물,여,61세,상해없음,자전거,남,80세,중상
2020100300100156,2020년 10월 3일 12시,토요일,대구광역시 동구 신천동,경상사고,0,0,1,0,차대차 - 측면충돌,신호위반,건조,맑음,교차로 - 교차로안,승용,여,52세,상해없음,이륜,남,56세,경상
2020100300100157,2020년 10월 3일 12시,토요일,대구광역시 북구 산격동,경상사고,0,0,1,0,차대차 - 기타,안전운전불이행,건조,맑음,단일로 - 기타,승용,남,52세,상해없음,이륜,남,38세,경상
2020100300100186,2020년 10월 3일 13시,토요일,대구광역시 수성구 황금동,중상사고,0,1,0,0,차대차 - 측면충돌,안전거리미확보,건조,맑음,단일로 - 기타,승용,여,41세,상해없음,승용,남,34세,상해없음
2020100300100187,2020년 10월 3일 13시,토요일,대구광역시 달서구 송현동,경상사고,0,0,1,0,차대사람 - 보도통행중,보행자보호의무위반,건조,맑음,교차로 - 교차로안,승용,남,70세,상해없음,보행자,남,55세,경상
2020100300100188,2020년 10월 3일 13시,토요일,대구광역시 달성군 논공읍,중상사고,0,1,2,0,차대차 - 기타,신호위반,건조,맑음,교차로 - 교차로안,승용,남,65세,중상,화물,남,46세,경상
2020100300100220,2020년 10월 3일 14시,토요일,대구광역시 북구 구암동,경상사고,0,0,1,0,차대차 - 기타,안전운전불이행,건조,맑음,교차로 - 교차로안,승용,여,50세,상해없음,이륜,남,22세,경상
2020100300100276,2020년 10월 3일 16시,토요일,대구광역시 동구 율하동,경상사고,0,0,5,0,차대차 - 기타,신호위반,건조,맑음,교차로 - 교차로안,승용,여,59세,경상,승용,남,40세,경상
2020100300100277,2020년 10월 3일 16시,토요일,대구광역시 달성군 현풍읍,경상사고,0,0,1,0,차대차 - 기타,안전운전불이행,건조,맑음,교차로 - 교차로안,승용,남,63세,상해없음,승용,남,29세,경상
2020100300100278,2020년 10월 3일 16시,토요일,대구광역시 달서구 성당동,중상사고,0,1,0,0,차대차 - 기타,교차로운행방법위반,건조,맑음,교차로 - 교차로횡단보도내,승용,남,36세,상해없음,자전거,남,75세,중상
2020100300100308,2020년 10월 3일 17시,토요일,대구광역시 동구 율하동,경상사고,0,0,1,0,차대차 - 측면충돌,신호위반,건조,맑음,단일로 - 기타,승용,남,57세,상해없음,승용,남,43세,경상
2020100300100309,2020년 10월 3일 17시,토요일,대구광역시 동구 효목동,중상사고,0,1,0,0,차대사람 - 기타,기타,건조,맑음,단일로 - 기타,개인형이동수단(PM),여,17세,상해없음,보행자,여,64세,중상
2020100300100310,2020년 10월 3일 17시,토요일,대구광역시 북구 칠성동2가,경상사고,0,0,1,0,차량단독 - 기타,안전운전불이행,건조,맑음,단일로 - 기타,승합,남,57세,기타불명,,,,
2020100300100311,2020년 10월 3일 17시,토요일,대구광역시 북구 침산동,경상사고,0,0,1,0,차대차 - 측면충돌,안전운전불이행,건조,맑음,교차로 - 교차로부근,승용,여,43세,상해없음,승용,남,31세,경상
2020100300100339,2020년 10월 3일 18시,토요일,대구광역시 북구 읍내동,사망사고,1,0,0,0,차대사람 - 횡단중,안전운전불이행,건조,흐림,교차로 - 교차로부근,승용,남,27세,상해없음,보행자,여,70세,사망
2020100300100373,2020년 10월 3일 19시,토요일,대구광역시 남구 이천동,경상사고,0,0,3,0,차대차 - 추돌,안전운전불이행,건조,맑음,기타 - 기타,승용,여,45세,상해없음,승용,남,56세,경상
2020100300100374,2020년 10월 3일 19시,토요일,대구광역시 북구 태전동,부상신고사고,0,0,0,1,차대차 - 측면충돌,신호위반,건조,맑음,교차로 - 교차로부근,원동기,남,34세,부상신고,승용,여,59세,상해없음
2020100300100403,2020년 10월 3일 20시,토요일,대구광역시 달서구 월성동,경상사고,0,0,1,0,차대차 - 기타,차로위반,건조,맑음,단일로 - 기타,승용,남,64세,상해없음,이륜,남,34세,경상
2020100300100404,2020년 10월 3일 20시,토요일,대구광역시 북구 침산동,중상사고,0,1,0,0,차대차 - 추돌,안전거리미확보,건조,맑음,단일로 - 기타,승용,남,28세,상해없음,승용,남,54세,상해없음
2020100300100416,2020년 10월 3일 21시,토요일,대구광역시 수성구 상동,경상사고,0,0,5,0,차대차 - 측면충돌,안전운전불이행,건조,맑음,단일로 - 기타,승용,남,49세,상해없음,승용,남,42세,경상
2020100300100433,2020년 10월 3일 22시,토요일,대구광역시 수성구 만촌동,부상신고사고,0,0,0,1,차대사람 - 횡단중,보행자보호의무위반,건조,맑음,교차로 - 교차로안,기타불명,기타불명,미분류,기타불명,보행자,여,23세,부상신고
2020100400100013,2020년 10월 4일 00시,일요일,대구광역시 달서구 송현동,경상사고,0,0,1,0,차대차 - 측면충돌,교차로운행방법위반,건조,맑음,교차로 - 교차로안,승용,남,57세,상해없음,승용,남,55세,경상
2020100400100014,2020년 10월 4일 00시,일요일,대구광역시 달서구 호산동,경상사고,0,0,2,0,차대차 - 기타,안전거리미확보,건조,맑음,교차로 - 교차로부근,승용,남,32세,상해없음,승용,남,31세,경상
2020100400100025,2020년 10월 4일 01시,일요일,대구광역시 달서구 호산동,부상신고사고,0,0,0,1,차대차 - 기타,신호위반,젖음/습기,비,교차로 - 교차로안,이륜,남,30세,부상신고,승용,남,48세,상해없음
2020100400100038,2020년 10월 4일 02시,일요일,대구광역시 달서구 감삼동,중상사고,0,1,0,0,차대사람 - 기타,신호위반,젖음/습기,비,단일로 - 기타,승합,남,42세,상해없음,보행자,남,50세,중상
2020100400100047,2020년 10월 4일 03시,일요일,대구광역시 중구 삼덕동2가,중상사고,0,1,0,0,차대사람 - 차도통행중,안전운전불이행,건조,맑음,단일로 - 기타,승용,여,63세,상해없음,보행자,남,28세,중상
2020100400100059,2020년 10월 4일 05시,일요일,대구광역시 북구 칠성동1가,중상사고,0,1,0,0,차대사람 - 기타,안전운전불이행,건조,맑음,교차로 - 교차로횡단보도내,승용,남,38세,상해없음,보행자,남,84세,중상
2020100400100094,2020년 10월 4일 09시,일요일,대구광역시 수성구 만촌동,중상사고,0,1,1,1,차대차 - 측면충돌,차로위반,건조,맑음,단일로 - 기타,승용,여,63세,부상신고,승용,여,29세,경상
2020100400100147,2020년 10월 4일 12시,일요일,대구광역시 남구 대명동,경상사고,0,0,1,0,차대차 - 측면충돌,안전거리미확보,건조,맑음,교차로 - 교차로부근,승용,남,56세,상해없음,이륜,남,20세,경상
2020100400100148,2020년 10월 4일 12시,일요일,대구광역시 북구 동변동,경상사고,0,0,1,0,차대차 - 기타,안전운전불이행,건조,맑음,교차로 - 교차로부근,이륜,남,43세,경상,화물,남,78세,상해없음
2020100400100177,2020년 10월 4일 13시,일요일,대구광역시 서구 비산동,중상사고,0,1,0,0,차대차 - 기타,신호위반,건조,맑음,교차로 - 교차로횡단보도내,화물,남,30세,상해없음,자전거,남,47세,중상
2020100400100178,2020년 10월 4일 13시,일요일,대구광역시 중구 삼덕동3가,부상신고사고,0,0,0,3,차대차 - 측면충돌,안전거리미확보,건조,맑음,단일로 - 기타,승용,여,28세,부상신고,승용,남,66세,부상신고
2020100400100202,2020년 10월 4일 14시,일요일,대구광역시 달성군 화원읍,경상사고,0,0,1,0,차대차 - 측면충돌,안전운전불이행,건조,맑음,교차로 - 교차로부근,승용,여,26세,상해없음,원동기,남,44세,경상
2020100400100203,2020년 10월 4일 14시,일요일,대구광역시 북구 복현동,경상사고,0,0,1,0,차대차 - 추돌,안전거리미확보,건조,맑음,교차로 - 교차로안,승용,남,81세,상해없음,승용,남,43세,경상
2020100400100260,2020년 10월 4일 16시,일요일,대구광역시 수성구 만촌동,경상사고,0,0,1,1,차대차 - 추돌,안전운전불이행,건조,맑음,단일로 - 기타,승용,여,59세,상해없음,승용,남,31세,경상
2020100400100261,2020년 10월 4일 16시,일요일,대구광역시 중구 삼덕동3가,중상사고,0,1,0,0,차대차 - 추돌,안전운전불이행,건조,맑음,단일로 - 기타,자전거,남,44세,상해없음,자전거,남,65세,중상
2020100400100295,2020년 10월 4일 17시,일요일,대구광역시 서구 중리동,경상사고,0,0,2,1,차대차 - 측면충돌,안전운전불이행,건조,맑음,단일로 - 기타,승용,여,56세,상해없음,승용,여,40세,기타불명
2020100400100317,2020년 10월 4일 18시,일요일,대구광역시 달서구 본동,경상사고,0,0,1,0,차대차 - 측면충돌,안전운전불이행,건조,맑음,교차로 - 교차로안,기타불명,기타불명,미분류,기타불명,자전거,남,57세,경상
2020100400100318,2020년 10월 4일 18시,일요일,대구광역시 북구 침산동,경상사고,0,0,1,0,차대차 - 측면충돌,신호위반,건조,맑음,교차로 - 교차로부근,승용,여,52세,상해없음,원동기,여,20세,경상
2020100400100320,2020년 10월 4일 18시,일요일,대구광역시 북구 구암동,경상사고,0,0,1,0,차대차 - 기타,안전운전불이행,건조,맑음,교차로 - 교차로부근,승용,여,62세,상해없음,승용,남,32세,경상
2020100400100344,2020년 10월 4일 19시,일요일,대구광역시 동구 신서동,경상사고,0,0,1,0,차대차 - 측면충돌,교차로운행방법위반,건조,맑음,교차로 - 교차로안,승용,남,59세,상해없음,원동기,남,40세,경상
2020100400100366,2020년 10월 4일 20시,일요일,대구광역시 달서구 월성동,경상사고,0,0,1,1,차대차 - 기타,차로위반,건조,맑음,단일로 - 기타,승용,남,47세,상해없음,원동기,남,21세,부상신고
2020100400100384,2020년 10월 4일 21시,일요일,대구광역시 남구 대명동,경상사고,0,0,1,0,차대차 - 기타,안전운전불이행,건조,맑음,단일로 - 지하차도(도로)내,승용,남,24세,상해없음,승용,남,39세,경상
2020100400100385,2020년 10월 4일 21시,일요일,대구광역시 수성구 만촌동,중상사고,0,1,0,0,차대사람 - 기타,안전운전불이행,건조,맑음,단일로 - 기타,자전거,남,60세,기타불명,보행자,여,51세,중상
2020100400100386,2020년 10월 4일 21시,일요일,대구광역시 북구 동천동,중상사고,0,1,0,0,차대사람 - 기타,안전운전불이행,기타,맑음,단일로 - 기타,개인형이동수단(PM),여,16세,상해없음,보행자,여,23세,중상
2020100400100397,2020년 10월 4일 22시,일요일,대구광역시 중구 동성로2가,경상사고,0,0,1,0,차대사람 - 기타,안전운전불이행,건조,맑음,단일로 - 기타,이륜,남,23세,상해없음,보행자,여,26세,경상
2020100400100413,2020년 10월 4일 23시,일요일,대구광역시 중구 삼덕동2가,중상사고,0,1,0,0,차대사람 - 횡단중,신호위반,건조,맑음,교차로 - 교차로안,승용,남,27세,상해없음,보행자,남,57세,중상
2020100500100017,2020년 10월 5일 02시,월요일,대구광역시 남구 대명동,중상사고,0,1,1,0,차대차 - 기타,안전운전불이행,건조,맑음,교차로 - 교차로부근,화물,남,57세,상해없음,승용,남,62세,중상
2020100500100018,2020년 10월 5일 02시,월요일,대구광역시 중구 대봉동,경상사고,0,0,1,0,차량단독 - 기타,안전운전불이행,건조,맑음,단일로 - 교량,이륜,남,21세,상해없음,,,,
2020100500100019,2020년 10월 5일 02시,월요일,대구광역시 북구 칠성동1가,중상사고,0,1,1,0,차대차 - 측면충돌,신호위반,건조,맑음,교차로 - 교차로안,승용,남,22세,상해없음,승용,남,57세,중상
2020100500100032,2020년 10월 5일 05시,월요일,대구광역시 북구 태전동,경상사고,0,0,2,0,차대차 - 측면충돌,안전운전불이행,건조,맑음,단일로 - 기타,승용,남,61세,경상,승용,남,42세,상해없음
2020100500100042,2020년 10월 5일 06시,월요일,대구광역시 달서구 도원동,경상사고,0,0,1,0,차대차 - 측면충돌,안전거리미확보,건조,맑음,단일로 - 기타,화물,남,23세,상해없음,승용,남,30세,경상
2020100500100043,2020년 10월 5일 06시,월요일,대구광역시 달성군 다사읍,경상사고,0,0,1,0,차대차 - 추돌,안전운전불이행,건조,맑음,단일로 - 기타,이륜,남,20세,상해없음,승용,여,57세,경상
2020100500100117,2020년 10월 5일 08시,월요일,대구광역시 동구 신암동,경상사고,0,0,1,0,차대사람 - 횡단중,보행자보호의무위반,건조,맑음,단일로 - 기타,승용,남,80세,상해없음,보행자,남,73세,경상
2020100500100118,2020년 10월 5일 08시,월요일,대구광역시 동구 봉무동,중상사고,0,1,0,0,차대차 - 측면충돌,교차로운행방법위반,건조,맑음,교차로 - 교차로안,화물,남,50세,상해없음,승용,여,52세,중상
2020100500100119,2020년 10월 5일 08시,월요일,대구광역시 달성군 가창면,경상사고,0,0,1,0,차대차 - 기타,안전운전불이행,건조,맑음,단일로 - 기타,승용,남,58세,상해없음,승용,남,48세,경상
2020100500100159,2020년 10월 5일 09시,월요일,대구광역시 동구 신천동,경상사고,0,0,1,0,차대차 - 기타,안전운전불이행,건조,맑음,단일로 - 기타,승용,여,51세,상해없음,승용,여,48세,경상
2020100500100160,2020년 10월 5일 09시,월요일,대구광역시 달서구 송현동,중상사고,0,1,0,0,차대차 - 측면충돌,직진우회전진행방해,건조,맑음,교차로 - 교차로안,승용,남,86세,상해없음,자전거,남,77세,중상
2020100500100161,2020년 10월 5일 09시,월요일,대구광역시 북구 칠성동1가,경상사고,0,0,1,0,차대차 - 기타,안전운전불이행,건조,맑음,교차로 - 교차로안,화물,남,53세,기타불명,이륜,남,51세,경상
2020100500100162,2020년 10월 5일 09시,월요일,대구광역시 달서구 용산동,중상사고,0,1,0,0,차대사람 - 횡단중,신호위반,건조,맑음,단일로 - 기타,화물,남,79세,상해없음,보행자,여,42세,중상
2020100500100193,2020년 10월 5일 10시,월요일,대구광역시 남구 대명동,중상사고,0,1,0,0,차대사람 - 횡단중,보행자보호의무위반,건조,맑음,교차로 - 교차로횡단보도내,승용,남,55세,상해없음,보행자,여,70세,중상
2020100500100194,2020년 10월 5일 10시,월요일,대구광역시 북구 국우동,사망사고,1,0,0,0,차대사람 - 기타,안전운전불이행,건조,맑음,단일로 - 기타,승용,여,51세,상해없음,보행자,여,78세,사망
2020100500100229,2020년 10월 5일 11시,월요일,대구광역시 동구 신암동,중상사고,0,1,1,0,차대차 - 추돌,안전운전불이행,건조,맑음,단일로 - 기타,승용,남,73세,경상,승용,남,56세,중상
2020100500100230,2020년 10월 5일 11시,월요일,대구광역시 달서구 죽전동,경상사고,0,0,1,0,차대차 - 측면충돌,안전운전불이행,건조,맑음,기타 - 기타,승용,남,25세,상해없음,화물,남,59세,경상
2020100500100267,2020년 10월 5일 12시,월요일,대구광역시 남구 봉덕동,중상사고,0,1,1,0,차대차 - 측면충돌,차로위반,건조,맑음,단일로 - 기타,승용,여,31세,경상,승용,여,62세,중상
2020100500100268,2020년 10월 5일 12시,월요일,대구광역시 수성구 범어동,경상사고,0,0,1,0,차대차 - 측면충돌,안전운전불이행,건조,맑음,단일로 - 기타,승용,여,35세,상해없음,이륜,남,44세,경상
2020100500100269,2020년 10월 5일 12시,월요일,대구광역시 수성구 만촌동,경상사고,0,0,1,0,차대차 - 측면충돌,차로위반,건조,맑음,교차로 - 교차로부근,승용,남,73세,상해없음,화물,남,44세,경상
2020100500100271,2020년 10월 5일 12시,월요일,대구광역시 달서구 성당동,경상사고,0,0,1,0,차대사람 - 기타,안전운전불이행,건조,맑음,기타 - 기타,승용,남,55세,상해없음,보행자,남,49세,경상
2020100500100308,2020년 10월 5일 13시,월요일,대구광역시 서구 평리동,경상사고,0,0,1,0,차대차 - 정면충돌,중앙선침범,건조,맑음,교차로 - 교차로부근,화물,남,53세,상해없음,승용,남,63세,경상
2020100500100359,2020년 10월 5일 14시,월요일,대구광역시 달서구 상인동,중상사고,0,1,0,0,차대사람 - 횡단중,보행자보호의무위반,건조,맑음,교차로 - 교차로횡단보도내,승용,남,53세,상해없음,보행자,여,73세,중상
2020100500100360,2020년 10월 5일 14시,월요일,대구광역시 북구 산격동,경상사고,0,0,1,0,차대차 - 측면충돌,안전거리미확보,건조,맑음,단일로 - 기타,화물,남,49세,상해없음,화물,남,53세,경상
2020100500100403,2020년 10월 5일 15시,월요일,대구광역시 동구 불로동,경상사고,0,0,2,0,차대차 - 측면충돌,안전운전불이행,건조,맑음,단일로 - 기타,승용,여,62세,상해없음,이륜,남,24세,경상
2020100500100404,2020년 10월 5일 15시,월요일,대구광역시 수성구 상동,중상사고,0,1,0,0,차대차 - 측면충돌,안전운전불이행,건조,맑음,단일로 - 기타,승용,여,41세,상해없음,자전거,남,59세,중상
2020100500100405,2020년 10월 5일 15시,월요일,대구광역시 달서구 상인동,경상사고,0,0,1,0,차대차 - 추돌,안전거리미확보,건조,맑음,단일로 - 기타,승합,남,51세,상해없음,승용,여,48세,경상
2020100500100406,2020년 10월 5일 15시,월요일,대구광역시 달서구 두류동,경상사고,0,0,1,0,차대차 - 측면충돌,중앙선침범,건조,맑음,단일로 - 기타,승용,남,53세,상해없음,승용,여,41세,경상
2020100500100407,2020년 10월 5일 15시,월요일,대구광역시 달서구 죽전동,경상사고,0,0,1,0,차대차 - 측면충돌,안전거리미확보,건조,맑음,단일로 - 기타,이륜,남,84세,상해없음,이륜,남,53세,경상
2020100500100408,2020년 10월 5일 15시,월요일,대구광역시 달서구 죽전동,경상사고,0,0,1,0,차대사람 - 기타,안전운전불이행,건조,맑음,단일로 - 기타,승용,남,66세,상해없음,보행자,남,53세,경상
2020100500100448,2020년 10월 5일 16시,월요일,대구광역시 달성군 옥포읍,중상사고,0,1,0,0,차대차 - 기타,안전운전불이행,건조,맑음,단일로 - 기타,자전거,여,58세,중상,승용,남,79세,상해없음
2020100500100449,2020년 10월 5일 16시,월요일,대구광역시 달서구 호산동,경상사고,0,0,2,0,차대차 - 측면충돌,신호위반,건조,맑음,교차로 - 교차로안,이륜,남,17세,상해없음,승용,남,29세,경상
2020100500100494,2020년 10월 5일 17시,월요일,대구광역시 달서구 본리동,경상사고,0,0,2,0,차대차 - 측면충돌,안전운전불이행,건조,맑음,교차로 - 교차로안,승용,남,72세,상해없음,승용,남,57세,경상
2020100500100538,2020년 10월 5일 18시,월요일,대구광역시 남구 대명동,경상사고,0,0,1,0,차대차 - 추돌,안전거리미확보,건조,맑음,단일로 - 기타,승용,남,18세,상해없음,승용,여,47세,경상
2020100500100539,2020년 10월 5일 18시,월요일,대구광역시 동구 율하동,경상사고,0,0,1,0,차대차 - 기타,신호위반,건조,맑음,교차로 - 교차로안,승합,남,48세,상해없음,승용,남,35세,경상
2020100500100540,2020년 10월 5일 18시,월요일,대구광역시 수성구 범어동,중상사고,0,1,4,0,차대차 - 추돌,안전운전불이행,건조,맑음,교차로 - 교차로부근,승용,남,46세,기타불명,승용,여,45세,경상
2020100500100541,2020년 10월 5일 18시,월요일,대구광역시 달서구 송현동,중상사고,0,1,0,0,차대차 - 측면충돌,안전거리미확보,건조,맑음,단일로 - 기타,승용,여,40세,상해없음,이륜,남,32세,중상
2020100500100542,2020년 10월 5일 18시,월요일,대구광역시 달서구 월성동,경상사고,0,0,2,0,차대차 - 측면충돌,안전운전불이행,건조,맑음,단일로 - 기타,승용,남,58세,경상,승합,남,64세,경상
2020100500100543,2020년 10월 5일 18시,월요일,대구광역시 달성군 하빈면,중상사고,0,1,0,0,차대차 - 기타,중앙선침범,건조,맑음,단일로 - 기타,승용,여,45세,상해없음,승용,여,65세,중상
2020100500100544,2020년 10월 5일 18시,월요일,대구광역시 서구 비산동,중상사고,0,1,0,0,차대사람 - 차도통행중,안전운전불이행,건조,맑음,단일로 - 기타,자전거,남,38세,중상,보행자,남,5세,상해없음
2020100500100545,2020년 10월 5일 18시,월요일,대구광역시 중구 남산동,중상사고,0,1,0,0,차대차 - 측면충돌,신호위반,건조,맑음,교차로 - 교차로안,승용,여,54세,상해없음,승용,남,42세,상해없음
2020100500100626,2020년 10월 5일 21시,월요일,대구광역시 달성군 다사읍,경상사고,0,0,1,0,차대차 - 기타,안전운전불이행,건조,맑음,교차로 - 교차로안,승용,여,45세,상해없음,승용,여,40세,경상
2020100500100639,2020년 10월 5일 22시,월요일,대구광역시 수성구 수성동2가,중상사고,0,1,1,0,차대사람 - 기타,안전운전불이행,건조,맑음,기타 - 기타,자전거,남,16세,경상,보행자,여,50세,중상
2020100500100656,2020년 10월 5일 23시,월요일,대구광역시 달성군 화원읍,중상사고,0,1,1,0,차대차 - 측면충돌,교차로운행방법위반,건조,맑음,교차로 - 교차로안,승용,남,37세,상해없음,승용,남,68세,중상
2020100600100008,2020년 10월 6일 00시,화요일,대구광역시 수성구 매호동,경상사고,0,0,1,0,차대사람 - 횡단중,안전운전불이행,건조,맑음,교차로 - 교차로횡단보도내,승용,남,69세,상해없음,보행자,남,43세,경상
2020100600100021,2020년 10월 6일 03시,화요일,대구광역시 수성구 범어동,경상사고,0,0,1,0,차대차 - 기타,신호위반,건조,맑음,교차로 - 교차로안,승용,여,23세,상해없음,화물,남,31세,경상
2020100600100038,2020년 10월 6일 05시,화요일,대구광역시 달서구 대곡동,중상사고,0,1,0,0,차대차 - 측면충돌,중앙선침범,건조,맑음,교차로 - 교차로횡단보도내,자전거,남,77세,중상,승합,남,38세,상해없음
2020100600100075,2020년 10월 6일 07시,화요일,대구광역시 달서구 갈산동,경상사고,0,0,2,0,차대차 - 측면충돌,교차로운행방법위반,건조,맑음,교차로 - 교차로안,승용,남,38세,경상,승용,남,72세,경상
2020100600100112,2020년 10월 6일 08시,화요일,대구광역시 동구 율하동,중상사고,0,1,1,0,차대차 - 측면충돌,신호위반,건조,맑음,교차로 - 교차로안,화물,남,55세,중상,승용,여,52세,경상
2020100600100113,2020년 10월 6일 08시,화요일,대구광역시 북구 서변동,경상사고,0,0,2,0,차대차 - 측면충돌,안전거리미확보,건조,맑음,단일로 - 교량,승용,여,34세,경상,건설기계,남,62세,경상
2020100600100114,2020년 10월 6일 08시,화요일,대구광역시 북구 노원동1가,경상사고,0,0,1,0,차대차 - 추돌,안전거리미확보,건조,맑음,단일로 - 기타,승용,남,54세,상해없음,승용,남,63세,경상
2020100600100115,2020년 10월 6일 08시,화요일,대구광역시 달서구 용산동,경상사고,0,0,1,0,차대차 - 측면충돌,신호위반,건조,맑음,교차로 - 교차로안,승용,남,59세,상해없음,승용,여,38세,경상
2020100600100116,2020년 10월 6일 08시,화요일,대구광역시 달서구 장기동,경상사고,0,0,1,0,차대차 - 추돌,안전운전불이행,건조,맑음,단일로 - 기타,승용,남,31세,상해없음,승용,여,44세,경상
2020100600100150,2020년 10월 6일 09시,화요일,대구광역시 남구 대명동,중상사고,0,1,2,0,차대차 - 측면충돌,신호위반,건조,맑음,교차로 - 교차로안,이륜,남,32세,중상,승용,남,39세,경상
2020100600100151,2020년 10월 6일 09시,화요일,대구광역시 달서구 상인동,중상사고,0,1,0,0,차대사람 - 횡단중,안전운전불이행,건조,맑음,단일로 - 기타,승용,남,36세,상해없음,보행자,여,35세,중상
2020100600100152,2020년 10월 6일 09시,화요일,대구광역시 달서구 두류동,경상사고,0,0,1,0,차대차 - 측면충돌,안전운전불이행,건조,맑음,단일로 - 기타,건설기계,남,56세,상해없음,승용,남,43세,경상
2020100600100153,2020년 10월 6일 09시,화요일,대구광역시 서구 평리동,경상사고,0,0,2,0,차대차 - 측면충돌,안전운전불이행,건조,맑음,단일로 - 기타,화물,남,20세,상해없음,승용,남,64세,경상
2020100600100154,2020년 10월 6일 09시,화요일,대구광역시 서구 중리동,경상사고,0,0,1,0,차대차 - 측면충돌,안전운전불이행,건조,맑음,교차로 - 교차로부근,승용,남,30세,상해없음,승용,여,54세,경상
2020100600100155,2020년 10월 6일 09시,화요일,대구광역시 중구 인교동,경상사고,0,0,1,0,차대사람 - 길가장자리구역통행중,안전운전불이행,건조,맑음,단일로 - 기타,승용,여,45세,상해없음,보행자,남,66세,경상
2020100600100156,2020년 10월 6일 09시,화요일,대구광역시 달서구 감삼동,중상사고,0,1,0,1,차대차 - 기타,안전운전불이행,건조,맑음,단일로 - 기타,승용,남,68세,상해없음,승합,남,64세,중상
2020100600100185,2020년 10월 6일 10시,화요일,대구광역시 수성구 만촌동,경상사고,0,0,1,0,차대차 - 측면충돌,안전운전불이행,건조,맑음,교차로 - 교차로안,승용,여,54세,기타불명,승용,남,20세,경상
2020100600100220,2020년 10월 6일 11시,화요일,대구광역시 동구 율하동,부상신고사고,0,0,0,1,차대차 - 측면충돌,안전운전불이행,건조,맑음,교차로 - 교차로안,자전거,남,72세,부상신고,승용,남,49세,상해없음
2020100600100221,2020년 10월 6일 11시,화요일,대구광역시 수성구 수성동1가,중상사고,0,1,1,0,차대차 - 측면충돌,안전거리미확보,건조,맑음,단일로 - 기타,건설기계,남,52세,상해없음,승용,남,66세,경상
2020100600100222,2020년 10월 6일 11시,화요일,대구광역시 북구 읍내동,중상사고,0,1,0,0,차대차 - 측면충돌,안전운전불이행,건조,맑음,교차로 - 교차로안,승용,여,33세,기타불명,자전거,여,59세,중상
2020100600100259,2020년 10월 6일 12시,화요일,대구광역시 수성구 범어동,경상사고,0,0,2,0,차대차 - 측면충돌,안전운전불이행,건조,맑음,단일로 - 기타,승용,남,29세,상해없음,승용,남,31세,경상
2020100600100260,2020년 10월 6일 12시,화요일,대구광역시 서구 평리동,경상사고,0,0,2,0,차대차 - 측면충돌,안전운전불이행,건조,맑음,단일로 - 기타,이륜,남,62세,상해없음,승용,남,40세,경상
2020100600100261,2020년 10월 6일 12시,화요일,대구광역시 남구 대명동,경상사고,0,0,2,0,차대차 - 측면충돌,교차로운행방법위반,건조,맑음,교차로 - 교차로부근,승용,여,66세,경상,승용,남,62세,경상
2020100600100292,2020년 10월 6일 13시,화요일,대구광역시 달서구 상인동,경상사고,0,0,1,0,차대차 - 측면충돌,안전운전불이행,건조,맑음,교차로 - 교차로부근,승용,여,42세,상해없음,이륜,남,45세,경상
2020100600100293,2020년 10월 6일 13시,화요일,대구광역시 서구 비산동,경상사고,0,0,1,0,차대차 - 측면충돌,교차로운행방법위반,건조,맑음,교차로 - 교차로안,승용,여,47세,상해없음,화물,남,60세,경상
2020100600100342,2020년 10월 6일 14시,화요일,대구광역시 동구 효목동,경상사고,0,0,1,0,차대사람 - 기타,기타,건조,맑음,단일로 - 기타,승용,여,48세,상해없음,보행자,여,72세,경상
2020100600100343,2020년 10월 6일 14시,화요일,대구광역시 수성구 연호동,경상사고,0,0,2,0,차대차 - 추돌,안전운전불이행,건조,맑음,교차로 - 교차로부근,승용,여,54세,상해없음,승용,여,40세,경상