사고번호,사고일시,요일,시군구,사고내용,사망자수,중상자수,경상자수,부상신고자수,사고유형,법규위반,노면상태,기상상태,도로형태,가해운전자 차종,가해운전자 성별,가해운전자 연령,가해운전자 상해정도,피해운전자 차종,피해운전자 성별,피해운전자 연령,피해운전자 상해정도
2020102100100525,2020년 10월 21일 18시,수요일,대구광역시 북구 연경동,경상사고,0,0,1,0,차대차 - 기타,신호위반,젖음/습기,비,교차로 - 교차로안,승합,남,48세,상해없음,승용,여,54세,경상
2020102100100561,2020년 10월 21일 19시,수요일,대구광역시 남구 대명동,경상사고,0,0,1,0,차대차 - 추돌,안전운전불이행,젖음/습기,비,단일로 - 기타,승용,남,64세,상해없음,승용,남,21세,경상
2020102100100562,2020년 10월 21일 19시,수요일,대구광역시 동구 신암동,경상사고,0,0,4,0,차대차 - 측면충돌,안전운전불이행,젖음/습기,비,교차로 - 교차로안,승용,여,43세,상해없음,승용,여,40세,경상
2020102100100563,2020년 10월 21일 19시,수요일,대구광역시 동구 율하동,경상사고,0,0,3,0,차대차 - 측면충돌,신호위반,젖음/습기,비,교차로 - 교차로안,승용,남,49세,상해없음,자전거,남,11세,경상
2020102100100564,2020년 10월 21일 19시,수요일,대구광역시 수성구 중동,경상사고,0,0,1,0,차대차 - 측면충돌,안전운전불이행,건조,맑음,단일로 - 기타,이륜,남,42세,상해없음,승용,여,35세,경상
2020102100100565,2020년 10월 21일 19시,수요일,대구광역시 북구 복현동,경상사고,0,0,1,0,차대사람 - 차도통행중,안전운전불이행,젖음/습기,비,단일로 - 기타,승용,남,28세,상해없음,보행자,여,50세,경상
2020102100100566,2020년 10월 21일 19시,수요일,대구광역시 서구 비산동,경상사고,0,0,1,0,차대차 - 추돌,안전운전불이행,건조,맑음,단일로 - 기타,승용,남,51세,상해없음,승용,남,46세,경상
2020102100100567,2020년 10월 21일 19시,수요일,대구광역시 달서구 이곡동,경상사고,0,0,2,0,차대차 - 측면충돌,불법유턴,젖음/습기,비,교차로 - 교차로횡단보도내,이륜,남,40세,경상,승용,여,41세,경상
2020102100100568,2020년 10월 21일 19시,수요일,대구광역시 달서구 신당동,경상사고,0,0,1,0,차대차 - 기타,안전운전불이행,젖음/습기,비,단일로 - 기타,기타불명,기타불명,미분류,기타불명,승합,남,59세,상해없음
2020102100100613,2020년 10월 21일 20시,수요일,대구광역시 남구 대명동,경상사고,0,0,3,0,차대차 - 추돌,안전운전불이행,젖음/습기,비,교차로 - 교차로부근,승용,남,54세,상해없음,승용,남,35세,경상
2020102100100614,2020년 10월 21일 20시,수요일,대구광역시 동구 효목동,경상사고,0,0,1,1,차대차 - 측면충돌,교차로운행방법위반,건조,맑음,교차로 - 교차로안,승용,남,40세,상해없음,승용,남,23세,경상
2020102100100615,2020년 10월 21일 20시,수요일,대구광역시 수성구 만촌동,경상사고,0,0,1,0,차대차 - 측면충돌,중앙선침범,젖음/습기,비,교차로 - 교차로안,이륜,남,52세,경상,승용,남,44세,상해없음
2020102100100616,2020년 10월 21일 20시,수요일,대구광역시 북구 노원동3가,경상사고,0,0,1,0,차대차 - 측면충돌,안전거리미확보,건조,맑음,단일로 - 기타,화물,남,64세,상해없음,승용,남,62세,경상
2020102100100617,2020년 10월 21일 20시,수요일,대구광역시 북구 산격동,경상사고,0,0,1,0,차대사람 - 기타,안전운전불이행,젖음/습기,비,단일로 - 기타,승합,남,56세,상해없음,보행자,여,63세,경상
2020102100100660,2020년 10월 21일 21시,수요일,대구광역시 남구 봉덕동,경상사고,0,0,1,0,차대차 - 측면충돌,안전운전불이행,건조,맑음,교차로 - 교차로안,승용,여,26세,상해없음,이륜,남,50세,경상
2020102100100661,2020년 10월 21일 21시,수요일,대구광역시 북구 산격동,부상신고사고,0,0,0,1,차대차 - 측면충돌,교차로운행방법위반,젖음/습기,비,교차로 - 교차로안,승용,여,54세,상해없음,원동기,남,19세,부상신고
2020102100100696,2020년 10월 21일 22시,수요일,대구광역시 달서구 송현동,경상사고,0,0,6,0,차대차 - 측면충돌,안전운전불이행,젖음/습기,비,교차로 - 교차로부근,승용,여,60세,상해없음,승용,남,68세,경상
2020102100100697,2020년 10월 21일 22시,수요일,대구광역시 북구 서변동,중상사고,0,1,1,0,차대차 - 기타,교차로운행방법위반,젖음/습기,비,단일로 - 기타,승용,남,51세,상해없음,승용,남,56세,경상
2020102200100051,2020년 10월 22일 05시,목요일,대구광역시 달서구 두류동,경상사고,0,0,4,0,차대차 - 측면충돌,안전거리미확보,건조,맑음,단일로 - 기타,승용,남,62세,상해없음,승용,남,23세,경상
2020102200100128,2020년 10월 22일 08시,목요일,대구광역시 동구 율하동,중상사고,0,1,0,0,차대사람 - 횡단중,안전운전불이행,건조,맑음,단일로 - 기타,승용,남,56세,상해없음,보행자,여,24세,중상
2020102200100129,2020년 10월 22일 08시,목요일,대구광역시 동구 효목동,경상사고,0,0,2,0,차대사람 - 횡단중,보행자보호의무위반,건조,맑음,교차로 - 교차로횡단보도내,승용,남,65세,상해없음,보행자,남,11세,경상
2020102200100130,2020년 10월 22일 08시,목요일,대구광역시 달성군 옥포읍,중상사고,0,1,0,0,차대사람 - 기타,안전운전불이행,건조,맑음,기타 - 기타,화물,남,46세,상해없음,보행자,여,31세,중상
2020102200100131,2020년 10월 22일 08시,목요일,대구광역시 달성군 다사읍,경상사고,0,0,3,0,차대차 - 추돌,안전운전불이행,건조,맑음,교차로 - 교차로안,승용,여,26세,경상,화물,남,60세,경상
2020102200100132,2020년 10월 22일 08시,목요일,대구광역시 북구 노원동3가,중상사고,0,1,0,0,차대차 - 기타,안전운전불이행,젖음/습기,맑음,교차로 - 교차로안,원동기,남,54세,중상,화물,남,39세,기타불명
2020102200100133,2020년 10월 22일 08시,목요일,대구광역시 달서구 호산동,경상사고,0,0,3,2,차대차 - 추돌,안전거리미확보,건조,맑음,단일로 - 기타,승용,남,41세,상해없음,화물,남,61세,경상
2020102200100163,2020년 10월 22일 09시,목요일,대구광역시 수성구 만촌동,경상사고,0,0,1,0,차대차 - 측면충돌,안전거리미확보,건조,맑음,단일로 - 기타,승용,남,40세,상해없음,승용,남,38세,경상
2020102200100164,2020년 10월 22일 09시,목요일,대구광역시 북구 관음동,경상사고,0,0,1,0,차대차 - 추돌,안전운전불이행,건조,맑음,단일로 - 기타,승용,남,31세,상해없음,승용,여,52세,경상
2020102200100190,2020년 10월 22일 10시,목요일,대구광역시 서구 상리동,경상사고,0,0,4,0,차대차 - 측면충돌,안전운전불이행,건조,맑음,단일로 - 기타,화물,남,57세,상해없음,승용,남,63세,경상
2020102200100191,2020년 10월 22일 10시,목요일,대구광역시 중구 삼덕동2가,경상사고,0,0,2,1,차대차 - 추돌,안전운전불이행,건조,맑음,교차로 - 교차로부근,이륜,남,22세,부상신고,승용,남,34세,상해없음
2020102200100192,2020년 10월 22일 10시,목요일,대구광역시 달서구 갈산동,경상사고,0,0,1,0,차대차 - 기타,중앙선침범,건조,맑음,단일로 - 기타,화물,남,60세,상해없음,화물,남,49세,경상
2020102200100255,2020년 10월 22일 12시,목요일,대구광역시 동구 신서동,경상사고,0,0,1,0,차대차 - 측면충돌,안전운전불이행,건조,맑음,단일로 - 기타,승용,여,39세,상해없음,승용,여,59세,경상
2020102200100256,2020년 10월 22일 12시,목요일,대구광역시 달성군 유가읍,경상사고,0,0,2,0,차대차 - 기타,안전운전불이행,건조,맑음,단일로 - 기타,승용,여,52세,상해없음,승용,남,52세,경상
2020102200100257,2020년 10월 22일 12시,목요일,대구광역시 북구 서변동,경상사고,0,0,1,0,차대차 - 측면충돌,차로위반,건조,맑음,단일로 - 기타,건설기계,남,60세,상해없음,승용,여,63세,경상
2020102200100291,2020년 10월 22일 13시,목요일,대구광역시 수성구 시지동,경상사고,0,0,2,0,차대차 - 측면충돌,안전운전불이행,건조,맑음,단일로 - 기타,화물,여,51세,상해없음,승용,여,37세,경상
2020102200100318,2020년 10월 22일 14시,목요일,대구광역시 달성군 다사읍,중상사고,0,1,0,0,차대사람 - 기타,안전운전불이행,건조,맑음,교차로 - 교차로부근,화물,남,67세,상해없음,보행자,남,63세,중상
2020102200100319,2020년 10월 22일 14시,목요일,대구광역시 서구 내당동,경상사고,0,0,1,0,차대차 - 측면충돌,안전운전불이행,건조,맑음,단일로 - 기타,승용,남,58세,상해없음,승용,여,54세,경상
2020102200100320,2020년 10월 22일 14시,목요일,대구광역시 달서구 이곡동,중상사고,0,1,1,0,차대차 - 측면충돌,직진우회전진행방해,건조,맑음,교차로 - 교차로안,승용,남,40세,상해없음,원동기,남,58세,경상
2020102200100357,2020년 10월 22일 15시,목요일,대구광역시 남구 대명동,경상사고,0,0,1,0,차대차 - 측면충돌,안전운전불이행,건조,맑음,단일로 - 기타,승용,남,25세,상해없음,승용,남,70세,경상
2020102200100404,2020년 10월 22일 16시,목요일,대구광역시 달서구 진천동,경상사고,0,0,1,0,차대차 - 측면충돌,안전운전불이행,건조,맑음,교차로 - 교차로부근,이륜,남,18세,상해없음,승용,여,24세,경상
2020102200100439,2020년 10월 22일 17시,목요일,대구광역시 달서구 진천동,중상사고,0,2,0,0,차대차 - 측면충돌,중앙선침범,건조,맑음,교차로 - 교차로부근,승용,남,72세,상해없음,이륜,남,74세,중상
2020102200100440,2020년 10월 22일 17시,목요일,대구광역시 북구 복현동,경상사고,0,0,1,0,차대차 - 측면충돌,안전운전불이행,건조,맑음,단일로 - 기타,승용,여,49세,상해없음,승용,여,28세,경상
2020102200100506,2020년 10월 22일 18시,목요일,대구광역시 남구 대명동,경상사고,0,0,1,0,차대차 - 측면충돌,교차로운행방법위반,건조,맑음,교차로 - 교차로안,승용,남,27세,상해없음,이륜,남,28세,경상
2020102200100507,2020년 10월 22일 18시,목요일,대구광역시 수성구 수성동1가,경상사고,0,0,1,0,차대사람 - 횡단중,보행자보호의무위반,건조,맑음,단일로 - 기타,이륜,남,27세,상해없음,보행자,남,74세,경상
2020102200100508,2020년 10월 22일 18시,목요일,대구광역시 북구 칠성동2가,중상사고,0,1,0,0,차대차 - 기타,안전운전불이행,건조,맑음,단일로 - 기타,승용,여,56세,상해없음,자전거,남,70세,중상
2020102200100509,2020년 10월 22일 18시,목요일,대구광역시 북구 산격동,경상사고,0,0,2,0,차대차 - 측면충돌,안전운전불이행,건조,맑음,교차로 - 교차로안,특수,남,54세,경상,승합,남,60세,경상
2020102200100552,2020년 10월 22일 19시,목요일,대구광역시 남구 대명동,경상사고,0,0,2,0,차대차 - 기타,안전운전불이행,건조,맑음,단일로 - 기타,승용,남,38세,상해없음,개인형이동수단(PM),남,27세,경상
2020102200100553,2020년 10월 22일 19시,목요일,대구광역시 수성구 수성동3가,중상사고,0,1,0,0,차대차 - 측면충돌,안전운전불이행,건조,맑음,교차로 - 교차로부근,승용,남,63세,상해없음,이륜,남,32세,중상
2020102200100577,2020년 10월 22일 20시,목요일,대구광역시 북구 노원동3가,부상신고사고,0,0,0,1,차대차 - 기타,신호위반,건조,맑음,교차로 - 교차로안,승용,남,59세,상해없음,이륜,남,29세,부상신고
2020102200100600,2020년 10월 22일 21시,목요일,대구광역시 남구 대명동,중상사고,0,1,0,0,차대사람 - 기타,안전운전불이행,건조,맑음,교차로 - 교차로안,승용,남,64세,상해없음,보행자,남,32세,중상
2020102200100601,2020년 10월 22일 21시,목요일,대구광역시 수성구 황금동,경상사고,0,0,1,0,차대차 - 추돌,안전운전불이행,건조,맑음,교차로 - 교차로부근,승용,남,41세,상해없음,승용,남,21세,경상
2020102200100602,2020년 10월 22일 21시,목요일,대구광역시 달서구 본동,경상사고,0,0,2,0,차대차 - 측면충돌,안전거리미확보,건조,맑음,교차로 - 교차로안,승용,남,34세,상해없음,승용,남,18세,상해없음
2020102200100603,2020년 10월 22일 21시,목요일,대구광역시 달성군 다사읍,중상사고,0,1,0,0,차대차 - 기타,안전운전불이행,건조,맑음,교차로 - 교차로안,자전거,남,15세,중상,승용,여,43세,상해없음
2020102200100633,2020년 10월 22일 22시,목요일,대구광역시 동구 율하동,경상사고,0,0,1,0,차대차 - 측면충돌,교차로운행방법위반,건조,맑음,교차로 - 교차로안,승용,남,48세,상해없음,이륜,남,28세,경상
2020102200100648,2020년 10월 22일 23시,목요일,대구광역시 남구 대명동,경상사고,0,0,1,0,차대차 - 측면충돌,신호위반,건조,맑음,교차로 - 교차로안,승용,남,61세,상해없음,승용,남,20세,경상
2020102200100649,2020년 10월 22일 23시,목요일,대구광역시 북구 노원동3가,경상사고,0,0,1,0,차대차 - 측면충돌,신호위반,건조,맑음,단일로 - 기타,기타불명,기타불명,미분류,기타불명,자전거,여,52세,경상
2020102200100650,2020년 10월 22일 23시,목요일,대구광역시 중구 공평동,경상사고,0,0,1,0,차대사람 - 기타,안전운전불이행,건조,맑음,단일로 - 기타,승용,남,21세,상해없음,보행자,남,19세,경상
2020102300100049,2020년 10월 23일 05시,금요일,대구광역시 서구 비산동,경상사고,0,0,1,0,차대차 - 측면충돌,신호위반,건조,맑음,교차로 - 교차로부근,이륜,남,65세,경상,승용,남,73세,상해없음
2020102300100067,2020년 10월 23일 06시,금요일,대구광역시 서구 내당동,경상사고,0,0,1,0,차대차 - 측면충돌,안전거리미확보,건조,맑음,단일로 - 기타,건설기계,남,50세,상해없음,승용,여,42세,경상
2020102300100102,2020년 10월 23일 07시,금요일,대구광역시 달서구 진천동,중상사고,0,1,0,0,차대차 - 측면충돌,안전거리미확보,건조,맑음,단일로 - 기타,승용,여,49세,상해없음,원동기,남,73세,중상
2020102300100148,2020년 10월 23일 08시,금요일,대구광역시 달서구 본동,부상신고사고,0,0,0,1,차대차 - 기타,안전운전불이행,건조,맑음,단일로 - 기타,자전거,남,13세,부상신고,승용,여,47세,상해없음
2020102300100302,2020년 10월 23일 12시,금요일,대구광역시 중구 동문동,경상사고,0,0,2,1,차대차 - 측면충돌,기타,건조,맑음,교차로 - 교차로안,승용,남,56세,상해없음,승용,남,19세,경상
2020102300100303,2020년 10월 23일 12시,금요일,대구광역시 달서구 두류동,경상사고,0,0,1,0,차대차 - 측면충돌,안전거리미확보,건조,맑음,단일로 - 기타,화물,남,57세,상해없음,승용,남,39세,경상
2020102300100333,2020년 10월 23일 13시,금요일,대구광역시 수성구 파동,경상사고,0,0,2,0,차대차 - 측면충돌,신호위반,건조,맑음,교차로 - 교차로안,이륜,남,52세,경상,화물,남,43세,경상
2020102300100334,2020년 10월 23일 13시,금요일,대구광역시 달서구 진천동,경상사고,0,0,2,0,차대차 - 기타,안전운전불이행,건조,맑음,단일로 - 기타,승용,남,45세,상해없음,원동기,남,22세,경상
2020102300100335,2020년 10월 23일 13시,금요일,대구광역시 달성군 다사읍,경상사고,0,0,1,0,차대차 - 기타,신호위반,건조,맑음,기타 - 기타,이륜,남,20세,기타불명,승용,남,53세,경상
2020102300100336,2020년 10월 23일 13시,금요일,대구광역시 북구 산격동,경상사고,0,0,1,0,차대차 - 후진중충돌,안전운전불이행,건조,맑음,단일로 - 기타,승용,남,63세,상해없음,화물,남,44세,경상
2020102300100337,2020년 10월 23일 13시,금요일,대구광역시 서구 내당동,경상사고,0,0,1,0,차대차 - 측면충돌,안전운전불이행,건조,맑음,단일로 - 기타,건설기계,남,69세,상해없음,이륜,남,70세,경상
2020102300100338,2020년 10월 23일 13시,금요일,대구광역시 달서구 호산동,경상사고,0,0,2,0,차대차 - 기타,교차로운행방법위반,건조,맑음,교차로 - 교차로안,화물,남,44세,경상,승용,남,28세,경상
2020102300100380,2020년 10월 23일 14시,금요일,대구광역시 수성구 지산동,경상사고,0,0,1,0,차대사람 - 길가장자리구역통행중,안전운전불이행,건조,맑음,단일로 - 기타,승용,남,76세,상해없음,보행자,여,68세,경상
2020102300100381,2020년 10월 23일 14시,금요일,대구광역시 달성군 현풍읍,경상사고,0,0,2,0,차대차 - 기타,안전운전불이행,건조,기타,교차로 - 교차로안,승용,여,42세,경상,승용,남,35세,경상
2020102300100382,2020년 10월 23일 14시,금요일,대구광역시 북구 침산동,경상사고,0,0,1,0,차대차 - 측면충돌,직진우회전진행방해,건조,맑음,교차로 - 교차로안,이륜,남,85세,경상,승용,남,70세,상해없음
2020102300100383,2020년 10월 23일 14시,금요일,대구광역시 달서구 본리동,경상사고,0,0,1,0,차대차 - 기타,안전운전불이행,건조,맑음,단일로 - 기타,승용,남,55세,상해없음,승용,여,37세,경상
2020102300100384,2020년 10월 23일 14시,금요일,대구광역시 북구 구암동,경상사고,0,0,3,0,차대차 - 측면충돌,신호위반,건조,맑음,교차로 - 교차로안,이륜,남,63세,경상,승용,남,38세,경상
2020102300100437,2020년 10월 23일 15시,금요일,대구광역시 남구 대명동,경상사고,0,0,1,0,차대차 - 측면충돌,안전운전불이행,건조,맑음,단일로 - 지하차도(도로)내,승용,남,62세,상해없음,자전거,여,40세,경상
2020102300100438,2020년 10월 23일 15시,금요일,대구광역시 수성구 범어동,경상사고,0,0,1,0,차대차 - 측면충돌,안전운전불이행,건조,맑음,단일로 - 기타,승용,남,29세,상해없음,승용,남,31세,경상
2020102300100439,2020년 10월 23일 15시,금요일,대구광역시 달서구 이곡동,경상사고,0,0,1,0,차대차 - 기타,안전거리미확보,건조,맑음,단일로 - 기타,승용,남,33세,상해없음,자전거,남,73세,경상
2020102300100440,2020년 10월 23일 15시,금요일,대구광역시 북구 읍내동,중상사고,0,1,0,0,차대차 - 기타,교차로운행방법위반,건조,맑음,교차로 - 교차로안,승용,남,78세,상해없음,이륜,남,28세,중상
2020102300100491,2020년 10월 23일 16시,금요일,대구광역시 수성구 범어동,경상사고,0,0,1,0,차대차 - 추돌,안전운전불이행,건조,맑음,교차로 - 교차로부근,승용,남,68세,상해없음,화물,남,64세,경상
2020102300100492,2020년 10월 23일 16시,금요일,대구광역시 달서구 상인동,경상사고,0,0,2,0,차대차 - 정면충돌,직진우회전진행방해,건조,맑음,교차로 - 교차로안,이륜,남,71세,경상,승용,여,31세,경상
2020102300100493,2020년 10월 23일 16시,금요일,대구광역시 북구 산격동,경상사고,0,0,1,0,차대차 - 후진중충돌,안전운전불이행,건조,맑음,단일로 - 기타,화물,남,54세,상해없음,승용,여,54세,경상
2020102300100494,2020년 10월 23일 16시,금요일,대구광역시 서구 비산동,부상신고사고,0,0,0,1,차대차 - 추돌,안전운전불이행,건조,맑음,단일로 - 기타,화물,남,25세,상해없음,승용,남,32세,부상신고
2020102300100495,2020년 10월 23일 16시,금요일,대구광역시 달서구 본리동,부상신고사고,0,0,0,1,차대차 - 기타,안전운전불이행,건조,맑음,단일로 - 기타,승용,여,50세,부상신고,화물,남,52세,상해없음
2020102300100553,2020년 10월 23일 17시,금요일,대구광역시 동구 도동,경상사고,0,0,1,0,차대차 - 기타,안전운전불이행,건조,맑음,단일로 - 기타,승용,남,57세,상해없음,승용,남,49세,경상
2020102300100559,2020년 10월 23일 17시,금요일,대구광역시 동구 용계동,경상사고,0,0,2,0,차대차 - 측면충돌,안전운전불이행,건조,맑음,교차로 - 교차로안,승용,여,29세,상해없음,승용,남,46세,경상
2020102300100560,2020년 10월 23일 17시,금요일,대구광역시 수성구 범어동,경상사고,0,0,2,0,차대차 - 추돌,안전운전불이행,건조,맑음,단일로 - 기타,승용,여,49세,상해없음,이륜,남,16세,경상
2020102300100561,2020년 10월 23일 17시,금요일,대구광역시 달서구 이곡동,경상사고,0,0,1,0,차대차 - 기타,안전운전불이행,건조,맑음,단일로 - 기타,승용,여,40세,상해없음,이륜,남,71세,경상
2020102300100647,2020년 10월 23일 18시,금요일,대구광역시 동구 효목동,경상사고,0,0,2,0,차대차 - 기타,안전운전불이행,건조,맑음,단일로 - 기타,승용,여,30세,상해없음,승용,남,21세,경상
2020102300100648,2020년 10월 23일 18시,금요일,대구광역시 수성구 신매동,경상사고,0,0,4,0,차대차 - 측면충돌,안전운전불이행,건조,맑음,단일로 - 기타,승용,여,43세,경상,승용,남,22세,경상
2020102300100649,2020년 10월 23일 18시,금요일,대구광역시 서구 평리동,부상신고사고,0,0,0,1,차대차 - 기타,안전운전불이행,건조,맑음,교차로 - 교차로부근,자전거,남,26세,부상신고,승용,남,48세,상해없음
2020102300100650,2020년 10월 23일 18시,금요일,대구광역시 서구 비산동,경상사고,0,0,1,0,차대차 - 측면충돌,안전거리미확보,건조,맑음,단일로 - 기타,승용,남,66세,상해없음,승용,남,26세,경상
2020102300100651,2020년 10월 23일 18시,금요일,대구광역시 서구 비산동,경상사고,0,0,1,1,차대차 - 측면충돌,안전운전불이행,건조,맑음,단일로 - 기타,승용,남,72세,부상신고,승용,남,35세,경상
2020102300100652,2020년 10월 23일 18시,금요일,대구광역시 달서구 감삼동,경상사고,0,0,1,0,차대차 - 측면충돌,차로위반,건조,맑음,단일로 - 기타,승용,여,57세,상해없음,이륜,남,25세,경상
2020102300100715,2020년 10월 23일 19시,금요일,대구광역시 북구 복현동,경상사고,0,0,1,0,차대차 - 정면충돌,안전운전불이행,건조,맑음,교차로 - 교차로안,승용,남,38세,상해없음,이륜,남,25세,경상
2020102300100716,2020년 10월 23일 19시,금요일,대구광역시 북구 침산동,중상사고,0,1,0,0,차대사람 - 기타,기타,건조,맑음,단일로 - 기타,이륜,남,58세,상해없음,보행자,여,64세,중상
2020102300100717,2020년 10월 23일 19시,금요일,대구광역시 북구 태전동,경상사고,0,0,3,0,차대차 - 측면충돌,안전거리미확보,건조,맑음,단일로 - 기타,화물,남,59세,상해없음,승용,남,39세,경상
2020102300100754,2020년 10월 23일 20시,금요일,대구광역시 남구 대명동,경상사고,0,0,1,0,차대차 - 추돌,안전운전불이행,건조,맑음,단일로 - 기타,개인형이동수단(PM),여,20세,경상,승용,남,36세,기타불명
2020102300100755,2020년 10월 23일 20시,금요일,대구광역시 수성구 노변동,경상사고,0,0,1,0,차대차 - 측면충돌,안전운전불이행,건조,맑음,교차로 - 교차로부근,승용,여,40세,상해없음,승용,여,54세,경상
2020102300100756,2020년 10월 23일 20시,금요일,대구광역시 달서구 진천동,중상사고,0,1,0,0,차대사람 - 횡단중,보행자보호의무위반,건조,맑음,단일로 - 기타,이륜,남,24세,상해없음,보행자,여,26세,중상
2020102300100757,2020년 10월 23일 20시,금요일,대구광역시 달서구 본리동,경상사고,0,0,1,0,차대차 - 측면충돌,안전거리미확보,건조,맑음,교차로 - 교차로안,승합,남,59세,상해없음,이륜,남,23세,경상
2020102300100819,2020년 10월 23일 22시,금요일,대구광역시 수성구 만촌동,경상사고,0,0,4,0,차대차 - 추돌,안전운전불이행,건조,맑음,교차로 - 교차로안,승용,남,40세,상해없음,승용,남,52세,경상
2020102300100820,2020년 10월 23일 22시,금요일,대구광역시 달성군 현풍읍,부상신고사고,0,0,0,1,차량단독 - 전도전복 - 전도,안전운전불이행,건조,맑음,교차로 - 교차로부근,이륜,남,50세,부상신고,,,,
2020102400100022,2020년 10월 24일 00시,토요일,대구광역시 달성군 다사읍,경상사고,0,0,2,0,차대차 - 측면충돌,안전운전불이행,건조,맑음,교차로 - 교차로안,화물,남,68세,상해없음,승용,남,24세,경상
2020102400100047,2020년 10월 24일 02시,토요일,대구광역시 수성구 만촌동,경상사고,0,0,2,0,차대차 - 측면충돌,신호위반,건조,맑음,교차로 - 교차로안,승용,남,24세,경상,승용,여,21세,경상
2020102400100048,2020년 10월 24일 02시,토요일,대구광역시 북구 침산동,부상신고사고,0,0,0,1,차대차 - 기타,안전운전불이행,건조,맑음,단일로 - 기타,승용,남,26세,부상신고,승용,남,60세,상해없음
2020102400100093,2020년 10월 24일 06시,토요일,대구광역시 동구 신천동,경상사고,0,0,3,0,차대차 - 기타,안전거리미확보,건조,맑음,단일로 - 기타,승용,남,24세,상해없음,승용,여,29세,경상
2020102400100127,2020년 10월 24일 08시,토요일,대구광역시 남구 대명동,중상사고,0,2,0,1,차대차 - 정면충돌,중앙선침범,건조,맑음,단일로 - 기타,화물,남,55세,부상신고,화물,남,48세,중상
2020102400100128,2020년 10월 24일 08시,토요일,대구광역시 수성구 노변동,사망사고,1,0,0,0,차대차 - 측면충돌,신호위반,건조,맑음,단일로 - 기타,승용,여,44세,상해없음,이륜,남,43세,사망
2020102400100156,2020년 10월 24일 09시,토요일,대구광역시 수성구 만촌동,경상사고,0,0,1,0,차대차 - 기타,안전운전불이행,건조,맑음,기타 - 기타,승용,남,26세,상해없음,화물,여,48세,경상
2020102400100157,2020년 10월 24일 09시,토요일,대구광역시 북구 침산동,경상사고,0,0,1,0,차대차 - 추돌,안전거리미확보,건조,맑음,교차로 - 교차로안,승용,여,42세,상해없음,승용,남,76세,경상
2020102400100273,2020년 10월 24일 12시,토요일,대구광역시 동구 용계동,경상사고,0,0,1,0,차대차 - 측면충돌,안전거리미확보,건조,맑음,교차로 - 교차로안,화물,남,52세,기타불명,승용,여,38세,경상
2020102400100274,2020년 10월 24일 12시,토요일,대구광역시 수성구 가천동,경상사고,0,0,1,0,차대차 - 측면충돌,안전운전불이행,건조,맑음,단일로 - 기타,승용,남,30세,상해없음,승용,남,53세,경상
2020102400100275,2020년 10월 24일 12시,토요일,대구광역시 서구 비산동,경상사고,0,0,1,1,차대차 - 추돌,안전거리미확보,건조,맑음,교차로 - 교차로안,기타불명,기타불명,미분류,기타불명,이륜,남,45세,부상신고
2020102400100276,2020년 10월 24일 12시,토요일,대구광역시 달서구 두류동,경상사고,0,0,2,0,차대차 - 추돌,안전운전불이행,건조,맑음,단일로 - 기타,승용,남,54세,상해없음,승용,남,31세,경상
2020102400100317,2020년 10월 24일 13시,토요일,대구광역시 서구 이현동,경상사고,0,0,1,0,차대차 - 측면충돌,안전거리미확보,건조,맑음,단일로 - 기타,화물,남,63세,상해없음,승용,남,60세,경상
2020102400100318,2020년 10월 24일 13시,토요일,대구광역시 달서구 두류동,경상사고,0,0,3,0,차대차 - 측면충돌,안전운전불이행,건조,맑음,단일로 - 기타,이륜,남,33세,상해없음,이륜,남,40세,경상
2020102400100319,2020년 10월 24일 13시,토요일,대구광역시 달서구 본리동,경상사고,0,0,1,0,차대차 - 기타,안전운전불이행,건조,맑음,단일로 - 기타,승용,여,47세,상해없음,승용,남,24세,경상
2020102400100375,2020년 10월 24일 14시,토요일,대구광역시 남구 대명동,경상사고,0,0,1,0,차대차 - 측면충돌,안전운전불이행,건조,맑음,교차로 - 교차로부근,승용,여,29세,상해없음,승용,여,25세,경상
2020102400100376,2020년 10월 24일 14시,토요일,대구광역시 서구 비산동,경상사고,0,0,1,0,차대차 - 측면충돌,안전운전불이행,건조,맑음,단일로 - 기타,승용,남,65세,상해없음,승용,여,56세,경상
2020102400100429,2020년 10월 24일 15시,토요일,대구광역시 동구 신천동,중상사고,0,1,0,0,차대차 - 측면충돌,안전운전불이행,건조,맑음,단일로 - 기타,승용,남,34세,상해없음,이륜,남,49세,중상
2020102400100430,2020년 10월 24일 15시,토요일,대구광역시 동구 방촌동,중상사고,0,1,0,0,차대사람 - 차도통행중,안전운전불이행,건조,맑음,단일로 - 기타,건설기계,남,49세,상해없음,보행자,남,83세,중상
2020102400100431,2020년 10월 24일 15시,토요일,대구광역시 달서구 장기동,경상사고,0,0,1,0,차대차 - 측면충돌,안전거리미확보,건조,맑음,단일로 - 기타,건설기계,남,54세,상해없음,승용,여,28세,경상
2020102400100468,2020년 10월 24일 16시,토요일,대구광역시 달서구 본리동,경상사고,0,0,2,0,차대차 - 측면충돌,안전거리미확보,건조,맑음,단일로 - 기타,승용,남,52세,상해없음,승용,남,26세,경상