사고번호,사고일시,요일,시군구,사고내용,사망자수,중상자수,경상자수,부상신고자수,사고유형,법규위반,노면상태,기상상태,도로형태,가해운전자 차종,가해운전자 성별,가해운전자 연령,가해운전자 상해정도,피해운전자 차종,피해운전자 성별,피해운전자 연령,피해운전자 상해정도
2020102700100526,2020년 10월 27일 18시,화요일,대구광역시 달서구 송현동,부상신고사고,0,0,0,1,차대차 - 측면충돌,안전운전불이행,건조,맑음,단일로 - 기타,승용,남,41세,상해없음,자전거,남,80세,부상신고
2020102700100527,2020년 10월 27일 18시,화요일,대구광역시 북구 칠성동2가,부상신고사고,0,0,0,1,차대차 - 측면충돌,안전운전불이행,건조,맑음,단일로 - 기타,자전거,남,68세,부상신고,승용,여,52세,상해없음
2020102700100528,2020년 10월 27일 18시,화요일,대구광역시 서구 내당동,경상사고,0,0,1,0,차대차 - 측면충돌,안전운전불이행,건조,맑음,교차로 - 교차로부근,기타불명,기타불명,미분류,기타불명,이륜,남,58세,경상
2020102700100529,2020년 10월 27일 18시,화요일,대구광역시 북구 서변동,중상사고,0,1,0,0,차대차 - 측면충돌,안전운전불이행,건조,맑음,단일로 - 기타,승용,남,53세,중상,화물,남,46세,상해없음
2020102700100571,2020년 10월 27일 19시,화요일,대구광역시 동구 신암동,경상사고,0,0,1,1,차대차 - 측면충돌,중앙선침범,건조,맑음,교차로 - 교차로안,승용,여,55세,부상신고,이륜,남,32세,경상
2020102700100572,2020년 10월 27일 19시,화요일,대구광역시 수성구 지산동,경상사고,0,0,1,0,차대차 - 측면충돌,직진우회전진행방해,건조,맑음,교차로 - 교차로안,승용,남,50세,상해없음,이륜,남,46세,경상
2020102700100573,2020년 10월 27일 19시,화요일,대구광역시 달서구 진천동,중상사고,0,1,0,0,차대차 - 측면충돌,안전운전불이행,건조,맑음,단일로 - 기타,승용,남,32세,상해없음,이륜,남,23세,중상
2020102700100574,2020년 10월 27일 19시,화요일,대구광역시 북구 동천동,경상사고,0,0,1,0,차대차 - 측면충돌,불법유턴,건조,맑음,교차로 - 교차로부근,승용,남,47세,상해없음,이륜,남,17세,경상
2020102700100614,2020년 10월 27일 20시,화요일,대구광역시 남구 봉덕동,경상사고,0,0,1,0,차대차 - 측면충돌,직진우회전진행방해,건조,맑음,교차로 - 교차로안,승용,남,58세,상해없음,승용,여,64세,경상
2020102700100615,2020년 10월 27일 20시,화요일,대구광역시 동구 신암동,경상사고,0,0,1,0,차대차 - 측면충돌,안전운전불이행,건조,맑음,단일로 - 기타,승합,남,59세,상해없음,승용,남,73세,상해없음
2020102700100616,2020년 10월 27일 20시,화요일,대구광역시 수성구 상동,경상사고,0,0,4,0,차대차 - 기타,안전운전불이행,건조,맑음,교차로 - 교차로부근,승용,여,24세,경상,승용,남,33세,경상
2020102700100617,2020년 10월 27일 20시,화요일,대구광역시 서구 중리동,부상신고사고,0,0,0,1,차대차 - 정면충돌,안전운전불이행,건조,맑음,교차로 - 교차로횡단보도내,자전거,남,64세,부상신고,승용,남,57세,상해없음
2020102700100640,2020년 10월 27일 21시,화요일,대구광역시 남구 대명동,경상사고,0,0,2,0,차대차 - 측면충돌,안전운전불이행,건조,맑음,교차로 - 교차로부근,승용,남,32세,경상,승용,남,83세,경상
2020102700100641,2020년 10월 27일 21시,화요일,대구광역시 달성군 화원읍,경상사고,0,0,1,0,차대차 - 기타,안전운전불이행,건조,맑음,단일로 - 기타,승용,남,50세,상해없음,승용,여,41세,경상
2020102700100680,2020년 10월 27일 23시,화요일,대구광역시 달서구 송현동,중상사고,0,1,0,0,차대차 - 측면충돌,안전운전불이행,건조,맑음,교차로 - 교차로안,승용,남,41세,상해없음,원동기,남,25세,중상
2020102700100681,2020년 10월 27일 23시,화요일,대구광역시 달서구 월성동,경상사고,0,0,2,0,차대차 - 기타,안전거리미확보,건조,맑음,단일로 - 기타,승용,여,44세,경상,승용,남,39세,경상
2020102800100014,2020년 10월 28일 00시,수요일,대구광역시 수성구 시지동,경상사고,0,0,1,0,차대차 - 측면충돌,안전운전불이행,건조,맑음,교차로 - 교차로부근,기타불명,기타불명,미분류,기타불명,승용,남,69세,경상
2020102800100041,2020년 10월 28일 03시,수요일,대구광역시 달서구 성당동,경상사고,0,0,2,0,차대차 - 측면충돌,신호위반,건조,맑음,교차로 - 교차로안,승용,남,37세,상해없음,승용,남,58세,경상
2020102800100055,2020년 10월 28일 05시,수요일,대구광역시 북구 칠성동1가,중상사고,0,1,0,0,차대사람 - 기타,신호위반,건조,맑음,교차로 - 교차로안,승용,남,72세,상해없음,보행자,여,81세,중상
2020102800100090,2020년 10월 28일 07시,수요일,대구광역시 동구 용계동,부상신고사고,0,0,0,1,차대차 - 기타,안전운전불이행,건조,맑음,단일로 - 기타,자전거,남,21세,부상신고,화물,남,45세,기타불명
2020102800100091,2020년 10월 28일 07시,수요일,대구광역시 수성구 수성동2가,경상사고,0,0,4,0,차대차 - 추돌,안전운전불이행,건조,맑음,단일로 - 기타,승용,남,27세,상해없음,승용,여,30세,상해없음
2020102800100092,2020년 10월 28일 07시,수요일,대구광역시 달성군 화원읍,경상사고,0,0,1,0,차대차 - 측면충돌,신호위반,건조,맑음,교차로 - 교차로안,승용,남,31세,상해없음,승용,남,50세,경상
2020102800100124,2020년 10월 28일 08시,수요일,대구광역시 수성구 범물동,경상사고,0,0,1,0,차대사람 - 기타,안전운전불이행,건조,맑음,단일로 - 기타,화물,남,53세,상해없음,보행자,여,63세,경상
2020102800100125,2020년 10월 28일 08시,수요일,대구광역시 수성구 수성동4가,경상사고,0,0,1,0,차대차 - 기타,안전거리미확보,건조,맑음,단일로 - 기타,승용,남,73세,상해없음,승용,남,32세,경상
2020102800100126,2020년 10월 28일 08시,수요일,대구광역시 달성군 화원읍,중상사고,0,1,0,0,차대차 - 기타,안전운전불이행,건조,맑음,교차로 - 교차로부근,승용,여,55세,상해없음,승용,여,31세,중상
2020102800100127,2020년 10월 28일 08시,수요일,대구광역시 달서구 장동,경상사고,0,0,1,0,차대차 - 기타,안전운전불이행,건조,맑음,기타 - 기타,승용,남,56세,상해없음,화물,남,61세,경상
2020102800100163,2020년 10월 28일 09시,수요일,대구광역시 달서구 월성동,경상사고,0,0,1,0,차대차 - 측면충돌,안전거리미확보,건조,맑음,교차로 - 교차로안,기타불명,남,25세,상해없음,승용,남,33세,경상
2020102800100164,2020년 10월 28일 09시,수요일,대구광역시 북구 복현동,경상사고,0,0,2,0,차대차 - 추돌,안전운전불이행,건조,맑음,단일로 - 기타,승용,여,63세,상해없음,승용,남,65세,경상
2020102800100165,2020년 10월 28일 09시,수요일,대구광역시 중구 전동,경상사고,0,0,1,0,차대차 - 측면충돌,안전운전불이행,건조,맑음,교차로 - 교차로부근,승용,남,53세,상해없음,승용,남,63세,경상
2020102800100203,2020년 10월 28일 10시,수요일,대구광역시 동구 방촌동,중상사고,0,1,0,0,차대사람 - 보도통행중,기타,건조,맑음,단일로 - 기타,승용,여,31세,상해없음,보행자,여,78세,중상
2020102800100244,2020년 10월 28일 11시,수요일,대구광역시 남구 대명동,경상사고,0,0,1,0,차대차 - 기타,안전운전불이행,건조,맑음,교차로 - 교차로부근,이륜,남,39세,상해없음,이륜,남,32세,경상
2020102800100246,2020년 10월 28일 11시,수요일,대구광역시 수성구 신매동,중상사고,0,1,0,0,차대사람 - 차도통행중,안전운전불이행,건조,맑음,단일로 - 기타,승용,남,45세,기타불명,보행자,남,33세,중상
2020102800100318,2020년 10월 28일 13시,수요일,대구광역시 수성구 황금동,경상사고,0,0,1,0,차대차 - 측면충돌,차로위반,건조,맑음,단일로 - 기타,승용,남,70세,상해없음,이륜,남,23세,경상
2020102800100319,2020년 10월 28일 13시,수요일,대구광역시 수성구 지산동,중상사고,0,1,0,0,차대사람 - 기타,안전운전불이행,건조,맑음,단일로 - 기타,승용,여,63세,상해없음,보행자,남,11세,중상
2020102800100320,2020년 10월 28일 13시,수요일,대구광역시 수성구 범어동,경상사고,0,0,1,0,차대차 - 측면충돌,안전운전불이행,건조,맑음,단일로 - 기타,승용,여,52세,상해없음,승용,여,32세,상해없음
2020102800100350,2020년 10월 28일 14시,수요일,대구광역시 달성군 화원읍,경상사고,0,0,2,0,차대차 - 측면충돌,안전운전불이행,건조,맑음,단일로 - 기타,승용,남,51세,상해없음,승용,남,41세,경상
2020102800100352,2020년 10월 28일 14시,수요일,대구광역시 수성구 범어동,중상사고,0,1,0,0,차대차 - 측면충돌,안전운전불이행,건조,맑음,단일로 - 기타,승용,남,43세,상해없음,이륜,남,44세,중상
2020102800100353,2020년 10월 28일 14시,수요일,대구광역시 서구 비산동,경상사고,0,0,1,0,차대차 - 측면충돌,안전운전불이행,건조,맑음,교차로 - 교차로안,자전거,남,71세,경상,화물,남,48세,상해없음
2020102800100354,2020년 10월 28일 14시,수요일,대구광역시 중구 대신동,중상사고,0,1,0,0,차대차 - 측면충돌,안전거리미확보,건조,맑음,단일로 - 기타,승용,남,65세,상해없음,자전거,남,68세,중상
2020102800100387,2020년 10월 28일 15시,수요일,대구광역시 남구 대명동,경상사고,0,0,1,0,차대차 - 기타,안전운전불이행,건조,맑음,단일로 - 기타,승용,남,26세,상해없음,승합,남,50세,상해없음
2020102800100388,2020년 10월 28일 15시,수요일,대구광역시 수성구 지산동,경상사고,0,0,1,0,차대사람 - 기타,안전운전불이행,건조,맑음,단일로 - 기타,승용,여,58세,상해없음,보행자,남,57세,경상
2020102800100389,2020년 10월 28일 15시,수요일,대구광역시 달서구 감삼동,경상사고,0,0,1,0,차대차 - 기타,안전거리미확보,건조,맑음,단일로 - 기타,승용,남,71세,상해없음,승용,남,39세,상해없음
2020102800100543,2020년 10월 28일 18시,수요일,대구광역시 남구 봉덕동,중상사고,0,1,0,0,차대사람 - 보도통행중,기타,건조,맑음,단일로 - 기타,자전거,남,14세,상해없음,보행자,남,79세,중상
2020102800100544,2020년 10월 28일 18시,수요일,대구광역시 달서구 송현동,경상사고,0,0,1,0,차대차 - 기타,신호위반,건조,맑음,교차로 - 교차로안,승용,남,67세,상해없음,이륜,남,64세,경상
2020102800100545,2020년 10월 28일 18시,수요일,대구광역시 달서구 성당동,경상사고,0,0,2,0,차대차 - 측면충돌,차로위반,건조,맑음,교차로 - 교차로부근,승용,남,47세,경상,승용,여,48세,경상
2020102800100546,2020년 10월 28일 18시,수요일,대구광역시 달서구 갈산동,중상사고,0,1,1,0,차대차 - 기타,안전운전불이행,건조,맑음,교차로 - 교차로안,승용,남,57세,경상,승용,여,25세,중상
2020102800100587,2020년 10월 28일 19시,수요일,대구광역시 남구 봉덕동,경상사고,0,0,1,2,차대차 - 측면충돌,안전운전불이행,건조,맑음,단일로 - 기타,승용,남,44세,상해없음,승용,남,32세,부상신고
2020102800100588,2020년 10월 28일 19시,수요일,대구광역시 남구 대명동,경상사고,0,0,2,0,차대차 - 후진중충돌,안전운전불이행,건조,맑음,단일로 - 기타,승용,여,37세,상해없음,승용,남,38세,경상
2020102800100617,2020년 10월 28일 20시,수요일,대구광역시 동구 각산동,경상사고,0,0,1,0,차대사람 - 기타,안전운전불이행,건조,맑음,단일로 - 기타,자전거,남,68세,상해없음,보행자,남,32세,경상
2020102800100618,2020년 10월 28일 20시,수요일,대구광역시 달서구 진천동,부상신고사고,0,0,0,1,차대차 - 기타,중앙선침범,건조,맑음,교차로 - 교차로부근,원동기,남,19세,부상신고,승용,남,52세,상해없음
2020102800100619,2020년 10월 28일 20시,수요일,대구광역시 달서구 이곡동,경상사고,0,0,1,0,차대차 - 기타,직진우회전진행방해,건조,맑음,교차로 - 교차로안,승용,여,52세,상해없음,개인형이동수단(PM),남,18세,경상
2020102800100648,2020년 10월 28일 21시,수요일,대구광역시 동구 불로동,중상사고,0,1,5,0,차대차 - 측면충돌,중앙선침범,건조,맑음,교차로 - 교차로부근,승용,남,49세,상해없음,승용,남,24세,경상
2020102800100649,2020년 10월 28일 21시,수요일,대구광역시 서구 내당동,중상사고,0,1,0,0,차대차 - 측면충돌,안전거리미확보,건조,맑음,단일로 - 기타,승용,남,71세,상해없음,이륜,남,54세,중상
2020102800100650,2020년 10월 28일 21시,수요일,대구광역시 서구 내당동,부상신고사고,0,0,0,1,차대차 - 기타,기타,건조,맑음,교차로 - 교차로안,이륜,남,41세,부상신고,승용,남,44세,상해없음
2020102800100668,2020년 10월 28일 22시,수요일,대구광역시 동구 각산동,경상사고,0,0,4,0,차대차 - 측면충돌,중앙선침범,건조,맑음,교차로 - 교차로부근,승용,여,60세,상해없음,승용,남,30세,경상
2020102800100669,2020년 10월 28일 22시,수요일,대구광역시 동구 각산동,경상사고,0,0,4,0,차대차 - 추돌,안전운전불이행,건조,맑음,교차로 - 교차로안,승용,남,48세,상해없음,승용,남,55세,경상
2020102800100670,2020년 10월 28일 22시,수요일,대구광역시 달성군 화원읍,경상사고,0,0,1,0,차대차 - 측면충돌,안전운전불이행,건조,맑음,단일로 - 기타,승용,여,28세,상해없음,승용,남,27세,경상
2020102800100671,2020년 10월 28일 22시,수요일,대구광역시 서구 내당동,경상사고,0,0,1,0,차대차 - 측면충돌,안전거리미확보,건조,맑음,단일로 - 기타,승용,남,50세,상해없음,이륜,남,32세,경상
2020102900100030,2020년 10월 29일 02시,목요일,대구광역시 서구 평리동,경상사고,0,0,3,0,차대차 - 추돌,안전운전불이행,건조,맑음,단일로 - 기타,이륜,남,29세,경상,승용,남,46세,경상
2020102900100044,2020년 10월 29일 04시,목요일,대구광역시 수성구 지산동,부상신고사고,0,0,0,2,차대차 - 기타,안전운전불이행,건조,맑음,단일로 - 기타,승용,남,39세,상해없음,승용,남,53세,부상신고
2020102900100045,2020년 10월 29일 04시,목요일,대구광역시 북구 칠성동1가,경상사고,0,0,1,0,차대차 - 측면충돌,중앙선침범,건조,맑음,단일로 - 기타,화물,남,71세,상해없음,자전거,여,59세,경상
2020102900100069,2020년 10월 29일 06시,목요일,대구광역시 남구 봉덕동,경상사고,0,0,1,1,차대차 - 추돌,안전운전불이행,건조,맑음,단일로 - 기타,승용,남,59세,상해없음,승용,남,32세,경상
2020102900100070,2020년 10월 29일 06시,목요일,대구광역시 동구 신암동,경상사고,0,0,1,0,차대사람 - 기타,안전운전불이행,건조,맑음,단일로 - 기타,승합,남,56세,상해없음,보행자,남,39세,경상
2020102900100096,2020년 10월 29일 07시,목요일,대구광역시 서구 상리동,경상사고,0,0,1,0,차대차 - 기타,안전운전불이행,건조,맑음,단일로 - 기타,화물,남,57세,상해없음,승용,남,48세,경상
2020102900100102,2020년 10월 29일 07시,목요일,대구광역시 달서구 본동,중상사고,0,1,0,0,차대차 - 측면충돌,안전운전불이행,건조,맑음,단일로 - 기타,승용,남,57세,상해없음,자전거,남,50세,중상
2020102900100132,2020년 10월 29일 08시,목요일,대구광역시 수성구 상동,경상사고,0,0,1,0,차대차 - 기타,교차로운행방법위반,건조,맑음,교차로 - 교차로안,승용,남,49세,상해없음,승용,여,60세,경상
2020102900100133,2020년 10월 29일 08시,목요일,대구광역시 달서구 상인동,경상사고,0,0,1,0,차대차 - 측면충돌,안전운전불이행,건조,맑음,단일로 - 기타,화물,남,68세,상해없음,자전거,남,37세,경상
2020102900100134,2020년 10월 29일 08시,목요일,대구광역시 북구 침산동,경상사고,0,0,1,0,차대차 - 측면충돌,신호위반,건조,맑음,단일로 - 지하차도(도로)내,화물,남,68세,상해없음,승용,남,38세,경상
2020102900100175,2020년 10월 29일 09시,목요일,대구광역시 남구 대명동,경상사고,0,0,1,0,차대사람 - 길가장자리구역통행중,보행자보호의무위반,건조,맑음,기타 - 기타,승용,남,57세,상해없음,보행자,여,44세,경상
2020102900100214,2020년 10월 29일 10시,목요일,대구광역시 수성구 황금동,경상사고,0,0,1,0,차대차 - 측면충돌,안전운전불이행,건조,맑음,교차로 - 교차로부근,승용,여,31세,경상,승용,남,33세,기타불명
2020102900100215,2020년 10월 29일 10시,목요일,대구광역시 북구 대현동,경상사고,0,0,1,0,차대차 - 기타,안전운전불이행,건조,맑음,교차로 - 교차로안,승용,남,77세,상해없음,승용,남,40세,경상
2020102900100253,2020년 10월 29일 11시,목요일,대구광역시 남구 대명동,경상사고,0,0,1,0,차대차 - 측면충돌,안전운전불이행,건조,맑음,단일로 - 기타,승용,남,42세,상해없음,개인형이동수단(PM),남,19세,경상
2020102900100254,2020년 10월 29일 11시,목요일,대구광역시 동구 방촌동,경상사고,0,0,2,0,차대차 - 측면충돌,교차로운행방법위반,건조,맑음,교차로 - 교차로안,이륜,남,67세,경상,화물,남,50세,경상
2020102900100255,2020년 10월 29일 11시,목요일,대구광역시 수성구 만촌동,경상사고,0,0,2,0,차대차 - 측면충돌,안전거리미확보,건조,맑음,단일로 - 기타,승용,남,29세,상해없음,승용,남,57세,경상
2020102900100256,2020년 10월 29일 11시,목요일,대구광역시 중구 봉산동,경상사고,0,0,1,0,차대차 - 기타,교차로운행방법위반,건조,맑음,교차로 - 교차로안,이륜,남,35세,상해없음,이륜,여,21세,경상
2020102900100285,2020년 10월 29일 12시,목요일,대구광역시 남구 대명동,중상사고,0,1,0,0,차대차 - 측면충돌,안전운전불이행,건조,맑음,교차로 - 교차로안,화물,남,69세,상해없음,자전거,남,80세,중상
2020102900100286,2020년 10월 29일 12시,목요일,대구광역시 달성군 화원읍,중상사고,0,1,0,0,차대사람 - 기타,안전운전불이행,건조,맑음,기타 - 기타,자전거,남,76세,상해없음,보행자,여,83세,중상
2020102900100287,2020년 10월 29일 12시,목요일,대구광역시 달성군 다사읍,경상사고,0,0,1,0,차대차 - 추돌,안전운전불이행,건조,맑음,교차로 - 교차로안,원동기,남,20세,상해없음,승용,여,26세,경상
2020102900100324,2020년 10월 29일 13시,목요일,대구광역시 수성구 상동,경상사고,0,0,3,0,차대차 - 측면충돌,기타,건조,맑음,교차로 - 교차로안,승용,남,70세,경상,승용,남,39세,경상
2020102900100362,2020년 10월 29일 14시,목요일,대구광역시 동구 효목동,중상사고,0,1,0,0,차대사람 - 보도통행중,보행자보호의무위반,건조,맑음,교차로 - 교차로횡단보도내,화물,남,69세,상해없음,보행자,여,7세,중상
2020102900100363,2020년 10월 29일 14시,목요일,대구광역시 동구 신암동,경상사고,0,0,1,1,차대차 - 정면충돌,안전운전불이행,건조,맑음,교차로 - 교차로안,승용,남,71세,부상신고,승용,여,39세,경상
2020102900100364,2020년 10월 29일 14시,목요일,대구광역시 수성구 연호동,경상사고,0,0,1,0,차대차 - 추돌,안전거리미확보,건조,맑음,교차로 - 교차로부근,이륜,남,64세,상해없음,승용,여,44세,경상
2020102900100365,2020년 10월 29일 14시,목요일,대구광역시 달서구 상인동,경상사고,0,0,1,0,차대사람 - 횡단중,안전운전불이행,건조,맑음,교차로 - 교차로부근,승용,여,54세,상해없음,보행자,남,7세,경상
2020102900100366,2020년 10월 29일 14시,목요일,대구광역시 중구 봉산동,부상신고사고,0,0,0,2,차대차 - 측면충돌,안전운전불이행,건조,맑음,단일로 - 기타,승용,남,31세,상해없음,이륜,남,20세,부상신고
2020102900100397,2020년 10월 29일 15시,목요일,대구광역시 수성구 황금동,경상사고,0,0,1,0,차대사람 - 횡단중,안전운전불이행,건조,맑음,단일로 - 기타,승용,여,70세,상해없음,보행자,여,10세,경상
2020102900100441,2020년 10월 29일 16시,목요일,대구광역시 동구 불로동,부상신고사고,0,0,0,1,차대차 - 기타,안전운전불이행,건조,맑음,단일로 - 기타,자전거,남,25세,부상신고,이륜,남,70세,상해없음
2020102900100442,2020년 10월 29일 16시,목요일,대구광역시 동구 효목동,중상사고,0,1,0,0,차대차 - 측면충돌,안전운전불이행,건조,맑음,단일로 - 기타,승용,여,48세,상해없음,자전거,남,63세,중상
2020102900100443,2020년 10월 29일 16시,목요일,대구광역시 수성구 범어동,경상사고,0,0,1,0,차대차 - 측면충돌,안전거리미확보,건조,맑음,기타 - 기타,승용,남,55세,경상,승합,남,48세,상해없음
2020102900100444,2020년 10월 29일 16시,목요일,대구광역시 수성구 범어동,중상사고,0,1,0,0,차대차 - 추돌,기타,건조,맑음,단일로 - 기타,승용,여,42세,상해없음,자전거,여,72세,중상
2020102900100445,2020년 10월 29일 16시,목요일,대구광역시 북구 산격동,경상사고,0,0,2,0,차대차 - 측면충돌,안전거리미확보,건조,맑음,단일로 - 기타,승용,남,29세,상해없음,승용,여,31세,경상
2020102900100503,2020년 10월 29일 17시,목요일,대구광역시 수성구 매호동,경상사고,0,0,1,0,차대차 - 측면충돌,안전운전불이행,건조,맑음,교차로 - 교차로부근,승용,여,53세,상해없음,자전거,남,11세,경상
2020102900100504,2020년 10월 29일 17시,목요일,대구광역시 수성구 수성동4가,경상사고,0,0,1,0,차대차 - 기타,안전운전불이행,건조,맑음,단일로 - 기타,이륜,남,35세,경상,승용,여,40세,상해없음
2020102900100568,2020년 10월 29일 18시,목요일,대구광역시 달성군 가창면,경상사고,0,0,1,0,차대사람 - 기타,기타,건조,맑음,기타 - 기타,승합,남,53세,상해없음,보행자,여,73세,경상
2020102900100569,2020년 10월 29일 18시,목요일,대구광역시 서구 비산동,중상사고,0,2,0,1,차대차 - 추돌,안전거리미확보,건조,맑음,교차로 - 교차로안,승용,남,20세,상해없음,승용,남,35세,중상
2020102900100570,2020년 10월 29일 18시,목요일,대구광역시 중구 남산동,중상사고,0,1,0,0,차대차 - 기타,직진우회전진행방해,건조,맑음,교차로 - 교차로안,화물,남,64세,상해없음,이륜,남,54세,중상
2020102900100571,2020년 10월 29일 18시,목요일,대구광역시 달서구 호산동,경상사고,0,0,1,0,차대차 - 측면충돌,안전거리미확보,건조,맑음,단일로 - 기타,승용,여,53세,상해없음,이륜,남,36세,경상
2020102900100572,2020년 10월 29일 18시,목요일,대구광역시 달서구 이곡동,경상사고,0,0,1,0,차대차 - 측면충돌,안전운전불이행,건조,맑음,단일로 - 기타,이륜,남,26세,기타불명,승용,남,48세,경상
2020102900100573,2020년 10월 29일 18시,목요일,대구광역시 북구 읍내동,경상사고,0,0,2,0,차대차 - 기타,교차로운행방법위반,건조,맑음,단일로 - 기타,화물,남,33세,상해없음,화물,남,70세,경상
2020102900100574,2020년 10월 29일 18시,목요일,대구광역시 북구 구암동,경상사고,0,0,1,0,차대사람 - 기타,보행자보호의무위반,건조,맑음,단일로 - 기타,승용,남,58세,상해없음,보행자,남,9세,경상
2020102900100575,2020년 10월 29일 18시,목요일,대구광역시 북구 태전동,경상사고,0,0,1,0,차대차 - 추돌,안전운전불이행,건조,맑음,단일로 - 기타,이륜,남,58세,상해없음,승용,여,24세,경상
2020102900100613,2020년 10월 29일 19시,목요일,대구광역시 달서구 용산동,경상사고,0,0,1,0,차대차 - 추돌,안전운전불이행,건조,맑음,기타 - 기타,승용,남,55세,상해없음,승용,남,63세,경상
2020102900100646,2020년 10월 29일 20시,목요일,대구광역시 남구 대명동,경상사고,0,0,1,0,차대차 - 측면충돌,신호위반,건조,맑음,교차로 - 교차로안,승용,남,52세,상해없음,승용,남,34세,경상
2020102900100647,2020년 10월 29일 20시,목요일,대구광역시 수성구 상동,경상사고,0,0,1,2,차대차 - 측면충돌,안전운전불이행,건조,맑음,단일로 - 기타,승용,여,29세,경상,이륜,남,23세,부상신고
2020102900100648,2020년 10월 29일 20시,목요일,대구광역시 달서구 이곡동,중상사고,0,1,0,0,차대사람 - 보도통행중,보행자보호의무위반,건조,맑음,단일로 - 기타,기타불명,기타불명,미분류,기타불명,보행자,여,72세,중상
2020102900100684,2020년 10월 29일 21시,목요일,대구광역시 북구 태전동,경상사고,0,0,1,0,차대차 - 기타,안전거리미확보,건조,맑음,단일로 - 기타,화물,남,60세,상해없음,승용,남,27세,경상
2020102900100730,2020년 10월 29일 23시,목요일,대구광역시 수성구 범어동,경상사고,0,0,1,0,차대차 - 측면충돌,안전운전불이행,건조,맑음,단일로 - 기타,승용,남,63세,상해없음,원동기,여,26세,경상
2020102900100731,2020년 10월 29일 23시,목요일,대구광역시 북구 산격동,경상사고,0,0,1,0,차대사람 - 횡단중,보행자보호의무위반,건조,맑음,교차로 - 교차로횡단보도내,승용,남,26세,상해없음,보행자,여,21세,경상
2020103000100022,2020년 10월 30일 01시,금요일,대구광역시 북구 침산동,중상사고,0,1,0,0,차대차 - 측면충돌,안전거리미확보,건조,맑음,단일로 - 기타,승용,남,46세,상해없음,원동기,남,27세,중상
2020103000100023,2020년 10월 30일 01시,금요일,대구광역시 북구 산격동,경상사고,0,0,1,0,차대차 - 측면충돌,신호위반,건조,맑음,교차로 - 교차로안,승용,남,21세,상해없음,승용,남,60세,경상
2020103000100137,2020년 10월 30일 08시,금요일,대구광역시 남구 대명동,경상사고,0,0,1,0,차대차 - 추돌,안전운전불이행,건조,맑음,단일로 - 기타,승용,남,36세,상해없음,승용,남,50세,경상
2020103000100138,2020년 10월 30일 08시,금요일,대구광역시 동구 신암동,경상사고,0,0,1,0,차대차 - 기타,안전운전불이행,건조,맑음,단일로 - 기타,승용,여,47세,상해없음,승용,남,68세,상해없음
2020103000100139,2020년 10월 30일 08시,금요일,대구광역시 수성구 범어동,중상사고,0,1,0,0,차대사람 - 보도통행중,신호위반,건조,맑음,단일로 - 기타,승용,여,66세,상해없음,보행자,여,68세,중상
2020103000100140,2020년 10월 30일 08시,금요일,대구광역시 북구 노원동2가,경상사고,0,0,1,0,차대차 - 측면충돌,안전거리미확보,건조,맑음,단일로 - 기타,화물,남,29세,상해없음,화물,남,43세,경상
2020103000100141,2020년 10월 30일 08시,금요일,대구광역시 달서구 용산동,사망사고,1,0,0,0,차대차 - 기타,신호위반,건조,맑음,교차로 - 교차로안,이륜,남,77세,사망,승용,여,50세,상해없음
2020103000100142,2020년 10월 30일 08시,금요일,대구광역시 북구 관음동,중상사고,0,3,0,0,차대차 - 측면충돌,교차로운행방법위반,건조,맑음,교차로 - 교차로안,승용,여,44세,상해없음,승용,남,56세,중상
2020103000100183,2020년 10월 30일 09시,금요일,대구광역시 남구 대명동,경상사고,0,0,1,0,차대차 - 추돌,안전운전불이행,건조,맑음,교차로 - 교차로부근,승용,남,55세,상해없음,승용,남,52세,경상
2020103000100184,2020년 10월 30일 09시,금요일,대구광역시 수성구 만촌동,경상사고,0,0,3,0,차대차 - 측면충돌,안전거리미확보,건조,맑음,단일로 - 기타,승용,남,71세,상해없음,승용,남,61세,경상
2020103000100185,2020년 10월 30일 09시,금요일,대구광역시 달서구 용산동,경상사고,0,0,2,0,차대차 - 측면충돌,안전운전불이행,건조,맑음,교차로 - 교차로안,승용,여,27세,경상,승용,남,28세,경상
2020103000100216,2020년 10월 30일 10시,금요일,대구광역시 동구 방촌동,경상사고,0,0,5,0,차대차 - 기타,안전운전불이행,건조,맑음,단일로 - 기타,승용,남,33세,경상,승용,여,36세,경상
2020103000100217,2020년 10월 30일 10시,금요일,대구광역시 동구 용계동,경상사고,0,0,1,0,차대차 - 기타,안전거리미확보,건조,맑음,단일로 - 기타,화물,남,30세,상해없음,승합,남,57세,상해없음
2020103000100218,2020년 10월 30일 10시,금요일,대구광역시 수성구 범어동,경상사고,0,0,1,0,차량단독 - 기타,안전운전불이행,건조,맑음,단일로 - 기타,승용,남,69세,상해없음,,,,
2020103000100219,2020년 10월 30일 10시,금요일,대구광역시 북구 구암동,중상사고,0,1,2,0,차대차 - 측면충돌,신호위반,건조,맑음,단일로 - 기타,승용,남,54세,경상,승용,남,64세,중상