사고번호,사고일시,요일,시군구,사고내용,사망자수,중상자수,경상자수,부상신고자수,사고유형,법규위반,노면상태,기상상태,도로형태,가해운전자 차종,가해운전자 성별,가해운전자 연령,가해운전자 상해정도,피해운전자 차종,피해운전자 성별,피해운전자 연령,피해운전자 상해정도
2020110500100380,2020년 11월 5일 16시,목요일,대구광역시 중구 동인동3가,경상사고,0,0,1,0,차대차 - 측면충돌,안전거리미확보,건조,맑음,단일로 - 기타,승용,남,60세,상해없음,승용,남,34세,경상
2020110500100430,2020년 11월 5일 17시,목요일,대구광역시 동구 불로동,경상사고,0,0,1,0,차대차 - 기타,기타,건조,맑음,교차로 - 교차로안,승용,남,57세,상해없음,승용,여,67세,경상
2020110500100431,2020년 11월 5일 17시,목요일,대구광역시 수성구 수성동4가,경상사고,0,0,1,0,차대차 - 기타,안전운전불이행,건조,맑음,단일로 - 기타,승용,남,27세,상해없음,승용,남,28세,기타불명
2020110500100495,2020년 11월 5일 18시,목요일,대구광역시 수성구 만촌동,경상사고,0,0,2,0,차대차 - 기타,교차로운행방법위반,건조,맑음,교차로 - 교차로안,승용,여,47세,경상,승용,여,45세,경상
2020110500100496,2020년 11월 5일 18시,목요일,대구광역시 달서구 본동,경상사고,0,0,1,0,차대차 - 측면충돌,안전거리미확보,건조,맑음,단일로 - 기타,승용,남,81세,상해없음,승용,남,37세,경상
2020110500100548,2020년 11월 5일 19시,목요일,대구광역시 수성구 지산동,경상사고,0,0,1,0,차대차 - 측면충돌,안전운전불이행,건조,맑음,단일로 - 기타,승용,남,35세,기타불명,승용,남,58세,상해없음
2020110500100549,2020년 11월 5일 19시,목요일,대구광역시 달성군 옥포읍,중상사고,0,1,0,0,차량단독 - 기타,안전운전불이행,건조,맑음,단일로 - 기타,이륜,남,68세,중상,,,,
2020110500100550,2020년 11월 5일 19시,목요일,대구광역시 서구 평리동,경상사고,0,0,1,0,차대사람 - 기타,안전운전불이행,건조,맑음,교차로 - 교차로안,화물,남,51세,상해없음,보행자,여,12세,경상
2020110500100591,2020년 11월 5일 20시,목요일,대구광역시 달성군 화원읍,경상사고,0,0,2,0,차대차 - 추돌,안전운전불이행,건조,맑음,교차로 - 교차로부근,승용,여,28세,상해없음,승용,남,24세,경상
2020110500100644,2020년 11월 5일 22시,목요일,대구광역시 달성군 다사읍,경상사고,0,0,1,0,차대사람 - 기타,안전운전불이행,건조,맑음,단일로 - 기타,화물,남,47세,상해없음,보행자,남,23세,경상
2020110500100657,2020년 11월 5일 23시,목요일,대구광역시 북구 태전동,경상사고,0,0,2,0,차대차 - 추돌,안전운전불이행,건조,맑음,단일로 - 기타,승용,여,45세,상해없음,승용,남,32세,경상
2020110600100012,2020년 11월 6일 00시,금요일,대구광역시 수성구 범물동,경상사고,0,0,1,0,차대차 - 추돌,안전운전불이행,건조,맑음,교차로 - 교차로부근,승용,남,28세,상해없음,승용,남,57세,경상
2020110600100028,2020년 11월 6일 01시,금요일,대구광역시 동구 봉무동,부상신고사고,0,0,0,1,차량단독 - 기타,기타,건조,맑음,단일로 - 기타,기타불명,남,51세,부상신고,,,,
2020110600100039,2020년 11월 6일 03시,금요일,대구광역시 수성구 범어동,사망사고,1,2,0,0,차대차 - 추돌,안전운전불이행,건조,맑음,교차로 - 교차로부근,승용,여,30세,상해없음,화물,남,42세,중상
2020110600100056,2020년 11월 6일 05시,금요일,대구광역시 달서구 상인동,경상사고,0,0,1,0,차대차 - 측면충돌,직진우회전진행방해,건조,맑음,교차로 - 교차로안,승용,남,67세,경상,승용,남,58세,상해없음
2020110600100067,2020년 11월 6일 06시,금요일,대구광역시 동구 신천동,경상사고,0,0,1,0,차대차 - 기타,신호위반,건조,맑음,교차로 - 교차로안,화물,남,65세,상해없음,승용,여,30세,상해없음
2020110600100068,2020년 11월 6일 06시,금요일,대구광역시 북구 산격동,중상사고,0,1,0,0,차대차 - 측면충돌,안전운전불이행,건조,맑음,교차로 - 교차로안,이륜,남,22세,중상,승합,남,64세,상해없음
2020110600100118,2020년 11월 6일 08시,금요일,대구광역시 달서구 신당동,경상사고,0,0,2,0,차대차 - 측면충돌,안전운전불이행,건조,맑음,단일로 - 기타,승용,남,32세,경상,화물,남,54세,경상
2020110600100146,2020년 11월 6일 09시,금요일,대구광역시 수성구 황금동,경상사고,0,0,2,0,차대차 - 기타,안전운전불이행,건조,맑음,단일로 - 기타,승용,여,53세,상해없음,승용,남,25세,경상
2020110600100147,2020년 11월 6일 09시,금요일,대구광역시 수성구 사월동,경상사고,0,0,1,0,차대차 - 측면충돌,차로위반,건조,맑음,교차로 - 교차로부근,승용,남,41세,상해없음,승용,남,36세,경상
2020110600100172,2020년 11월 6일 10시,금요일,대구광역시 수성구 황금동,경상사고,0,0,1,0,차대차 - 기타,신호위반,건조,맑음,교차로 - 교차로안,승용,남,61세,상해없음,승용,남,63세,경상
2020110600100197,2020년 11월 6일 11시,금요일,대구광역시 수성구 범물동,경상사고,0,0,2,0,차대차 - 추돌,안전운전불이행,건조,맑음,단일로 - 기타,승용,남,53세,상해없음,승용,여,23세,경상
2020110600100198,2020년 11월 6일 11시,금요일,대구광역시 달서구 상인동,경상사고,0,0,1,0,차대사람 - 기타,안전운전불이행,건조,맑음,단일로 - 기타,승용,여,58세,상해없음,보행자,남,55세,경상
2020110600100199,2020년 11월 6일 11시,금요일,대구광역시 북구 태전동,중상사고,0,1,0,0,차대차 - 기타,신호위반,건조,흐림,교차로 - 교차로안,이륜,남,24세,상해없음,자전거,남,72세,중상
2020110600100225,2020년 11월 6일 12시,금요일,대구광역시 동구 각산동,중상사고,0,2,1,0,차대차 - 측면충돌,신호위반,건조,맑음,교차로 - 교차로안,화물,남,66세,상해없음,승용,남,44세,경상
2020110600100227,2020년 11월 6일 12시,금요일,대구광역시 달서구 신당동,경상사고,0,0,2,0,차대차 - 측면충돌,안전거리미확보,건조,맑음,단일로 - 기타,승용,여,36세,경상,이륜,남,28세,경상
2020110600100255,2020년 11월 6일 13시,금요일,대구광역시 수성구 중동,경상사고,0,0,1,0,차대차 - 측면충돌,교차로운행방법위반,건조,맑음,교차로 - 교차로부근,승용,여,40세,상해없음,이륜,남,77세,경상
2020110600100275,2020년 11월 6일 14시,금요일,대구광역시 동구 신암동,경상사고,0,0,2,0,차대차 - 기타,안전거리미확보,건조,맑음,단일로 - 기타,건설기계,남,64세,상해없음,승용,남,61세,경상
2020110600100322,2020년 11월 6일 15시,금요일,대구광역시 달성군 현풍읍,경상사고,0,0,1,0,차대차 - 측면충돌,안전운전불이행,건조,맑음,교차로 - 교차로안,승용,여,44세,상해없음,원동기,남,25세,경상
2020110600100358,2020년 11월 6일 16시,금요일,대구광역시 동구 신암동,경상사고,0,0,1,0,차대사람 - 기타,안전운전불이행,건조,맑음,단일로 - 기타,기타불명,기타불명,미분류,기타불명,보행자,여,63세,경상
2020110600100359,2020년 11월 6일 16시,금요일,대구광역시 동구 불로동,경상사고,0,0,1,0,차대차 - 기타,차로위반,건조,맑음,단일로 - 기타,승용,여,61세,상해없음,승용,여,57세,경상
2020110600100399,2020년 11월 6일 17시,금요일,대구광역시 남구 대명동,부상신고사고,0,0,0,1,차대차 - 측면충돌,차로위반,건조,맑음,교차로 - 교차로안,승용,여,60세,상해없음,화물,남,22세,부상신고
2020110600100400,2020년 11월 6일 17시,금요일,대구광역시 동구 신기동,경상사고,0,0,2,0,차대차 - 측면충돌,교차로운행방법위반,건조,맑음,교차로 - 교차로안,원동기,남,23세,상해없음,화물,남,49세,경상
2020110600100401,2020년 11월 6일 17시,금요일,대구광역시 달성군 화원읍,경상사고,0,0,2,0,차대차 - 기타,중앙선침범,건조,맑음,단일로 - 기타,승용,남,55세,상해없음,승용,여,58세,경상
2020110600100402,2020년 11월 6일 17시,금요일,대구광역시 서구 이현동,경상사고,0,0,1,2,차대차 - 측면충돌,안전거리미확보,건조,맑음,단일로 - 기타,승용,남,56세,상해없음,승용,남,30세,경상
2020110600100403,2020년 11월 6일 17시,금요일,대구광역시 서구 이현동,경상사고,0,0,1,0,차대차 - 측면충돌,안전운전불이행,건조,맑음,단일로 - 기타,화물,남,53세,기타불명,승용,남,54세,경상
2020110600100464,2020년 11월 6일 18시,금요일,대구광역시 북구 복현동,경상사고,0,0,1,0,차대차 - 측면충돌,불법유턴,건조,맑음,교차로 - 교차로횡단보도내,자전거,남,10세,경상,승용,남,47세,상해없음
2020110600100465,2020년 11월 6일 18시,금요일,대구광역시 달서구 장기동,경상사고,0,0,1,0,차대차 - 추돌,안전거리미확보,건조,맑음,단일로 - 기타,화물,남,31세,상해없음,승용,남,37세,경상
2020110600100526,2020년 11월 6일 19시,금요일,대구광역시 달서구 진천동,경상사고,0,0,1,1,차대차 - 측면충돌,직진우회전진행방해,건조,맑음,교차로 - 교차로안,화물,남,58세,부상신고,승용,남,47세,경상
2020110600100558,2020년 11월 6일 20시,금요일,대구광역시 수성구 만촌동,중상사고,0,1,0,0,차대사람 - 차도통행중,과속,건조,맑음,단일로 - 기타,승용,남,29세,상해없음,보행자,남,52세,중상
2020110600100559,2020년 11월 6일 20시,금요일,대구광역시 달성군 화원읍,경상사고,0,0,1,0,차대차 - 기타,안전운전불이행,건조,맑음,교차로 - 교차로안,자전거,남,31세,경상,승합,남,40세,상해없음
2020110600100560,2020년 11월 6일 20시,금요일,대구광역시 달서구 감삼동,경상사고,0,0,1,0,차대차 - 기타,안전거리미확보,건조,맑음,교차로 - 교차로부근,승용,여,62세,상해없음,이륜,남,16세,경상
2020110600100592,2020년 11월 6일 21시,금요일,대구광역시 달서구 상인동,중상사고,0,1,0,0,차대차 - 기타,안전운전불이행,건조,맑음,교차로 - 교차로부근,승용,여,47세,상해없음,개인형이동수단(PM),남,54세,중상
2020110600100593,2020년 11월 6일 21시,금요일,대구광역시 달서구 이곡동,중상사고,0,1,0,0,차대사람 - 횡단중,신호위반,건조,흐림,교차로 - 교차로횡단보도내,화물,남,50세,상해없음,보행자,남,65세,중상
2020110600100618,2020년 11월 6일 22시,금요일,대구광역시 북구 복현동,경상사고,0,0,1,0,차대차 - 기타,안전거리미확보,건조,맑음,기타 - 기타,이륜,남,40세,상해없음,승용,남,58세,경상
2020110600100645,2020년 11월 6일 23시,금요일,대구광역시 수성구 지산동,경상사고,0,0,1,0,차대차 - 기타,안전운전불이행,건조,맑음,단일로 - 기타,승용,남,49세,상해없음,승용,여,19세,경상
2020110600100646,2020년 11월 6일 23시,금요일,대구광역시 북구 산격동,중상사고,0,1,0,0,차대사람 - 기타,안전운전불이행,건조,맑음,교차로 - 교차로부근,이륜,남,20세,상해없음,보행자,남,58세,중상
2020110600100647,2020년 11월 6일 23시,금요일,대구광역시 북구 구암동,경상사고,0,0,2,0,차대차 - 추돌,안전운전불이행,건조,맑음,단일로 - 기타,승용,남,23세,상해없음,승용,남,47세,경상
2020110700100022,2020년 11월 7일 00시,토요일,대구광역시 북구 고성동2가,경상사고,0,0,1,0,차대차 - 기타,안전운전불이행,건조,맑음,단일로 - 기타,승용,남,41세,상해없음,승용,남,33세,경상
2020110700100035,2020년 11월 7일 01시,토요일,대구광역시 남구 봉덕동,부상신고사고,0,0,0,1,차대차 - 추돌,안전운전불이행,건조,맑음,교차로 - 교차로부근,승용,남,27세,상해없음,승용,남,39세,상해없음
2020110700100046,2020년 11월 7일 02시,토요일,대구광역시 북구 산격동,경상사고,0,0,1,0,차대차 - 추돌,안전운전불이행,건조,맑음,교차로 - 교차로안,이륜,남,20세,상해없음,승용,남,69세,경상
2020110700100047,2020년 11월 7일 02시,토요일,대구광역시 중구 덕산동,중상사고,0,1,1,0,차량단독 - 공작물충돌,안전운전불이행,건조,맑음,단일로 - 기타,이륜,남,30세,경상,,,,
2020110700100066,2020년 11월 7일 05시,토요일,대구광역시 서구 중리동,경상사고,0,0,1,0,차대차 - 측면충돌,안전운전불이행,건조,맑음,단일로 - 기타,이륜,남,16세,상해없음,승용,남,39세,경상
2020110700100067,2020년 11월 7일 05시,토요일,대구광역시 달서구 두류동,중상사고,0,1,0,0,차대사람 - 기타,안전운전불이행,건조,맑음,교차로 - 교차로부근,승용,남,48세,상해없음,보행자,남,36세,중상
2020110700100079,2020년 11월 7일 06시,토요일,대구광역시 북구 복현동,중상사고,0,1,0,0,차대차 - 기타,안전거리미확보,건조,맑음,단일로 - 기타,화물,남,48세,상해없음,승용,여,60세,중상
2020110700100085,2020년 11월 7일 07시,토요일,대구광역시 달성군 다사읍,경상사고,0,0,3,0,차대차 - 기타,안전운전불이행,건조,맑음,교차로 - 교차로안,화물,남,49세,경상,승용,남,41세,경상
2020110700100134,2020년 11월 7일 09시,토요일,대구광역시 수성구 사월동,경상사고,0,0,1,0,차대차 - 측면충돌,안전운전불이행,건조,맑음,단일로 - 기타,화물,남,64세,상해없음,자전거,남,83세,경상
2020110700100135,2020년 11월 7일 09시,토요일,대구광역시 수성구 범어동,경상사고,0,0,1,0,차대차 - 추돌,안전운전불이행,건조,맑음,단일로 - 기타,승용,여,47세,상해없음,승용,남,52세,경상
2020110700100164,2020년 11월 7일 10시,토요일,대구광역시 수성구 수성동2가,중상사고,0,1,3,0,차량단독 - 기타,안전운전불이행,건조,맑음,단일로 - 기타,승합,남,43세,상해없음,,,,
2020110700100165,2020년 11월 7일 10시,토요일,대구광역시 수성구 상동,경상사고,0,0,1,0,차대사람 - 차도통행중,안전운전불이행,건조,맑음,단일로 - 기타,이륜,남,58세,상해없음,보행자,여,51세,경상
2020110700100166,2020년 11월 7일 10시,토요일,대구광역시 달서구 감삼동,경상사고,0,0,5,0,차대차 - 측면충돌,안전거리미확보,건조,맑음,단일로 - 기타,승용,남,48세,상해없음,승용,남,43세,경상
2020110700100208,2020년 11월 7일 11시,토요일,대구광역시 동구 각산동,경상사고,0,0,1,0,차대차 - 기타,안전운전불이행,건조,맑음,단일로 - 기타,승합,남,68세,상해없음,자전거,남,19세,경상
2020110700100209,2020년 11월 7일 11시,토요일,대구광역시 동구 신암동,경상사고,0,0,1,0,차대차 - 측면충돌,안전거리미확보,건조,맑음,교차로 - 교차로부근,건설기계,남,61세,상해없음,승용,여,50세,경상
2020110700100210,2020년 11월 7일 11시,토요일,대구광역시 달서구 유천동,부상신고사고,0,0,0,1,차대차 - 측면충돌,신호위반,건조,맑음,단일로 - 기타,이륜,남,28세,부상신고,승용,남,63세,상해없음
2020110700100255,2020년 11월 7일 12시,토요일,대구광역시 동구 신용동,중상사고,0,1,0,0,차대사람 - 기타,기타,건조,맑음,주차장 - 주차장,승용,여,47세,상해없음,보행자,여,61세,중상
2020110700100256,2020년 11월 7일 12시,토요일,대구광역시 동구 검사동,경상사고,0,0,2,0,차대차 - 측면충돌,안전거리미확보,건조,맑음,단일로 - 교량,승용,남,70세,상해없음,승용,남,36세,경상
2020110700100257,2020년 11월 7일 12시,토요일,대구광역시 수성구 파동,중상사고,0,1,0,0,차대차 - 추돌,안전운전불이행,건조,맑음,기타 - 기타,승용,여,40세,기타불명,이륜,남,23세,중상
2020110700100258,2020년 11월 7일 12시,토요일,대구광역시 서구 이현동,경상사고,0,0,4,0,차대차 - 측면충돌,안전운전불이행,건조,맑음,단일로 - 기타,승용,여,73세,상해없음,승용,남,52세,경상
2020110700100259,2020년 11월 7일 12시,토요일,대구광역시 북구 관음동,중상사고,0,1,0,0,차대차 - 측면충돌,불법유턴,건조,맑음,단일로 - 기타,이륜,남,81세,중상,승용,남,38세,상해없음
2020110700100288,2020년 11월 7일 13시,토요일,대구광역시 동구 서호동,경상사고,0,0,1,0,차대차 - 측면충돌,안전운전불이행,건조,맑음,교차로 - 교차로안,자전거,남,7세,경상,화물,남,49세,상해없음
2020110700100289,2020년 11월 7일 13시,토요일,대구광역시 달서구 진천동,경상사고,0,0,1,0,차대차 - 기타,교차로운행방법위반,건조,맑음,교차로 - 교차로안,이륜,여,30세,경상,승용,남,36세,상해없음
2020110700100290,2020년 11월 7일 13시,토요일,대구광역시 북구 침산동,경상사고,0,0,2,0,차대차 - 측면충돌,안전운전불이행,건조,맑음,단일로 - 기타,승용,여,53세,경상,승용,남,63세,경상
2020110700100332,2020년 11월 7일 14시,토요일,대구광역시 수성구 두산동,경상사고,0,0,1,0,차대차 - 추돌,안전운전불이행,건조,맑음,단일로 - 기타,승용,남,59세,상해없음,승용,여,24세,경상
2020110700100333,2020년 11월 7일 14시,토요일,대구광역시 달성군 현풍읍,경상사고,0,0,1,0,차대차 - 기타,안전거리미확보,건조,맑음,단일로 - 기타,승용,여,22세,상해없음,화물,남,36세,경상
2020110700100334,2020년 11월 7일 14시,토요일,대구광역시 달서구 감삼동,중상사고,0,1,0,0,차대차 - 측면충돌,안전운전불이행,건조,맑음,교차로 - 교차로안,건설기계,남,64세,상해없음,승용,남,71세,중상
2020110700100381,2020년 11월 7일 15시,토요일,대구광역시 남구 대명동,경상사고,0,0,1,0,차대사람 - 기타,안전운전불이행,건조,맑음,단일로 - 기타,승용,여,50세,상해없음,보행자,여,23세,경상
2020110700100382,2020년 11월 7일 15시,토요일,대구광역시 달성군 논공읍,경상사고,0,0,1,0,차대차 - 기타,안전운전불이행,건조,맑음,단일로 - 기타,화물,남,77세,상해없음,화물,남,50세,경상
2020110700100426,2020년 11월 7일 16시,토요일,대구광역시 수성구 황금동,경상사고,0,0,1,0,차대차 - 측면충돌,교차로운행방법위반,건조,맑음,교차로 - 교차로안,승용,남,39세,상해없음,자전거,남,13세,경상
2020110700100427,2020년 11월 7일 16시,토요일,대구광역시 북구 침산동,경상사고,0,0,4,0,차대차 - 측면충돌,안전운전불이행,건조,흐림,교차로 - 교차로부근,화물,남,68세,상해없음,승합,남,41세,경상
2020110700100428,2020년 11월 7일 16시,토요일,대구광역시 서구 비산동,경상사고,0,0,4,0,차대차 - 측면충돌,안전거리미확보,건조,맑음,교차로 - 교차로부근,승용,남,51세,경상,승용,남,32세,경상
2020110700100429,2020년 11월 7일 16시,토요일,대구광역시 중구 봉산동,경상사고,0,0,1,0,차대사람 - 길가장자리구역통행중,안전운전불이행,건조,맑음,단일로 - 기타,승용,여,67세,상해없음,보행자,여,27세,경상
2020110700100534,2020년 11월 7일 18시,토요일,대구광역시 남구 대명동,경상사고,0,0,1,0,차대차 - 추돌,안전운전불이행,건조,맑음,단일로 - 기타,승용,여,79세,상해없음,승용,남,35세,경상
2020110700100535,2020년 11월 7일 18시,토요일,대구광역시 달서구 상인동,부상신고사고,0,0,0,1,차대사람 - 기타,안전운전불이행,건조,맑음,단일로 - 기타,기타불명,기타불명,미분류,기타불명,보행자,남,51세,부상신고
2020110700100536,2020년 11월 7일 18시,토요일,대구광역시 달서구 송현동,경상사고,0,0,1,0,차대차 - 측면충돌,안전운전불이행,건조,맑음,단일로 - 기타,승용,남,66세,상해없음,승용,남,31세,경상
2020110700100537,2020년 11월 7일 18시,토요일,대구광역시 북구 침산동,중상사고,0,1,0,0,차대사람 - 횡단중,안전운전불이행,건조,맑음,단일로 - 기타,승용,남,29세,상해없음,보행자,여,73세,중상
2020110700100576,2020년 11월 7일 19시,토요일,대구광역시 달성군 다사읍,경상사고,0,0,1,0,차대차 - 기타,신호위반,건조,맑음,교차로 - 교차로안,이륜,남,17세,상해없음,이륜,남,48세,경상
2020110700100577,2020년 11월 7일 19시,토요일,대구광역시 달서구 성당동,경상사고,0,0,1,0,차대사람 - 보도통행중,안전운전불이행,건조,맑음,단일로 - 기타,승용,남,53세,상해없음,보행자,남,56세,경상
2020110700100609,2020년 11월 7일 20시,토요일,대구광역시 북구 산격동,중상사고,0,1,0,0,차대차 - 측면충돌,안전운전불이행,건조,맑음,교차로 - 교차로안,승용,여,45세,상해없음,이륜,남,20세,중상
2020110700100610,2020년 11월 7일 20시,토요일,대구광역시 북구 노원동2가,경상사고,0,0,3,0,차대차 - 추돌,안전운전불이행,건조,맑음,교차로 - 교차로부근,승용,남,51세,상해없음,승용,남,24세,경상
2020110700100640,2020년 11월 7일 21시,토요일,대구광역시 수성구 매호동,경상사고,0,0,1,0,차대차 - 측면충돌,신호위반,건조,맑음,교차로 - 교차로안,이륜,남,19세,경상,승용,남,34세,상해없음
2020110700100664,2020년 11월 7일 22시,토요일,대구광역시 수성구 두산동,경상사고,0,0,1,0,차대차 - 측면충돌,안전운전불이행,건조,맑음,교차로 - 교차로부근,승용,남,58세,상해없음,승용,여,73세,경상
2020110700100684,2020년 11월 7일 23시,토요일,대구광역시 동구 신암동,경상사고,0,0,1,0,차대차 - 기타,교차로운행방법위반,건조,맑음,교차로 - 교차로안,승용,남,44세,상해없음,이륜,남,52세,경상
2020110700100685,2020년 11월 7일 23시,토요일,대구광역시 수성구 상동,중상사고,0,1,3,0,차대차 - 기타,안전운전불이행,건조,맑음,교차로 - 교차로안,승용,남,68세,중상,승용,남,25세,경상
2020110800100022,2020년 11월 8일 00시,일요일,대구광역시 북구 노원동1가,중상사고,0,1,3,0,차대차 - 기타,신호위반,건조,맑음,교차로 - 교차로안,승용,남,27세,상해없음,승용,남,57세,경상
2020110800100035,2020년 11월 8일 01시,일요일,대구광역시 동구 불로동,경상사고,0,0,2,0,차대차 - 측면충돌,차로위반,건조,맑음,단일로 - 기타,이륜,남,39세,경상,이륜,남,23세,경상
2020110800100063,2020년 11월 8일 04시,일요일,대구광역시 서구 이현동,경상사고,0,0,1,0,차대차 - 추돌,안전운전불이행,건조,맑음,단일로 - 기타,이륜,남,40세,상해없음,승용,여,57세,경상
2020110800100077,2020년 11월 8일 06시,일요일,대구광역시 수성구 중동,경상사고,0,0,1,0,차대차 - 측면충돌,안전운전불이행,건조,맑음,교차로 - 교차로안,승용,남,34세,상해없음,승용,여,26세,경상
2020110800100109,2020년 11월 8일 09시,일요일,대구광역시 달성군 화원읍,경상사고,0,0,2,0,차대차 - 측면충돌,안전운전불이행,건조,맑음,단일로 - 기타,승용,남,55세,상해없음,승용,남,30세,경상
2020110800100134,2020년 11월 8일 10시,일요일,대구광역시 북구 노곡동,중상사고,0,1,1,0,차대차 - 측면충돌,안전운전불이행,건조,맑음,단일로 - 기타,승용,여,31세,상해없음,승용,남,48세,경상
2020110800100137,2020년 11월 8일 10시,일요일,대구광역시 수성구 노변동,경상사고,0,0,2,0,차대차 - 측면충돌,안전거리미확보,건조,맑음,교차로 - 교차로부근,승용,여,61세,상해없음,승용,남,67세,경상
2020110800100227,2020년 11월 8일 13시,일요일,대구광역시 동구 효목동,경상사고,0,0,1,0,차대차 - 측면충돌,안전운전불이행,건조,맑음,교차로 - 교차로안,화물,남,49세,상해없음,승용,여,48세,경상
2020110800100228,2020년 11월 8일 13시,일요일,대구광역시 수성구 만촌동,경상사고,0,0,1,0,차대차 - 추돌,안전거리미확보,건조,맑음,단일로 - 기타,승용,여,53세,상해없음,승용,남,56세,경상
2020110800100229,2020년 11월 8일 13시,일요일,대구광역시 수성구 만촌동,경상사고,0,0,1,0,차대차 - 측면충돌,교차로운행방법위반,건조,맑음,교차로 - 교차로안,승용,남,62세,상해없음,승용,남,38세,경상
2020110800100230,2020년 11월 8일 13시,일요일,대구광역시 서구 평리동,경상사고,0,0,1,0,차대차 - 측면충돌,안전운전불이행,건조,맑음,교차로 - 교차로부근,승용,남,75세,상해없음,이륜,남,22세,경상
2020110800100231,2020년 11월 8일 13시,일요일,대구광역시 달서구 신당동,경상사고,0,0,3,0,차대차 - 측면충돌,안전거리미확보,건조,맑음,단일로 - 기타,승용,여,47세,상해없음,승용,남,76세,경상
2020110800100281,2020년 11월 8일 14시,일요일,대구광역시 남구 이천동,중상사고,0,1,0,0,차대사람 - 기타,안전운전불이행,건조,맑음,교차로 - 교차로안,승용,남,63세,상해없음,보행자,남,76세,중상
2020110800100282,2020년 11월 8일 14시,일요일,대구광역시 수성구 두산동,경상사고,0,0,1,0,차대차 - 측면충돌,교차로운행방법위반,건조,맑음,교차로 - 교차로안,승용,남,48세,상해없음,승용,여,29세,경상
2020110800100283,2020년 11월 8일 14시,일요일,대구광역시 달서구 성당동,경상사고,0,0,3,0,차대차 - 기타,안전거리미확보,건조,맑음,교차로 - 교차로부근,화물,남,64세,상해없음,승용,여,51세,경상
2020110800100352,2020년 11월 8일 16시,일요일,대구광역시 북구 노원동3가,경상사고,0,0,1,0,차대차 - 추돌,안전거리미확보,건조,맑음,단일로 - 교량,화물,남,80세,상해없음,승용,남,46세,경상
2020110800100354,2020년 11월 8일 16시,일요일,대구광역시 달서구 호림동,경상사고,0,0,3,0,차대차 - 측면충돌,안전운전불이행,건조,맑음,교차로 - 교차로안,승용,여,26세,상해없음,승용,남,37세,경상
2020110800100442,2020년 11월 8일 18시,일요일,대구광역시 달성군 화원읍,경상사고,0,0,3,0,차대차 - 추돌,안전거리미확보,건조,맑음,단일로 - 기타,화물,남,71세,상해없음,승용,여,39세,경상
2020110800100444,2020년 11월 8일 18시,일요일,대구광역시 수성구 범어동,중상사고,0,2,0,0,차대차 - 측면충돌,안전거리미확보,건조,맑음,교차로 - 교차로안,승용,여,49세,상해없음,원동기,남,14세,중상
2020110800100445,2020년 11월 8일 18시,일요일,대구광역시 수성구 상동,경상사고,0,0,1,0,차대차 - 기타,신호위반,건조,맑음,교차로 - 교차로부근,이륜,남,24세,상해없음,승용,여,45세,경상
2020110900100016,2020년 11월 9일 01시,월요일,대구광역시 달서구 월성동,경상사고,0,0,1,0,차대차 - 기타,안전운전불이행,건조,맑음,단일로 - 기타,승용,남,52세,상해없음,승용,남,63세,기타불명
2020110900100027,2020년 11월 9일 02시,월요일,대구광역시 수성구 수성동4가,경상사고,0,0,1,0,차대차 - 추돌,안전운전불이행,건조,맑음,교차로 - 교차로부근,승용,남,72세,상해없음,승용,남,25세,기타불명
2020110900100028,2020년 11월 9일 02시,월요일,대구광역시 달서구 송현동,부상신고사고,0,0,0,1,차대사람 - 기타,안전운전불이행,건조,맑음,단일로 - 기타,기타불명,기타불명,미분류,기타불명,보행자,남,78세,부상신고
2020110900100039,2020년 11월 9일 05시,월요일,대구광역시 동구 신천동,중상사고,0,1,0,0,차대차 - 기타,직진우회전진행방해,건조,맑음,교차로 - 교차로안,화물,남,58세,상해없음,화물,남,63세,중상
2020110900100079,2020년 11월 9일 07시,월요일,대구광역시 동구 입석동,경상사고,0,0,1,0,차대차 - 측면충돌,안전운전불이행,건조,맑음,단일로 - 기타,승용,남,46세,상해없음,승용,남,38세,경상
2020110900100080,2020년 11월 9일 07시,월요일,대구광역시 달성군 화원읍,경상사고,0,0,1,0,차대차 - 기타,안전운전불이행,건조,맑음,단일로 - 기타,승용,남,23세,상해없음,승용,남,38세,경상
2020110900100127,2020년 11월 9일 08시,월요일,대구광역시 북구 태전동,경상사고,0,0,1,0,차대차 - 측면충돌,안전운전불이행,건조,맑음,단일로 - 기타,승용,여,62세,상해없음,승용,남,28세,경상
2020110900100165,2020년 11월 9일 09시,월요일,대구광역시 동구 검사동,경상사고,0,0,1,0,차대차 - 추돌,안전운전불이행,건조,맑음,단일로 - 기타,승용,여,59세,상해없음,승용,여,50세,경상
2020110900100166,2020년 11월 9일 09시,월요일,대구광역시 수성구 범어동,중상사고,0,1,0,0,차대차 - 측면충돌,불법유턴,건조,맑음,단일로 - 기타,승용,여,51세,상해없음,승용,남,66세,중상
2020110900100167,2020년 11월 9일 09시,월요일,대구광역시 수성구 만촌동,중상사고,0,1,0,0,차대차 - 측면충돌,안전운전불이행,건조,맑음,단일로 - 기타,승용,남,74세,중상,승용,남,61세,상해없음
2020110900100168,2020년 11월 9일 09시,월요일,대구광역시 수성구 범어동,경상사고,0,0,2,0,차대차 - 추돌,안전운전불이행,젖음/습기,비,교차로 - 교차로부근,이륜,남,39세,상해없음,승용,여,58세,경상