사고번호,사고일시,요일,시군구,사고내용,사망자수,중상자수,경상자수,부상신고자수,사고유형,법규위반,노면상태,기상상태,도로형태,가해운전자 차종,가해운전자 성별,가해운전자 연령,가해운전자 상해정도,피해운전자 차종,피해운전자 성별,피해운전자 연령,피해운전자 상해정도
2020111200100056,2020년 11월 12일 05시,목요일,대구광역시 수성구 범어동,중상사고,0,1,0,0,차대사람 - 횡단중,보행자보호의무위반,건조,맑음,교차로 - 교차로횡단보도내,승용,여,47세,상해없음,보행자,여,63세,중상
2020111200100057,2020년 11월 12일 05시,목요일,대구광역시 중구 삼덕동1가,경상사고,0,0,1,0,차대사람 - 차도통행중,안전운전불이행,건조,맑음,단일로 - 기타,승용,여,22세,상해없음,보행자,여,20세,경상
2020111200100102,2020년 11월 12일 07시,목요일,대구광역시 달성군 다사읍,경상사고,0,0,1,0,차대차 - 기타,안전운전불이행,건조,맑음,단일로 - 기타,승용,남,63세,상해없음,승용,남,20세,경상
2020111200100136,2020년 11월 12일 08시,목요일,대구광역시 달성군 논공읍,중상사고,0,1,1,0,차대차 - 기타,신호위반,건조,맑음,교차로 - 교차로안,승합,남,44세,경상,승용,남,27세,중상
2020111200100137,2020년 11월 12일 08시,목요일,대구광역시 북구 칠성동2가,경상사고,0,0,2,0,차대차 - 측면충돌,교차로운행방법위반,건조,맑음,교차로 - 교차로안,화물,남,64세,상해없음,승합,남,41세,경상
2020111200100179,2020년 11월 12일 09시,목요일,대구광역시 북구 대현동,부상신고사고,0,0,0,1,차대차 - 측면충돌,안전운전불이행,건조,맑음,단일로 - 기타,자전거,남,67세,부상신고,승용,남,40세,상해없음
2020111200100202,2020년 11월 12일 10시,목요일,대구광역시 수성구 수성동2가,경상사고,0,0,1,0,차대차 - 기타,안전운전불이행,건조,맑음,단일로 - 기타,승용,남,73세,상해없음,승용,남,38세,경상
2020111200100203,2020년 11월 12일 10시,목요일,대구광역시 달서구 두류동,경상사고,0,0,1,0,차대차 - 기타,안전운전불이행,건조,맑음,단일로 - 기타,이륜,남,24세,경상,승용,여,56세,상해없음
2020111200100232,2020년 11월 12일 11시,목요일,대구광역시 수성구 황금동,경상사고,0,0,1,0,차대사람 - 기타,안전운전불이행,건조,맑음,단일로 - 기타,승합,남,39세,상해없음,보행자,여,40세,경상
2020111200100233,2020년 11월 12일 11시,목요일,대구광역시 달성군 현풍읍,경상사고,0,0,1,0,차대차 - 기타,안전운전불이행,건조,맑음,단일로 - 기타,승용,여,19세,상해없음,승용,여,31세,경상
2020111200100234,2020년 11월 12일 11시,목요일,대구광역시 달서구 두류동,부상신고사고,0,0,0,1,차대차 - 기타,안전운전불이행,건조,맑음,단일로 - 기타,승용,여,38세,부상신고,승용,남,54세,기타불명
2020111200100270,2020년 11월 12일 12시,목요일,대구광역시 서구 평리동,경상사고,0,0,3,0,차대차 - 측면충돌,기타,건조,맑음,단일로 - 기타,승용,남,54세,경상,승용,여,51세,경상
2020111200100338,2020년 11월 12일 14시,목요일,대구광역시 북구 복현동,경상사고,0,0,1,0,차대차 - 추돌,안전운전불이행,건조,맑음,단일로 - 기타,화물,남,46세,상해없음,승용,여,31세,경상
2020111200100339,2020년 11월 12일 14시,목요일,대구광역시 중구 달성동,중상사고,0,1,0,0,차대차 - 추돌,안전운전불이행,건조,맑음,단일로 - 기타,승용,남,36세,상해없음,자전거,남,62세,중상
2020111200100340,2020년 11월 12일 14시,목요일,대구광역시 달서구 용산동,경상사고,0,0,1,0,차대차 - 기타,안전운전불이행,건조,맑음,단일로 - 기타,승용,여,41세,상해없음,자전거,여,15세,경상
2020111200100386,2020년 11월 12일 15시,목요일,대구광역시 달서구 이곡동,경상사고,0,0,1,0,차대차 - 측면충돌,안전운전불이행,건조,맑음,교차로 - 교차로안,승용,남,82세,상해없음,승용,여,53세,경상
2020111200100472,2020년 11월 12일 17시,목요일,대구광역시 동구 동호동,경상사고,0,0,1,0,차대차 - 기타,교차로운행방법위반,건조,맑음,교차로 - 교차로안,승용,남,60세,상해없음,승용,남,68세,경상
2020111200100473,2020년 11월 12일 17시,목요일,대구광역시 달서구 본동,경상사고,0,0,1,0,차대차 - 추돌,안전운전불이행,건조,맑음,단일로 - 기타,승용,여,45세,상해없음,승용,남,27세,경상
2020111200100474,2020년 11월 12일 17시,목요일,대구광역시 달서구 유천동,중상사고,0,1,0,0,차대차 - 측면충돌,안전거리미확보,건조,맑음,단일로 - 기타,화물,남,61세,상해없음,이륜,남,26세,중상
2020111200100475,2020년 11월 12일 17시,목요일,대구광역시 서구 이현동,경상사고,0,0,2,1,차대차 - 측면충돌,안전운전불이행,건조,맑음,교차로 - 교차로부근,승용,여,51세,부상신고,승합,남,56세,경상
2020111200100545,2020년 11월 12일 18시,목요일,대구광역시 남구 대명동,경상사고,0,0,1,0,차대차 - 후진중충돌,안전운전불이행,건조,맑음,단일로 - 기타,승용,여,54세,상해없음,승용,남,42세,경상
2020111200100546,2020년 11월 12일 18시,목요일,대구광역시 동구 신평동,경상사고,0,0,1,0,차대차 - 기타,안전운전불이행,건조,맑음,교차로 - 교차로안,승용,남,39세,상해없음,이륜,남,18세,경상
2020111200100547,2020년 11월 12일 18시,목요일,대구광역시 동구 지저동,경상사고,0,0,1,0,차대사람 - 기타,안전운전불이행,건조,맑음,단일로 - 기타,승합,남,41세,상해없음,보행자,남,64세,경상
2020111200100548,2020년 11월 12일 18시,목요일,대구광역시 달서구 본동,경상사고,0,0,1,0,차대차 - 후진중충돌,불법유턴,건조,맑음,교차로 - 교차로안,승용,남,61세,상해없음,이륜,남,28세,경상
2020111200100549,2020년 11월 12일 18시,목요일,대구광역시 달서구 월암동,중상사고,0,1,0,0,차대사람 - 횡단중,중앙선침범,건조,맑음,교차로 - 교차로부근,승용,남,51세,상해없음,보행자,남,35세,중상
2020111200100550,2020년 11월 12일 18시,목요일,대구광역시 달서구 송현동,중상사고,0,1,0,0,차대차 - 측면충돌,직진우회전진행방해,건조,맑음,교차로 - 교차로안,승용,남,65세,상해없음,승용,여,48세,중상
2020111200100551,2020년 11월 12일 18시,목요일,대구광역시 달성군 현풍읍,경상사고,0,0,1,0,차대사람 - 기타,안전운전불이행,건조,맑음,교차로 - 교차로부근,승용,여,56세,상해없음,보행자,남,24세,경상
2020111200100552,2020년 11월 12일 18시,목요일,대구광역시 북구 검단동,경상사고,0,0,1,0,차대차 - 측면충돌,불법유턴,건조,맑음,교차로 - 교차로안,자전거,남,61세,경상,승용,남,58세,상해없음
2020111200100628,2020년 11월 12일 20시,목요일,대구광역시 수성구 두산동,경상사고,0,0,1,0,차대차 - 측면충돌,안전거리미확보,건조,맑음,교차로 - 교차로안,이륜,남,27세,상해없음,승용,남,29세,경상
2020111200100653,2020년 11월 12일 21시,목요일,대구광역시 남구 봉덕동,경상사고,0,0,1,0,차대사람 - 기타,안전운전불이행,건조,맑음,기타 - 기타,승용,남,28세,상해없음,보행자,남,40세,경상
2020111200100690,2020년 11월 12일 23시,목요일,대구광역시 수성구 상동,경상사고,0,0,1,0,차대사람 - 보도통행중,안전운전불이행,건조,맑음,기타 - 기타,화물,남,33세,상해없음,보행자,남,54세,경상
2020111300100011,2020년 11월 13일 00시,금요일,대구광역시 남구 대명동,경상사고,0,0,3,0,차대차 - 측면충돌,안전운전불이행,건조,맑음,기타 - 기타,승용,여,23세,상해없음,자전거,남,32세,경상
2020111300100028,2020년 11월 13일 02시,금요일,대구광역시 동구 용계동,중상사고,0,2,1,0,차대차 - 기타,신호위반,건조,맑음,교차로 - 교차로안,승용,남,67세,경상,승용,남,70세,중상
2020111300100065,2020년 11월 13일 06시,금요일,대구광역시 남구 대명동,경상사고,0,0,1,0,차대차 - 추돌,차로위반,건조,맑음,단일로 - 기타,승용,남,34세,상해없음,승용,여,28세,경상
2020111300100089,2020년 11월 13일 07시,금요일,대구광역시 북구 산격동,중상사고,0,1,0,0,차대차 - 기타,안전운전불이행,건조,맑음,교차로 - 교차로안,승용,남,33세,상해없음,자전거,남,79세,중상
2020111300100129,2020년 11월 13일 08시,금요일,대구광역시 달서구 월성동,중상사고,0,3,2,0,차대차 - 측면충돌,신호위반,건조,맑음,교차로 - 교차로안,승용,여,76세,경상,승용,여,49세,경상
2020111300100130,2020년 11월 13일 08시,금요일,대구광역시 달서구 감삼동,경상사고,0,0,2,0,차대차 - 측면충돌,신호위반,건조,맑음,교차로 - 교차로안,승용,남,49세,상해없음,승용,남,67세,경상
2020111300100168,2020년 11월 13일 09시,금요일,대구광역시 수성구 범어동,중상사고,0,1,0,0,차대사람 - 횡단중,안전운전불이행,건조,맑음,기타 - 기타,기타불명,기타불명,미분류,기타불명,보행자,여,45세,중상
2020111300100228,2020년 11월 13일 11시,금요일,대구광역시 남구 이천동,경상사고,0,0,1,0,차대차 - 측면충돌,안전운전불이행,건조,맑음,단일로 - 기타,승용,여,46세,상해없음,승용,남,31세,상해없음
2020111300100229,2020년 11월 13일 11시,금요일,대구광역시 수성구 만촌동,경상사고,0,0,3,0,차대차 - 추돌,안전운전불이행,건조,맑음,단일로 - 기타,화물,남,63세,상해없음,승용,여,52세,경상
2020111300100230,2020년 11월 13일 11시,금요일,대구광역시 달서구 용산동,부상신고사고,0,0,0,1,차대사람 - 횡단중,안전운전불이행,건조,맑음,교차로 - 교차로횡단보도내,승용,남,62세,상해없음,보행자,남,63세,부상신고
2020111300100254,2020년 11월 13일 12시,금요일,대구광역시 동구 신기동,경상사고,0,0,1,0,차대사람 - 기타,안전운전불이행,건조,맑음,교차로 - 교차로안,승용,여,36세,상해없음,보행자,남,61세,경상
2020111300100255,2020년 11월 13일 12시,금요일,대구광역시 달성군 하빈면,경상사고,0,0,1,0,차대차 - 측면충돌,안전운전불이행,건조,맑음,교차로 - 교차로안,승용,여,52세,경상,승용,여,46세,기타불명
2020111300100256,2020년 11월 13일 12시,금요일,대구광역시 서구 이현동,경상사고,0,0,1,0,차대차 - 측면충돌,안전거리미확보,건조,맑음,단일로 - 기타,화물,남,37세,상해없음,화물,남,36세,경상
2020111300100257,2020년 11월 13일 12시,금요일,대구광역시 북구 동천동,경상사고,0,0,1,0,차대차 - 기타,안전운전불이행,건조,맑음,기타 - 기타,승용,남,57세,상해없음,자전거,여,68세,경상
2020111300100292,2020년 11월 13일 13시,금요일,대구광역시 동구 방촌동,경상사고,0,0,1,0,차대차 - 측면충돌,안전거리미확보,건조,맑음,단일로 - 기타,승용,남,60세,상해없음,원동기,남,34세,경상
2020111300100293,2020년 11월 13일 13시,금요일,대구광역시 동구 방촌동,경상사고,0,0,1,0,차대사람 - 기타,안전운전불이행,건조,맑음,단일로 - 기타,승용,남,77세,상해없음,보행자,여,65세,경상
2020111300100294,2020년 11월 13일 13시,금요일,대구광역시 달서구 송현동,중상사고,0,1,1,1,차대차 - 측면충돌,신호위반,건조,맑음,교차로 - 교차로안,승용,남,32세,경상,승용,여,58세,중상
2020111300100295,2020년 11월 13일 13시,금요일,대구광역시 달서구 월암동,중상사고,0,1,1,0,차대차 - 측면충돌,교차로운행방법위반,건조,맑음,교차로 - 교차로안,승용,여,52세,중상,승용,남,50세,경상
2020111300100315,2020년 11월 13일 14시,금요일,대구광역시 동구 지묘동,부상신고사고,0,0,0,1,차대차 - 측면충돌,안전운전불이행,기타,맑음,기타 - 기타,승용,남,74세,상해없음,승용,남,24세,부상신고
2020111300100316,2020년 11월 13일 14시,금요일,대구광역시 중구 인교동,경상사고,0,0,1,0,차대차 - 측면충돌,안전운전불이행,건조,맑음,교차로 - 교차로안,이륜,남,24세,경상,화물,남,49세,상해없음
2020111300100317,2020년 11월 13일 14시,금요일,대구광역시 달서구 이곡동,경상사고,0,0,1,0,차대차 - 기타,안전운전불이행,건조,맑음,교차로 - 교차로부근,이륜,남,24세,기타불명,승용,여,46세,경상
2020111300100352,2020년 11월 13일 15시,금요일,대구광역시 달서구 상인동,경상사고,0,0,1,0,차대차 - 측면충돌,안전운전불이행,건조,맑음,교차로 - 교차로횡단보도내,승용,남,59세,상해없음,자전거,남,12세,경상
2020111300100353,2020년 11월 13일 15시,금요일,대구광역시 달성군 다사읍,경상사고,0,0,1,0,차대차 - 기타,안전운전불이행,건조,맑음,단일로 - 기타,기타불명,기타불명,미분류,기타불명,자전거,여,51세,경상
2020111300100354,2020년 11월 13일 15시,금요일,대구광역시 서구 내당동,경상사고,0,0,1,0,차대차 - 기타,안전거리미확보,건조,맑음,단일로 - 기타,승용,여,65세,상해없음,승용,여,50세,경상
2020111300100392,2020년 11월 13일 16시,금요일,대구광역시 동구 신천동,경상사고,0,0,2,0,차대차 - 측면충돌,안전운전불이행,건조,맑음,단일로 - 기타,승용,여,63세,상해없음,승용,여,36세,경상
2020111300100393,2020년 11월 13일 16시,금요일,대구광역시 수성구 범어동,경상사고,0,0,1,0,차대차 - 측면충돌,안전운전불이행,건조,맑음,교차로 - 교차로안,승용,남,35세,상해없음,이륜,남,35세,경상
2020111300100443,2020년 11월 13일 17시,금요일,대구광역시 동구 동호동,경상사고,0,0,2,0,차대차 - 정면충돌,안전운전불이행,건조,맑음,교차로 - 교차로부근,승용,여,45세,상해없음,승용,여,38세,경상
2020111300100444,2020년 11월 13일 17시,금요일,대구광역시 달서구 진천동,경상사고,0,0,1,0,차대사람 - 차도통행중,안전운전불이행,건조,맑음,단일로 - 기타,승용,남,51세,상해없음,보행자,남,42세,경상
2020111300100445,2020년 11월 13일 17시,금요일,대구광역시 달서구 월성동,경상사고,0,0,1,0,차대사람 - 기타,안전운전불이행,건조,맑음,단일로 - 기타,승합,남,64세,상해없음,보행자,여,25세,경상
2020111300100506,2020년 11월 13일 18시,금요일,대구광역시 서구 내당동,중상사고,0,1,1,0,차대차 - 기타,교차로운행방법위반,건조,맑음,교차로 - 교차로안,승용,남,29세,상해없음,승용,남,46세,경상
2020111300100507,2020년 11월 13일 18시,금요일,대구광역시 달서구 장기동,경상사고,0,0,3,0,차대차 - 측면충돌,안전거리미확보,건조,맑음,단일로 - 기타,승용,여,43세,상해없음,승용,남,44세,경상
2020111300100598,2020년 11월 13일 20시,금요일,대구광역시 동구 불로동,경상사고,0,0,1,0,차대사람 - 횡단중,안전운전불이행,건조,맑음,단일로 - 기타,승합,남,66세,상해없음,보행자,남,44세,경상
2020111300100599,2020년 11월 13일 20시,금요일,대구광역시 서구 내당동,경상사고,0,0,1,0,차대차 - 기타,신호위반,건조,맑음,교차로 - 교차로안,승용,남,60세,상해없음,승용,남,55세,상해없음
2020111300100600,2020년 11월 13일 20시,금요일,대구광역시 서구 원대동1가,중상사고,0,1,0,0,차대차 - 측면충돌,안전운전불이행,건조,맑음,교차로 - 교차로안,이륜,남,48세,상해없음,이륜,남,35세,중상
2020111300100637,2020년 11월 13일 21시,금요일,대구광역시 달성군 유가읍,경상사고,0,0,1,0,차대차 - 측면충돌,중앙선침범,건조,맑음,단일로 - 기타,승용,여,70세,상해없음,승용,남,45세,경상
2020111300100681,2020년 11월 13일 23시,금요일,대구광역시 수성구 노변동,경상사고,0,0,1,0,차대차 - 추돌,안전운전불이행,건조,맑음,교차로 - 교차로부근,승용,남,54세,상해없음,승용,여,44세,경상
2020111400100017,2020년 11월 14일 00시,토요일,대구광역시 수성구 만촌동,경상사고,0,0,1,1,차대차 - 측면충돌,안전거리미확보,건조,맑음,교차로 - 교차로부근,승용,남,67세,부상신고,승용,남,30세,경상
2020111400100048,2020년 11월 14일 02시,토요일,대구광역시 수성구 만촌동,경상사고,0,0,1,0,차대차 - 추돌,안전운전불이행,건조,맑음,단일로 - 기타,이륜,남,17세,상해없음,승용,남,25세,경상
2020111400100049,2020년 11월 14일 02시,토요일,대구광역시 수성구 지산동,중상사고,0,1,2,0,차대차 - 측면충돌,안전운전불이행,건조,맑음,교차로 - 교차로안,승용,남,30세,상해없음,승용,남,63세,경상
2020111400100050,2020년 11월 14일 02시,토요일,대구광역시 서구 비산동,중상사고,0,2,0,0,차대사람 - 횡단중,안전운전불이행,건조,맑음,단일로 - 기타,이륜,남,22세,기타불명,보행자,여,60세,중상
2020111400100085,2020년 11월 14일 05시,토요일,대구광역시 수성구 황금동,경상사고,0,0,1,0,차대사람 - 차도통행중,안전운전불이행,건조,맑음,단일로 - 기타,승용,여,52세,상해없음,보행자,남,22세,경상
2020111400100086,2020년 11월 14일 05시,토요일,대구광역시 북구 침산동,경상사고,0,0,3,0,차대차 - 정면충돌,신호위반,건조,맑음,교차로 - 교차로안,승용,여,46세,상해없음,화물,남,61세,경상
2020111400100152,2020년 11월 14일 09시,토요일,대구광역시 동구 신암동,중상사고,0,1,0,0,차대차 - 측면충돌,안전거리미확보,건조,맑음,교차로 - 교차로안,승용,여,63세,상해없음,승용,남,60세,중상
2020111400100188,2020년 11월 14일 10시,토요일,대구광역시 동구 불로동,경상사고,0,0,2,0,차대차 - 측면충돌,안전운전불이행,건조,맑음,교차로 - 교차로안,건설기계,남,54세,상해없음,승용,남,30세,경상
2020111400100189,2020년 11월 14일 10시,토요일,대구광역시 서구 내당동,경상사고,0,0,1,0,차대차 - 기타,직진우회전진행방해,건조,맑음,교차로 - 교차로안,이륜,남,21세,상해없음,승용,여,53세,경상
2020111400100226,2020년 11월 14일 11시,토요일,대구광역시 달성군 현풍읍,경상사고,0,0,1,0,차대사람 - 보도통행중,안전운전불이행,건조,맑음,단일로 - 기타,이륜,남,26세,상해없음,보행자,남,45세,경상
2020111400100227,2020년 11월 14일 11시,토요일,대구광역시 북구 침산동,중상사고,0,1,0,0,차대차 - 기타,안전거리미확보,건조,맑음,교차로 - 교차로부근,화물,남,50세,상해없음,승합,남,33세,상해없음
2020111400100269,2020년 11월 14일 12시,토요일,대구광역시 동구 율하동,경상사고,0,0,1,0,차대차 - 측면충돌,교차로운행방법위반,건조,맑음,교차로 - 교차로안,이륜,남,29세,경상,승용,여,59세,상해없음
2020111400100270,2020년 11월 14일 12시,토요일,대구광역시 달서구 상인동,경상사고,0,0,1,0,차대차 - 측면충돌,안전운전불이행,건조,맑음,단일로 - 기타,승용,남,70세,상해없음,승용,남,32세,경상
2020111400100271,2020년 11월 14일 12시,토요일,대구광역시 북구 침산동,경상사고,0,0,1,0,차대차 - 기타,안전운전불이행,건조,맑음,단일로 - 기타,승용,남,74세,상해없음,이륜,남,56세,경상
2020111400100272,2020년 11월 14일 12시,토요일,대구광역시 달서구 이곡동,경상사고,0,0,3,0,차대차 - 측면충돌,안전운전불이행,건조,맑음,기타 - 기타,승용,여,35세,상해없음,승용,남,37세,기타불명
2020111400100306,2020년 11월 14일 13시,토요일,대구광역시 중구 동인동3가,경상사고,0,0,1,1,차대차 - 기타,안전운전불이행,건조,맑음,단일로 - 기타,승용,남,23세,부상신고,화물,남,57세,경상
2020111400100307,2020년 11월 14일 13시,토요일,대구광역시 북구 동호동,경상사고,0,0,1,0,차대차 - 측면충돌,차로위반,건조,맑음,단일로 - 기타,승용,여,27세,상해없음,건설기계,남,64세,경상
2020111400100345,2020년 11월 14일 14시,토요일,대구광역시 남구 대명동,경상사고,0,0,1,0,차대차 - 기타,안전운전불이행,건조,맑음,교차로 - 교차로안,승용,남,53세,상해없음,자전거,남,45세,경상
2020111400100346,2020년 11월 14일 14시,토요일,대구광역시 동구 방촌동,경상사고,0,0,1,0,차대차 - 기타,안전운전불이행,건조,흐림,단일로 - 기타,승용,남,62세,상해없음,이륜,남,25세,경상
2020111400100348,2020년 11월 14일 14시,토요일,대구광역시 달서구 월성동,경상사고,0,0,1,0,차대사람 - 기타,안전운전불이행,건조,맑음,단일로 - 기타,승용,남,55세,상해없음,보행자,여,29세,경상
2020111400100349,2020년 11월 14일 14시,토요일,대구광역시 달성군 논공읍,경상사고,0,0,3,0,차대차 - 측면충돌,안전운전불이행,건조,맑음,교차로 - 교차로안,승용,남,49세,경상,승용,남,57세,경상
2020111400100350,2020년 11월 14일 14시,토요일,대구광역시 북구 산격동,경상사고,0,0,1,0,차대차 - 측면충돌,안전운전불이행,건조,맑음,교차로 - 교차로부근,화물,남,61세,상해없음,이륜,남,29세,경상
2020111400100390,2020년 11월 14일 15시,토요일,대구광역시 남구 대명동,부상신고사고,0,0,0,1,차량단독 - 기타,안전운전불이행,건조,맑음,단일로 - 기타,자전거,남,24세,부상신고,,,,
2020111400100391,2020년 11월 14일 15시,토요일,대구광역시 동구 지저동,경상사고,0,0,1,0,차대차 - 추돌,안전운전불이행,건조,맑음,단일로 - 기타,승용,남,48세,상해없음,자전거,남,79세,경상
2020111400100392,2020년 11월 14일 15시,토요일,대구광역시 수성구 황금동,경상사고,0,0,1,0,차대사람 - 기타,안전운전불이행,건조,맑음,단일로 - 기타,승용,여,61세,상해없음,보행자,여,13세,경상
2020111400100393,2020년 11월 14일 15시,토요일,대구광역시 달서구 갈산동,경상사고,0,0,1,0,차대차 - 기타,교차로운행방법위반,건조,맑음,교차로 - 교차로안,승용,남,64세,상해없음,승용,여,35세,경상
2020111400100433,2020년 11월 14일 16시,토요일,대구광역시 동구 신천동,경상사고,0,0,1,0,차대사람 - 기타,안전운전불이행,건조,맑음,단일로 - 기타,승용,여,59세,상해없음,보행자,남,47세,경상
2020111400100434,2020년 11월 14일 16시,토요일,대구광역시 달서구 도원동,중상사고,0,1,4,0,차대차 - 추돌,기타,건조,맑음,단일로 - 기타,화물,남,22세,상해없음,승용,남,31세,중상
2020111400100474,2020년 11월 14일 17시,토요일,대구광역시 남구 대명동,경상사고,0,0,2,0,차대차 - 측면충돌,안전운전불이행,건조,맑음,교차로 - 교차로안,승용,남,54세,상해없음,승용,남,27세,경상
2020111400100475,2020년 11월 14일 17시,토요일,대구광역시 수성구 범어동,중상사고,0,1,0,0,차량단독 - 공작물충돌,안전운전불이행,건조,맑음,기타 - 기타,승용,여,61세,중상,,,,
2020111400100476,2020년 11월 14일 17시,토요일,대구광역시 수성구 만촌동,중상사고,0,2,0,0,차대차 - 측면충돌,안전거리미확보,건조,맑음,기타 - 기타,승용,여,74세,상해없음,이륜,남,20세,중상
2020111400100477,2020년 11월 14일 17시,토요일,대구광역시 달성군 화원읍,경상사고,0,0,1,0,차대차 - 기타,안전운전불이행,건조,맑음,기타 - 기타,승합,남,59세,상해없음,승용,여,77세,경상
2020111400100478,2020년 11월 14일 17시,토요일,대구광역시 달서구 감삼동,중상사고,0,1,0,0,차대차 - 측면충돌,안전운전불이행,건조,맑음,교차로 - 교차로안,화물,남,47세,상해없음,이륜,남,31세,중상
2020111400100479,2020년 11월 14일 17시,토요일,대구광역시 북구 동천동,경상사고,0,0,1,0,차대차 - 측면충돌,안전운전불이행,건조,맑음,단일로 - 기타,승용,여,22세,상해없음,승용,남,40세,경상
2020111400100521,2020년 11월 14일 18시,토요일,대구광역시 동구 신서동,중상사고,0,1,0,0,차대차 - 기타,기타,건조,맑음,단일로 - 기타,승용,남,25세,상해없음,이륜,남,47세,중상
2020111400100522,2020년 11월 14일 18시,토요일,대구광역시 북구 국우동,경상사고,0,0,2,0,차대차 - 추돌,안전운전불이행,건조,맑음,단일로 - 기타,이륜,남,16세,상해없음,승용,남,19세,경상
2020111400100558,2020년 11월 14일 19시,토요일,대구광역시 수성구 만촌동,부상신고사고,0,0,0,1,차대차 - 측면충돌,신호위반,건조,맑음,교차로 - 교차로부근,승용,남,38세,상해없음,이륜,남,35세,부상신고
2020111400100559,2020년 11월 14일 19시,토요일,대구광역시 달서구 신당동,경상사고,0,0,1,0,차대차 - 후진중충돌,중앙선침범,건조,맑음,단일로 - 기타,승용,남,41세,상해없음,이륜,남,18세,경상
2020111400100584,2020년 11월 14일 20시,토요일,대구광역시 달성군 구지면,경상사고,0,0,1,0,차대차 - 기타,안전운전불이행,건조,맑음,교차로 - 교차로부근,승용,남,30세,상해없음,이륜,남,33세,경상
2020111400100585,2020년 11월 14일 20시,토요일,대구광역시 서구 비산동,부상신고사고,0,0,0,1,차대사람 - 기타,안전운전불이행,건조,맑음,단일로 - 기타,자전거,남,26세,상해없음,보행자,여,37세,부상신고
2020111400100641,2020년 11월 14일 23시,토요일,대구광역시 수성구 매호동,경상사고,0,0,1,0,차대차 - 기타,교차로운행방법위반,건조,맑음,교차로 - 교차로안,승용,남,39세,상해없음,이륜,남,55세,경상
2020111500100011,2020년 11월 15일 01시,일요일,대구광역시 남구 봉덕동,중상사고,0,2,1,0,차대차 - 측면충돌,신호위반,건조,맑음,교차로 - 교차로안,승용,남,25세,상해없음,승용,남,57세,경상
2020111500100018,2020년 11월 15일 02시,일요일,대구광역시 수성구 만촌동,부상신고사고,0,0,0,1,차량단독 - 공작물충돌,안전운전불이행,건조,맑음,기타 - 기타,승용,여,28세,부상신고,,,,
2020111500100030,2020년 11월 15일 04시,일요일,대구광역시 서구 평리동,경상사고,0,0,1,0,차대차 - 기타,교차로운행방법위반,건조,맑음,교차로 - 교차로안,이륜,남,20세,상해없음,승용,남,46세,상해없음
2020111500100064,2020년 11월 15일 08시,일요일,대구광역시 수성구 만촌동,경상사고,0,0,1,0,차대차 - 측면충돌,안전운전불이행,건조,맑음,교차로 - 교차로안,승용,남,64세,상해없음,이륜,남,24세,경상
2020111500100150,2020년 11월 15일 12시,일요일,대구광역시 동구 신용동,경상사고,0,0,2,0,차대차 - 측면충돌,안전운전불이행,건조,맑음,단일로 - 기타,승용,여,38세,상해없음,승용,여,46세,상해없음
2020111500100183,2020년 11월 15일 13시,일요일,대구광역시 달성군 화원읍,중상사고,0,1,3,0,차대차 - 기타,안전운전불이행,건조,맑음,교차로 - 교차로안,승용,남,44세,상해없음,승용,남,32세,경상
2020111500100219,2020년 11월 15일 14시,일요일,대구광역시 남구 대명동,경상사고,0,0,1,0,차대차 - 측면충돌,안전운전불이행,건조,맑음,교차로 - 교차로부근,승용,남,80세,상해없음,이륜,남,28세,경상
2020111500100220,2020년 11월 15일 14시,일요일,대구광역시 북구 침산동,중상사고,0,1,0,0,차대차 - 기타,안전거리미확보,건조,맑음,교차로 - 교차로안,이륜,남,44세,상해없음,이륜,남,46세,중상
2020111500100221,2020년 11월 15일 14시,일요일,대구광역시 서구 평리동,경상사고,0,0,3,0,차대차 - 측면충돌,교차로운행방법위반,건조,맑음,교차로 - 교차로안,화물,남,56세,경상,이륜,남,32세,경상
2020111500100222,2020년 11월 15일 14시,일요일,대구광역시 중구 대신동,경상사고,0,0,1,0,차대차 - 측면충돌,안전거리미확보,건조,맑음,단일로 - 기타,승용,여,47세,상해없음,승용,남,31세,경상
2020111500100249,2020년 11월 15일 15시,일요일,대구광역시 남구 대명동,경상사고,0,0,4,0,차대차 - 측면충돌,차로위반,건조,맑음,교차로 - 교차로부근,승용,여,57세,상해없음,승용,여,34세,경상
2020111500100250,2020년 11월 15일 15시,일요일,대구광역시 남구 봉덕동,중상사고,0,1,1,0,차대차 - 측면충돌,신호위반,건조,맑음,교차로 - 교차로안,승용,남,23세,상해없음,승용,남,54세,중상
2020111500100251,2020년 11월 15일 15시,일요일,대구광역시 동구 신암동,경상사고,0,0,1,0,차대차 - 추돌,안전운전불이행,건조,맑음,단일로 - 기타,승용,여,24세,상해없음,이륜,남,25세,경상
2020111500100252,2020년 11월 15일 15시,일요일,대구광역시 달서구 상인동,경상사고,0,0,1,1,차대차 - 기타,안전운전불이행,건조,맑음,단일로 - 기타,승용,남,36세,부상신고,이륜,남,39세,경상