사고번호,사고일시,요일,시군구,사고내용,사망자수,중상자수,경상자수,부상신고자수,사고유형,법규위반,노면상태,기상상태,도로형태,가해운전자 차종,가해운전자 성별,가해운전자 연령,가해운전자 상해정도,피해운전자 차종,피해운전자 성별,피해운전자 연령,피해운전자 상해정도
2020112500100240,2020년 11월 25일 12시,수요일,대구광역시 수성구 범어동,경상사고,0,0,1,0,차대차 - 정면충돌,중앙선침범,건조,맑음,단일로 - 기타,승용,남,41세,상해없음,승용,여,66세,경상
2020112500100273,2020년 11월 25일 13시,수요일,대구광역시 동구 지저동,경상사고,0,0,1,0,차대차 - 측면충돌,중앙선침범,건조,맑음,단일로 - 기타,승용,남,65세,상해없음,승용,여,45세,경상
2020112500100303,2020년 11월 25일 14시,수요일,대구광역시 동구 신암동,경상사고,0,0,2,0,차대차 - 추돌,안전운전불이행,건조,맑음,단일로 - 기타,승용,남,21세,상해없음,화물,남,61세,경상
2020112500100304,2020년 11월 25일 14시,수요일,대구광역시 동구 신천동,중상사고,0,1,1,0,차대차 - 측면충돌,안전운전불이행,건조,맑음,단일로 - 기타,승용,여,39세,경상,승용,여,52세,중상
2020112500100305,2020년 11월 25일 14시,수요일,대구광역시 북구 학정동,경상사고,0,0,2,0,차대차 - 기타,안전거리미확보,건조,맑음,단일로 - 기타,승용,여,57세,상해없음,승용,여,41세,경상
2020112500100342,2020년 11월 25일 15시,수요일,대구광역시 동구 율하동,중상사고,0,1,0,0,차대차 - 기타,안전운전불이행,건조,맑음,교차로 - 교차로안,승용,남,47세,상해없음,자전거,남,61세,중상
2020112500100343,2020년 11월 25일 15시,수요일,대구광역시 동구 율하동,중상사고,0,1,0,0,차대차 - 측면충돌,안전거리미확보,건조,맑음,단일로 - 기타,건설기계,남,57세,상해없음,승용,남,25세,중상
2020112500100344,2020년 11월 25일 15시,수요일,대구광역시 수성구 범어동,경상사고,0,0,1,0,차대차 - 측면충돌,중앙선침범,건조,맑음,교차로 - 교차로횡단보도내,이륜,남,55세,상해없음,이륜,남,29세,경상
2020112500100345,2020년 11월 25일 15시,수요일,대구광역시 수성구 범어동,부상신고사고,0,0,0,2,차대차 - 기타,신호위반,건조,맑음,교차로 - 교차로안,이륜,남,34세,부상신고,승용,남,40세,부상신고
2020112500100346,2020년 11월 25일 15시,수요일,대구광역시 수성구 두산동,중상사고,0,1,1,0,차대차 - 기타,안전운전불이행,건조,맑음,교차로 - 교차로안,승용,남,48세,상해없음,승용,남,58세,경상
2020112500100347,2020년 11월 25일 15시,수요일,대구광역시 달성군 다사읍,중상사고,0,1,0,0,차대사람 - 기타,안전운전불이행,건조,맑음,기타 - 기타,자전거,남,27세,상해없음,보행자,여,83세,중상
2020112500100348,2020년 11월 25일 15시,수요일,대구광역시 달서구 감삼동,경상사고,0,0,4,0,차대차 - 측면충돌,교차로운행방법위반,건조,맑음,교차로 - 교차로안,승용,여,51세,기타불명,승용,남,21세,경상
2020112500100388,2020년 11월 25일 16시,수요일,대구광역시 북구 칠성동2가,중상사고,0,1,0,0,차대차 - 추돌,안전운전불이행,건조,맑음,단일로 - 기타,화물,남,30세,상해없음,승용,여,37세,중상
2020112500100389,2020년 11월 25일 16시,수요일,대구광역시 달서구 이곡동,경상사고,0,0,1,0,차대차 - 측면충돌,안전운전불이행,건조,맑음,교차로 - 교차로부근,화물,남,61세,기타불명,승용,남,42세,경상
2020112500100390,2020년 11월 25일 16시,수요일,대구광역시 달서구 장기동,경상사고,0,0,2,0,차대차 - 기타,차로위반,건조,맑음,단일로 - 기타,승용,남,66세,상해없음,승용,여,23세,경상
2020112500100434,2020년 11월 25일 17시,수요일,대구광역시 달성군 화원읍,중상사고,0,1,1,0,차대차 - 기타,안전운전불이행,건조,맑음,교차로 - 교차로안,승용,남,42세,상해없음,이륜,남,36세,중상
2020112500100435,2020년 11월 25일 17시,수요일,대구광역시 달서구 신당동,경상사고,0,0,3,0,차대차 - 추돌,안전운전불이행,건조,맑음,기타 - 기타,이륜,남,16세,경상,승용,여,48세,경상
2020112500100492,2020년 11월 25일 18시,수요일,대구광역시 동구 용계동,중상사고,0,1,0,0,차대사람 - 횡단중,안전운전불이행,건조,맑음,단일로 - 기타,승용,여,63세,상해없음,보행자,여,77세,중상
2020112500100493,2020년 11월 25일 18시,수요일,대구광역시 수성구 두산동,경상사고,0,0,3,0,차대차 - 정면충돌,안전운전불이행,건조,맑음,교차로 - 교차로부근,승용,여,46세,경상,화물,남,31세,경상
2020112500100494,2020년 11월 25일 18시,수요일,대구광역시 수성구 지산동,경상사고,0,0,1,0,차대차 - 정면충돌,신호위반,건조,맑음,교차로 - 교차로안,화물,남,68세,상해없음,승용,여,30세,경상
2020112500100495,2020년 11월 25일 18시,수요일,대구광역시 달성군 유가읍,중상사고,0,1,1,0,차대차 - 정면충돌,과속,건조,맑음,교차로 - 교차로안,승용,남,27세,경상,승용,여,25세,중상
2020112500100496,2020년 11월 25일 18시,수요일,대구광역시 달서구 용산동,경상사고,0,0,4,0,차대차 - 추돌,교차로운행방법위반,건조,맑음,교차로 - 교차로안,승용,남,56세,상해없음,승용,남,24세,경상
2020112500100497,2020년 11월 25일 18시,수요일,대구광역시 달서구 감삼동,경상사고,0,0,1,0,차대차 - 측면충돌,기타,건조,맑음,교차로 - 교차로안,승용,여,55세,상해없음,화물,남,66세,상해없음
2020112500100540,2020년 11월 25일 19시,수요일,대구광역시 달서구 상인동,경상사고,0,0,2,0,차대차 - 측면충돌,안전운전불이행,건조,맑음,단일로 - 고가도로위,이륜,남,18세,경상,승용,남,57세,경상
2020112500100562,2020년 11월 25일 20시,수요일,대구광역시 북구 대현동,경상사고,0,0,1,0,차대차 - 측면충돌,기타,건조,맑음,기타 - 기타,자전거,남,23세,경상,승용,남,60세,상해없음
2020112500100608,2020년 11월 25일 22시,수요일,대구광역시 수성구 상동,중상사고,0,2,1,0,차대차 - 측면충돌,과속,건조,맑음,교차로 - 교차로안,이륜,남,33세,중상,승용,여,51세,경상
2020112500100609,2020년 11월 25일 22시,수요일,대구광역시 달서구 송현동,경상사고,0,0,3,0,차대차 - 측면충돌,신호위반,건조,맑음,교차로 - 교차로안,승용,남,67세,상해없음,승용,남,73세,경상
2020112600100008,2020년 11월 26일 00시,목요일,대구광역시 수성구 이천동,중상사고,0,1,1,0,차대차 - 추돌,안전운전불이행,건조,맑음,단일로 - 기타,승합,남,26세,상해없음,승용,남,30세,경상
2020112600100009,2020년 11월 26일 00시,목요일,대구광역시 달서구 상인동,경상사고,0,0,1,0,차대차 - 측면충돌,안전운전불이행,건조,맑음,단일로 - 기타,승용,남,29세,상해없음,이륜,남,18세,경상
2020112600100017,2020년 11월 26일 01시,목요일,대구광역시 달서구 이곡동,중상사고,0,2,1,0,차대차 - 기타,신호위반,건조,맑음,교차로 - 교차로안,승합,남,30세,중상,승용,남,62세,경상
2020112600100022,2020년 11월 26일 02시,목요일,대구광역시 남구 대명동,경상사고,0,0,2,0,차대차 - 기타,안전운전불이행,건조,맑음,단일로 - 기타,승용,남,27세,상해없음,승용,남,27세,경상
2020112600100042,2020년 11월 26일 05시,목요일,대구광역시 수성구 두산동,중상사고,0,3,0,0,차대차 - 측면충돌,안전운전불이행,건조,맑음,교차로 - 교차로부근,자전거,남,81세,중상,원동기,남,17세,중상
2020112600100043,2020년 11월 26일 05시,목요일,대구광역시 달성군 화원읍,경상사고,0,0,2,0,차량단독 - 기타,안전운전불이행,건조,맑음,교차로 - 교차로안,승용,남,34세,경상,,,,
2020112600100067,2020년 11월 26일 06시,목요일,대구광역시 동구 신암동,중상사고,0,1,0,0,차대차 - 측면충돌,차로위반,건조,맑음,단일로 - 기타,건설기계,남,51세,기타불명,승용,남,52세,중상
2020112600100112,2020년 11월 26일 08시,목요일,대구광역시 동구 용계동,경상사고,0,0,1,0,차대차 - 측면충돌,신호위반,건조,맑음,교차로 - 교차로안,승용,여,55세,상해없음,승용,남,38세,경상
2020112600100113,2020년 11월 26일 08시,목요일,대구광역시 수성구 황금동,경상사고,0,0,1,0,차대사람 - 기타,안전운전불이행,건조,맑음,단일로 - 기타,승용,남,72세,상해없음,보행자,여,13세,경상
2020112600100114,2020년 11월 26일 08시,목요일,대구광역시 달성군 옥포읍,중상사고,0,2,1,0,차대차 - 측면충돌,교차로운행방법위반,건조,맑음,교차로 - 교차로안,승합,여,54세,경상,화물,남,62세,중상
2020112600100115,2020년 11월 26일 08시,목요일,대구광역시 북구 산격동,경상사고,0,0,1,0,차대차 - 추돌,안전거리미확보,건조,맑음,단일로 - 기타,승용,남,31세,상해없음,화물,남,51세,경상
2020112600100116,2020년 11월 26일 08시,목요일,대구광역시 서구 내당동,경상사고,0,0,1,0,차대차 - 추돌,안전거리미확보,건조,맑음,단일로 - 기타,승용,여,38세,상해없음,승용,여,26세,경상
2020112600100172,2020년 11월 26일 10시,목요일,대구광역시 수성구 중동,경상사고,0,0,3,0,차대차 - 정면충돌,신호위반,건조,맑음,교차로 - 교차로안,승용,여,55세,경상,승용,남,42세,경상
2020112600100173,2020년 11월 26일 10시,목요일,대구광역시 북구 칠성동2가,경상사고,0,0,1,0,차대차 - 후진중충돌,안전운전불이행,건조,맑음,교차로 - 교차로안,승용,여,51세,상해없음,승용,여,43세,경상
2020112600100198,2020년 11월 26일 11시,목요일,대구광역시 동구 신천동,경상사고,0,0,1,0,차대차 - 추돌,안전운전불이행,건조,맑음,단일로 - 기타,승용,남,64세,상해없음,승용,여,44세,경상
2020112600100229,2020년 11월 26일 12시,목요일,대구광역시 서구 내당동,경상사고,0,0,1,0,차대차 - 추돌,안전운전불이행,건조,맑음,단일로 - 기타,승용,남,61세,상해없음,승용,여,43세,경상
2020112600100259,2020년 11월 26일 13시,목요일,대구광역시 동구 신암동,경상사고,0,0,2,0,차대사람 - 기타,안전운전불이행,건조,맑음,단일로 - 기타,자전거,남,16세,경상,보행자,여,10세,경상
2020112600100260,2020년 11월 26일 13시,목요일,대구광역시 동구 봉무동,중상사고,0,1,1,0,차대차 - 측면충돌,교차로운행방법위반,건조,맑음,교차로 - 교차로안,승용,여,32세,상해없음,승용,여,50세,중상
2020112600100290,2020년 11월 26일 14시,목요일,대구광역시 수성구 두산동,중상사고,0,1,0,0,차대차 - 측면충돌,교차로운행방법위반,건조,맑음,교차로 - 교차로안,자전거,남,15세,중상,승용,여,38세,상해없음
2020112600100291,2020년 11월 26일 14시,목요일,대구광역시 달서구 진천동,경상사고,0,0,1,0,차대사람 - 기타,보행자보호의무위반,건조,맑음,단일로 - 기타,승용,여,45세,상해없음,보행자,남,12세,경상
2020112600100326,2020년 11월 26일 15시,목요일,대구광역시 남구 대명동,중상사고,0,1,2,0,차대차 - 추돌,안전운전불이행,건조,맑음,단일로 - 기타,승용,남,27세,상해없음,화물,여,53세,경상
2020112600100327,2020년 11월 26일 15시,목요일,대구광역시 남구 대명동,경상사고,0,0,4,0,차대차 - 추돌,안전운전불이행,건조,맑음,교차로 - 교차로부근,승용,여,65세,상해없음,승용,남,19세,경상
2020112600100328,2020년 11월 26일 15시,목요일,대구광역시 수성구 범어동,경상사고,0,0,1,0,차대차 - 정면충돌,안전운전불이행,건조,맑음,단일로 - 기타,승용,여,38세,상해없음,승용,남,32세,경상
2020112600100329,2020년 11월 26일 15시,목요일,대구광역시 북구 태전동,경상사고,0,0,3,0,차대차 - 기타,신호위반,건조,맑음,교차로 - 교차로안,승용,여,56세,경상,승용,여,57세,경상
2020112600100363,2020년 11월 26일 16시,목요일,대구광역시 수성구 범물동,중상사고,0,2,8,0,차대차 - 추돌,안전운전불이행,건조,맑음,단일로 - 기타,화물,남,52세,경상,화물,남,46세,경상
2020112600100402,2020년 11월 26일 17시,목요일,대구광역시 동구 신암동,경상사고,0,0,1,0,차대차 - 추돌,안전운전불이행,건조,맑음,단일로 - 기타,승용,남,53세,상해없음,승용,여,34세,상해없음
2020112600100403,2020년 11월 26일 17시,목요일,대구광역시 수성구 수성동4가,경상사고,0,0,1,0,차대사람 - 기타,보행자보호의무위반,건조,맑음,교차로 - 교차로횡단보도내,승용,남,21세,상해없음,보행자,남,36세,경상
2020112600100468,2020년 11월 26일 18시,목요일,대구광역시 북구 서변동,경상사고,0,0,1,0,차대차 - 측면충돌,안전운전불이행,건조,맑음,단일로 - 기타,승용,남,21세,상해없음,승용,남,52세,경상
2020112600100475,2020년 11월 26일 18시,목요일,대구광역시 서구 평리동,경상사고,0,0,1,0,차대차 - 측면충돌,안전운전불이행,건조,맑음,단일로 - 기타,승용,남,57세,상해없음,승용,남,25세,경상
2020112600100517,2020년 11월 26일 19시,목요일,대구광역시 수성구 황금동,경상사고,0,0,1,0,차대차 - 측면충돌,안전거리미확보,건조,맑음,단일로 - 기타,승용,남,50세,상해없음,이륜,남,24세,경상
2020112600100518,2020년 11월 26일 19시,목요일,대구광역시 수성구 황금동,중상사고,0,1,0,0,차대차 - 측면충돌,교차로운행방법위반,건조,맑음,교차로 - 교차로안,승용,여,47세,상해없음,이륜,남,21세,중상
2020112600100519,2020년 11월 26일 19시,목요일,대구광역시 수성구 매호동,부상신고사고,0,0,0,1,차대사람 - 기타,안전운전불이행,건조,맑음,단일로 - 기타,승용,남,58세,상해없음,보행자,남,60세,부상신고
2020112600100520,2020년 11월 26일 19시,목요일,대구광역시 달서구 대곡동,경상사고,0,0,1,0,차대차 - 측면충돌,안전운전불이행,건조,맑음,단일로 - 기타,승용,남,26세,상해없음,승용,여,50세,경상
2020112600100552,2020년 11월 26일 20시,목요일,대구광역시 달서구 용산동,경상사고,0,0,1,0,차대차 - 기타,안전운전불이행,건조,맑음,주차장 - 주차장,승용,여,50세,경상,승용,남,26세,상해없음
2020112600100598,2020년 11월 26일 22시,목요일,대구광역시 남구 대명동,중상사고,0,1,0,0,차대차 - 기타,직진우회전진행방해,건조,맑음,교차로 - 교차로안,화물,남,29세,상해없음,이륜,남,28세,중상
2020112600100612,2020년 11월 26일 23시,목요일,대구광역시 북구 산격동,경상사고,0,0,1,0,차대차 - 기타,불법유턴,건조,맑음,단일로 - 기타,승용,남,26세,상해없음,원동기,남,27세,경상
2020112700100025,2020년 11월 27일 04시,금요일,대구광역시 수성구 만촌동,부상신고사고,0,0,0,2,차대차 - 측면충돌,안전운전불이행,건조,맑음,교차로 - 교차로부근,이륜,남,22세,부상신고,이륜,남,21세,부상신고
2020112700100035,2020년 11월 27일 05시,금요일,대구광역시 중구 동인동2가,경상사고,0,0,1,0,차대차 - 측면충돌,교차로운행방법위반,건조,맑음,교차로 - 교차로안,화물,남,55세,상해없음,승용,남,57세,경상
2020112700100068,2020년 11월 27일 07시,금요일,대구광역시 남구 대명동,경상사고,0,0,3,0,차대차 - 측면충돌,안전운전불이행,건조,맑음,단일로 - 기타,화물,남,65세,상해없음,승용,남,18세,경상
2020112700100069,2020년 11월 27일 07시,금요일,대구광역시 동구 효목동,중상사고,0,1,0,0,차대차 - 기타,안전운전불이행,건조,맑음,단일로 - 기타,원동기,남,71세,중상,화물,남,74세,상해없음
2020112700100070,2020년 11월 27일 07시,금요일,대구광역시 중구 수창동,경상사고,0,0,1,0,차대사람 - 길가장자리구역통행중,안전운전불이행,건조,맑음,단일로 - 기타,승용,남,54세,상해없음,보행자,여,34세,경상
2020112700100109,2020년 11월 27일 09시,금요일,대구광역시 남구 대명동,경상사고,0,0,1,0,차대사람 - 보도통행중,안전운전불이행,건조,맑음,단일로 - 기타,승용,여,26세,상해없음,보행자,여,28세,경상
2020112700100110,2020년 11월 27일 09시,금요일,대구광역시 달서구 유천동,중상사고,0,1,0,0,차대차 - 측면충돌,안전거리미확보,건조,맑음,단일로 - 기타,승용,여,66세,상해없음,승용,여,30세,중상
2020112700100111,2020년 11월 27일 09시,금요일,대구광역시 중구 남산동,부상신고사고,0,0,0,1,차대차 - 추돌,안전운전불이행,건조,맑음,단일로 - 기타,기타불명,기타불명,미분류,기타불명,승용,여,28세,부상신고
2020112700100112,2020년 11월 27일 09시,금요일,대구광역시 북구 매천동,경상사고,0,0,1,0,차대사람 - 기타,안전운전불이행,건조,기타,단일로 - 기타,화물,남,63세,상해없음,보행자,남,65세,경상
2020112700100137,2020년 11월 27일 10시,금요일,대구광역시 동구 용계동,경상사고,0,0,1,1,차대차 - 기타,안전거리미확보,건조,맑음,교차로 - 교차로부근,승용,여,50세,부상신고,승용,여,60세,경상
2020112700100138,2020년 11월 27일 10시,금요일,대구광역시 달서구 성당동,경상사고,0,0,1,0,차대차 - 기타,차로위반,건조,맑음,단일로 - 기타,승용,남,78세,상해없음,승합,남,45세,상해없음
2020112700100164,2020년 11월 27일 11시,금요일,대구광역시 북구 침산동,경상사고,0,0,2,1,차대차 - 측면충돌,안전운전불이행,건조,맑음,교차로 - 교차로안,승용,여,59세,경상,건설기계,남,52세,부상신고
2020112700100165,2020년 11월 27일 11시,금요일,대구광역시 중구 대봉동,경상사고,0,0,1,0,차대차 - 측면충돌,신호위반,건조,맑음,단일로 - 기타,승용,여,34세,상해없음,이륜,여,67세,경상
2020112700100193,2020년 11월 27일 12시,금요일,대구광역시 수성구 고모동,경상사고,0,0,1,0,차대차 - 추돌,안전운전불이행,건조,맑음,단일로 - 기타,건설기계,남,50세,상해없음,승용,여,31세,경상
2020112700100194,2020년 11월 27일 12시,금요일,대구광역시 서구 평리동,중상사고,0,1,0,0,차대차 - 측면충돌,교차로운행방법위반,건조,맑음,교차로 - 교차로안,화물,남,34세,상해없음,이륜,남,39세,중상
2020112700100195,2020년 11월 27일 12시,금요일,대구광역시 서구 평리동,경상사고,0,0,1,0,차대차 - 측면충돌,안전운전불이행,건조,맑음,단일로 - 기타,승용,남,55세,상해없음,이륜,남,27세,경상
2020112700100196,2020년 11월 27일 12시,금요일,대구광역시 달서구 성당동,중상사고,0,1,0,0,차대사람 - 길가장자리구역통행중,안전운전불이행,건조,맑음,교차로 - 교차로부근,화물,남,48세,상해없음,보행자,여,27세,중상
2020112700100219,2020년 11월 27일 13시,금요일,대구광역시 수성구 만촌동,경상사고,0,0,2,0,차대차 - 추돌,안전운전불이행,건조,맑음,단일로 - 기타,이륜,남,23세,기타불명,승용,남,45세,경상
2020112700100220,2020년 11월 27일 13시,금요일,대구광역시 수성구 만촌동,경상사고,0,0,1,0,차대차 - 측면충돌,안전거리미확보,건조,맑음,단일로 - 기타,건설기계,남,51세,상해없음,승용,남,66세,경상
2020112700100221,2020년 11월 27일 13시,금요일,대구광역시 수성구 황금동,경상사고,0,0,1,0,차량단독 - 기타,기타,건조,맑음,단일로 - 기타,자전거,남,74세,경상,,,,
2020112700100222,2020년 11월 27일 13시,금요일,대구광역시 달성군 화원읍,경상사고,0,0,1,0,차대차 - 기타,교차로운행방법위반,건조,맑음,교차로 - 교차로안,화물,남,60세,상해없음,이륜,남,27세,경상
2020112700100225,2020년 11월 27일 13시,금요일,대구광역시 서구 내당동,중상사고,0,1,0,0,차대차 - 측면충돌,신호위반,건조,맑음,단일로 - 기타,승용,여,36세,상해없음,이륜,남,45세,중상
2020112700100264,2020년 11월 27일 14시,금요일,대구광역시 달서구 이곡동,경상사고,0,0,2,0,차대차 - 기타,안전운전불이행,건조,맑음,단일로 - 기타,화물,남,55세,상해없음,승용,여,22세,상해없음
2020112700100300,2020년 11월 27일 15시,금요일,대구광역시 남구 대명동,경상사고,0,0,2,0,차대차 - 기타,차로위반,건조,맑음,단일로 - 기타,건설기계,남,70세,상해없음,승용,여,26세,경상
2020112700100301,2020년 11월 27일 15시,금요일,대구광역시 동구 각산동,경상사고,0,0,1,0,차대차 - 기타,신호위반,건조,맑음,교차로 - 교차로안,화물,남,65세,상해없음,승용,여,56세,경상
2020112700100302,2020년 11월 27일 15시,금요일,대구광역시 동구 봉무동,경상사고,0,0,1,0,차대차 - 측면충돌,안전거리미확보,건조,맑음,단일로 - 기타,승용,남,79세,기타불명,승용,여,26세,경상
2020112700100303,2020년 11월 27일 15시,금요일,대구광역시 달서구 상인동,경상사고,0,0,1,0,차대차 - 측면충돌,안전운전불이행,건조,맑음,교차로 - 교차로부근,화물,남,51세,상해없음,이륜,남,26세,경상
2020112700100304,2020년 11월 27일 15시,금요일,대구광역시 북구 산격동,중상사고,0,1,0,0,차대사람 - 기타,안전운전불이행,건조,맑음,기타 - 기타,화물,남,54세,상해없음,보행자,남,80세,중상
2020112700100305,2020년 11월 27일 15시,금요일,대구광역시 북구 산격동,경상사고,0,0,1,1,차대차 - 추돌,안전운전불이행,건조,맑음,교차로 - 교차로부근,승용,남,50세,부상신고,승용,여,55세,경상
2020112700100351,2020년 11월 27일 16시,금요일,대구광역시 달서구 송현동,경상사고,0,0,2,0,차대차 - 측면충돌,교차로운행방법위반,건조,맑음,교차로 - 교차로안,승용,남,26세,경상,승용,남,65세,경상
2020112700100404,2020년 11월 27일 17시,금요일,대구광역시 남구 대명동,경상사고,0,0,1,0,차대사람 - 기타,안전운전불이행,건조,맑음,기타 - 기타,승용,남,49세,상해없음,보행자,여,61세,경상
2020112700100405,2020년 11월 27일 17시,금요일,대구광역시 수성구 상동,중상사고,0,1,0,0,차대차 - 추돌,안전운전불이행,건조,맑음,교차로 - 교차로안,승용,남,53세,상해없음,자전거,남,10세,중상
2020112700100406,2020년 11월 27일 17시,금요일,대구광역시 달서구 대천동,경상사고,0,0,1,0,차대차 - 측면충돌,안전운전불이행,건조,맑음,교차로 - 교차로부근,화물,남,40세,상해없음,승용,남,57세,경상
2020112700100407,2020년 11월 27일 17시,금요일,대구광역시 서구 비산동,중상사고,0,1,0,0,차대사람 - 횡단중,안전운전불이행,건조,맑음,교차로 - 교차로부근,승용,남,71세,상해없음,보행자,남,25세,중상
2020112700100408,2020년 11월 27일 17시,금요일,대구광역시 중구 동성로2가,경상사고,0,0,1,0,차대사람 - 기타,안전운전불이행,건조,맑음,단일로 - 기타,승용,여,22세,상해없음,보행자,여,63세,경상
2020112700100477,2020년 11월 27일 18시,금요일,대구광역시 수성구 만촌동,경상사고,0,0,1,0,차대차 - 측면충돌,안전운전불이행,건조,맑음,교차로 - 교차로부근,승용,여,23세,상해없음,승합,남,54세,경상
2020112700100478,2020년 11월 27일 18시,금요일,대구광역시 수성구 만촌동,중상사고,0,1,1,0,차대차 - 측면충돌,안전운전불이행,건조,맑음,단일로 - 기타,승용,여,45세,상해없음,승용,여,40세,중상
2020112700100479,2020년 11월 27일 18시,금요일,대구광역시 달서구 상인동,중상사고,0,1,0,0,차대차 - 측면충돌,차로위반,건조,맑음,단일로 - 기타,이륜,남,55세,중상,승용,여,41세,상해없음
2020112700100480,2020년 11월 27일 18시,금요일,대구광역시 중구 동산동,경상사고,0,0,2,0,차대차 - 기타,불법유턴,건조,맑음,단일로 - 기타,승용,여,45세,상해없음,승용,남,41세,경상
2020112700100538,2020년 11월 27일 19시,금요일,대구광역시 북구 금호동,경상사고,0,0,1,0,차대차 - 측면충돌,안전운전불이행,건조,맑음,단일로 - 기타,승용,남,22세,상해없음,화물,남,60세,경상
2020112700100544,2020년 11월 27일 19시,금요일,대구광역시 달성군 옥포읍,경상사고,0,0,1,0,차대차 - 추돌,안전운전불이행,건조,맑음,단일로 - 고가도로위,승용,남,78세,상해없음,이륜,남,61세,경상
2020112700100545,2020년 11월 27일 19시,금요일,대구광역시 중구 대봉동,부상신고사고,0,0,0,4,차대차 - 측면충돌,차로위반,건조,맑음,단일로 - 기타,승합,남,54세,부상신고,승용,남,25세,부상신고
2020112700100616,2020년 11월 27일 21시,금요일,대구광역시 동구 입석동,경상사고,0,0,1,0,차대차 - 측면충돌,교차로운행방법위반,건조,맑음,교차로 - 교차로안,승용,여,47세,상해없음,승용,남,68세,경상
2020112700100617,2020년 11월 27일 21시,금요일,대구광역시 동구 효목동,경상사고,0,0,1,0,차대차 - 측면충돌,안전운전불이행,건조,맑음,단일로 - 기타,자전거,남,11세,경상,승용,여,30세,상해없음
2020112700100618,2020년 11월 27일 21시,금요일,대구광역시 달성군 옥포읍,경상사고,0,0,1,0,차대차 - 기타,안전운전불이행,건조,맑음,교차로 - 교차로부근,승용,남,59세,상해없음,승용,남,63세,경상
2020112700100647,2020년 11월 27일 22시,금요일,대구광역시 동구 신서동,중상사고,0,1,0,0,차대차 - 정면충돌,교차로운행방법위반,건조,맑음,교차로 - 교차로안,사륜오토바이(ATV),남,25세,상해없음,사륜오토바이(ATV),남,27세,중상
2020112700100648,2020년 11월 27일 22시,금요일,대구광역시 동구 효목동,경상사고,0,0,2,0,차대차 - 측면충돌,안전거리미확보,건조,맑음,단일로 - 기타,승용,여,23세,상해없음,승용,남,54세,경상
2020112700100649,2020년 11월 27일 22시,금요일,대구광역시 달성군 다사읍,중상사고,0,1,2,0,차대차 - 추돌,안전운전불이행,건조,맑음,교차로 - 교차로안,이륜,남,26세,중상,승용,남,36세,경상
2020112700100671,2020년 11월 27일 23시,금요일,대구광역시 동구 신천동,중상사고,0,1,1,0,차대차 - 측면충돌,안전운전불이행,건조,맑음,단일로 - 기타,승용,남,26세,상해없음,승용,남,30세,중상
2020112700100672,2020년 11월 27일 23시,금요일,대구광역시 동구 동호동,경상사고,0,0,1,1,차대차 - 측면충돌,안전운전불이행,건조,맑음,단일로 - 기타,승용,여,54세,부상신고,승용,남,55세,경상
2020112800100010,2020년 11월 28일 00시,토요일,대구광역시 수성구 사월동,중상사고,0,1,1,0,차대차 - 추돌,안전운전불이행,건조,맑음,단일로 - 기타,승용,남,29세,상해없음,승용,남,32세,경상
2020112800100011,2020년 11월 28일 00시,토요일,대구광역시 북구 산격동,경상사고,0,0,1,0,차대차 - 측면충돌,안전운전불이행,건조,맑음,단일로 - 기타,승용,남,28세,상해없음,이륜,남,48세,경상
2020112800100012,2020년 11월 28일 00시,토요일,대구광역시 서구 내당동,중상사고,0,1,0,0,차대차 - 추돌,안전운전불이행,건조,맑음,단일로 - 기타,승용,남,60세,상해없음,승용,남,34세,중상
2020112800100021,2020년 11월 28일 01시,토요일,대구광역시 달서구 호림동,경상사고,0,0,1,0,차대차 - 측면충돌,안전운전불이행,건조,맑음,단일로 - 기타,승용,남,42세,상해없음,이륜,남,28세,경상
2020112800100033,2020년 11월 28일 04시,토요일,대구광역시 동구 숙천동,부상신고사고,0,0,0,1,차량단독 - 공작물충돌,안전운전불이행,건조,맑음,단일로 - 기타,승용,여,53세,부상신고,,,,
2020112800100066,2020년 11월 28일 08시,토요일,대구광역시 수성구 만촌동,부상신고사고,0,0,0,1,차대차 - 기타,기타,건조,맑음,단일로 - 기타,승용,여,46세,상해없음,자전거,남,58세,부상신고
2020112800100089,2020년 11월 28일 09시,토요일,대구광역시 달서구 월성동,경상사고,0,0,1,0,차대차 - 기타,안전운전불이행,건조,맑음,단일로 - 기타,승용,남,27세,상해없음,승용,여,59세,경상
2020112800100092,2020년 11월 28일 09시,토요일,대구광역시 남구 대명동,중상사고,0,1,0,0,차대차 - 측면충돌,안전거리미확보,건조,맑음,단일로 - 기타,이륜,남,62세,중상,승합,남,51세,상해없음
2020112800100093,2020년 11월 28일 09시,토요일,대구광역시 달서구 진천동,경상사고,0,0,1,0,차대차 - 측면충돌,안전운전불이행,건조,맑음,단일로 - 기타,승용,남,32세,상해없음,자전거,여,27세,경상
2020112800100121,2020년 11월 28일 10시,토요일,대구광역시 달서구 유천동,경상사고,0,0,2,0,차대차 - 측면충돌,안전거리미확보,건조,맑음,단일로 - 기타,승용,남,39세,상해없음,승용,남,39세,상해없음