사고번호,사고일시,요일,시군구,사고내용,사망자수,중상자수,경상자수,부상신고자수,사고유형,법규위반,노면상태,기상상태,도로형태,가해운전자 차종,가해운전자 성별,가해운전자 연령,가해운전자 상해정도,피해운전자 차종,피해운전자 성별,피해운전자 연령,피해운전자 상해정도
2020112800100122,2020년 11월 28일 10시,토요일,대구광역시 북구 대현동,중상사고,0,1,0,0,차대사람 - 차도통행중,안전운전불이행,건조,맑음,단일로 - 기타,승용,남,69세,상해없음,보행자,여,60세,중상
2020112800100123,2020년 11월 28일 10시,토요일,대구광역시 북구 칠성동2가,경상사고,0,0,1,0,차대차 - 측면충돌,안전거리미확보,건조,맑음,단일로 - 기타,승용,남,55세,상해없음,이륜,여,57세,경상
2020112800100124,2020년 11월 28일 10시,토요일,대구광역시 서구 내당동,경상사고,0,0,1,0,차대차 - 기타,안전거리미확보,건조,맑음,단일로 - 기타,원동기,남,72세,상해없음,승합,남,55세,상해없음
2020112800100190,2020년 11월 28일 12시,토요일,대구광역시 수성구 수성동3가,경상사고,0,0,1,0,차대사람 - 보도통행중,기타,건조,맑음,단일로 - 기타,기타불명,기타불명,미분류,기타불명,보행자,여,54세,경상
2020112800100191,2020년 11월 28일 12시,토요일,대구광역시 수성구 범어동,경상사고,0,0,2,0,차대차 - 추돌,안전운전불이행,건조,맑음,단일로 - 기타,승용,여,56세,기타불명,승용,여,50세,경상
2020112800100192,2020년 11월 28일 12시,토요일,대구광역시 달서구 신당동,경상사고,0,0,1,0,차대차 - 측면충돌,안전거리미확보,건조,맑음,단일로 - 기타,승용,남,24세,상해없음,이륜,남,19세,경상
2020112800100248,2020년 11월 28일 13시,토요일,대구광역시 수성구 황금동,부상신고사고,0,0,0,1,차대차 - 측면충돌,안전거리미확보,건조,맑음,단일로 - 기타,이륜,남,80세,부상신고,승용,여,53세,상해없음
2020112800100249,2020년 11월 28일 13시,토요일,대구광역시 달서구 월성동,경상사고,0,0,1,0,차대사람 - 보도통행중,기타,건조,맑음,단일로 - 기타,개인형이동수단(PM),남,18세,상해없음,보행자,남,23세,경상
2020112800100250,2020년 11월 28일 13시,토요일,대구광역시 북구 칠성동2가,경상사고,0,0,1,0,차대차 - 측면충돌,안전운전불이행,건조,맑음,교차로 - 교차로안,화물,남,29세,경상,승용,여,60세,상해없음
2020112800100251,2020년 11월 28일 13시,토요일,대구광역시 북구 사수동,경상사고,0,0,1,0,차대차 - 추돌,안전운전불이행,건조,맑음,교차로 - 교차로부근,승용,여,30세,상해없음,승용,남,37세,경상
2020112800100295,2020년 11월 28일 14시,토요일,대구광역시 서구 비산동,경상사고,0,0,1,0,차대차 - 측면충돌,기타,건조,맑음,단일로 - 기타,승용,남,33세,기타불명,이륜,남,71세,경상
2020112800100296,2020년 11월 28일 14시,토요일,대구광역시 중구 동산동,경상사고,0,0,1,0,차대차 - 기타,안전운전불이행,건조,맑음,단일로 - 기타,승용,남,37세,상해없음,승용,남,70세,상해없음
2020112800100330,2020년 11월 28일 15시,토요일,대구광역시 달서구 두류동,경상사고,0,0,1,0,차대차 - 기타,안전운전불이행,건조,맑음,단일로 - 기타,승용,남,59세,상해없음,승용,남,49세,경상
2020112800100331,2020년 11월 28일 15시,토요일,대구광역시 북구 국우동,중상사고,0,1,5,0,차대차 - 추돌,안전운전불이행,건조,맑음,단일로 - 기타,승용,남,58세,기타불명,승용,여,45세,중상
2020112800100371,2020년 11월 28일 16시,토요일,대구광역시 수성구 중동,경상사고,0,0,1,0,차대차 - 측면충돌,안전운전불이행,건조,맑음,단일로 - 기타,승용,여,68세,상해없음,자전거,남,33세,경상
2020112800100372,2020년 11월 28일 16시,토요일,대구광역시 서구 평리동,경상사고,0,0,1,0,차대차 - 측면충돌,안전거리미확보,건조,맑음,단일로 - 기타,화물,남,27세,상해없음,이륜,남,71세,경상
2020112800100406,2020년 11월 28일 17시,토요일,대구광역시 동구 신암동,경상사고,0,0,1,0,차대차 - 후진중충돌,안전운전불이행,건조,맑음,단일로 - 기타,화물,남,61세,상해없음,승용,남,30세,경상
2020112800100407,2020년 11월 28일 17시,토요일,대구광역시 수성구 신매동,경상사고,0,0,1,0,차대사람 - 횡단중,보행자보호의무위반,건조,맑음,단일로 - 기타,기타불명,기타불명,미분류,기타불명,보행자,여,13세,경상
2020112800100408,2020년 11월 28일 17시,토요일,대구광역시 수성구 수성동1가,경상사고,0,0,1,0,차대사람 - 횡단중,신호위반,건조,맑음,교차로 - 교차로횡단보도내,승용,여,61세,상해없음,보행자,여,52세,경상
2020112800100451,2020년 11월 28일 18시,토요일,대구광역시 남구 대명동,중상사고,0,1,0,0,차대차 - 측면충돌,안전운전불이행,건조,맑음,단일로 - 기타,승용,여,40세,상해없음,이륜,남,33세,중상
2020112800100452,2020년 11월 28일 18시,토요일,대구광역시 수성구 지산동,경상사고,0,0,1,0,차대차 - 기타,안전운전불이행,건조,맑음,교차로 - 교차로안,승용,여,59세,상해없음,원동기,남,25세,경상
2020112800100454,2020년 11월 28일 18시,토요일,대구광역시 북구 복현동,경상사고,0,0,1,1,차대차 - 측면충돌,안전운전불이행,건조,맑음,교차로 - 교차로부근,승용,남,71세,부상신고,이륜,남,28세,경상
2020112800100455,2020년 11월 28일 18시,토요일,대구광역시 달서구 신당동,경상사고,0,0,1,0,차대차 - 기타,직진우회전진행방해,건조,맑음,교차로 - 교차로안,이륜,남,36세,경상,승용,여,39세,상해없음
2020112800100475,2020년 11월 28일 19시,토요일,대구광역시 서구 평리동,중상사고,0,1,0,0,차대차 - 측면충돌,기타,건조,맑음,단일로 - 기타,승용,남,66세,상해없음,이륜,남,46세,중상
2020112800100476,2020년 11월 28일 19시,토요일,대구광역시 북구 매천동,중상사고,0,1,0,0,차대차 - 추돌,안전운전불이행,건조,맑음,단일로 - 기타,이륜,남,29세,상해없음,기타불명,여,75세,중상
2020112800100539,2020년 11월 28일 21시,토요일,대구광역시 북구 노원동1가,중상사고,0,1,2,0,차대차 - 측면충돌,신호위반,건조,맑음,교차로 - 교차로안,이륜,남,38세,중상,승용,남,72세,경상
2020112800100540,2020년 11월 28일 21시,토요일,대구광역시 북구 서변동,경상사고,0,0,1,0,차대차 - 측면충돌,안전거리미확보,건조,맑음,단일로 - 기타,승합,남,66세,상해없음,승용,남,27세,경상
2020112800100567,2020년 11월 28일 22시,토요일,대구광역시 수성구 상동,중상사고,0,1,0,0,차대사람 - 기타,안전운전불이행,건조,맑음,단일로 - 기타,승합,남,60세,상해없음,보행자,남,28세,중상
2020112800100568,2020년 11월 28일 22시,토요일,대구광역시 달서구 진천동,경상사고,0,0,2,0,차대차 - 측면충돌,교차로운행방법위반,건조,맑음,교차로 - 교차로안,이륜,남,33세,경상,승용,남,28세,경상
2020112800100580,2020년 11월 28일 23시,토요일,대구광역시 동구 동호동,경상사고,0,0,1,0,차대차 - 측면충돌,신호위반,건조,맑음,교차로 - 교차로안,승용,남,23세,상해없음,이륜,남,42세,경상
2020112800100581,2020년 11월 28일 23시,토요일,대구광역시 달서구 이곡동,경상사고,0,0,1,0,차대차 - 측면충돌,안전운전불이행,건조,맑음,기타 - 기타,개인형이동수단(PM),남,28세,상해없음,이륜,남,47세,경상
2020112900100013,2020년 11월 29일 00시,일요일,대구광역시 서구 평리동,경상사고,0,0,4,1,차대차 - 추돌,안전운전불이행,건조,맑음,교차로 - 교차로부근,승용,남,35세,부상신고,승용,남,30세,경상
2020112900100024,2020년 11월 29일 01시,일요일,대구광역시 수성구 황금동,경상사고,0,0,1,0,차대사람 - 기타,안전운전불이행,건조,맑음,단일로 - 기타,승용,남,29세,상해없음,보행자,남,39세,경상
2020112900100032,2020년 11월 29일 02시,일요일,대구광역시 동구 율하동,중상사고,0,1,0,1,차대차 - 측면충돌,신호위반,건조,맑음,교차로 - 교차로안,승용,남,34세,부상신고,승용,남,60세,중상
2020112900100033,2020년 11월 29일 02시,일요일,대구광역시 동구 율하동,경상사고,0,0,1,0,차대차 - 측면충돌,안전거리미확보,건조,맑음,단일로 - 기타,승용,남,22세,상해없음,승용,남,32세,경상
2020112900100034,2020년 11월 29일 02시,일요일,대구광역시 북구 검단동,중상사고,0,1,0,0,차대차 - 기타,안전운전불이행,건조,맑음,교차로 - 교차로부근,승용,남,72세,상해없음,이륜,남,36세,중상
2020112900100035,2020년 11월 29일 02시,일요일,대구광역시 달서구 신당동,중상사고,0,1,1,0,차대차 - 기타,교차로운행방법위반,건조,맑음,교차로 - 교차로안,승용,여,26세,상해없음,승용,남,66세,중상
2020112900100052,2020년 11월 29일 05시,일요일,대구광역시 수성구 만촌동,경상사고,0,0,1,0,차량단독 - 공작물충돌,안전운전불이행,건조,맑음,단일로 - 기타,이륜,남,17세,경상,,,,
2020112900100072,2020년 11월 29일 08시,일요일,대구광역시 남구 대명동,경상사고,0,0,1,0,차대차 - 후진중충돌,안전운전불이행,건조,맑음,교차로 - 교차로안,승용,남,47세,상해없음,승용,남,34세,경상
2020112900100073,2020년 11월 29일 08시,일요일,대구광역시 달서구 상인동,경상사고,0,0,3,0,차대차 - 측면충돌,안전거리미확보,건조,맑음,단일로 - 기타,승합,남,75세,상해없음,승용,여,57세,경상
2020112900100074,2020년 11월 29일 08시,일요일,대구광역시 달성군 다사읍,중상사고,0,1,0,0,차량단독 - 기타,안전운전불이행,건조,맑음,기타 - 기타,승용,여,55세,중상,,,,
2020112900100098,2020년 11월 29일 10시,일요일,대구광역시 달성군 현풍읍,경상사고,0,0,2,0,차대차 - 기타,직진우회전진행방해,건조,맑음,교차로 - 교차로안,원동기,남,43세,경상,승용,여,55세,경상
2020112900100116,2020년 11월 29일 11시,일요일,대구광역시 수성구 지산동,경상사고,0,0,1,0,차대차 - 후진중충돌,안전운전불이행,건조,맑음,교차로 - 교차로부근,승용,남,64세,상해없음,이륜,남,33세,경상
2020112900100164,2020년 11월 29일 13시,일요일,대구광역시 남구 대명동,경상사고,0,0,1,0,차대차 - 추돌,안전운전불이행,건조,맑음,단일로 - 기타,승용,남,64세,상해없음,이륜,남,30세,경상
2020112900100165,2020년 11월 29일 13시,일요일,대구광역시 수성구 만촌동,경상사고,0,0,3,0,차대차 - 추돌,안전운전불이행,건조,맑음,교차로 - 교차로부근,승용,남,51세,상해없음,승용,남,52세,경상
2020112900100166,2020년 11월 29일 13시,일요일,대구광역시 달서구 성당동,중상사고,0,1,0,0,차대차 - 측면충돌,안전거리미확보,건조,맑음,교차로 - 교차로부근,승용,남,56세,상해없음,승용,여,63세,중상
2020112900100193,2020년 11월 29일 14시,일요일,대구광역시 북구 노원동1가,경상사고,0,0,1,0,차대차 - 기타,중앙선침범,건조,맑음,단일로 - 기타,이륜,남,23세,상해없음,이륜,남,49세,경상
2020112900100248,2020년 11월 29일 16시,일요일,대구광역시 남구 대명동,경상사고,0,0,4,0,차대차 - 추돌,안전운전불이행,건조,맑음,단일로 - 기타,승용,남,44세,상해없음,승용,남,54세,경상
2020112900100249,2020년 11월 29일 16시,일요일,대구광역시 달서구 송현동,경상사고,0,0,1,0,차대차 - 측면충돌,안전거리미확보,건조,맑음,단일로 - 기타,승용,여,64세,경상,화물,여,59세,상해없음
2020112900100305,2020년 11월 29일 18시,일요일,대구광역시 동구 불로동,경상사고,0,0,2,0,차대차 - 측면충돌,안전운전불이행,건조,맑음,단일로 - 기타,승용,남,64세,상해없음,승용,남,33세,경상
2020112900100306,2020년 11월 29일 18시,일요일,대구광역시 수성구 범어동,경상사고,0,0,2,0,차대차 - 측면충돌,안전운전불이행,건조,맑음,단일로 - 기타,승용,남,27세,상해없음,이륜,남,62세,경상
2020112900100307,2020년 11월 29일 18시,일요일,대구광역시 달서구 송현동,중상사고,0,1,1,0,차대사람 - 횡단중,보행자보호의무위반,건조,맑음,단일로 - 기타,승용,여,58세,상해없음,보행자,여,68세,중상
2020112900100308,2020년 11월 29일 18시,일요일,대구광역시 달서구 상인동,중상사고,0,1,1,0,차대차 - 측면충돌,교차로운행방법위반,건조,맑음,교차로 - 교차로안,이륜,남,54세,경상,이륜,남,65세,중상
2020112900100309,2020년 11월 29일 18시,일요일,대구광역시 달성군 현풍읍,경상사고,0,0,1,0,차대차 - 기타,안전운전불이행,건조,맑음,기타 - 기타,화물,남,58세,상해없음,승용,남,44세,경상
2020112900100354,2020년 11월 29일 20시,일요일,대구광역시 서구 원대동1가,중상사고,0,1,0,0,차대사람 - 기타,안전운전불이행,건조,기타,단일로 - 기타,승용,남,60세,상해없음,보행자,남,60세,중상
2020112900100355,2020년 11월 29일 20시,일요일,대구광역시 중구 공평동,중상사고,0,1,0,0,차대사람 - 길가장자리구역통행중,안전운전불이행,건조,맑음,단일로 - 기타,승용,남,22세,상해없음,보행자,여,23세,중상
2020112900100356,2020년 11월 29일 20시,일요일,대구광역시 달서구 두류동,경상사고,0,0,1,0,차대차 - 기타,안전거리미확보,건조,맑음,단일로 - 기타,이륜,남,23세,경상,승용,남,64세,상해없음
2020113000100010,2020년 11월 30일 00시,월요일,대구광역시 북구 침산동,경상사고,0,0,3,0,차대차 - 측면충돌,신호위반,건조,맑음,교차로 - 교차로안,승용,남,27세,상해없음,승용,남,54세,상해없음
2020113000100050,2020년 11월 30일 06시,월요일,대구광역시 동구 불로동,경상사고,0,0,2,0,차대차 - 측면충돌,안전운전불이행,건조,맑음,단일로 - 기타,승용,남,57세,상해없음,승용,남,42세,경상
2020113000100078,2020년 11월 30일 07시,월요일,대구광역시 달서구 대곡동,경상사고,0,0,1,0,차대차 - 측면충돌,안전거리미확보,건조,맑음,단일로 - 기타,화물,남,33세,상해없음,승용,남,28세,경상
2020113000100118,2020년 11월 30일 08시,월요일,대구광역시 수성구 연호동,경상사고,0,0,1,0,차대차 - 정면충돌,신호위반,건조,맑음,교차로 - 교차로안,승용,여,55세,상해없음,승용,남,30세,경상
2020113000100119,2020년 11월 30일 08시,월요일,대구광역시 수성구 매호동,경상사고,0,0,2,0,차대차 - 측면충돌,안전운전불이행,건조,맑음,교차로 - 교차로안,승용,여,57세,경상,승용,여,29세,경상
2020113000100120,2020년 11월 30일 08시,월요일,대구광역시 북구 침산동,경상사고,0,0,2,0,차대차 - 추돌,안전운전불이행,건조,맑음,단일로 - 고가도로위,화물,남,27세,경상,승용,여,49세,상해없음
2020113000100121,2020년 11월 30일 08시,월요일,대구광역시 달서구 용산동,경상사고,0,0,1,0,차대차 - 측면충돌,신호위반,건조,맑음,교차로 - 교차로안,승용,여,32세,상해없음,승용,여,27세,경상
2020113000100152,2020년 11월 30일 09시,월요일,대구광역시 남구 대명동,경상사고,0,0,1,0,차대차 - 측면충돌,안전운전불이행,건조,맑음,교차로 - 교차로안,승용,여,58세,상해없음,이륜,남,27세,경상
2020113000100153,2020년 11월 30일 09시,월요일,대구광역시 수성구 황금동,부상신고사고,0,0,0,1,차대차 - 측면충돌,중앙선침범,건조,맑음,단일로 - 기타,자전거,남,75세,부상신고,승용,남,28세,상해없음
2020113000100184,2020년 11월 30일 10시,월요일,대구광역시 동구 신암동,경상사고,0,0,1,0,차대차 - 기타,안전운전불이행,건조,맑음,기타 - 기타,승용,남,73세,상해없음,자전거,남,78세,경상
2020113000100185,2020년 11월 30일 10시,월요일,대구광역시 북구 관음동,중상사고,0,1,0,0,차대사람 - 기타,안전운전불이행,건조,맑음,교차로 - 교차로안,승용,여,31세,상해없음,보행자,여,71세,중상
2020113000100217,2020년 11월 30일 11시,월요일,대구광역시 동구 신천동,사망사고,1,0,0,0,차대차 - 측면충돌,안전운전불이행,건조,맑음,교차로 - 교차로부근,승용,여,74세,상해없음,이륜,남,89세,사망
2020113000100218,2020년 11월 30일 11시,월요일,대구광역시 달서구 감삼동,중상사고,0,1,0,0,차대차 - 측면충돌,안전운전불이행,건조,맑음,교차로 - 교차로부근,승용,여,36세,상해없음,이륜,남,38세,중상
2020113000100243,2020년 11월 30일 12시,월요일,대구광역시 달서구 월성동,경상사고,0,0,1,0,차대차 - 기타,신호위반,건조,맑음,교차로 - 교차로안,승용,남,41세,상해없음,승용,여,60세,경상
2020113000100244,2020년 11월 30일 12시,월요일,대구광역시 달성군 현풍읍,경상사고,0,0,1,0,차대차 - 기타,안전운전불이행,건조,맑음,단일로 - 기타,화물,여,60세,상해없음,자전거,남,76세,경상
2020113000100320,2020년 11월 30일 14시,월요일,대구광역시 북구 노원동3가,부상신고사고,0,0,0,1,차대차 - 측면충돌,안전운전불이행,건조,맑음,교차로 - 교차로안,자전거,남,65세,부상신고,화물,남,31세,상해없음
2020113000100321,2020년 11월 30일 14시,월요일,대구광역시 서구 중리동,중상사고,0,1,0,0,차대차 - 기타,직진우회전진행방해,건조,맑음,교차로 - 교차로안,화물,남,55세,상해없음,이륜,남,33세,중상
2020113000100322,2020년 11월 30일 14시,월요일,대구광역시 북구 태전동,경상사고,0,0,1,0,차대차 - 기타,안전운전불이행,건조,맑음,단일로 - 기타,승용,여,48세,상해없음,승용,여,57세,경상
2020113000100357,2020년 11월 30일 15시,월요일,대구광역시 동구 미곡동,경상사고,0,0,1,0,차량단독 - 전도전복 - 전도,안전운전불이행,건조,맑음,단일로 - 기타,이륜,남,16세,경상,,,,
2020113000100358,2020년 11월 30일 15시,월요일,대구광역시 수성구 황금동,경상사고,0,0,2,0,차대차 - 측면충돌,안전운전불이행,건조,맑음,기타 - 기타,승용,남,30세,상해없음,승용,남,29세,경상
2020113000100359,2020년 11월 30일 15시,월요일,대구광역시 달서구 진천동,경상사고,0,0,1,0,차대차 - 측면충돌,안전거리미확보,건조,맑음,단일로 - 기타,승용,여,46세,상해없음,승용,남,66세,경상
2020113000100360,2020년 11월 30일 15시,월요일,대구광역시 북구 칠성동2가,경상사고,0,0,1,0,차대사람 - 횡단중,보행자보호의무위반,건조,맑음,교차로 - 교차로안,승용,여,58세,상해없음,보행자,여,59세,경상
2020113000100361,2020년 11월 30일 15시,월요일,대구광역시 달서구 감삼동,경상사고,0,0,1,0,차대차 - 기타,안전운전불이행,건조,맑음,단일로 - 기타,승용,남,54세,상해없음,이륜,남,66세,경상
2020113000100408,2020년 11월 30일 16시,월요일,대구광역시 서구 원대동3가,부상신고사고,0,0,0,1,차대차 - 기타,기타,건조,맑음,단일로 - 기타,자전거,여,62세,부상신고,승용,여,33세,상해없음
2020113000100409,2020년 11월 30일 16시,월요일,대구광역시 서구 평리동,경상사고,0,0,2,0,차대사람 - 보도통행중,기타,건조,맑음,단일로 - 기타,화물,남,51세,상해없음,보행자,여,67세,경상
2020113000100410,2020년 11월 30일 16시,월요일,대구광역시 달서구 용산동,경상사고,0,0,1,0,차대차 - 추돌,안전운전불이행,건조,맑음,단일로 - 기타,승용,남,58세,상해없음,승용,여,29세,경상
2020113000100452,2020년 11월 30일 17시,월요일,대구광역시 동구 입석동,중상사고,0,1,0,0,차대차 - 측면충돌,안전운전불이행,건조,맑음,교차로 - 교차로안,승용,여,62세,상해없음,승용,여,67세,중상
2020113000100453,2020년 11월 30일 17시,월요일,대구광역시 서구 내당동,중상사고,0,1,1,0,차대차 - 측면충돌,안전거리미확보,건조,맑음,단일로 - 기타,화물,남,54세,상해없음,승용,남,28세,경상
2020113000100454,2020년 11월 30일 17시,월요일,대구광역시 중구 수창동,부상신고사고,0,0,0,1,차대차 - 기타,안전거리미확보,건조,맑음,단일로 - 기타,화물,남,51세,상해없음,승용,남,49세,부상신고
2020113000100455,2020년 11월 30일 17시,월요일,대구광역시 중구 덕산동,경상사고,0,0,1,0,차대차 - 측면충돌,안전거리미확보,건조,맑음,단일로 - 기타,승용,여,47세,상해없음,승용,남,72세,경상
2020113000100512,2020년 11월 30일 18시,월요일,대구광역시 북구 매천동,경상사고,0,0,1,0,차대사람 - 횡단중,보행자보호의무위반,건조,맑음,교차로 - 교차로횡단보도내,승용,여,55세,상해없음,보행자,여,82세,경상
2020113000100561,2020년 11월 30일 19시,월요일,대구광역시 달서구 상인동,경상사고,0,0,2,0,차대차 - 측면충돌,차로위반,건조,맑음,단일로 - 기타,승용,여,25세,상해없음,화물,남,60세,경상
2020113000100562,2020년 11월 30일 19시,월요일,대구광역시 달성군 다사읍,중상사고,0,1,1,0,차대차 - 기타,안전운전불이행,건조,맑음,교차로 - 교차로부근,승용,여,46세,상해없음,승용,남,30세,중상
2020113000100587,2020년 11월 30일 20시,월요일,대구광역시 북구 읍내동,경상사고,0,0,1,0,차대차 - 기타,안전운전불이행,건조,맑음,단일로 - 기타,승용,남,73세,상해없음,원동기,남,24세,경상
2020120100100007,2020년 12월 1일 00시,화요일,대구광역시 수성구 고모동,경상사고,0,0,2,0,차대차 - 추돌,안전운전불이행,건조,맑음,단일로 - 기타,승용,여,51세,상해없음,승용,남,57세,경상
2020120100100039,2020년 12월 1일 06시,화요일,대구광역시 동구 봉무동,중상사고,0,1,0,0,차대차 - 기타,안전운전불이행,건조,맑음,교차로 - 교차로안,승용,여,62세,상해없음,자전거,남,84세,중상
2020120100100109,2020년 12월 1일 08시,화요일,대구광역시 남구 대명동,중상사고,0,2,0,0,차대차 - 추돌,안전운전불이행,건조,맑음,단일로 - 기타,승용,남,54세,상해없음,승용,남,65세,중상
2020120100100150,2020년 12월 1일 09시,화요일,대구광역시 수성구 황금동,경상사고,0,0,1,0,차대차 - 추돌,안전운전불이행,건조,맑음,교차로 - 교차로부근,승용,남,35세,기타불명,승용,남,59세,경상
2020120100100176,2020년 12월 1일 10시,화요일,대구광역시 동구 효목동,경상사고,0,0,1,0,차대차 - 기타,안전거리미확보,건조,맑음,단일로 - 기타,화물,남,71세,기타불명,승합,남,55세,경상
2020120100100177,2020년 12월 1일 10시,화요일,대구광역시 수성구 만촌동,중상사고,0,1,0,0,차대차 - 기타,안전거리미확보,건조,맑음,단일로 - 기타,승용,여,39세,상해없음,승합,남,38세,상해없음
2020120100100178,2020년 12월 1일 10시,화요일,대구광역시 달서구 이곡동,경상사고,0,0,1,0,차대차 - 측면충돌,안전운전불이행,건조,맑음,단일로 - 기타,승용,남,20세,상해없음,승용,남,68세,경상
2020120100100179,2020년 12월 1일 10시,화요일,대구광역시 북구 매천동,경상사고,0,0,1,0,차대차 - 추돌,안전운전불이행,건조,맑음,단일로 - 기타,승용,여,52세,상해없음,승용,남,43세,경상
2020120100100212,2020년 12월 1일 11시,화요일,대구광역시 서구 평리동,경상사고,0,0,3,0,차대차 - 추돌,안전운전불이행,건조,맑음,단일로 - 기타,화물,남,67세,상해없음,화물,남,46세,경상
2020120100100253,2020년 12월 1일 12시,화요일,대구광역시 북구 침산동,경상사고,0,0,1,0,차대차 - 측면충돌,안전운전불이행,건조,맑음,교차로 - 교차로부근,승용,여,51세,상해없음,승용,여,37세,경상
2020120100100300,2020년 12월 1일 13시,화요일,대구광역시 달서구 감삼동,경상사고,0,0,1,0,차대차 - 기타,안전운전불이행,건조,맑음,단일로 - 기타,승용,여,30세,상해없음,이륜,남,23세,경상
2020120100100340,2020년 12월 1일 14시,화요일,대구광역시 서구 이현동,부상신고사고,0,0,0,1,차대차 - 측면충돌,안전운전불이행,건조,맑음,교차로 - 교차로안,승용,여,79세,부상신고,건설기계,남,64세,상해없음
2020120100100341,2020년 12월 1일 14시,화요일,대구광역시 북구 동천동,경상사고,0,0,1,0,차대차 - 측면충돌,기타,건조,맑음,단일로 - 기타,승용,남,37세,상해없음,자전거,여,62세,경상
2020120100100375,2020년 12월 1일 15시,화요일,대구광역시 수성구 만촌동,중상사고,0,1,1,0,차대차 - 측면충돌,안전운전불이행,건조,맑음,단일로 - 기타,승용,남,76세,상해없음,화물,남,31세,경상
2020120100100376,2020년 12월 1일 15시,화요일,대구광역시 수성구 두산동,경상사고,0,0,1,0,차대차 - 추돌,안전거리미확보,건조,맑음,단일로 - 기타,승용,남,58세,상해없음,승용,남,44세,상해없음
2020120100100377,2020년 12월 1일 15시,화요일,대구광역시 북구 매천동,경상사고,0,0,2,0,차대차 - 측면충돌,중앙선침범,건조,맑음,단일로 - 기타,이륜,남,39세,경상,승합,남,68세,경상
2020120100100423,2020년 12월 1일 16시,화요일,대구광역시 동구 율하동,경상사고,0,0,2,0,차대차 - 기타,안전거리미확보,건조,맑음,단일로 - 기타,승용,남,70세,상해없음,승용,남,68세,경상
2020120100100424,2020년 12월 1일 16시,화요일,대구광역시 동구 지묘동,중상사고,0,1,1,0,차대차 - 기타,신호위반,건조,맑음,교차로 - 교차로안,승용,남,67세,상해없음,승용,여,45세,중상
2020120100100425,2020년 12월 1일 16시,화요일,대구광역시 북구 산격동,중상사고,0,1,0,0,차대사람 - 횡단중,안전운전불이행,건조,맑음,단일로 - 기타,승용,남,45세,상해없음,보행자,여,79세,중상
2020120100100426,2020년 12월 1일 16시,화요일,대구광역시 서구 평리동,중상사고,0,1,0,0,차대차 - 기타,기타,건조,맑음,단일로 - 기타,승용,남,53세,상해없음,이륜,남,35세,중상
2020120100100427,2020년 12월 1일 16시,화요일,대구광역시 서구 평리동,중상사고,0,1,0,1,차대차 - 기타,기타,건조,흐림,교차로 - 교차로부근,승용,남,65세,상해없음,이륜,남,27세,중상
2020120100100472,2020년 12월 1일 17시,화요일,대구광역시 달서구 상인동,경상사고,0,0,2,0,차대차 - 측면충돌,안전운전불이행,건조,맑음,교차로 - 교차로안,승용,여,59세,상해없음,승용,남,54세,경상
2020120100100473,2020년 12월 1일 17시,화요일,대구광역시 달서구 월성동,경상사고,0,0,1,0,차대차 - 추돌,안전운전불이행,건조,맑음,단일로 - 기타,승용,남,50세,상해없음,승용,여,29세,경상
2020120100100474,2020년 12월 1일 17시,화요일,대구광역시 북구 산격동,중상사고,0,1,0,0,차대차 - 기타,신호위반,건조,맑음,교차로 - 교차로부근,화물,남,72세,상해없음,자전거,남,50세,중상
2020120100100475,2020년 12월 1일 17시,화요일,대구광역시 북구 침산동,경상사고,0,0,1,0,차대차 - 추돌,안전운전불이행,건조,맑음,단일로 - 교량,화물,남,59세,상해없음,승용,남,41세,경상
2020120100100476,2020년 12월 1일 17시,화요일,대구광역시 달서구 용산동,경상사고,0,0,1,0,차대차 - 기타,중앙선침범,건조,맑음,단일로 - 기타,승용,여,53세,상해없음,이륜,남,49세,경상
2020120100100523,2020년 12월 1일 18시,화요일,대구광역시 동구 신기동,중상사고,0,1,0,0,차대사람 - 횡단중,보행자보호의무위반,건조,맑음,교차로 - 교차로횡단보도내,승용,여,50세,상해없음,보행자,여,55세,중상
2020120100100524,2020년 12월 1일 18시,화요일,대구광역시 수성구 범어동,경상사고,0,0,1,0,차대사람 - 횡단중,보행자보호의무위반,건조,맑음,교차로 - 교차로횡단보도내,승용,여,26세,상해없음,보행자,남,36세,경상
2020120100100556,2020년 12월 1일 19시,화요일,대구광역시 남구 대명동,중상사고,0,1,0,0,차대차 - 측면충돌,직진우회전진행방해,건조,맑음,교차로 - 교차로안,이륜,남,36세,상해없음,자전거,남,65세,중상
2020120100100557,2020년 12월 1일 19시,화요일,대구광역시 동구 괴전동,경상사고,0,0,1,0,차대차 - 측면충돌,안전운전불이행,건조,맑음,교차로 - 교차로안,승용,여,40세,기타불명,승용,남,55세,경상
2020120100100558,2020년 12월 1일 19시,화요일,대구광역시 북구 산격동,경상사고,0,0,1,0,차대차 - 측면충돌,안전운전불이행,건조,맑음,교차로 - 교차로안,승용,남,64세,상해없음,이륜,남,51세,경상
2020120100100559,2020년 12월 1일 19시,화요일,대구광역시 북구 동천동,경상사고,0,0,4,0,차대차 - 기타,안전거리미확보,건조,맑음,단일로 - 기타,이륜,남,25세,상해없음,승용,남,69세,경상