사고번호,사고일시,요일,시군구,사고내용,사망자수,중상자수,경상자수,부상신고자수,사고유형,법규위반,노면상태,기상상태,도로형태,가해운전자 차종,가해운전자 성별,가해운전자 연령,가해운전자 상해정도,피해운전자 차종,피해운전자 성별,피해운전자 연령,피해운전자 상해정도
2020120900100102,2020년 12월 9일 08시,수요일,대구광역시 달서구 신당동,경상사고,0,0,1,0,차대차 - 측면충돌,안전운전불이행,건조,맑음,단일로 - 기타,승용,남,45세,상해없음,승용,남,34세,경상
2020120900100141,2020년 12월 9일 09시,수요일,대구광역시 남구 대명동,경상사고,0,0,3,0,차대차 - 추돌,직진우회전진행방해,건조,맑음,교차로 - 교차로안,승용,남,37세,경상,승용,남,35세,경상
2020120900100142,2020년 12월 9일 09시,수요일,대구광역시 수성구 수성동4가,경상사고,0,0,1,0,차대차 - 추돌,안전운전불이행,건조,맑음,단일로 - 기타,승용,남,67세,상해없음,승용,남,82세,경상
2020120900100143,2020년 12월 9일 09시,수요일,대구광역시 서구 평리동,경상사고,0,0,1,0,차대차 - 기타,안전운전불이행,건조,맑음,기타 - 기타,화물,남,52세,상해없음,자전거,여,59세,경상
2020120900100173,2020년 12월 9일 10시,수요일,대구광역시 동구 용계동,부상신고사고,0,0,0,1,차량단독 - 공작물충돌,안전운전불이행,건조,맑음,단일로 - 기타,승용,여,37세,부상신고,,,,
2020120900100174,2020년 12월 9일 10시,수요일,대구광역시 동구 효목동,경상사고,0,0,1,0,차대차 - 추돌,안전운전불이행,건조,맑음,교차로 - 교차로부근,승용,남,41세,상해없음,승용,남,26세,경상
2020120900100175,2020년 12월 9일 10시,수요일,대구광역시 수성구 중동,경상사고,0,0,1,0,차대차 - 측면충돌,안전운전불이행,건조,맑음,교차로 - 교차로횡단보도내,승용,여,50세,상해없음,자전거,남,61세,경상
2020120900100196,2020년 12월 9일 11시,수요일,대구광역시 수성구 범어동,경상사고,0,0,1,0,차대차 - 측면충돌,안전거리미확보,건조,맑음,단일로 - 기타,승용,남,69세,상해없음,이륜,남,38세,경상
2020120900100197,2020년 12월 9일 11시,수요일,대구광역시 수성구 중동,부상신고사고,0,0,0,1,차대사람 - 차도통행중,안전운전불이행,건조,맑음,기타 - 기타,승용,남,25세,상해없음,보행자,남,27세,부상신고
2020120900100198,2020년 12월 9일 11시,수요일,대구광역시 북구 산격동,경상사고,0,0,1,0,차대차 - 측면충돌,불법유턴,건조,맑음,단일로 - 기타,승용,남,57세,상해없음,화물,남,62세,경상
2020120900100228,2020년 12월 9일 12시,수요일,대구광역시 달서구 본동,중상사고,0,1,2,0,차대차 - 측면충돌,교차로운행방법위반,건조,맑음,교차로 - 교차로안,승용,남,45세,중상,승용,여,47세,경상
2020120900100256,2020년 12월 9일 13시,수요일,대구광역시 달서구 대곡동,중상사고,0,1,0,0,차대사람 - 횡단중,보행자보호의무위반,건조,맑음,교차로 - 교차로횡단보도내,승용,여,30세,상해없음,보행자,여,3세,중상
2020120900100278,2020년 12월 9일 14시,수요일,대구광역시 동구 도학동,중상사고,0,1,1,0,차대차 - 후진중충돌,불법유턴,건조,맑음,단일로 - 기타,화물,남,61세,상해없음,승용,여,61세,중상
2020120900100279,2020년 12월 9일 14시,수요일,대구광역시 북구 침산동,경상사고,0,0,1,0,차대차 - 추돌,안전거리미확보,건조,맑음,단일로 - 기타,승용,남,49세,기타불명,승용,남,58세,경상
2020120900100280,2020년 12월 9일 14시,수요일,대구광역시 달서구 장동,중상사고,0,1,1,0,차대차 - 기타,교차로운행방법위반,건조,맑음,교차로 - 교차로안,승용,남,59세,경상,화물,여,44세,중상
2020120900100311,2020년 12월 9일 15시,수요일,대구광역시 동구 방촌동,중상사고,0,1,0,0,차대사람 - 기타,안전운전불이행,건조,맑음,단일로 - 기타,승합,남,53세,상해없음,보행자,여,63세,중상
2020120900100312,2020년 12월 9일 15시,수요일,대구광역시 수성구 만촌동,경상사고,0,0,2,0,차대차 - 측면충돌,신호위반,건조,맑음,교차로 - 교차로부근,승용,여,55세,상해없음,승용,남,39세,경상
2020120900100313,2020년 12월 9일 15시,수요일,대구광역시 달서구 유천동,경상사고,0,0,1,0,차대차 - 측면충돌,안전거리미확보,건조,맑음,단일로 - 기타,화물,남,57세,상해없음,승용,여,40세,경상
2020120900100314,2020년 12월 9일 15시,수요일,대구광역시 북구 복현동,경상사고,0,0,2,0,차대차 - 측면충돌,신호위반,건조,맑음,교차로 - 교차로안,승용,여,48세,경상,승용,남,37세,경상
2020120900100345,2020년 12월 9일 16시,수요일,대구광역시 서구 내당동,중상사고,0,1,0,0,차대차 - 측면충돌,교차로운행방법위반,건조,맑음,교차로 - 교차로부근,화물,남,38세,상해없음,자전거,여,71세,중상
2020120900100379,2020년 12월 9일 17시,수요일,대구광역시 북구 산격동,경상사고,0,0,1,0,차대차 - 기타,안전운전불이행,건조,맑음,단일로 - 기타,이륜,남,26세,경상,화물,남,41세,상해없음
2020120900100380,2020년 12월 9일 17시,수요일,대구광역시 서구 내당동,경상사고,0,0,1,0,차대차 - 기타,안전운전불이행,건조,맑음,단일로 - 기타,승합,남,62세,상해없음,승용,남,61세,경상
2020120900100381,2020년 12월 9일 17시,수요일,대구광역시 달서구 용산동,경상사고,0,0,1,1,차대차 - 기타,교차로운행방법위반,건조,맑음,교차로 - 교차로안,이륜,남,46세,부상신고,승용,여,42세,경상
2020120900100382,2020년 12월 9일 17시,수요일,대구광역시 달서구 신당동,경상사고,0,0,1,0,차대차 - 측면충돌,신호위반,건조,맑음,교차로 - 교차로횡단보도내,화물,남,59세,상해없음,자전거,남,19세,경상
2020120900100440,2020년 12월 9일 18시,수요일,대구광역시 동구 지묘동,경상사고,0,0,1,0,차대차 - 측면충돌,교차로운행방법위반,건조,맑음,교차로 - 교차로안,승용,여,67세,상해없음,승용,여,50세,경상
2020120900100441,2020년 12월 9일 18시,수요일,대구광역시 동구 신암동,경상사고,0,0,1,0,차대차 - 추돌,안전운전불이행,건조,맑음,교차로 - 교차로부근,승용,여,45세,상해없음,승용,남,45세,경상
2020120900100442,2020년 12월 9일 18시,수요일,대구광역시 달성군 구지면,경상사고,0,0,1,0,차대사람 - 횡단중,보행자보호의무위반,건조,맑음,교차로 - 교차로횡단보도내,승용,남,53세,상해없음,보행자,남,43세,경상
2020120900100443,2020년 12월 9일 18시,수요일,대구광역시 달성군 다사읍,경상사고,0,0,1,0,차대차 - 기타,안전운전불이행,건조,맑음,기타 - 기타,승용,남,45세,기타불명,승용,여,43세,경상
2020120900100444,2020년 12월 9일 18시,수요일,대구광역시 달서구 호산동,경상사고,0,0,2,0,차대차 - 기타,안전거리미확보,건조,맑음,단일로 - 기타,승용,남,57세,상해없음,승용,남,28세,경상
2020120900100445,2020년 12월 9일 18시,수요일,대구광역시 북구 태전동,중상사고,0,1,0,0,차대차 - 기타,안전운전불이행,건조,맑음,단일로 - 기타,기타불명,기타불명,미분류,기타불명,이륜,남,54세,중상
2020120900100502,2020년 12월 9일 19시,수요일,대구광역시 동구 신천동,중상사고,0,1,0,0,차대차 - 기타,안전운전불이행,건조,맑음,단일로 - 기타,승용,남,71세,상해없음,이륜,남,44세,중상
2020120900100503,2020년 12월 9일 19시,수요일,대구광역시 달서구 본동,경상사고,0,0,1,0,차대차 - 측면충돌,안전운전불이행,건조,맑음,단일로 - 기타,승용,남,46세,상해없음,자전거,여,65세,경상
2020120900100531,2020년 12월 9일 20시,수요일,대구광역시 동구 신암동,경상사고,0,0,1,0,차대차 - 측면충돌,차로위반,건조,맑음,단일로 - 기타,승용,남,72세,상해없음,승용,남,18세,경상
2020120900100532,2020년 12월 9일 20시,수요일,대구광역시 수성구 지산동,부상신고사고,0,0,0,1,차대사람 - 기타,안전운전불이행,건조,맑음,단일로 - 기타,승용,남,34세,상해없음,보행자,남,50세,부상신고
2020120900100533,2020년 12월 9일 20시,수요일,대구광역시 수성구 만촌동,경상사고,0,0,4,0,차대차 - 측면충돌,안전거리미확보,건조,맑음,단일로 - 기타,승용,남,34세,경상,승용,여,66세,경상
2020120900100534,2020년 12월 9일 20시,수요일,대구광역시 달성군 유가읍,경상사고,0,0,2,0,차대차 - 측면충돌,안전운전불이행,건조,맑음,단일로 - 기타,승용,남,62세,상해없음,이륜,남,24세,경상
2020120900100535,2020년 12월 9일 20시,수요일,대구광역시 달성군 유가읍,경상사고,0,0,1,0,차대차 - 추돌,안전운전불이행,건조,맑음,교차로 - 교차로부근,승용,남,66세,상해없음,승용,여,67세,경상
2020120900100536,2020년 12월 9일 20시,수요일,대구광역시 북구 태전동,중상사고,0,2,0,0,차대차 - 측면충돌,신호위반,건조,맑음,교차로 - 교차로안,승용,남,23세,상해없음,승용,남,57세,중상
2020120900100565,2020년 12월 9일 21시,수요일,대구광역시 동구 신천동,경상사고,0,0,1,0,차대차 - 기타,안전운전불이행,건조,흐림,단일로 - 기타,이륜,남,43세,경상,화물,남,28세,상해없음
2020120900100588,2020년 12월 9일 22시,수요일,대구광역시 달서구 본동,경상사고,0,0,2,0,차대차 - 측면충돌,안전거리미확보,건조,맑음,단일로 - 기타,승용,남,61세,상해없음,승용,남,36세,경상
2020120900100589,2020년 12월 9일 22시,수요일,대구광역시 서구 평리동,중상사고,0,1,2,0,차대차 - 기타,신호위반,건조,맑음,교차로 - 교차로안,승용,남,27세,경상,승용,남,56세,중상
2020120900100600,2020년 12월 9일 23시,수요일,대구광역시 서구 내당동,경상사고,0,0,1,0,차대차 - 측면충돌,불법유턴,건조,맑음,교차로 - 교차로부근,승용,남,31세,상해없음,원동기,남,21세,경상
2020120900100601,2020년 12월 9일 23시,수요일,대구광역시 달서구 호산동,경상사고,0,0,1,0,차대사람 - 보도통행중,보행자보호의무위반,건조,맑음,교차로 - 교차로횡단보도내,승용,남,39세,상해없음,보행자,남,57세,경상
2020121000100006,2020년 12월 10일 00시,목요일,대구광역시 수성구 두산동,중상사고,0,1,0,0,차대차 - 추돌,안전운전불이행,건조,맑음,단일로 - 기타,승용,남,27세,상해없음,이륜,남,40세,중상
2020121000100013,2020년 12월 10일 03시,목요일,대구광역시 달서구 송현동,경상사고,0,0,2,0,차대차 - 측면충돌,신호위반,건조,맑음,교차로 - 교차로안,승용,남,37세,상해없음,승용,남,61세,경상
2020121000100031,2020년 12월 10일 06시,목요일,대구광역시 수성구 지산동,중상사고,0,1,0,0,차대차 - 측면충돌,안전운전불이행,건조,맑음,교차로 - 교차로횡단보도내,승용,남,64세,상해없음,자전거,여,54세,중상
2020121000100079,2020년 12월 10일 08시,목요일,대구광역시 서구 평리동,경상사고,0,0,1,0,차대사람 - 차도통행중,안전운전불이행,건조,맑음,단일로 - 기타,화물,남,58세,상해없음,보행자,여,14세,경상
2020121000100104,2020년 12월 10일 09시,목요일,대구광역시 달서구 두류동,경상사고,0,0,1,0,차대차 - 기타,안전거리미확보,건조,맑음,단일로 - 기타,화물,남,64세,상해없음,이륜,남,64세,경상
2020121000100105,2020년 12월 10일 09시,목요일,대구광역시 달서구 이곡동,경상사고,0,0,1,0,차대차 - 측면충돌,교차로운행방법위반,건조,맑음,교차로 - 교차로횡단보도내,화물,남,64세,상해없음,승용,남,41세,경상
2020121000100121,2020년 12월 10일 10시,목요일,대구광역시 동구 신서동,경상사고,0,0,1,0,차대사람 - 길가장자리구역통행중,안전운전불이행,건조,맑음,단일로 - 기타,승용,남,54세,상해없음,보행자,남,36세,경상
2020121000100148,2020년 12월 10일 11시,목요일,대구광역시 달서구 성당동,경상사고,0,0,1,0,차대차 - 측면충돌,불법유턴,건조,맑음,단일로 - 기타,승용,여,50세,상해없음,자전거,남,65세,경상
2020121000100176,2020년 12월 10일 12시,목요일,대구광역시 달성군 화원읍,사망사고,1,0,0,0,차대사람 - 기타,안전운전불이행,건조,맑음,단일로 - 기타,승용,남,72세,상해없음,보행자,남,70세,사망
2020121000100177,2020년 12월 10일 12시,목요일,대구광역시 서구 평리동,경상사고,0,0,1,0,차대차 - 측면충돌,신호위반,건조,맑음,교차로 - 교차로안,이륜,남,21세,경상,승용,남,65세,상해없음
2020121000100208,2020년 12월 10일 13시,목요일,대구광역시 동구 동호동,경상사고,0,0,1,0,차대차 - 측면충돌,안전거리미확보,건조,맑음,단일로 - 기타,이륜,남,41세,경상,승합,남,58세,상해없음
2020121000100233,2020년 12월 10일 14시,목요일,대구광역시 북구 태전동,경상사고,0,0,1,0,차대차 - 측면충돌,차로위반,건조,맑음,교차로 - 교차로부근,승용,남,61세,상해없음,승용,여,53세,경상
2020121000100279,2020년 12월 10일 16시,목요일,대구광역시 남구 대명동,경상사고,0,0,1,0,차대사람 - 차도통행중,안전운전불이행,건조,맑음,단일로 - 지하차도(도로)내,승용,남,55세,상해없음,보행자,남,65세,경상
2020121000100280,2020년 12월 10일 16시,목요일,대구광역시 동구 율하동,경상사고,0,0,2,1,차대차 - 측면충돌,교차로운행방법위반,건조,맑음,교차로 - 교차로안,승용,남,58세,부상신고,승용,여,38세,경상
2020121000100282,2020년 12월 10일 16시,목요일,대구광역시 서구 비산동,경상사고,0,0,2,0,차대차 - 측면충돌,안전운전불이행,건조,맑음,단일로 - 기타,승용,여,38세,상해없음,승용,남,59세,경상
2020121000100283,2020년 12월 10일 16시,목요일,대구광역시 북구 태전동,경상사고,0,0,2,0,차대차 - 기타,안전거리미확보,건조,맑음,단일로 - 기타,화물,남,42세,상해없음,화물,남,58세,경상
2020121000100333,2020년 12월 10일 17시,목요일,대구광역시 북구 산격동,중상사고,0,1,0,0,차대사람 - 기타,안전운전불이행,건조,맑음,단일로 - 기타,승용,남,18세,상해없음,보행자,여,48세,중상
2020121000100334,2020년 12월 10일 17시,목요일,대구광역시 서구 내당동,경상사고,0,0,1,0,차대차 - 측면충돌,신호위반,건조,맑음,교차로 - 교차로안,자전거,여,55세,경상,승용,여,44세,상해없음
2020121000100335,2020년 12월 10일 17시,목요일,대구광역시 달서구 신당동,경상사고,0,0,1,0,차대차 - 측면충돌,안전거리미확보,건조,맑음,단일로 - 기타,승용,남,22세,기타불명,승용,남,38세,경상
2020121000100384,2020년 12월 10일 18시,목요일,대구광역시 동구 신천동,경상사고,0,0,1,0,차대차 - 기타,안전거리미확보,건조,맑음,교차로 - 교차로부근,승용,남,63세,상해없음,이륜,남,21세,경상
2020121000100385,2020년 12월 10일 18시,목요일,대구광역시 수성구 두산동,경상사고,0,0,1,1,차대차 - 후진중충돌,안전운전불이행,건조,맑음,단일로 - 기타,승용,남,56세,부상신고,승용,남,48세,경상
2020121000100386,2020년 12월 10일 18시,목요일,대구광역시 북구 산격동,중상사고,0,1,0,0,차대사람 - 길가장자리구역통행중,안전운전불이행,건조,맑음,단일로 - 기타,승용,여,52세,상해없음,보행자,여,27세,중상
2020121000100431,2020년 12월 10일 19시,목요일,대구광역시 달성군 다사읍,경상사고,0,0,1,0,차대차 - 기타,직진우회전진행방해,건조,맑음,교차로 - 교차로안,승용,남,51세,상해없음,이륜,남,39세,경상
2020121000100432,2020년 12월 10일 19시,목요일,대구광역시 달서구 신당동,경상사고,0,0,1,0,차대차 - 측면충돌,안전운전불이행,건조,맑음,교차로 - 교차로부근,승용,여,58세,상해없음,이륜,남,54세,경상
2020121000100433,2020년 12월 10일 19시,목요일,대구광역시 달서구 죽전동,경상사고,0,0,1,0,차대차 - 측면충돌,안전거리미확보,건조,맑음,단일로 - 기타,이륜,남,54세,경상,승용,여,21세,상해없음
2020121000100472,2020년 12월 10일 20시,목요일,대구광역시 수성구 범어동,경상사고,0,0,1,0,차대차 - 측면충돌,안전운전불이행,건조,맑음,단일로 - 기타,승용,남,28세,상해없음,승용,여,50세,경상
2020121000100473,2020년 12월 10일 20시,목요일,대구광역시 달서구 상인동,경상사고,0,0,2,0,차대차 - 추돌,안전운전불이행,건조,맑음,단일로 - 기타,승용,남,49세,상해없음,승용,남,31세,경상
2020121000100474,2020년 12월 10일 20시,목요일,대구광역시 달서구 신당동,중상사고,0,1,0,0,차대차 - 추돌,중앙선침범,건조,맑음,교차로 - 교차로부근,승용,남,65세,상해없음,이륜,남,57세,중상
2020121000100528,2020년 12월 10일 22시,목요일,대구광역시 수성구 가천동,경상사고,0,0,3,0,차대차 - 추돌,안전거리미확보,건조,맑음,단일로 - 기타,승용,남,59세,경상,승용,여,30세,경상
2020121100100016,2020년 12월 11일 01시,금요일,대구광역시 동구 신평동,중상사고,0,1,0,0,차대차 - 추돌,안전거리미확보,건조,맑음,교차로 - 교차로부근,화물,남,48세,상해없음,승용,남,68세,중상
2020121100100023,2020년 12월 11일 04시,금요일,대구광역시 달서구 본리동,부상신고사고,0,0,0,1,차대차 - 추돌,안전운전불이행,건조,맑음,단일로 - 기타,원동기,남,25세,부상신고,원동기,남,24세,상해없음
2020121100100030,2020년 12월 11일 05시,금요일,대구광역시 동구 신암동,경상사고,0,0,2,0,차대차 - 측면충돌,신호위반,건조,맑음,단일로 - 기타,승용,남,21세,상해없음,승합,남,48세,경상
2020121100100031,2020년 12월 11일 05시,금요일,대구광역시 달서구 이곡동,경상사고,0,0,1,0,차대차 - 기타,신호위반,건조,맑음,교차로 - 교차로안,이륜,남,57세,상해없음,자전거,남,44세,경상
2020121100100042,2020년 12월 11일 06시,금요일,대구광역시 달성군 화원읍,중상사고,0,1,0,0,차대차 - 기타,안전운전불이행,건조,맑음,교차로 - 교차로부근,화물,남,59세,상해없음,화물,여,70세,중상
2020121100100043,2020년 12월 11일 06시,금요일,대구광역시 서구 내당동,경상사고,0,0,2,0,차대차 - 측면충돌,안전거리미확보,건조,맑음,단일로 - 기타,화물,남,69세,상해없음,승합,남,30세,경상
2020121100100063,2020년 12월 11일 07시,금요일,대구광역시 서구 평리동,경상사고,0,0,2,0,차대차 - 측면충돌,신호위반,건조,맑음,교차로 - 교차로부근,승용,남,49세,상해없음,승용,남,68세,경상
2020121100100064,2020년 12월 11일 07시,금요일,대구광역시 달서구 장기동,경상사고,0,0,1,0,차대차 - 측면충돌,안전운전불이행,건조,맑음,단일로 - 기타,승합,여,61세,기타불명,승용,남,65세,경상
2020121100100065,2020년 12월 11일 07시,금요일,대구광역시 북구 사수동,중상사고,0,1,0,0,차대차 - 기타,신호위반,건조,맑음,단일로 - 기타,승용,남,55세,상해없음,화물,남,56세,상해없음
2020121100100086,2020년 12월 11일 08시,금요일,대구광역시 서구 비산동,경상사고,0,0,1,0,차대차 - 추돌,안전운전불이행,건조,맑음,단일로 - 기타,승용,남,15세,상해없음,승용,남,64세,경상
2020121100100087,2020년 12월 11일 08시,금요일,대구광역시 중구 수창동,경상사고,0,0,1,0,차대차 - 측면충돌,안전거리미확보,건조,맑음,단일로 - 기타,승용,남,52세,상해없음,이륜,남,35세,경상
2020121100100148,2020년 12월 11일 11시,금요일,대구광역시 동구 신암동,경상사고,0,0,2,0,차대차 - 기타,교차로운행방법위반,건조,맑음,교차로 - 교차로안,승용,남,51세,상해없음,승용,남,43세,경상
2020121100100149,2020년 12월 11일 11시,금요일,대구광역시 달성군 구지면,경상사고,0,0,2,0,차대차 - 기타,안전운전불이행,건조,맑음,단일로 - 기타,이륜,남,78세,경상,승용,여,46세,경상
2020121100100181,2020년 12월 11일 12시,금요일,대구광역시 수성구 지산동,중상사고,0,1,0,0,차대차 - 기타,안전운전불이행,건조,맑음,기타 - 기타,승용,남,54세,상해없음,이륜,남,33세,중상
2020121100100212,2020년 12월 11일 13시,금요일,대구광역시 북구 산격동,경상사고,0,0,1,0,차대사람 - 기타,안전운전불이행,건조,맑음,단일로 - 기타,승용,남,62세,상해없음,보행자,여,36세,경상
2020121100100254,2020년 12월 11일 14시,금요일,대구광역시 달성군 하빈면,중상사고,0,2,0,0,차대차 - 추돌,안전운전불이행,건조,맑음,기타 - 기타,화물,남,47세,상해없음,승용,남,57세,중상
2020121100100255,2020년 12월 11일 14시,금요일,대구광역시 서구 비산동,중상사고,0,1,0,0,차대사람 - 보도통행중,보행자보호의무위반,건조,맑음,단일로 - 기타,승용,여,53세,상해없음,보행자,여,55세,중상
2020121100100292,2020년 12월 11일 15시,금요일,대구광역시 수성구 욱수동,경상사고,0,0,3,0,차대차 - 기타,안전거리미확보,건조,맑음,단일로 - 기타,건설기계,남,44세,상해없음,승용,여,80세,경상
2020121100100293,2020년 12월 11일 15시,금요일,대구광역시 수성구 지산동,경상사고,0,0,1,0,차대사람 - 기타,안전운전불이행,건조,맑음,기타 - 기타,승용,남,69세,상해없음,보행자,남,8세,경상
2020121100100294,2020년 12월 11일 15시,금요일,대구광역시 북구 산격동,경상사고,0,0,1,0,차대차 - 측면충돌,안전운전불이행,건조,맑음,단일로 - 기타,화물,남,54세,상해없음,승용,여,69세,경상
2020121100100295,2020년 12월 11일 15시,금요일,대구광역시 북구 국우동,경상사고,0,0,1,0,차대차 - 기타,안전운전불이행,건조,맑음,단일로 - 기타,특수,남,59세,상해없음,승용,여,40세,경상
2020121100100320,2020년 12월 11일 16시,금요일,대구광역시 달서구 대곡동,경상사고,0,0,1,0,차대차 - 추돌,안전거리미확보,건조,맑음,단일로 - 기타,승용,남,45세,상해없음,승용,남,29세,경상
2020121100100321,2020년 12월 11일 16시,금요일,대구광역시 달서구 두류동,부상신고사고,0,0,0,2,차대차 - 측면충돌,안전거리미확보,건조,맑음,교차로 - 교차로부근,승용,남,66세,상해없음,승용,남,19세,부상신고
2020121100100322,2020년 12월 11일 16시,금요일,대구광역시 서구 평리동,경상사고,0,0,2,0,차대차 - 기타,기타,건조,맑음,단일로 - 기타,화물,남,37세,경상,승용,여,54세,경상
2020121100100369,2020년 12월 11일 17시,금요일,대구광역시 달성군 논공읍,경상사고,0,0,3,0,차대차 - 측면충돌,안전운전불이행,건조,맑음,단일로 - 기타,승용,남,59세,경상,화물,남,73세,경상
2020121100100433,2020년 12월 11일 18시,금요일,대구광역시 동구 신천동,경상사고,0,0,1,1,차대차 - 측면충돌,안전거리미확보,건조,맑음,단일로 - 기타,승용,남,28세,상해없음,승합,남,49세,부상신고
2020121100100434,2020년 12월 11일 18시,금요일,대구광역시 수성구 두산동,경상사고,0,0,1,0,차대사람 - 기타,안전운전불이행,건조,맑음,기타 - 기타,승용,남,60세,상해없음,보행자,남,59세,경상
2020121100100435,2020년 12월 11일 18시,금요일,대구광역시 달서구 상인동,경상사고,0,0,1,0,차대사람 - 횡단중,보행자보호의무위반,건조,맑음,교차로 - 교차로횡단보도내,화물,남,63세,상해없음,보행자,여,59세,경상
2020121100100436,2020년 12월 11일 18시,금요일,대구광역시 달서구 송현동,경상사고,0,0,1,0,차대차 - 측면충돌,안전거리미확보,건조,맑음,단일로 - 기타,승용,여,36세,상해없음,이륜,남,25세,경상
2020121100100437,2020년 12월 11일 18시,금요일,대구광역시 서구 중리동,중상사고,0,1,0,0,차대차 - 기타,안전운전불이행,건조,맑음,교차로 - 교차로횡단보도내,자전거,남,58세,중상,승용,여,66세,상해없음
2020121100100487,2020년 12월 11일 19시,금요일,대구광역시 동구 신서동,경상사고,0,0,1,0,차대사람 - 횡단중,보행자보호의무위반,건조,맑음,교차로 - 교차로횡단보도내,승용,여,60세,상해없음,보행자,남,17세,경상
2020121100100488,2020년 12월 11일 19시,금요일,대구광역시 북구 노원동3가,경상사고,0,0,1,0,차대차 - 기타,기타,건조,맑음,단일로 - 교량,화물,남,37세,상해없음,승용,남,61세,경상
2020121100100522,2020년 12월 11일 20시,금요일,대구광역시 달성군 다사읍,경상사고,0,0,2,0,차대차 - 기타,신호위반,건조,맑음,교차로 - 교차로안,승용,남,39세,상해없음,승용,남,61세,경상
2020121100100523,2020년 12월 11일 20시,금요일,대구광역시 서구 비산동,경상사고,0,0,1,0,차대차 - 기타,안전운전불이행,건조,맑음,단일로 - 기타,승용,남,63세,상해없음,이륜,남,26세,경상
2020121100100562,2020년 12월 11일 21시,금요일,대구광역시 동구 신천동,경상사고,0,0,3,0,차대차 - 측면충돌,안전거리미확보,건조,맑음,단일로 - 기타,승용,남,62세,상해없음,승용,남,68세,경상
2020121100100563,2020년 12월 11일 21시,금요일,대구광역시 수성구 두산동,경상사고,0,0,1,0,차대차 - 추돌,안전거리미확보,건조,맑음,단일로 - 기타,승용,여,43세,상해없음,승용,남,36세,상해없음
2020121100100589,2020년 12월 11일 22시,금요일,대구광역시 달서구 송현동,중상사고,0,1,1,0,차대차 - 측면충돌,교차로운행방법위반,건조,맑음,교차로 - 교차로안,승용,남,70세,경상,이륜,남,25세,중상
2020121100100590,2020년 12월 11일 22시,금요일,대구광역시 달서구 상인동,경상사고,0,0,1,0,차대차 - 측면충돌,안전거리미확보,건조,맑음,단일로 - 기타,승용,여,24세,상해없음,승용,남,47세,경상
2020121100100591,2020년 12월 11일 22시,금요일,대구광역시 서구 내당동,경상사고,0,0,1,0,차대차 - 추돌,안전운전불이행,건조,맑음,단일로 - 기타,승용,남,53세,상해없음,승용,남,22세,경상
2020121100100592,2020년 12월 11일 22시,금요일,대구광역시 서구 비산동,경상사고,0,0,1,0,차량단독 - 기타,안전운전불이행,건조,맑음,단일로 - 기타,승용,남,64세,상해없음,,,,
2020121100100593,2020년 12월 11일 22시,금요일,대구광역시 달서구 죽전동,경상사고,0,0,1,0,차대차 - 추돌,안전운전불이행,건조,맑음,단일로 - 기타,승용,남,47세,상해없음,승용,여,25세,상해없음
2020121100100612,2020년 12월 11일 23시,금요일,대구광역시 달서구 용산동,중상사고,0,1,1,0,차대차 - 기타,신호위반,건조,맑음,교차로 - 교차로안,이륜,남,42세,중상,승용,남,29세,경상
2020121200100007,2020년 12월 12일 00시,토요일,대구광역시 달서구 이곡동,중상사고,0,1,0,0,차대사람 - 횡단중,신호위반,건조,맑음,교차로 - 교차로횡단보도내,이륜,남,51세,상해없음,보행자,여,29세,중상
2020121200100012,2020년 12월 12일 01시,토요일,대구광역시 북구 고성동3가,경상사고,0,0,1,0,차대차 - 기타,안전거리미확보,건조,맑음,단일로 - 기타,승용,남,38세,상해없음,승용,남,61세,기타불명
2020121200100013,2020년 12월 12일 01시,토요일,대구광역시 달서구 용산동,경상사고,0,0,2,0,차대차 - 기타,신호위반,건조,맑음,교차로 - 교차로안,이륜,남,18세,경상,승용,남,21세,경상
2020121200100026,2020년 12월 12일 03시,토요일,대구광역시 북구 칠성동1가,부상신고사고,0,0,0,2,차대차 - 추돌,안전운전불이행,건조,맑음,단일로 - 고가도로위,승용,여,46세,부상신고,승용,남,58세,부상신고
2020121200100030,2020년 12월 12일 04시,토요일,대구광역시 달서구 두류동,경상사고,0,0,1,0,차대사람 - 기타,안전운전불이행,건조,맑음,교차로 - 교차로부근,승용,남,26세,상해없음,보행자,남,51세,경상
2020121200100031,2020년 12월 12일 04시,토요일,대구광역시 달서구 두류동,경상사고,0,0,1,0,차대차 - 기타,안전운전불이행,건조,맑음,교차로 - 교차로안,개인형이동수단(PM),남,28세,경상,승용,남,25세,상해없음
2020121200100034,2020년 12월 12일 05시,토요일,대구광역시 동구 신암동,사망사고,1,0,0,0,차대차 - 측면충돌,안전운전불이행,건조,맑음,단일로 - 기타,이륜,남,71세,사망,건설기계,남,47세,상해없음
2020121200100055,2020년 12월 12일 07시,토요일,대구광역시 수성구 수성동2가,경상사고,0,0,1,0,차대차 - 기타,안전운전불이행,건조,맑음,단일로 - 기타,승용,여,35세,상해없음,승용,남,65세,경상
2020121200100056,2020년 12월 12일 07시,토요일,대구광역시 달서구 대곡동,경상사고,0,0,1,0,차대차 - 측면충돌,교차로운행방법위반,건조,맑음,교차로 - 교차로안,화물,남,65세,상해없음,화물,남,36세,경상