사고번호,사고일시,요일,시군구,사고내용,사망자수,중상자수,경상자수,부상신고자수,사고유형,법규위반,노면상태,기상상태,도로형태,가해운전자 차종,가해운전자 성별,가해운전자 연령,가해운전자 상해정도,피해운전자 차종,피해운전자 성별,피해운전자 연령,피해운전자 상해정도
2020121600100136,2020년 12월 16일 10시,수요일,대구광역시 수성구 지산동,경상사고,0,0,1,0,차대차 - 측면충돌,교차로운행방법위반,건조,맑음,교차로 - 교차로안,승용,남,39세,상해없음,개인형이동수단(PM),남,37세,경상
2020121600100162,2020년 12월 16일 11시,수요일,대구광역시 북구 침산동,경상사고,0,0,1,0,차대차 - 추돌,안전운전불이행,건조,맑음,교차로 - 교차로부근,승용,남,71세,상해없음,자전거,남,71세,경상
2020121600100188,2020년 12월 16일 12시,수요일,대구광역시 서구 비산동,경상사고,0,0,1,0,차대차 - 추돌,안전운전불이행,건조,맑음,단일로 - 기타,승용,남,34세,상해없음,승용,여,37세,경상
2020121600100261,2020년 12월 16일 14시,수요일,대구광역시 수성구 만촌동,부상신고사고,0,0,0,1,차대차 - 추돌,안전거리미확보,건조,맑음,단일로 - 기타,승용,여,50세,상해없음,승용,여,33세,부상신고
2020121600100262,2020년 12월 16일 14시,수요일,대구광역시 북구 복현동,경상사고,0,0,2,0,차대차 - 측면충돌,안전운전불이행,건조,맑음,단일로 - 기타,승용,남,60세,상해없음,승용,남,35세,경상
2020121600100263,2020년 12월 16일 14시,수요일,대구광역시 달서구 두류동,경상사고,0,0,1,0,차대차 - 기타,기타,건조,맑음,단일로 - 기타,화물,남,53세,상해없음,화물,남,26세,경상
2020121600100290,2020년 12월 16일 15시,수요일,대구광역시 수성구 수성동2가,경상사고,0,0,1,0,차대사람 - 횡단중,안전운전불이행,건조,맑음,단일로 - 기타,자전거,남,75세,상해없음,보행자,남,74세,경상
2020121600100291,2020년 12월 16일 15시,수요일,대구광역시 수성구 수성동4가,경상사고,0,0,2,0,차대차 - 측면충돌,차로위반,건조,맑음,단일로 - 기타,승용,남,74세,상해없음,승용,남,19세,경상
2020121600100292,2020년 12월 16일 15시,수요일,대구광역시 수성구 범어동,경상사고,0,0,1,0,차대차 - 측면충돌,차로위반,건조,맑음,단일로 - 기타,승용,여,49세,상해없음,승용,남,40세,경상
2020121600100293,2020년 12월 16일 15시,수요일,대구광역시 서구 평리동,경상사고,0,0,1,0,차대사람 - 보도통행중,기타,건조,맑음,단일로 - 기타,승용,남,29세,상해없음,보행자,여,79세,경상
2020121600100314,2020년 12월 16일 16시,수요일,대구광역시 중구 사일동,경상사고,0,0,2,0,차대차 - 기타,차로위반,건조,맑음,단일로 - 기타,승용,남,51세,상해없음,승용,남,65세,경상
2020121600100315,2020년 12월 16일 16시,수요일,대구광역시 달서구 본리동,경상사고,0,0,1,0,차대차 - 추돌,안전거리미확보,건조,맑음,단일로 - 기타,이륜,남,16세,기타불명,승용,남,57세,경상
2020121600100316,2020년 12월 16일 16시,수요일,대구광역시 달서구 신당동,경상사고,0,0,1,0,차대차 - 기타,안전운전불이행,건조,맑음,단일로 - 기타,화물,남,39세,상해없음,승용,여,51세,경상
2020121600100354,2020년 12월 16일 17시,수요일,대구광역시 남구 이천동,경상사고,0,0,1,0,차대차 - 추돌,안전운전불이행,건조,맑음,교차로 - 교차로부근,승용,남,64세,상해없음,승용,여,41세,경상
2020121600100355,2020년 12월 16일 17시,수요일,대구광역시 수성구 상동,경상사고,0,0,1,0,차대차 - 추돌,안전운전불이행,건조,맑음,단일로 - 기타,승용,여,54세,상해없음,이륜,남,46세,경상
2020121600100356,2020년 12월 16일 17시,수요일,대구광역시 달서구 월성동,경상사고,0,0,3,0,차대차 - 측면충돌,차로위반,건조,맑음,단일로 - 기타,승용,남,38세,상해없음,승용,남,29세,경상
2020121600100415,2020년 12월 16일 18시,수요일,대구광역시 남구 대명동,경상사고,0,0,1,0,차대차 - 측면충돌,중앙선침범,건조,맑음,교차로 - 교차로부근,이륜,남,25세,상해없음,승용,남,26세,경상
2020121600100416,2020년 12월 16일 18시,수요일,대구광역시 남구 대명동,경상사고,0,0,1,0,차대차 - 정면충돌,안전운전불이행,건조,맑음,기타 - 기타,화물,남,58세,상해없음,승용,남,68세,경상
2020121600100417,2020년 12월 16일 18시,수요일,대구광역시 북구 침산동,경상사고,0,0,1,0,차대차 - 추돌,안전운전불이행,건조,맑음,교차로 - 교차로부근,승용,남,67세,상해없음,승용,남,42세,경상
2020121600100418,2020년 12월 16일 18시,수요일,대구광역시 달서구 용산동,경상사고,0,0,1,1,차대차 - 측면충돌,안전거리미확보,건조,맑음,단일로 - 기타,승용,남,41세,기타불명,승용,남,58세,경상
2020121600100461,2020년 12월 16일 19시,수요일,대구광역시 수성구 범어동,부상신고사고,0,0,0,1,차대차 - 측면충돌,안전운전불이행,기타,맑음,단일로 - 기타,승용,여,38세,상해없음,이륜,남,31세,부상신고
2020121600100495,2020년 12월 16일 20시,수요일,대구광역시 수성구 시지동,경상사고,0,0,1,0,차대차 - 기타,안전운전불이행,건조,맑음,교차로 - 교차로안,승용,남,32세,상해없음,이륜,남,22세,경상
2020121600100496,2020년 12월 16일 20시,수요일,대구광역시 달서구 도원동,중상사고,0,1,0,0,차대차 - 추돌,안전운전불이행,건조,맑음,단일로 - 기타,승용,여,50세,상해없음,승용,남,30세,중상
2020121600100497,2020년 12월 16일 20시,수요일,대구광역시 달성군 현풍읍,경상사고,0,0,1,0,차대차 - 기타,신호위반,건조,맑음,기타 - 기타,승용,여,25세,상해없음,승용,남,30세,경상
2020121600100536,2020년 12월 16일 21시,수요일,대구광역시 달서구 신당동,중상사고,0,1,0,0,차대차 - 정면충돌,교차로운행방법위반,건조,맑음,교차로 - 교차로안,이륜,남,41세,기타불명,승용,남,58세,중상
2020121600100554,2020년 12월 16일 22시,수요일,대구광역시 남구 봉덕동,경상사고,0,0,1,0,차대차 - 추돌,안전운전불이행,건조,맑음,교차로 - 교차로부근,승용,남,46세,상해없음,승용,남,53세,상해없음
2020121700100009,2020년 12월 17일 00시,목요일,대구광역시 북구 태전동,경상사고,0,0,1,0,차대차 - 측면충돌,교차로운행방법위반,건조,맑음,교차로 - 교차로안,승용,남,69세,상해없음,승용,남,47세,상해없음
2020121700100033,2020년 12월 17일 06시,목요일,대구광역시 달서구 월성동,경상사고,0,0,1,0,차대차 - 측면충돌,신호위반,건조,흐림,교차로 - 교차로안,승용,남,45세,상해없음,승용,남,29세,경상
2020121700100034,2020년 12월 17일 06시,목요일,대구광역시 달서구 이곡동,경상사고,0,0,1,0,차대차 - 측면충돌,안전운전불이행,건조,맑음,단일로 - 기타,기타불명,기타불명,미분류,기타불명,승용,남,27세,경상
2020121700100035,2020년 12월 17일 06시,목요일,대구광역시 북구 태전동,경상사고,0,0,1,0,차대차 - 측면충돌,신호위반,건조,맑음,교차로 - 교차로안,승용,여,54세,상해없음,개인형이동수단(PM),남,22세,경상
2020121700100066,2020년 12월 17일 07시,목요일,대구광역시 수성구 노변동,중상사고,0,1,2,0,차대차 - 측면충돌,안전거리미확보,건조,맑음,교차로 - 교차로부근,건설기계,남,59세,상해없음,승용,여,74세,경상
2020121700100100,2020년 12월 17일 08시,목요일,대구광역시 동구 신천동,경상사고,0,0,3,0,차대차 - 측면충돌,차로위반,건조,맑음,단일로 - 기타,화물,남,73세,경상,승용,남,26세,경상
2020121700100101,2020년 12월 17일 08시,목요일,대구광역시 수성구 수성동1가,경상사고,0,0,2,0,차대차 - 측면충돌,안전거리미확보,건조,맑음,단일로 - 기타,승용,여,46세,경상,승용,남,34세,경상
2020121700100133,2020년 12월 17일 09시,목요일,대구광역시 서구 중리동,부상신고사고,0,0,0,1,차대차 - 기타,안전운전불이행,건조,맑음,교차로 - 교차로안,이륜,남,35세,부상신고,승용,남,35세,상해없음
2020121700100173,2020년 12월 17일 10시,목요일,대구광역시 동구 용계동,중상사고,0,1,0,0,차대차 - 추돌,안전운전불이행,건조,맑음,단일로 - 기타,승용,남,68세,상해없음,자전거,남,83세,중상
2020121700100174,2020년 12월 17일 10시,목요일,대구광역시 수성구 황금동,경상사고,0,0,1,0,차대차 - 측면충돌,신호위반,건조,맑음,교차로 - 교차로안,승용,여,66세,상해없음,화물,남,68세,경상
2020121700100175,2020년 12월 17일 10시,목요일,대구광역시 북구 복현동,부상신고사고,0,0,0,1,차대차 - 측면충돌,불법유턴,건조,맑음,교차로 - 교차로횡단보도내,자전거,남,79세,부상신고,승용,여,39세,상해없음
2020121700100203,2020년 12월 17일 11시,목요일,대구광역시 동구 신기동,경상사고,0,0,1,0,차대차 - 기타,교차로운행방법위반,건조,맑음,교차로 - 교차로안,승용,남,44세,상해없음,이륜,남,23세,경상
2020121700100204,2020년 12월 17일 11시,목요일,대구광역시 동구 신천동,경상사고,0,0,1,0,차대사람 - 보도통행중,기타,건조,맑음,기타 - 기타,이륜,여,53세,상해없음,보행자,남,46세,경상
2020121700100205,2020년 12월 17일 11시,목요일,대구광역시 달서구 월성동,경상사고,0,0,1,0,차대차 - 측면충돌,신호위반,건조,맑음,단일로 - 기타,승용,남,59세,상해없음,자전거,남,76세,경상
2020121700100206,2020년 12월 17일 11시,목요일,대구광역시 북구 칠성동1가,경상사고,0,0,2,0,차대차 - 측면충돌,신호위반,건조,맑음,교차로 - 교차로안,승합,남,31세,상해없음,화물,여,59세,경상
2020121700100238,2020년 12월 17일 12시,목요일,대구광역시 서구 중리동,부상신고사고,0,0,0,1,차대사람 - 길가장자리구역통행중,안전운전불이행,건조,맑음,단일로 - 기타,기타불명,기타불명,미분류,기타불명,보행자,여,미분류,부상신고
2020121700100275,2020년 12월 17일 13시,목요일,대구광역시 수성구 매호동,경상사고,0,0,2,0,차대차 - 추돌,안전운전불이행,건조,맑음,단일로 - 기타,승용,여,57세,상해없음,승용,여,59세,경상
2020121700100305,2020년 12월 17일 14시,목요일,대구광역시 수성구 범어동,경상사고,0,0,1,0,차대사람 - 차도통행중,안전운전불이행,건조,맑음,교차로 - 교차로안,승용,남,38세,상해없음,보행자,여,81세,경상
2020121700100306,2020년 12월 17일 14시,목요일,대구광역시 북구 검단동,중상사고,0,1,2,0,차대차 - 기타,안전운전불이행,건조,맑음,단일로 - 기타,화물,남,27세,경상,승용,여,53세,중상
2020121700100335,2020년 12월 17일 15시,목요일,대구광역시 서구 내당동,중상사고,0,1,1,0,차대차 - 추돌,안전운전불이행,건조,맑음,교차로 - 교차로부근,승용,남,55세,상해없음,승용,남,62세,중상
2020121700100372,2020년 12월 17일 16시,목요일,대구광역시 서구 평리동,경상사고,0,0,1,0,차대사람 - 기타,안전운전불이행,건조,맑음,교차로 - 교차로부근,승용,남,63세,상해없음,보행자,여,7세,경상
2020121700100400,2020년 12월 17일 17시,목요일,대구광역시 달서구 도원동,경상사고,0,0,3,0,차대차 - 측면충돌,안전거리미확보,건조,맑음,단일로 - 기타,화물,남,64세,경상,승용,남,39세,경상
2020121700100401,2020년 12월 17일 17시,목요일,대구광역시 서구 평리동,부상신고사고,0,0,0,1,차대차 - 측면충돌,안전운전불이행,건조,맑음,교차로 - 교차로부근,자전거,남,20세,부상신고,이륜,남,75세,상해없음
2020121700100402,2020년 12월 17일 17시,목요일,대구광역시 달서구 감삼동,경상사고,0,0,1,0,차대차 - 기타,안전운전불이행,건조,맑음,단일로 - 기타,화물,남,57세,상해없음,승용,남,44세,경상
2020121700100453,2020년 12월 17일 18시,목요일,대구광역시 동구 효목동,부상신고사고,0,0,0,1,차대차 - 기타,안전거리미확보,건조,맑음,교차로 - 교차로부근,승용,남,37세,상해없음,승용,남,45세,부상신고
2020121700100454,2020년 12월 17일 18시,목요일,대구광역시 수성구 범어동,중상사고,0,1,1,0,차대차 - 측면충돌,교차로운행방법위반,건조,맑음,교차로 - 교차로안,이륜,남,25세,경상,이륜,남,62세,중상
2020121700100492,2020년 12월 17일 19시,목요일,대구광역시 달서구 송현동,경상사고,0,0,2,0,차대차 - 기타,안전운전불이행,건조,맑음,교차로 - 교차로안,승용,남,59세,상해없음,승용,남,41세,상해없음
2020121700100493,2020년 12월 17일 19시,목요일,대구광역시 북구 침산동,경상사고,0,0,1,0,차대차 - 기타,교차로운행방법위반,건조,맑음,교차로 - 교차로안,승용,남,33세,상해없음,자전거,남,49세,경상
2020121700100524,2020년 12월 17일 20시,목요일,대구광역시 남구 대명동,경상사고,0,0,1,0,차대사람 - 길가장자리구역통행중,안전운전불이행,건조,맑음,교차로 - 교차로부근,승용,남,32세,상해없음,보행자,남,59세,경상
2020121700100525,2020년 12월 17일 20시,목요일,대구광역시 달성군 논공읍,중상사고,0,1,0,0,차대차 - 추돌,안전운전불이행,건조,맑음,교차로 - 교차로부근,승용,남,27세,상해없음,이륜,남,37세,중상
2020121700100559,2020년 12월 17일 21시,목요일,대구광역시 북구 노원동3가,경상사고,0,0,3,0,차대차 - 추돌,안전운전불이행,건조,맑음,단일로 - 기타,승용,남,34세,상해없음,승용,남,31세,경상
2020121700100580,2020년 12월 17일 22시,목요일,대구광역시 동구 불로동,경상사고,0,0,2,0,차대차 - 추돌,과속,건조,맑음,단일로 - 기타,승용,남,26세,상해없음,승용,여,57세,경상
2020121700100581,2020년 12월 17일 22시,목요일,대구광역시 달서구 월성동,부상신고사고,0,0,0,1,차대차 - 측면충돌,신호위반,건조,맑음,교차로 - 교차로안,승용,남,24세,상해없음,이륜,남,25세,부상신고
2020121700100582,2020년 12월 17일 22시,목요일,대구광역시 북구 태전동,경상사고,0,0,1,0,차대차 - 기타,안전거리미확보,건조,맑음,교차로 - 교차로부근,승용,남,21세,상해없음,승용,여,26세,경상
2020121700100594,2020년 12월 17일 23시,목요일,대구광역시 남구 대명동,경상사고,0,0,1,1,차대차 - 추돌,안전운전불이행,건조,맑음,단일로 - 기타,승용,남,23세,상해없음,승용,남,46세,부상신고
2020121700100595,2020년 12월 17일 23시,목요일,대구광역시 동구 신암동,부상신고사고,0,0,0,1,차량단독 - 전도전복 - 전도,안전운전불이행,젖음/습기,맑음,교차로 - 교차로부근,이륜,남,61세,부상신고,,,,
2020121700100596,2020년 12월 17일 23시,목요일,대구광역시 달서구 신당동,경상사고,0,0,2,0,차대차 - 추돌,안전운전불이행,건조,맑음,교차로 - 교차로부근,승용,남,27세,상해없음,승용,남,61세,경상
2020121800100005,2020년 12월 18일 00시,금요일,대구광역시 달서구 본리동,경상사고,0,0,3,0,차대차 - 측면충돌,안전운전불이행,건조,맑음,단일로 - 기타,승용,남,19세,상해없음,승용,남,55세,경상
2020121800100036,2020년 12월 18일 06시,금요일,대구광역시 남구 대명동,경상사고,0,0,1,0,차대사람 - 기타,안전운전불이행,건조,맑음,단일로 - 기타,화물,남,54세,상해없음,보행자,여,35세,경상
2020121800100037,2020년 12월 18일 06시,금요일,대구광역시 서구 평리동,경상사고,0,0,1,0,차대차 - 측면충돌,안전거리미확보,건조,맑음,단일로 - 기타,건설기계,남,49세,상해없음,승용,남,50세,경상
2020121800100068,2020년 12월 18일 07시,금요일,대구광역시 달서구 본리동,중상사고,0,2,4,0,차대차 - 기타,신호위반,건조,맑음,교차로 - 교차로안,승용,남,33세,중상,승용,남,52세,중상
2020121800100069,2020년 12월 18일 07시,금요일,대구광역시 달서구 죽전동,경상사고,0,0,1,0,차대차 - 추돌,안전운전불이행,건조,맑음,단일로 - 기타,승용,남,61세,상해없음,승용,여,47세,경상
2020121800100103,2020년 12월 18일 08시,금요일,대구광역시 동구 효목동,경상사고,0,0,1,0,차대차 - 추돌,안전운전불이행,건조,맑음,단일로 - 기타,승용,남,54세,상해없음,승용,남,62세,경상
2020121800100104,2020년 12월 18일 08시,금요일,대구광역시 서구 평리동,중상사고,0,1,0,0,차대차 - 기타,안전운전불이행,건조,맑음,교차로 - 교차로부근,화물,남,49세,상해없음,자전거,남,72세,중상
2020121800100105,2020년 12월 18일 08시,금요일,대구광역시 서구 비산동,경상사고,0,0,1,0,차대차 - 추돌,안전운전불이행,건조,맑음,단일로 - 교량,원동기,남,26세,상해없음,승용,여,34세,경상
2020121800100124,2020년 12월 18일 09시,금요일,대구광역시 서구 내당동,부상신고사고,0,0,0,1,차대차 - 측면충돌,안전운전불이행,건조,맑음,교차로 - 교차로안,승용,여,53세,부상신고,건설기계,남,39세,상해없음
2020121800100148,2020년 12월 18일 10시,금요일,대구광역시 수성구 신매동,경상사고,0,0,2,0,차대차 - 추돌,안전거리미확보,건조,맑음,단일로 - 기타,승용,남,67세,상해없음,화물,남,19세,경상
2020121800100149,2020년 12월 18일 10시,금요일,대구광역시 수성구 지산동,중상사고,0,1,0,1,차대차 - 측면충돌,신호위반,건조,맑음,교차로 - 교차로횡단보도내,이륜,남,32세,부상신고,이륜,남,44세,중상
2020121800100182,2020년 12월 18일 11시,금요일,대구광역시 북구 산격동,경상사고,0,0,1,0,차대차 - 측면충돌,신호위반,건조,맑음,기타 - 기타,이륜,남,80세,상해없음,자전거,여,33세,경상
2020121800100233,2020년 12월 18일 13시,금요일,대구광역시 수성구 범어동,중상사고,0,1,0,0,차대차 - 측면충돌,안전거리미확보,건조,맑음,단일로 - 기타,승용,여,30세,상해없음,이륜,남,36세,중상
2020121800100271,2020년 12월 18일 14시,금요일,대구광역시 달서구 유천동,부상신고사고,0,0,0,1,차대차 - 기타,안전운전불이행,건조,맑음,기타 - 기타,화물,남,57세,상해없음,승용,남,56세,상해없음
2020121800100272,2020년 12월 18일 14시,금요일,대구광역시 달서구 월성동,경상사고,0,0,1,0,차대차 - 기타,기타,건조,맑음,기타 - 기타,자전거,남,14세,기타불명,이륜,남,16세,경상
2020121800100273,2020년 12월 18일 14시,금요일,대구광역시 달서구 송현동,경상사고,0,0,1,0,차대차 - 측면충돌,안전운전불이행,건조,맑음,교차로 - 교차로안,승용,여,57세,상해없음,승용,남,39세,경상
2020121800100316,2020년 12월 18일 15시,금요일,대구광역시 서구 평리동,경상사고,0,0,1,0,차대차 - 기타,안전운전불이행,건조,맑음,교차로 - 교차로횡단보도내,승용,남,34세,상해없음,자전거,여,33세,경상
2020121800100360,2020년 12월 18일 16시,금요일,대구광역시 달성군 논공읍,경상사고,0,0,1,1,차대차 - 측면충돌,교차로운행방법위반,건조,맑음,교차로 - 교차로안,승용,여,53세,부상신고,승용,남,26세,경상
2020121800100414,2020년 12월 18일 17시,금요일,대구광역시 서구 상리동,경상사고,0,0,2,0,차대차 - 측면충돌,안전운전불이행,건조,맑음,단일로 - 기타,승용,남,20세,상해없음,특수,남,62세,경상
2020121800100416,2020년 12월 18일 17시,금요일,대구광역시 동구 신암동,경상사고,0,0,1,0,차대차 - 정면충돌,안전운전불이행,건조,맑음,단일로 - 기타,승용,남,72세,상해없음,승용,남,36세,경상
2020121800100417,2020년 12월 18일 17시,금요일,대구광역시 달서구 본동,경상사고,0,0,1,0,차대차 - 측면충돌,직진우회전진행방해,건조,맑음,교차로 - 교차로안,승용,여,53세,상해없음,이륜,남,48세,경상
2020121800100418,2020년 12월 18일 17시,금요일,대구광역시 달서구 감삼동,경상사고,0,0,1,0,차대사람 - 기타,안전운전불이행,건조,맑음,단일로 - 기타,승용,남,55세,상해없음,보행자,남,74세,경상
2020121800100491,2020년 12월 18일 18시,금요일,대구광역시 동구 대림동,경상사고,0,0,1,0,차대차 - 후진중충돌,안전운전불이행,건조,맑음,단일로 - 기타,승용,여,37세,상해없음,승용,여,30세,경상
2020121800100492,2020년 12월 18일 18시,금요일,대구광역시 수성구 황금동,경상사고,0,0,1,0,차대차 - 측면충돌,안전운전불이행,건조,맑음,단일로 - 기타,승용,여,31세,상해없음,승용,남,29세,경상
2020121800100493,2020년 12월 18일 18시,금요일,대구광역시 달서구 상인동,경상사고,0,0,2,0,차대차 - 추돌,안전운전불이행,건조,맑음,단일로 - 기타,화물,남,60세,기타불명,승용,남,27세,경상
2020121800100494,2020년 12월 18일 18시,금요일,대구광역시 중구 수동,경상사고,0,0,1,0,차대차 - 추돌,안전운전불이행,건조,맑음,단일로 - 기타,승용,남,53세,상해없음,이륜,남,38세,경상
2020121800100495,2020년 12월 18일 18시,금요일,대구광역시 달서구 본리동,경상사고,0,0,1,0,차대차 - 추돌,안전운전불이행,건조,맑음,단일로 - 기타,승용,남,58세,상해없음,원동기,남,50세,경상
2020121800100544,2020년 12월 18일 19시,금요일,대구광역시 달서구 상인동,중상사고,0,1,0,0,차대차 - 측면충돌,안전운전불이행,건조,맑음,단일로 - 기타,승용,남,75세,상해없음,이륜,남,30세,중상
2020121800100545,2020년 12월 18일 19시,금요일,대구광역시 달서구 송현동,부상신고사고,0,0,0,1,차대사람 - 횡단중,안전운전불이행,건조,맑음,단일로 - 기타,기타불명,기타불명,미분류,기타불명,보행자,남,42세,부상신고
2020121800100546,2020년 12월 18일 19시,금요일,대구광역시 서구 비산동,경상사고,0,0,2,0,차대차 - 측면충돌,교차로운행방법위반,건조,맑음,교차로 - 교차로안,이륜,남,47세,경상,승용,여,36세,경상
2020121800100592,2020년 12월 18일 20시,금요일,대구광역시 동구 율하동,경상사고,0,0,1,0,차대차 - 기타,안전운전불이행,건조,맑음,단일로 - 기타,승용,여,34세,상해없음,이륜,남,22세,경상
2020121800100593,2020년 12월 18일 20시,금요일,대구광역시 동구 봉무동,경상사고,0,0,1,1,차대차 - 측면충돌,신호위반,건조,맑음,교차로 - 교차로안,승용,여,51세,부상신고,승용,남,53세,경상
2020121800100642,2020년 12월 18일 21시,금요일,대구광역시 남구 대명동,중상사고,0,1,0,0,차대차 - 측면충돌,교차로운행방법위반,건조,맑음,교차로 - 교차로안,이륜,남,24세,중상,승용,남,26세,상해없음
2020121800100679,2020년 12월 18일 22시,금요일,대구광역시 남구 대명동,경상사고,0,0,2,0,차대차 - 측면충돌,교차로운행방법위반,건조,맑음,교차로 - 교차로부근,승용,남,59세,상해없음,승용,남,46세,경상
2020121800100691,2020년 12월 18일 23시,금요일,대구광역시 북구 서변동,경상사고,0,0,1,0,차대차 - 측면충돌,안전거리미확보,건조,맑음,교차로 - 교차로안,화물,남,50세,상해없음,승용,남,31세,경상
2020121900100016,2020년 12월 19일 01시,토요일,대구광역시 중구 덕산동,중상사고,0,2,0,0,차대차 - 정면충돌,안전운전불이행,건조,맑음,단일로 - 기타,자전거,남,30세,중상,개인형이동수단(PM),남,26세,중상
2020121900100022,2020년 12월 19일 03시,토요일,대구광역시 남구 봉덕동,부상신고사고,0,0,0,1,차대사람 - 기타,보행자보호의무위반,건조,맑음,단일로 - 기타,승용,남,35세,상해없음,보행자,남,59세,부상신고
2020121900100023,2020년 12월 19일 03시,토요일,대구광역시 달서구 이곡동,중상사고,0,1,0,0,차대사람 - 기타,안전운전불이행,건조,맑음,교차로 - 교차로부근,승합,남,30세,상해없음,보행자,여,24세,중상
2020121900100033,2020년 12월 19일 05시,토요일,대구광역시 서구 중리동,중상사고,0,1,0,0,차대차 - 기타,안전운전불이행,건조,맑음,교차로 - 교차로안,승용,남,65세,상해없음,이륜,남,73세,중상
2020121900100045,2020년 12월 19일 06시,토요일,대구광역시 동구 지묘동,부상신고사고,0,0,0,1,차대차 - 측면충돌,안전운전불이행,건조,맑음,단일로 - 기타,이륜,남,22세,부상신고,화물,남,61세,상해없음
2020121900100086,2020년 12월 19일 09시,토요일,대구광역시 중구 동인동3가,중상사고,0,1,0,0,차대차 - 측면충돌,안전운전불이행,건조,맑음,교차로 - 교차로횡단보도내,화물,남,39세,상해없음,자전거,남,71세,중상
2020121900100110,2020년 12월 19일 10시,토요일,대구광역시 동구 효목동,경상사고,0,0,1,0,차대차 - 후진중충돌,안전운전불이행,건조,맑음,단일로 - 기타,승용,여,70세,상해없음,승용,남,28세,경상
2020121900100111,2020년 12월 19일 10시,토요일,대구광역시 달성군 다사읍,경상사고,0,0,1,0,차대차 - 기타,안전운전불이행,건조,맑음,교차로 - 교차로안,화물,남,61세,상해없음,승용,남,64세,경상
2020121900100140,2020년 12월 19일 11시,토요일,대구광역시 중구 봉산동,경상사고,0,0,1,1,차대차 - 측면충돌,신호위반,건조,맑음,단일로 - 기타,승용,남,68세,부상신고,승용,남,39세,경상
2020121900100173,2020년 12월 19일 12시,토요일,대구광역시 수성구 중동,경상사고,0,0,1,0,차대차 - 측면충돌,안전운전불이행,건조,맑음,단일로 - 기타,승용,남,58세,상해없음,승합,남,47세,경상
2020121900100174,2020년 12월 19일 12시,토요일,대구광역시 북구 읍내동,경상사고,0,0,1,0,차대차 - 기타,안전운전불이행,건조,맑음,단일로 - 기타,승용,여,52세,상해없음,이륜,남,21세,경상
2020121900100209,2020년 12월 19일 13시,토요일,대구광역시 북구 매천동,중상사고,0,1,0,0,차대차 - 측면충돌,안전운전불이행,건조,맑음,단일로 - 기타,승용,남,53세,상해없음,이륜,남,30세,중상
2020121900100240,2020년 12월 19일 14시,토요일,대구광역시 북구 읍내동,중상사고,0,1,0,0,차대사람 - 횡단중,신호위반,건조,맑음,단일로 - 기타,원동기,남,56세,상해없음,보행자,남,82세,중상
2020121900100241,2020년 12월 19일 14시,토요일,대구광역시 북구 태전동,경상사고,0,0,1,0,차대차 - 측면충돌,안전운전불이행,건조,맑음,단일로 - 기타,이륜,남,47세,상해없음,이륜,남,23세,경상
2020121900100242,2020년 12월 19일 14시,토요일,대구광역시 북구 연경동,경상사고,0,0,1,0,차대차 - 측면충돌,교차로운행방법위반,건조,맑음,교차로 - 교차로안,승합,남,36세,상해없음,승용,여,33세,경상
2020121900100276,2020년 12월 19일 15시,토요일,대구광역시 남구 대명동,경상사고,0,0,1,1,차대차 - 추돌,안전운전불이행,건조,맑음,단일로 - 기타,승용,여,27세,부상신고,승용,여,47세,경상
2020121900100277,2020년 12월 19일 15시,토요일,대구광역시 동구 신천동,경상사고,0,0,1,0,차대차 - 측면충돌,안전운전불이행,건조,맑음,교차로 - 교차로부근,승용,남,63세,상해없음,승용,여,56세,경상
2020121900100278,2020년 12월 19일 15시,토요일,대구광역시 달서구 성당동,경상사고,0,0,1,0,차대차 - 추돌,안전운전불이행,건조,맑음,교차로 - 교차로부근,승용,남,34세,상해없음,승용,남,23세,경상
2020121900100311,2020년 12월 19일 16시,토요일,대구광역시 중구 봉산동,경상사고,0,0,1,0,차대사람 - 차도통행중,안전운전불이행,건조,맑음,단일로 - 기타,승용,남,62세,상해없음,보행자,여,27세,경상
2020121900100312,2020년 12월 19일 16시,토요일,대구광역시 달서구 죽전동,경상사고,0,0,3,0,차대차 - 측면충돌,신호위반,건조,맑음,단일로 - 기타,화물,남,59세,경상,승용,남,59세,경상
2020121900100354,2020년 12월 19일 17시,토요일,대구광역시 달서구 진천동,경상사고,0,0,1,0,차대차 - 후진중충돌,안전운전불이행,건조,맑음,단일로 - 기타,승용,남,40세,상해없음,승용,남,33세,경상
2020121900100405,2020년 12월 19일 18시,토요일,대구광역시 달성군 논공읍,경상사고,0,0,1,0,차대차 - 기타,안전운전불이행,건조,맑음,단일로 - 기타,원동기,남,24세,경상,특수,남,35세,기타불명
2020121900100406,2020년 12월 19일 18시,토요일,대구광역시 달성군 현풍읍,경상사고,0,0,3,0,차대차 - 추돌,안전운전불이행,건조,맑음,기타 - 기타,승용,남,25세,상해없음,승용,여,37세,경상
2020121900100566,2020년 12월 19일 22시,토요일,대구광역시 달성군 옥포읍,경상사고,0,0,1,0,차대차 - 측면충돌,안전운전불이행,건조,맑음,단일로 - 기타,승용,남,53세,상해없음,승용,남,57세,상해없음