사고번호,사고일시,요일,시군구,사고내용,사망자수,중상자수,경상자수,부상신고자수,사고유형,법규위반,노면상태,기상상태,도로형태,가해운전자 차종,가해운전자 성별,가해운전자 연령,가해운전자 상해정도,피해운전자 차종,피해운전자 성별,피해운전자 연령,피해운전자 상해정도
2020122400100283,2020년 12월 24일 14시,목요일,대구광역시 남구 대명동,경상사고,0,0,1,0,차대차 - 측면충돌,안전운전불이행,건조,맑음,교차로 - 교차로안,승용,여,50세,상해없음,승용,남,50세,경상
2020122400100284,2020년 12월 24일 14시,목요일,대구광역시 서구 비산동,중상사고,0,1,0,0,차대차 - 추돌,안전운전불이행,건조,맑음,교차로 - 교차로부근,이륜,남,83세,중상,승용,남,46세,상해없음
2020122400100285,2020년 12월 24일 14시,목요일,대구광역시 북구 읍내동,경상사고,0,0,2,0,차대차 - 기타,안전운전불이행,건조,맑음,단일로 - 기타,승용,남,60세,상해없음,승용,여,53세,경상
2020122400100325,2020년 12월 24일 15시,목요일,대구광역시 수성구 황금동,중상사고,0,1,0,0,차대사람 - 횡단중,안전운전불이행,건조,맑음,교차로 - 교차로부근,승용,여,64세,상해없음,보행자,여,73세,중상
2020122400100326,2020년 12월 24일 15시,목요일,대구광역시 달서구 대곡동,중상사고,0,1,0,0,차량단독 - 기타,기타,건조,맑음,단일로 - 기타,승합,남,38세,상해없음,,,,
2020122400100327,2020년 12월 24일 15시,목요일,대구광역시 서구 비산동,중상사고,0,1,0,0,차대사람 - 기타,안전운전불이행,건조,맑음,교차로 - 교차로부근,승용,남,40세,상해없음,보행자,여,54세,중상
2020122400100363,2020년 12월 24일 16시,목요일,대구광역시 수성구 연호동,경상사고,0,0,1,0,차대차 - 추돌,안전거리미확보,건조,맑음,단일로 - 기타,승용,여,39세,상해없음,승용,여,36세,경상
2020122400100364,2020년 12월 24일 16시,목요일,대구광역시 수성구 연호동,경상사고,0,0,1,1,차대차 - 추돌,안전거리미확보,건조,맑음,단일로 - 기타,승용,남,54세,부상신고,승용,여,52세,경상
2020122400100365,2020년 12월 24일 16시,목요일,대구광역시 수성구 연호동,경상사고,0,0,2,0,차대차 - 추돌,안전거리미확보,건조,맑음,단일로 - 기타,승용,여,52세,경상,승용,여,39세,경상
2020122400100366,2020년 12월 24일 16시,목요일,대구광역시 수성구 노변동,경상사고,0,0,1,0,차대차 - 측면충돌,안전운전불이행,건조,맑음,단일로 - 기타,승용,남,61세,상해없음,승용,여,50세,상해없음
2020122400100367,2020년 12월 24일 16시,목요일,대구광역시 달서구 신당동,경상사고,0,0,1,0,차대차 - 측면충돌,안전운전불이행,건조,맑음,교차로 - 교차로안,승용,여,63세,기타불명,승용,남,59세,경상
2020122400100415,2020년 12월 24일 17시,목요일,대구광역시 달성군 다사읍,경상사고,0,0,1,0,차대차 - 추돌,안전운전불이행,건조,맑음,단일로 - 기타,승용,여,30세,상해없음,승용,남,55세,경상
2020122400100484,2020년 12월 24일 18시,목요일,대구광역시 달서구 장동,경상사고,0,0,2,0,차대차 - 측면충돌,차로위반,건조,맑음,단일로 - 기타,화물,남,59세,경상,승용,여,37세,경상
2020122400100485,2020년 12월 24일 18시,목요일,대구광역시 서구 내당동,경상사고,0,0,1,0,차대차 - 기타,안전거리미확보,건조,맑음,교차로 - 교차로부근,기타불명,기타불명,미분류,기타불명,이륜,남,32세,경상
2020122400100545,2020년 12월 24일 19시,목요일,대구광역시 동구 신천동,경상사고,0,0,1,0,차대차 - 추돌,안전운전불이행,건조,맑음,단일로 - 기타,승용,남,67세,상해없음,승용,남,60세,경상
2020122400100546,2020년 12월 24일 19시,목요일,대구광역시 달서구 진천동,경상사고,0,0,1,0,차대차 - 측면충돌,교차로운행방법위반,건조,맑음,교차로 - 교차로안,승합,남,44세,상해없음,승용,여,54세,경상
2020122400100581,2020년 12월 24일 20시,목요일,대구광역시 달성군 화원읍,경상사고,0,0,2,0,차대차 - 추돌,중앙선침범,건조,맑음,기타 - 기타,승용,여,59세,상해없음,승용,남,47세,경상
2020122400100582,2020년 12월 24일 20시,목요일,대구광역시 달성군 현풍읍,경상사고,0,0,2,0,차대차 - 추돌,차로위반,건조,맑음,단일로 - 기타,승용,남,31세,경상,승용,남,53세,경상
2020122400100583,2020년 12월 24일 20시,목요일,대구광역시 서구 평리동,부상신고사고,0,0,0,1,차대사람 - 기타,안전운전불이행,건조,맑음,단일로 - 기타,원동기,남,32세,부상신고,보행자,남,21세,상해없음
2020122400100584,2020년 12월 24일 20시,목요일,대구광역시 북구 동천동,경상사고,0,0,2,0,차대차 - 추돌,안전운전불이행,건조,맑음,단일로 - 기타,화물,남,50세,상해없음,승용,남,58세,경상
2020122400100622,2020년 12월 24일 21시,목요일,대구광역시 동구 봉무동,경상사고,0,0,1,0,차대사람 - 횡단중,신호위반,건조,맑음,교차로 - 교차로안,이륜,남,24세,상해없음,보행자,남,59세,경상
2020122400100623,2020년 12월 24일 21시,목요일,대구광역시 달성군 다사읍,중상사고,0,1,0,0,차대차 - 기타,신호위반,건조,맑음,교차로 - 교차로횡단보도내,이륜,남,27세,상해없음,이륜,남,24세,중상
2020122500100008,2020년 12월 25일 00시,금요일,대구광역시 동구 율하동,경상사고,0,0,1,0,차대차 - 측면충돌,차로위반,건조,맑음,기타 - 기타,화물,남,52세,상해없음,승용,남,27세,경상
2020122500100009,2020년 12월 25일 00시,금요일,대구광역시 중구 남일동,부상신고사고,0,0,0,1,차대차 - 측면충돌,불법유턴,건조,맑음,단일로 - 기타,이륜,남,30세,부상신고,승용,남,23세,상해없음
2020122500100012,2020년 12월 25일 01시,금요일,대구광역시 달성군 현풍읍,사망사고,1,0,0,0,차대차 - 추돌,기타,건조,맑음,단일로 - 기타,승용,여,19세,상해없음,승합,남,69세,상해없음
2020122500100023,2020년 12월 25일 04시,금요일,대구광역시 달성군 화원읍,경상사고,0,0,2,0,차대차 - 기타,과속,건조,맑음,단일로 - 터널,승용,남,22세,상해없음,승용,여,47세,경상
2020122500100053,2020년 12월 25일 08시,금요일,대구광역시 동구 율하동,중상사고,0,1,0,0,차대차 - 기타,신호위반,건조,맑음,교차로 - 교차로횡단보도내,승용,여,46세,상해없음,이륜,남,74세,중상
2020122500100067,2020년 12월 25일 10시,금요일,대구광역시 달성군 화원읍,경상사고,0,0,6,0,차대차 - 기타,안전운전불이행,건조,맑음,단일로 - 기타,승용,남,55세,상해없음,승용,남,41세,경상
2020122500100113,2020년 12월 25일 12시,금요일,대구광역시 달서구 상인동,중상사고,0,2,0,0,차대차 - 측면충돌,신호위반,건조,맑음,단일로 - 기타,이륜,남,17세,중상,이륜,남,51세,중상
2020122500100114,2020년 12월 25일 12시,금요일,대구광역시 중구 대봉동,경상사고,0,0,1,0,차대차 - 추돌,안전거리미확보,건조,맑음,단일로 - 기타,승용,남,70세,상해없음,승용,여,46세,상해없음
2020122500100134,2020년 12월 25일 13시,금요일,대구광역시 달서구 감삼동,경상사고,0,0,1,0,차대차 - 기타,안전운전불이행,건조,맑음,교차로 - 교차로부근,이륜,남,21세,상해없음,승용,남,54세,경상
2020122500100135,2020년 12월 25일 13시,금요일,대구광역시 북구 태전동,경상사고,0,0,1,0,차대차 - 측면충돌,안전운전불이행,건조,맑음,단일로 - 기타,원동기,남,40세,경상,승용,남,43세,상해없음
2020122500100195,2020년 12월 25일 15시,금요일,대구광역시 수성구 노변동,경상사고,0,0,3,0,차대차 - 측면충돌,안전운전불이행,건조,맑음,교차로 - 교차로안,승용,남,64세,상해없음,승용,남,28세,경상
2020122500100196,2020년 12월 25일 15시,금요일,대구광역시 북구 팔달동,경상사고,0,0,4,0,차대차 - 기타,안전거리미확보,건조,맑음,단일로 - 기타,승용,남,41세,경상,화물,남,58세,상해없음
2020122500100241,2020년 12월 25일 17시,금요일,대구광역시 달서구 이곡동,경상사고,0,0,1,0,차대차 - 추돌,안전거리미확보,건조,맑음,교차로 - 교차로부근,화물,남,59세,상해없음,승용,남,48세,경상
2020122500100242,2020년 12월 25일 17시,금요일,대구광역시 북구 동천동,경상사고,0,0,1,0,차대사람 - 보도통행중,기타,건조,맑음,단일로 - 기타,개인형이동수단(PM),남,25세,상해없음,보행자,여,30세,경상
2020122500100273,2020년 12월 25일 18시,금요일,대구광역시 남구 대명동,경상사고,0,0,1,0,차대차 - 기타,안전운전불이행,건조,맑음,교차로 - 교차로부근,승용,남,64세,상해없음,자전거,남,28세,경상
2020122500100305,2020년 12월 25일 19시,금요일,대구광역시 달서구 용산동,경상사고,0,0,1,0,차대차 - 측면충돌,안전운전불이행,건조,맑음,단일로 - 기타,승용,남,62세,기타불명,승용,남,26세,경상
2020122500100332,2020년 12월 25일 20시,금요일,대구광역시 수성구 수성동3가,중상사고,0,1,0,0,차대차 - 측면충돌,신호위반,건조,맑음,교차로 - 교차로부근,화물,남,55세,상해없음,이륜,남,28세,중상
2020122500100333,2020년 12월 25일 20시,금요일,대구광역시 서구 평리동,경상사고,0,0,1,0,차대차 - 측면충돌,신호위반,건조,맑음,교차로 - 교차로안,이륜,남,21세,경상,화물,남,33세,상해없음
2020122500100369,2020년 12월 25일 21시,금요일,대구광역시 서구 내당동,경상사고,0,0,1,1,차대차 - 기타,중앙선침범,건조,맑음,교차로 - 교차로부근,이륜,남,36세,부상신고,승용,남,33세,경상
2020122500100382,2020년 12월 25일 22시,금요일,대구광역시 수성구 두산동,경상사고,0,0,1,1,차대차 - 측면충돌,안전거리미확보,건조,맑음,교차로 - 교차로부근,승용,남,66세,부상신고,이륜,남,28세,경상
2020122600100009,2020년 12월 26일 00시,토요일,대구광역시 북구 산격동,경상사고,0,0,4,0,차대차 - 측면충돌,안전운전불이행,건조,맑음,단일로 - 기타,승용,남,22세,상해없음,승용,남,24세,경상
2020122600100013,2020년 12월 26일 01시,토요일,대구광역시 중구 삼덕동2가,중상사고,0,1,0,0,차대차 - 기타,중앙선침범,건조,맑음,단일로 - 기타,승용,남,22세,상해없음,승용,남,76세,중상
2020122600100022,2020년 12월 26일 03시,토요일,대구광역시 수성구 지산동,부상신고사고,0,0,0,1,차대차 - 기타,안전운전불이행,건조,맑음,단일로 - 기타,이륜,남,45세,부상신고,승용,남,29세,상해없음
2020122600100069,2020년 12월 26일 09시,토요일,대구광역시 서구 비산동,경상사고,0,0,1,0,차대차 - 측면충돌,신호위반,건조,맑음,교차로 - 교차로안,승용,남,36세,상해없음,승용,남,67세,경상
2020122600100070,2020년 12월 26일 09시,토요일,대구광역시 북구 태전동,경상사고,0,0,1,0,차대차 - 측면충돌,신호위반,건조,맑음,교차로 - 교차로안,화물,남,51세,상해없음,기타불명,여,56세,경상
2020122600100089,2020년 12월 26일 10시,토요일,대구광역시 수성구 이천동,경상사고,0,0,6,0,차대차 - 추돌,안전운전불이행,건조,맑음,단일로 - 기타,승합,남,69세,상해없음,건설기계,남,65세,경상
2020122600100115,2020년 12월 26일 11시,토요일,대구광역시 달서구 유천동,경상사고,0,0,2,0,차대차 - 측면충돌,교차로운행방법위반,건조,맑음,교차로 - 교차로부근,승용,여,40세,상해없음,승용,여,42세,경상
2020122600100133,2020년 12월 26일 12시,토요일,대구광역시 달서구 호산동,경상사고,0,0,1,0,차대차 - 추돌,안전거리미확보,건조,맑음,단일로 - 기타,화물,남,39세,상해없음,승용,남,33세,경상
2020122600100154,2020년 12월 26일 13시,토요일,대구광역시 남구 대명동,경상사고,0,0,2,0,차대차 - 측면충돌,안전운전불이행,건조,맑음,교차로 - 교차로안,승합,남,60세,상해없음,승용,남,26세,경상
2020122600100155,2020년 12월 26일 13시,토요일,대구광역시 중구 동인동3가,경상사고,0,0,1,0,차대차 - 기타,안전운전불이행,건조,맑음,교차로 - 교차로부근,화물,남,55세,상해없음,승용,남,56세,경상
2020122600100156,2020년 12월 26일 13시,토요일,대구광역시 수성구 상동,부상신고사고,0,0,0,1,차대차 - 측면충돌,교차로운행방법위반,건조,맑음,교차로 - 교차로안,승용,남,61세,상해없음,승용,여,77세,부상신고
2020122600100186,2020년 12월 26일 14시,토요일,대구광역시 서구 원대동1가,중상사고,0,1,0,0,차대차 - 측면충돌,안전거리미확보,건조,맑음,단일로 - 기타,승용,남,33세,상해없음,이륜,남,56세,중상
2020122600100187,2020년 12월 26일 14시,토요일,대구광역시 달서구 감삼동,중상사고,0,1,0,0,차대차 - 기타,안전거리미확보,건조,맑음,단일로 - 기타,승용,남,63세,상해없음,승용,여,28세,중상
2020122600100211,2020년 12월 26일 15시,토요일,대구광역시 북구 대현동,경상사고,0,0,1,0,차대사람 - 보도통행중,기타,건조,맑음,단일로 - 기타,자전거,남,11세,상해없음,보행자,남,58세,경상
2020122600100212,2020년 12월 26일 15시,토요일,대구광역시 서구 평리동,경상사고,0,0,1,0,차대차 - 측면충돌,안전운전불이행,건조,맑음,단일로 - 기타,승용,남,55세,상해없음,자전거,남,81세,경상
2020122600100213,2020년 12월 26일 15시,토요일,대구광역시 서구 평리동,경상사고,0,0,1,0,차대차 - 측면충돌,교차로운행방법위반,건조,맑음,교차로 - 교차로안,이륜,남,46세,상해없음,승용,남,25세,경상
2020122600100214,2020년 12월 26일 15시,토요일,대구광역시 달서구 감삼동,경상사고,0,0,4,0,차대차 - 측면충돌,직진우회전진행방해,건조,맑음,교차로 - 교차로안,승용,남,52세,경상,승용,남,53세,경상
2020122600100234,2020년 12월 26일 16시,토요일,대구광역시 달서구 도원동,경상사고,0,0,1,0,차대차 - 측면충돌,차로위반,건조,맑음,교차로 - 교차로안,이륜,남,17세,상해없음,승용,남,27세,경상
2020122600100272,2020년 12월 26일 17시,토요일,대구광역시 동구 서호동,중상사고,0,1,0,0,차대차 - 측면충돌,교차로운행방법위반,건조,맑음,교차로 - 교차로안,승용,남,60세,상해없음,승용,남,29세,중상
2020122600100273,2020년 12월 26일 17시,토요일,대구광역시 달성군 논공읍,경상사고,0,0,1,0,차대차 - 후진중충돌,안전운전불이행,건조,맑음,교차로 - 교차로안,승용,여,47세,상해없음,승용,여,49세,경상
2020122600100274,2020년 12월 26일 17시,토요일,대구광역시 서구 내당동,경상사고,0,0,2,0,차대차 - 측면충돌,교차로운행방법위반,건조,맑음,교차로 - 교차로안,승용,남,53세,상해없음,이륜,남,19세,경상
2020122600100275,2020년 12월 26일 17시,토요일,대구광역시 북구 태전동,경상사고,0,0,1,0,차대차 - 측면충돌,중앙선침범,건조,맑음,단일로 - 기타,자전거,남,76세,경상,승용,여,49세,상해없음
2020122600100311,2020년 12월 26일 18시,토요일,대구광역시 수성구 두산동,경상사고,0,0,1,0,차대사람 - 횡단중,보행자보호의무위반,건조,맑음,단일로 - 기타,이륜,남,17세,상해없음,보행자,여,53세,경상
2020122600100312,2020년 12월 26일 18시,토요일,대구광역시 달서구 감삼동,경상사고,0,0,1,0,차대차 - 측면충돌,신호위반,건조,흐림,단일로 - 기타,이륜,남,28세,상해없음,이륜,남,61세,경상
2020122600100343,2020년 12월 26일 19시,토요일,대구광역시 서구 평리동,경상사고,0,0,1,0,차대차 - 기타,안전거리미확보,건조,맑음,교차로 - 교차로부근,승용,남,72세,상해없음,승용,남,26세,경상
2020122600100373,2020년 12월 26일 20시,토요일,대구광역시 수성구 상동,경상사고,0,0,2,0,차대차 - 측면충돌,안전운전불이행,건조,맑음,단일로 - 기타,승용,여,60세,상해없음,승용,남,24세,경상
2020122600100431,2020년 12월 26일 23시,토요일,대구광역시 동구 방촌동,경상사고,0,0,1,1,차대차 - 측면충돌,신호위반,건조,맑음,교차로 - 교차로안,이륜,남,21세,부상신고,승용,여,48세,경상
2020122700100015,2020년 12월 27일 02시,일요일,대구광역시 남구 이천동,중상사고,0,1,0,0,차대차 - 측면충돌,신호위반,건조,맑음,단일로 - 터널,승용,남,72세,상해없음,승용,남,43세,중상
2020122700100026,2020년 12월 27일 06시,일요일,대구광역시 수성구 수성동2가,경상사고,0,0,1,0,차대차 - 추돌,안전운전불이행,건조,맑음,단일로 - 기타,승용,남,35세,상해없음,승용,남,45세,경상
2020122700100046,2020년 12월 27일 09시,일요일,대구광역시 달서구 대곡동,경상사고,0,0,2,0,차대차 - 측면충돌,신호위반,건조,맑음,교차로 - 교차로안,승용,남,24세,상해없음,승용,남,63세,경상
2020122700100056,2020년 12월 27일 10시,일요일,대구광역시 달서구 신당동,경상사고,0,0,1,0,차대차 - 추돌,안전운전불이행,건조,맑음,단일로 - 기타,승용,남,25세,상해없음,승합,남,47세,경상
2020122700100071,2020년 12월 27일 12시,일요일,대구광역시 서구 평리동,경상사고,0,0,1,0,차대차 - 측면충돌,신호위반,건조,맑음,교차로 - 교차로안,승용,남,79세,상해없음,승용,남,27세,경상
2020122700100089,2020년 12월 27일 13시,일요일,대구광역시 달서구 진천동,경상사고,0,0,1,0,차대차 - 측면충돌,차로위반,건조,맑음,교차로 - 교차로안,승용,여,35세,상해없음,이륜,남,21세,경상
2020122700100123,2020년 12월 27일 15시,일요일,대구광역시 동구 봉무동,중상사고,0,1,0,0,차대차 - 측면충돌,신호위반,건조,맑음,단일로 - 기타,자전거,남,84세,중상,승용,여,65세,상해없음
2020122700100153,2020년 12월 27일 16시,일요일,대구광역시 수성구 연호동,중상사고,0,1,0,0,차대차 - 측면충돌,교차로운행방법위반,젖음/습기,비,교차로 - 교차로안,승용,남,34세,상해없음,승용,남,49세,중상
2020122700100187,2020년 12월 27일 17시,일요일,대구광역시 서구 내당동,경상사고,0,0,1,0,차대차 - 측면충돌,안전운전불이행,젖음/습기,비,단일로 - 기타,기타불명,기타불명,미분류,기타불명,승용,남,57세,경상
2020122700100217,2020년 12월 27일 18시,일요일,대구광역시 동구 봉무동,중상사고,0,1,0,0,차대차 - 측면충돌,안전거리미확보,건조,맑음,교차로 - 교차로안,승용,남,30세,상해없음,원동기,남,46세,중상
2020122700100218,2020년 12월 27일 18시,일요일,대구광역시 동구 각산동,중상사고,0,1,0,0,차대차 - 기타,교차로운행방법위반,건조,맑음,교차로 - 교차로안,승용,남,54세,상해없음,이륜,남,32세,중상
2020122700100219,2020년 12월 27일 18시,일요일,대구광역시 달성군 다사읍,중상사고,0,1,0,0,차대사람 - 기타,보행자보호의무위반,건조,맑음,교차로 - 교차로횡단보도내,승용,남,40세,상해없음,보행자,남,60세,중상
2020122700100242,2020년 12월 27일 19시,일요일,대구광역시 동구 지묘동,부상신고사고,0,0,0,1,차대차 - 측면충돌,안전운전불이행,건조,맑음,교차로 - 교차로안,이륜,남,17세,부상신고,화물,남,61세,상해없음
2020122700100243,2020년 12월 27일 19시,일요일,대구광역시 서구 내당동,경상사고,0,0,1,0,차대차 - 측면충돌,안전거리미확보,젖음/습기,흐림,교차로 - 교차로부근,승용,남,22세,상해없음,승용,여,63세,경상
2020122700100259,2020년 12월 27일 20시,일요일,대구광역시 달서구 송현동,경상사고,0,0,1,0,차대차 - 후진중충돌,안전운전불이행,건조,맑음,주차장 - 주차장,승용,남,51세,상해없음,승용,남,39세,경상
2020122700100260,2020년 12월 27일 20시,일요일,대구광역시 달서구 진천동,경상사고,0,0,2,0,차대차 - 측면충돌,안전거리미확보,건조,맑음,교차로 - 교차로안,승용,남,62세,경상,승용,남,66세,경상
2020122700100261,2020년 12월 27일 20시,일요일,대구광역시 서구 내당동,경상사고,0,0,1,0,차대차 - 기타,안전거리미확보,젖음/습기,흐림,단일로 - 기타,화물,남,54세,상해없음,이륜,여,25세,경상
2020122700100283,2020년 12월 27일 21시,일요일,대구광역시 남구 대명동,부상신고사고,0,0,0,1,차대사람 - 기타,안전운전불이행,건조,맑음,단일로 - 기타,기타불명,기타불명,미분류,기타불명,보행자,남,55세,부상신고
2020122700100284,2020년 12월 27일 21시,일요일,대구광역시 북구 구암동,경상사고,0,0,1,0,차대차 - 기타,안전운전불이행,젖음/습기,흐림,교차로 - 교차로부근,이륜,남,53세,경상,승용,남,47세,기타불명
2020122800100003,2020년 12월 28일 00시,월요일,대구광역시 달서구 상인동,경상사고,0,0,1,0,차대차 - 측면충돌,안전운전불이행,건조,맑음,단일로 - 기타,승용,남,40세,상해없음,승용,남,18세,경상
2020122800100009,2020년 12월 28일 01시,월요일,대구광역시 북구 침산동,경상사고,0,0,2,0,차대차 - 기타,교차로운행방법위반,건조,맑음,교차로 - 교차로안,기타불명,기타불명,미분류,기타불명,이륜,남,31세,경상
2020122800100025,2020년 12월 28일 05시,월요일,대구광역시 북구 서변동,경상사고,0,0,1,0,차대차 - 정면충돌,중앙선침범,젖음/습기,안개,단일로 - 교량,승용,남,44세,상해없음,승용,남,49세,경상
2020122800100042,2020년 12월 28일 06시,월요일,대구광역시 서구 비산동,경상사고,0,0,1,0,차대차 - 측면충돌,기타,건조,맑음,기타 - 기타,이륜,남,52세,상해없음,자전거,여,65세,경상
2020122800100066,2020년 12월 28일 07시,월요일,대구광역시 달성군 논공읍,경상사고,0,0,1,0,차대차 - 기타,신호위반,젖음/습기,안개,교차로 - 교차로안,화물,남,54세,상해없음,이륜,남,20세,경상
2020122800100067,2020년 12월 28일 07시,월요일,대구광역시 달서구 죽전동,중상사고,0,1,2,0,차대차 - 기타,안전거리미확보,젖음/습기,안개,단일로 - 기타,승용,남,58세,상해없음,승용,남,42세,상해없음
2020122800100099,2020년 12월 28일 08시,월요일,대구광역시 달서구 상인동,경상사고,0,0,2,0,차대차 - 측면충돌,직진우회전진행방해,건조,맑음,교차로 - 교차로안,승용,여,44세,경상,승용,여,29세,경상
2020122800100100,2020년 12월 28일 08시,월요일,대구광역시 북구 태전동,중상사고,0,1,1,0,차대차 - 기타,기타,건조,맑음,교차로 - 교차로안,승용,남,38세,중상,승용,여,51세,경상
2020122800100161,2020년 12월 28일 10시,월요일,대구광역시 동구 불로동,경상사고,0,0,1,0,차대차 - 추돌,안전운전불이행,건조,맑음,교차로 - 교차로안,화물,남,78세,상해없음,승용,여,66세,상해없음
2020122800100189,2020년 12월 28일 11시,월요일,대구광역시 달서구 두류동,중상사고,0,1,0,0,차대차 - 측면충돌,안전운전불이행,건조,맑음,단일로 - 기타,이륜,남,65세,중상,승용,남,66세,상해없음
2020122800100190,2020년 12월 28일 11시,월요일,대구광역시 달서구 장기동,경상사고,0,0,1,0,차대차 - 측면충돌,안전운전불이행,건조,맑음,단일로 - 기타,화물,남,63세,상해없음,승용,남,41세,경상
2020122800100220,2020년 12월 28일 12시,월요일,대구광역시 동구 신암동,경상사고,0,0,1,0,차대차 - 측면충돌,안전운전불이행,건조,맑음,단일로 - 기타,승용,남,71세,상해없음,승용,남,64세,경상
2020122800100221,2020년 12월 28일 12시,월요일,대구광역시 수성구 연호동,경상사고,0,0,1,0,차대차 - 측면충돌,안전운전불이행,건조,맑음,교차로 - 교차로부근,승용,남,59세,상해없음,승용,남,42세,경상
2020122800100222,2020년 12월 28일 12시,월요일,대구광역시 달서구 상인동,중상사고,0,1,1,0,차대차 - 추돌,안전운전불이행,건조,맑음,단일로 - 기타,승용,여,37세,상해없음,승용,남,62세,중상
2020122800100223,2020년 12월 28일 12시,월요일,대구광역시 북구 침산동,경상사고,0,0,1,0,차량단독 - 공작물충돌,안전운전불이행,건조,맑음,단일로 - 기타,자전거,남,74세,경상,,,,
2020122800100224,2020년 12월 28일 12시,월요일,대구광역시 서구 비산동,중상사고,0,1,0,0,차대차 - 기타,안전운전불이행,건조,맑음,교차로 - 교차로안,화물,남,55세,상해없음,이륜,남,61세,중상
2020122800100259,2020년 12월 28일 13시,월요일,대구광역시 북구 산격동,중상사고,0,1,0,0,차대차 - 측면충돌,안전운전불이행,건조,맑음,교차로 - 교차로횡단보도내,승용,여,60세,상해없음,자전거,남,76세,중상
2020122800100260,2020년 12월 28일 13시,월요일,대구광역시 중구 남산동,경상사고,0,0,1,0,차대사람 - 기타,신호위반,건조,맑음,교차로 - 교차로안,승용,남,51세,상해없음,보행자,여,7세,경상
2020122800100292,2020년 12월 28일 14시,월요일,대구광역시 동구 방촌동,경상사고,0,0,1,0,차대차 - 기타,기타,건조,맑음,단일로 - 기타,승용,여,69세,상해없음,승용,남,51세,경상
2020122800100293,2020년 12월 28일 14시,월요일,대구광역시 수성구 시지동,중상사고,0,1,0,1,차대차 - 측면충돌,안전운전불이행,건조,맑음,단일로 - 기타,승용,여,48세,부상신고,화물,남,66세,중상
2020122800100294,2020년 12월 28일 14시,월요일,대구광역시 달서구 진천동,경상사고,0,0,1,0,차대사람 - 길가장자리구역통행중,안전운전불이행,건조,맑음,교차로 - 교차로부근,승용,남,34세,상해없음,보행자,남,38세,경상
2020122800100295,2020년 12월 28일 14시,월요일,대구광역시 서구 비산동,경상사고,0,0,1,0,차대사람 - 보도통행중,안전운전불이행,건조,맑음,단일로 - 기타,승용,남,57세,상해없음,보행자,여,50세,경상
2020122800100296,2020년 12월 28일 14시,월요일,대구광역시 달서구 두류동,부상신고사고,0,0,0,1,차대차 - 측면충돌,안전거리미확보,건조,맑음,단일로 - 기타,승용,남,62세,상해없음,이륜,남,35세,부상신고
2020122800100297,2020년 12월 28일 14시,월요일,대구광역시 달서구 감삼동,경상사고,0,0,1,0,차대차 - 기타,안전운전불이행,건조,맑음,단일로 - 기타,승용,여,52세,상해없음,자전거,남,13세,경상
2020122800100338,2020년 12월 28일 15시,월요일,대구광역시 북구 산격동,경상사고,0,0,3,0,차대차 - 측면충돌,신호위반,건조,맑음,교차로 - 교차로안,승용,여,64세,경상,승용,남,44세,경상
2020122800100370,2020년 12월 28일 16시,월요일,대구광역시 동구 각산동,중상사고,0,1,0,0,차대차 - 기타,안전운전불이행,건조,맑음,교차로 - 교차로안,승용,여,46세,상해없음,이륜,남,53세,중상
2020122800100371,2020년 12월 28일 16시,월요일,대구광역시 수성구 범어동,경상사고,0,0,1,0,차량단독 - 기타,안전운전불이행,건조,맑음,단일로 - 기타,승합,남,54세,상해없음,,,,
2020122800100373,2020년 12월 28일 16시,월요일,대구광역시 북구 태전동,경상사고,0,0,1,0,차대차 - 기타,신호위반,건조,맑음,교차로 - 교차로안,승용,남,34세,상해없음,승용,남,72세,경상
2020122800100412,2020년 12월 28일 17시,월요일,대구광역시 남구 대명동,중상사고,0,1,0,0,차대차 - 측면충돌,신호위반,건조,맑음,교차로 - 교차로안,승용,남,67세,상해없음,승용,남,57세,상해없음
2020122800100413,2020년 12월 28일 17시,월요일,대구광역시 달서구 상인동,부상신고사고,0,0,0,1,차대차 - 측면충돌,안전운전불이행,건조,맑음,단일로 - 기타,이륜,남,47세,부상신고,승용,여,42세,상해없음
2020122800100414,2020년 12월 28일 17시,월요일,대구광역시 북구 산격동,중상사고,0,1,0,0,차대차 - 기타,교차로운행방법위반,건조,맑음,교차로 - 교차로부근,이륜,남,28세,중상,승용,남,69세,상해없음
2020122800100415,2020년 12월 28일 17시,월요일,대구광역시 서구 이현동,부상신고사고,0,0,0,1,차대차 - 기타,안전운전불이행,건조,맑음,교차로 - 교차로부근,승용,여,62세,부상신고,건설기계,남,52세,상해없음
2020122800100467,2020년 12월 28일 18시,월요일,대구광역시 동구 도동,경상사고,0,0,1,0,차대사람 - 기타,안전운전불이행,건조,맑음,주차장 - 주차장,승용,남,71세,기타불명,보행자,여,22세,경상
2020122800100468,2020년 12월 28일 18시,월요일,대구광역시 중구 남산동,경상사고,0,0,1,0,차대차 - 후진중충돌,안전운전불이행,건조,맑음,주차장 - 주차장,승용,남,51세,상해없음,승용,남,36세,경상